---------------------------------------
Begin Slurm Prolog: Mar-01-2026 18:56:12
Job ID:    4493573
User ID:   lbrabson3
Account:   gts-amedford6-paid
Job name:  gcmc_odac
Partition: gpu-a100
QOS:       inferno
---------------------------------------

CondaError: Run 'conda init' before 'conda deactivate'

Starting ODAC iPI server (model: /storage/home/hcoda1/8/lbrabson3/r-amedford6-0/ODAC24/models/esen_sm_odac25_filtered.pt)...
Waiting for server socket: /tmp/ase_ipi_socket ...
/storage/home/hcoda1/8/lbrabson3/.conda/envs/fairv2/lib/python3.12/site-packages/requests/__init__.py:86: RequestsDependencyWarning: Unable to find acceptable character detection dependency (chardet or charset_normalizer).
  warnings.warn(
Server socket ready after 20s.
Starting gRASPA...
/storage/project/r-amedford6-0/lbrabson3/gRASPA_dir/gRASPA_socket-adsorbate-patch/patch_Socket/nvc_main.x------------------GENERAL SIMULATION SETUP-------------
Finished Checking Number of Components, There are 1 framework, 1 Adsorbates, 2 total Components
DNN Model Name: Socket
DONE Reading Model Info from simulation.input file
Setting Maximum Number of Steps for a Cycle, Max Step = 1
-------------------------------------------------------
device_random[0] = 2.30000 4.50000 6.70000
================FUGACITY COEFFICIENT CALCULATION================
Checking: Current Fugacity Coeff for 1 component: -1.00000
Component 1 needs PR-EOS for fugacity coeff (negative value), going to ignore the fugacity coefficient for other components and calculate all using PR-EOS!start calculating fugacity, Pressure: 113276.10400, Temperature: 298.00000
Component 1, Pc: 7377300.00000, Tc: 304.12820, Ac: 0.22394
Component Mol Fraction: 1.00000
kappa: 0.70648, alpha: 1.01436
==========================================
====== Preparing Simulation box 0 ======
==========================================
Parsing [1] Component
-------------- READING AdsorbateComponent 0 (CO2) --------------
==================================================
ACCUMULATED Probabilities:
Translation Probability:      0.25000
Rotation Probability:         0.50000
Special Rotation Probability: 0.50000
Widom Probability:            0.50000
Reinsertion Probability:      0.75000
Identity Swap Probability:    0.75000
CBCF Swap Probability:        0.75000
Swap Probability:             1.00000
Volume Probability:           1.00000
Gibbs Swap Probability:       1.00000
Gibbs Volume Probability:     1.00000
Sum of Probabilities:         1.00000
==================================================
-------------- END OF READING Component 0 (CO2) --------------
1
Number of Solutions: 1
TempComponents.AmountOfExcessMolecules for component 0 is 0.0000000000; Compressibility: 0.9937826438
Fugacity Coefficient for component 1 is 0.9938114077
Check: Computed FugaCoeff for 0, 0 is 0.9938114077
================END OF FUGACITY COEFFICIENT CALCULATION================
----------------- MEMORY ALLOCAION STATUS -----------------
System allocate_sizes are: 1188, 10240
Component allocate_sizes are: 1188, 10240
Allocated Blocksum size: 12801, vdw_real size: 12801, fourier_size: 0
------------------------------------------------------------
------------------- SIMULATION BOX PARAMETERS -----------------
Pressure:        0.00682
Box Volume:      19903.43092
Box Beta:        0.00404
Box Temperature: 298.00000
---------------------------------------------------------------
Volume: 19903.43092, excess_volume: 0.00000, Pressure: 113276.10400
Rosen capacity: 8
Allocated 6 double3 for reinsertion!
Atom 0, Consider? true
Atom 1, Consider? true
Atom 2, Consider? true
Setting up Socket model
DONE Reading the model, model name Socket
------- MATCHING ELEMENTS WITH PSEUDO ATOM ELEMENT SYMBOLS -------
PseudoAtom Symbol[0]: H, Socket Symbol[0]: H, MATCHED
PseudoAtom Symbol[1]: C, Socket Symbol[1]: C, MATCHED
PseudoAtom Symbol[2]: O, Socket Symbol[2]: O, MATCHED
PseudoAtom Symbol[3]: N, Socket Symbol[3]: N, MATCHED
PseudoAtom Symbol[4]: Zn, Socket Symbol[4]: Zn, MATCHED
PseudoAtom Symbol[5]: C, Socket Symbol[1]: C, MATCHED
PseudoAtom Symbol[6]: O, Socket Symbol[2]: O, MATCHED
UCBox cell matrix (Angstrom):
  [    26.741401      0.000000      0.000000 ]
  [     0.000000     29.080499      0.000000 ]
  [   -12.425125      0.000000     25.594223 ]
Generated UC Box
Component 0, Atom 0, xyz -0.259526 0.547197 3.740148, Type 4, SymbolIndex 4
Component 0, Atom 1, xyz 5.031612 9.146302 4.791261, Type 4, SymbolIndex 4
Component 0, Atom 2, xyz 7.102470 5.393946 0.525558, Type 4, SymbolIndex 4
Component 0, Atom 3, xyz -2.330377 4.299550 8.005849, Type 4, SymbolIndex 4
Component 0, Atom 4, xyz -1.238244 8.599657 3.148501, Type 3, SymbolIndex 3
Component 0, Atom 1184, xyz 14.671868 26.073647 19.871662, Type 0, SymbolIndex 0
Component 0, Atom 1185, xyz 9.188588 22.393849 22.785376, Type 0, SymbolIndex 0
Component 0, Atom 1186, xyz 11.259443 21.226899 18.519672, Type 0, SymbolIndex 0
Component 0, Atom 1187, xyz 12.601015 27.240599 24.137366, Type 0, SymbolIndex 0
Component 1, Atom 0, xyz 0.000000 0.000000 0.000000, Type 5, SymbolIndex 1
Component 1, Atom 1, xyz 0.000000 0.000000 -1.160000, Type 6, SymbolIndex 2
Component 1, Atom 2, xyz 0.000000 0.000000 1.160000, Type 6, SymbolIndex 2
DONE Copying Framework + template adsorbate atom into UCAtoms for Socket
DONE Setting Test Adsorbate positions
Connecting to CHGNet server at: /tmp/ase_ipi_socket
Connected successfully
i-PI handshake complete
Sent species map: 5 species, n_fw=1188
[CLIENT] POSDATA natoms=1188 config_type=0 n_mol=0
  atom 0: -0.25953 0.54720 3.74015 type=4
  atom 1: 5.03161 9.14630 4.79126 type=4
  atom 2: 7.10247 5.39395 0.52556 type=4
  atom 3: -2.33038 4.29955 8.00585 type=4
  atom 4: -1.23824 8.59966 3.14850 type=3
======================== CALCULATING INITIAL STAGE ENERGY ========================
****** Calculating VDW + Real Energy (CPU) ******
Host-Host   VDW: 0.00000; Real: 0.00000
Host-Guest  VDW: 0.00000; Real: 0.00000
Guest-Guest VDW: 0.00000; Real: 0.00000
********** PRINTING COMPONENT ENERGIES**********
Compoent [0-0], VDW: 0.00000, Real: 0.00000
Compoent [0-1], VDW: 0.00000, Real: 0.00000
Compoent [1-1], VDW: 0.00000, Real: 0.00000
****** Calculating Ewald Energy (CPU) ******
CPU Guest-Guest Fourier: 0.00000, Host-Host Fourier: 7037.08874, Framework-Guest Fourier: 0.00000
Component: 0, SelfAtomE: 3036079.51635 (3651566.56459 kJ/mol)
Component: 1, SelfAtomE: 0.00000 (0.00000 kJ/mol)
Component: 0, Intra-Molecular ExclusionE: 3068090.83192 (3690067.35122 kJ/mol)
Component: 1, Intra-Molecular ExclusionE: 0.00000 (0.00000 kJ/mol)
HostEwald took 0.08451 sec
Ewald Summation (total energy) on the CPU took 0.08452 secs
Component 0, Intra Exclusion Energy: -3068090.83192 (-3690067.35122 kJ/mol)
Component 0, Atom Self Exclusion Energy: 3036079.51635 (3651566.56459 kJ/mol)
DEBUG: comp: 0, IntraE: -3068090.83192, SelfE: 3036079.51635
Component 1, Intra Exclusion Energy: -14237.48390 (-17123.76764 kJ/mol)
Component 1, Atom Self Exclusion Energy: 14272.83586 (17166.28630 kJ/mol)
DEBUG: comp: 1, IntraE: -14237.48390, SelfE: 14272.83586
******   Allocating Ewald WaveVectors + StructureFactors (INITIAL STAGE ONLY)   ******
Allocated 38016 42768 38016 space for eikxyz
Structure Factor 0 is 0.00000 0.00000
Structure Factor 1 is 0.00000 0.00000
Structure Factor 2 is 0.00000 0.00000
Structure Factor 3 is 0.00000 0.00000
Structure Factor 4 is 0.00000 0.00000
Structure Factor 5 is 0.00000 0.00000
Structure Factor 6 is 0.00000 0.00000
Structure Factor 7 is 0.00000 0.00000
Structure Factor 8 is 0.00000 0.00000
Structure Factor 9 is 0.00000 0.00000
****** DONE Allocating Ewald WaveVectors + StructureFactors(INITIAL STAGE ONLY) ******
 ****** CHECKING StructureFactors (SF) Stored on CPU vs. GPU ****** 
CPU SF: 2040, GPU SF: 2040
StructureFactor 0, CPU: 0.00000 0.00000, GPU: 0.00000 0.00000
StructureFactor 1, CPU: 0.00000 0.00000, GPU: 0.00000 0.00000
StructureFactor 2, CPU: 0.00000 0.00000, GPU: 0.00000 0.00000
StructureFactor 3, CPU: 0.00000 0.00000, GPU: 0.00000 0.00000
StructureFactor 4, CPU: 0.00000 0.00000, GPU: 0.00000 0.00000
StructureFactor 5, CPU: 0.00000 0.00000, GPU: 0.00000 0.00000
StructureFactor 6, CPU: 0.00000 0.00000, GPU: 0.00000 0.00000
StructureFactor 7, CPU: 0.00000 0.00000, GPU: 0.00000 0.00000
StructureFactor 8, CPU: 0.00000 0.00000, GPU: 0.00000 0.00000
StructureFactor 9, CPU: 0.00000 0.00000, GPU: 0.00000 0.00000
 ****** CHECKING Framework StructureFactors Stored on CPU ****** 
Framework Structure Factor 0, real: 0.00000 imag: 0.00000
Framework Structure Factor 1, real: 0.00000 imag: 0.00000
Framework Structure Factor 2, real: 0.00000 imag: 0.00000
Framework Structure Factor 3, real: 0.00000 imag: 0.00000
Framework Structure Factor 4, real: 0.00000 imag: 0.00000
Framework Structure Factor 5, real: 0.00000 imag: 0.00000
Framework Structure Factor 6, real: 0.00000 imag: -0.00000
Framework Structure Factor 7, real: 0.00000 imag: 0.00000
Framework Structure Factor 8, real: -0.00000 imag: 0.00000
Framework Structure Factor 9, real: 0.00000 imag: 0.00000
VDW + Real on the GPU took 0.00000 secs
Ewald Summation (total energy) on the GPU took 0.00042 secs
Total GPU Energy: 
====================== DONE CALCULATING INITIAL STAGE ENERGY ======================
Component 1, Need to create 0 full molecule
======================== CALCULATING CREATE_MOLECULE STAGE ENERGY ========================
****** Calculating VDW + Real Energy (CPU) ******
Host-Host   VDW: 0.00000; Real: 0.00000
Host-Guest  VDW: 0.00000; Real: 0.00000
Guest-Guest VDW: 0.00000; Real: 0.00000
********** PRINTING COMPONENT ENERGIES**********
Compoent [0-0], VDW: 0.00000, Real: 0.00000
Compoent [0-1], VDW: 0.00000, Real: 0.00000
Compoent [1-1], VDW: 0.00000, Real: 0.00000
****** Calculating Ewald Energy (CPU) ******
CPU Guest-Guest Fourier: 0.00000, Host-Host Fourier: 7037.08874, Framework-Guest Fourier: 0.00000
Component: 0, SelfAtomE: 3036079.51635 (3651566.56459 kJ/mol)
Component: 1, SelfAtomE: 0.00000 (0.00000 kJ/mol)
Component: 0, Intra-Molecular ExclusionE: 3068090.83192 (3690067.35122 kJ/mol)
Component: 1, Intra-Molecular ExclusionE: 0.00000 (0.00000 kJ/mol)
HostEwald took 0.08368 sec
Ewald Summation (total energy) on the CPU took 0.08369 secs
 ****** CHECKING StructureFactors (SF) Stored on CPU vs. GPU ****** 
CPU SF: 2040, GPU SF: 2040
StructureFactor 0, CPU: 0.00000 0.00000, GPU: 0.00000 0.00000
StructureFactor 1, CPU: 0.00000 0.00000, GPU: 0.00000 0.00000
StructureFactor 2, CPU: 0.00000 0.00000, GPU: 0.00000 0.00000
StructureFactor 3, CPU: 0.00000 0.00000, GPU: 0.00000 0.00000
StructureFactor 4, CPU: 0.00000 0.00000, GPU: 0.00000 0.00000
StructureFactor 5, CPU: 0.00000 0.00000, GPU: 0.00000 0.00000
StructureFactor 6, CPU: 0.00000 0.00000, GPU: 0.00000 0.00000
StructureFactor 7, CPU: 0.00000 0.00000, GPU: 0.00000 0.00000
StructureFactor 8, CPU: 0.00000 0.00000, GPU: 0.00000 0.00000
StructureFactor 9, CPU: 0.00000 0.00000, GPU: 0.00000 0.00000
 ****** CHECKING Framework StructureFactors Stored on CPU ****** 
Framework Structure Factor 0, real: 0.00000 imag: 0.00000
Framework Structure Factor 1, real: 0.00000 imag: 0.00000
Framework Structure Factor 2, real: 0.00000 imag: 0.00000
Framework Structure Factor 3, real: 0.00000 imag: 0.00000
Framework Structure Factor 4, real: 0.00000 imag: 0.00000
Framework Structure Factor 5, real: 0.00000 imag: 0.00000
Framework Structure Factor 6, real: 0.00000 imag: -0.00000
Framework Structure Factor 7, real: 0.00000 imag: 0.00000
Framework Structure Factor 8, real: -0.00000 imag: 0.00000
Framework Structure Factor 9, real: 0.00000 imag: 0.00000
VDW + Real on the GPU took 0.00000 secs
Ewald Summation (total energy) on the GPU took 0.00026 secs
Total GPU Energy: 
====================== DONE CALCULATING CREATE_MOLECULE STAGE ENERGY ======================
Running Simulation Boxes in SERIAL, currently [0] box; pres: 113276.10400 [Pa], temp: 298.00000 [K]
==================================
== RUNNING INITIALIZATION PHASE ==
==================================
CBMC Uses 8 trial positions and 8 trial orientations
Box 0, Volume: 19903.43092
Total Volume: 19903.43092
INITIALIZATION Cycle: 0, 0 Adsorbate Molecules, Total Energy: 0.00000  ||  Component 0 [calf20_ddec_super.cif], 1 Molecules  ||  Component 1 [CO2], 0 Molecules  ||  
Python E_fw cache primed: -8200.564354 eV
Socket connected and framework cache primed
HHVDW: 0.00000, HHReal: 0.00000, HGVDW: 0.00000, HGReal: 0.00000, GGVDW: 0.00000, GGReal: 0.00000, HHEwaldE: -0.00000,
 HGEwaldE: 0.00000,
 GGEwaldE: 0.00000, TailE: 0.00000, DNN_E: 0.00000
Stored HGVDW: 0.00000, Stored HGReal: 0.00000, Stored HGEwaldE: 0.00000
HHVDW: 0.00000, HHReal: 0.00000, HGVDW: 0.00000, HGReal: 0.00000, GGVDW: 0.00000, GGReal: 0.00000, HHEwaldE: -0.00000,
 HGEwaldE: 0.00000,
 GGEwaldE: 0.00000, TailE: 0.00000, DNN_E: 0.00000
Stored HGVDW: 0.00000, Stored HGReal: 0.00000, Stored HGEwaldE: 0.00000
============================================
== END OF PREPARATION, SIMULATION STARTS! ==
============================================
[CLIENT] POSDATA natoms=1191 config_type=101 n_mol=1
  atom 0: -0.25953 0.54720 3.74015 type=4
  atom 1: 5.03161 9.14630 4.79126 type=4
  atom 2: 7.10247 5.39395 0.52556 type=4
  atom 3: -2.33038 4.29955 8.00585 type=4
  atom 4: -1.23824 8.59966 3.14850 type=3
ML HG_ev = 0.038874 eV
[CLIENT] POSDATA natoms=1191 config_type=101 n_mol=1
  atom 0: -0.25953 0.54720 3.74015 type=4
  atom 1: 5.03161 9.14630 4.79126 type=4
  atom 2: 7.10247 5.39395 0.52556 type=4
  atom 3: -2.33038 4.29955 8.00585 type=4
  atom 4: -1.23824 8.59966 3.14850 type=3
ML HG_ev = 1.729800 eV
[CLIENT] POSDATA natoms=1191 config_type=101 n_mol=1
  atom 0: -0.25953 0.54720 3.74015 type=4
  atom 1: 5.03161 9.14630 4.79126 type=4
  atom 2: 7.10247 5.39395 0.52556 type=4
  atom 3: -2.33038 4.29955 8.00585 type=4
  atom 4: -1.23824 8.59966 3.14850 type=3
ML HG_ev = 0.745637 eV
[CLIENT] POSDATA natoms=1191 config_type=101 n_mol=1
  atom 0: -0.25953 0.54720 3.74015 type=4
  atom 1: 5.03161 9.14630 4.79126 type=4
  atom 2: 7.10247 5.39395 0.52556 type=4
  atom 3: -2.33038 4.29955 8.00585 type=4
  atom 4: -1.23824 8.59966 3.14850 type=3
INITIALIZATION Cycle: 200, 0 Adsorbate Molecules, Total Energy: 0.00000  ||  Component 0 [calf20_ddec_super.cif], 1 Molecules  ||  Component 1 [CO2], 0 Molecules  ||  
ML HG_ev = 0.664499 eV
[CLIENT] POSDATA natoms=1191 config_type=101 n_mol=1
  atom 0: -0.25953 0.54720 3.74015 type=4
  atom 1: 5.03161 9.14630 4.79126 type=4
  atom 2: 7.10247 5.39395 0.52556 type=4
  atom 3: -2.33038 4.29955 8.00585 type=4
  atom 4: -1.23824 8.59966 3.14850 type=3
ML HG_ev = -0.072002 eV
[CLIENT] POSDATA natoms=1191 config_type=101 n_mol=1
  atom 0: -0.25953 0.54720 3.74015 type=4
  atom 1: 5.03161 9.14630 4.79126 type=4
  atom 2: 7.10247 5.39395 0.52556 type=4
  atom 3: -2.33038 4.29955 8.00585 type=4
  atom 4: -1.23824 8.59966 3.14850 type=3
ML HG_ev = -0.257721 eV
[CLIENT] POSDATA natoms=1191 config_type=101 n_mol=1
  atom 0: -0.25953 0.54720 3.74015 type=4
  atom 1: 5.03161 9.14630 4.79126 type=4
  atom 2: 7.10247 5.39395 0.52556 type=4
  atom 3: -2.33038 4.29955 8.00585 type=4
  atom 4: -1.23824 8.59966 3.14850 type=3
ML HG_ev = -0.072176 eV
[CLIENT] POSDATA natoms=1191 config_type=101 n_mol=1
  atom 0: -0.25953 0.54720 3.74015 type=4
  atom 1: 5.03161 9.14630 4.79126 type=4
  atom 2: 7.10247 5.39395 0.52556 type=4
  atom 3: -2.33038 4.29955 8.00585 type=4
  atom 4: -1.23824 8.59966 3.14850 type=3
ML HG_ev = -0.239799 eV
[CLIENT] POSDATA natoms=1191 config_type=101 n_mol=1
  atom 0: -0.25953 0.54720 3.74015 type=4
  atom 1: 5.03161 9.14630 4.79126 type=4
  atom 2: 7.10247 5.39395 0.52556 type=4
  atom 3: -2.33038 4.29955 8.00585 type=4
  atom 4: -1.23824 8.59966 3.14850 type=3
ML HG_ev = -0.257508 eV
[CLIENT] POSDATA natoms=1191 config_type=101 n_mol=1
  atom 0: -0.25953 0.54720 3.74015 type=4
  atom 1: 5.03161 9.14630 4.79126 type=4
  atom 2: 7.10247 5.39395 0.52556 type=4
  atom 3: -2.33038 4.29955 8.00585 type=4
  atom 4: -1.23824 8.59966 3.14850 type=3
ML HG_ev = 0.039097 eV
[CLIENT] POSDATA natoms=1191 config_type=101 n_mol=1
  atom 0: -0.25953 0.54720 3.74015 type=4
  atom 1: 5.03161 9.14630 4.79126 type=4
  atom 2: 7.10247 5.39395 0.52556 type=4
  atom 3: -2.33038 4.29955 8.00585 type=4
  atom 4: -1.23824 8.59966 3.14850 type=3
ML HG_ev = -0.257499 eV
[CLIENT] POSDATA natoms=1191 config_type=101 n_mol=1
  atom 0: -0.25953 0.54720 3.74015 type=4
  atom 1: 5.03161 9.14630 4.79126 type=4
  atom 2: 7.10247 5.39395 0.52556 type=4
  atom 3: -2.33038 4.29955 8.00585 type=4
  atom 4: -1.23824 8.59966 3.14850 type=3
ML HG_ev = 1.272475 eV
[CLIENT] POSDATA natoms=1191 config_type=101 n_mol=1
  atom 0: -0.25953 0.54720 3.74015 type=4
  atom 1: 5.03161 9.14630 4.79126 type=4
  atom 2: 7.10247 5.39395 0.52556 type=4
  atom 3: -2.33038 4.29955 8.00585 type=4
  atom 4: -1.23824 8.59966 3.14850 type=3
ML HG_ev = -0.257589 eV
[CLIENT] POSDATA natoms=1191 config_type=101 n_mol=1
  atom 0: -0.25953 0.54720 3.74015 type=4
  atom 1: 5.03161 9.14630 4.79126 type=4
  atom 2: 7.10247 5.39395 0.52556 type=4
  atom 3: -2.33038 4.29955 8.00585 type=4
  atom 4: -1.23824 8.59966 3.14850 type=3
ML HG_ev = 0.116486 eV
[CLIENT] POSDATA natoms=1191 config_type=101 n_mol=1
  atom 0: -0.25953 0.54720 3.74015 type=4
  atom 1: 5.03161 9.14630 4.79126 type=4
  atom 2: 7.10247 5.39395 0.52556 type=4
  atom 3: -2.33038 4.29955 8.00585 type=4
  atom 4: -1.23824 8.59966 3.14850 type=3
ML HG_ev = -0.258221 eV
[CLIENT] POSDATA natoms=1191 config_type=101 n_mol=1
  atom 0: -0.25953 0.54720 3.74015 type=4
  atom 1: 5.03161 9.14630 4.79126 type=4
  atom 2: 7.10247 5.39395 0.52556 type=4
  atom 3: -2.33038 4.29955 8.00585 type=4
  atom 4: -1.23824 8.59966 3.14850 type=3
ML HG_ev = 2.919745 eV
[CLIENT] POSDATA natoms=1191 config_type=101 n_mol=1
  atom 0: -0.25953 0.54720 3.74015 type=4
  atom 1: 5.03161 9.14630 4.79126 type=4
  atom 2: 7.10247 5.39395 0.52556 type=4
  atom 3: -2.33038 4.29955 8.00585 type=4
  atom 4: -1.23824 8.59966 3.14850 type=3
ML HG_ev = -0.256951 eV
[CLIENT] POSDATA natoms=1191 config_type=101 n_mol=1
  atom 0: -0.25953 0.54720 3.74015 type=4
  atom 1: 5.03161 9.14630 4.79126 type=4
  atom 2: 7.10247 5.39395 0.52556 type=4
  atom 3: -2.33038 4.29955 8.00585 type=4
  atom 4: -1.23824 8.59966 3.14850 type=3
ML HG_ev = -0.279708 eV
[CLIENT] POSDATA natoms=1191 config_type=101 n_mol=1
  atom 0: -0.25953 0.54720 3.74015 type=4
  atom 1: 5.03161 9.14630 4.79126 type=4
  atom 2: 7.10247 5.39395 0.52556 type=4
  atom 3: -2.33038 4.29955 8.00585 type=4
  atom 4: -1.23824 8.59966 3.14850 type=3
ML HG_ev = -0.256624 eV
[CLIENT] POSDATA natoms=1191 config_type=101 n_mol=1
  atom 0: -0.25953 0.54720 3.74015 type=4
  atom 1: 5.03161 9.14630 4.79126 type=4
  atom 2: 7.10247 5.39395 0.52556 type=4
  atom 3: -2.33038 4.29955 8.00585 type=4
  atom 4: -1.23824 8.59966 3.14850 type=3
ML HG_ev = -0.282351 eV
[CLIENT] POSDATA natoms=1191 config_type=101 n_mol=1
  atom 0: -0.25953 0.54720 3.74015 type=4
  atom 1: 5.03161 9.14630 4.79126 type=4
  atom 2: 7.10247 5.39395 0.52556 type=4
  atom 3: -2.33038 4.29955 8.00585 type=4
  atom 4: -1.23824 8.59966 3.14850 type=3
ML HG_ev = -0.279563 eV
[CLIENT] POSDATA natoms=1191 config_type=101 n_mol=1
  atom 0: -0.25953 0.54720 3.74015 type=4
  atom 1: 5.03161 9.14630 4.79126 type=4
  atom 2: 7.10247 5.39395 0.52556 type=4
  atom 3: -2.33038 4.29955 8.00585 type=4
  atom 4: -1.23824 8.59966 3.14850 type=3
ML HG_ev = -0.282730 eV
[CLIENT] POSDATA natoms=1191 config_type=101 n_mol=1
  atom 0: -0.25953 0.54720 3.74015 type=4
  atom 1: 5.03161 9.14630 4.79126 type=4
  atom 2: 7.10247 5.39395 0.52556 type=4
  atom 3: -2.33038 4.29955 8.00585 type=4
  atom 4: -1.23824 8.59966 3.14850 type=3
ML HG_ev = -0.282661 eV
[CLIENT] POSDATA natoms=1191 config_type=101 n_mol=1
  atom 0: -0.25953 0.54720 3.74015 type=4
  atom 1: 5.03161 9.14630 4.79126 type=4
  atom 2: 7.10247 5.39395 0.52556 type=4
  atom 3: -2.33038 4.29955 8.00585 type=4
  atom 4: -1.23824 8.59966 3.14850 type=3
ML HG_ev = -0.283247 eV
[CLIENT] POSDATA natoms=1191 config_type=101 n_mol=1
  atom 0: -0.25953 0.54720 3.74015 type=4
  atom 1: 5.03161 9.14630 4.79126 type=4
  atom 2: 7.10247 5.39395 0.52556 type=4
  atom 3: -2.33038 4.29955 8.00585 type=4
  atom 4: -1.23824 8.59966 3.14850 type=3
ML HG_ev = -0.294636 eV
[CLIENT] POSDATA natoms=1191 config_type=101 n_mol=1
  atom 0: -0.25953 0.54720 3.74015 type=4
  atom 1: 5.03161 9.14630 4.79126 type=4
  atom 2: 7.10247 5.39395 0.52556 type=4
  atom 3: -2.33038 4.29955 8.00585 type=4
  atom 4: -1.23824 8.59966 3.14850 type=3
ML HG_ev = -0.283204 eV
[CLIENT] POSDATA natoms=1191 config_type=101 n_mol=1
  atom 0: -0.25953 0.54720 3.74015 type=4
  atom 1: 5.03161 9.14630 4.79126 type=4
  atom 2: 7.10247 5.39395 0.52556 type=4
  atom 3: -2.33038 4.29955 8.00585 type=4
  atom 4: -1.23824 8.59966 3.14850 type=3
ML HG_ev = -0.267379 eV
[CLIENT] POSDATA natoms=1191 config_type=101 n_mol=1
  atom 0: -0.25953 0.54720 3.74015 type=4
  atom 1: 5.03161 9.14630 4.79126 type=4
  atom 2: 7.10247 5.39395 0.52556 type=4
  atom 3: -2.33038 4.29955 8.00585 type=4
  atom 4: -1.23824 8.59966 3.14850 type=3
ML HG_ev = -0.294008 eV
[CLIENT] POSDATA natoms=1191 config_type=101 n_mol=1
  atom 0: -0.25953 0.54720 3.74015 type=4
  atom 1: 5.03161 9.14630 4.79126 type=4
  atom 2: 7.10247 5.39395 0.52556 type=4
  atom 3: -2.33038 4.29955 8.00585 type=4
  atom 4: -1.23824 8.59966 3.14850 type=3
ML HG_ev = -0.154216 eV
[CLIENT] POSDATA natoms=1191 config_type=101 n_mol=1
  atom 0: -0.25953 0.54720 3.74015 type=4
  atom 1: 5.03161 9.14630 4.79126 type=4
  atom 2: 7.10247 5.39395 0.52556 type=4
  atom 3: -2.33038 4.29955 8.00585 type=4
  atom 4: -1.23824 8.59966 3.14850 type=3
ML HG_ev = -0.267313 eV
[CLIENT] POSDATA natoms=1191 config_type=101 n_mol=1
  atom 0: -0.25953 0.54720 3.74015 type=4
  atom 1: 5.03161 9.14630 4.79126 type=4
  atom 2: 7.10247 5.39395 0.52556 type=4
  atom 3: -2.33038 4.29955 8.00585 type=4
  atom 4: -1.23824 8.59966 3.14850 type=3
ML HG_ev = -0.022785 eV
[CLIENT] POSDATA natoms=1191 config_type=101 n_mol=1
  atom 0: -0.25953 0.54720 3.74015 type=4
  atom 1: 5.03161 9.14630 4.79126 type=4
  atom 2: 7.10247 5.39395 0.52556 type=4
  atom 3: -2.33038 4.29955 8.00585 type=4
  atom 4: -1.23824 8.59966 3.14850 type=3
ML HG_ev = -0.267352 eV
[CLIENT] POSDATA natoms=1191 config_type=101 n_mol=1
  atom 0: -0.25953 0.54720 3.74015 type=4
  atom 1: 5.03161 9.14630 4.79126 type=4
  atom 2: 7.10247 5.39395 0.52556 type=4
  atom 3: -2.33038 4.29955 8.00585 type=4
  atom 4: -1.23824 8.59966 3.14850 type=3
ML HG_ev = 0.754905 eV
[CLIENT] POSDATA natoms=1191 config_type=101 n_mol=1
  atom 0: -0.25953 0.54720 3.74015 type=4
  atom 1: 5.03161 9.14630 4.79126 type=4
  atom 2: 7.10247 5.39395 0.52556 type=4
  atom 3: -2.33038 4.29955 8.00585 type=4
  atom 4: -1.23824 8.59966 3.14850 type=3
ML HG_ev = -0.267248 eV
[CLIENT] POSDATA natoms=1191 config_type=101 n_mol=1
  atom 0: -0.25953 0.54720 3.74015 type=4
  atom 1: 5.03161 9.14630 4.79126 type=4
  atom 2: 7.10247 5.39395 0.52556 type=4
  atom 3: -2.33038 4.29955 8.00585 type=4
  atom 4: -1.23824 8.59966 3.14850 type=3
ML HG_ev = -0.267382 eV
[CLIENT] POSDATA natoms=1191 config_type=101 n_mol=1
  atom 0: -0.25953 0.54720 3.74015 type=4
  atom 1: 5.03161 9.14630 4.79126 type=4
  atom 2: 7.10247 5.39395 0.52556 type=4
  atom 3: -2.33038 4.29955 8.00585 type=4
  atom 4: -1.23824 8.59966 3.14850 type=3
ML HG_ev = 0.053783 eV
[CLIENT] POSDATA natoms=1191 config_type=101 n_mol=1
  atom 0: -0.25953 0.54720 3.74015 type=4
  atom 1: 5.03161 9.14630 4.79126 type=4
  atom 2: 7.10247 5.39395 0.52556 type=4
  atom 3: -2.33038 4.29955 8.00585 type=4
  atom 4: -1.23824 8.59966 3.14850 type=3
ML HG_ev = -0.267014 eV
[CLIENT] POSDATA natoms=1191 config_type=101 n_mol=1
  atom 0: -0.25953 0.54720 3.74015 type=4
  atom 1: 5.03161 9.14630 4.79126 type=4
  atom 2: 7.10247 5.39395 0.52556 type=4
  atom 3: -2.33038 4.29955 8.00585 type=4
  atom 4: -1.23824 8.59966 3.14850 type=3
ML HG_ev = -0.267603 eV
[CLIENT] POSDATA natoms=1191 config_type=101 n_mol=1
  atom 0: -0.25953 0.54720 3.74015 type=4
  atom 1: 5.03161 9.14630 4.79126 type=4
  atom 2: 7.10247 5.39395 0.52556 type=4
  atom 3: -2.33038 4.29955 8.00585 type=4
  atom 4: -1.23824 8.59966 3.14850 type=3
ML HG_ev = -0.186654 eV
[CLIENT] POSDATA natoms=1191 config_type=101 n_mol=1
  atom 0: -0.25953 0.54720 3.74015 type=4
  atom 1: 5.03161 9.14630 4.79126 type=4
  atom 2: 7.10247 5.39395 0.52556 type=4
  atom 3: -2.33038 4.29955 8.00585 type=4
  atom 4: -1.23824 8.59966 3.14850 type=3
ML HG_ev = -0.267274 eV
[CLIENT] POSDATA natoms=1191 config_type=101 n_mol=1
  atom 0: -0.25953 0.54720 3.74015 type=4
  atom 1: 5.03161 9.14630 4.79126 type=4
  atom 2: 7.10247 5.39395 0.52556 type=4
  atom 3: -2.33038 4.29955 8.00585 type=4
  atom 4: -1.23824 8.59966 3.14850 type=3
ML HG_ev = -0.267852 eV
[CLIENT] POSDATA natoms=1191 config_type=101 n_mol=1
  atom 0: -0.25953 0.54720 3.74015 type=4
  atom 1: 5.03161 9.14630 4.79126 type=4
  atom 2: 7.10247 5.39395 0.52556 type=4
  atom 3: -2.33038 4.29955 8.00585 type=4
  atom 4: -1.23824 8.59966 3.14850 type=3
ML HG_ev = -0.267689 eV
[CLIENT] POSDATA natoms=1191 config_type=101 n_mol=1
  atom 0: -0.25953 0.54720 3.74015 type=4
  atom 1: 5.03161 9.14630 4.79126 type=4
  atom 2: 7.10247 5.39395 0.52556 type=4
  atom 3: -2.33038 4.29955 8.00585 type=4
  atom 4: -1.23824 8.59966 3.14850 type=3
ML HG_ev = -0.178503 eV
[CLIENT] POSDATA natoms=1191 config_type=101 n_mol=1
  atom 0: -0.25953 0.54720 3.74015 type=4
  atom 1: 5.03161 9.14630 4.79126 type=4
  atom 2: 7.10247 5.39395 0.52556 type=4
  atom 3: -2.33038 4.29955 8.00585 type=4
  atom 4: -1.23824 8.59966 3.14850 type=3
ML HG_ev = -0.267675 eV
[CLIENT] POSDATA natoms=1191 config_type=101 n_mol=1
  atom 0: -0.25953 0.54720 3.74015 type=4
  atom 1: 5.03161 9.14630 4.79126 type=4
  atom 2: 7.10247 5.39395 0.52556 type=4
  atom 3: -2.33038 4.29955 8.00585 type=4
  atom 4: -1.23824 8.59966 3.14850 type=3
ML HG_ev = -0.293799 eV
[CLIENT] POSDATA natoms=1191 config_type=101 n_mol=1
  atom 0: -0.25953 0.54720 3.74015 type=4
  atom 1: 5.03161 9.14630 4.79126 type=4
  atom 2: 7.10247 5.39395 0.52556 type=4
  atom 3: -2.33038 4.29955 8.00585 type=4
  atom 4: -1.23824 8.59966 3.14850 type=3
ML HG_ev = -0.267155 eV
[CLIENT] POSDATA natoms=1191 config_type=101 n_mol=1
  atom 0: -0.25953 0.54720 3.74015 type=4
  atom 1: 5.03161 9.14630 4.79126 type=4
  atom 2: 7.10247 5.39395 0.52556 type=4
  atom 3: -2.33038 4.29955 8.00585 type=4
  atom 4: -1.23824 8.59966 3.14850 type=3
ML HG_ev = -0.196043 eV
[CLIENT] POSDATA natoms=1191 config_type=101 n_mol=1
  atom 0: -0.25953 0.54720 3.74015 type=4
  atom 1: 5.03161 9.14630 4.79126 type=4
  atom 2: 7.10247 5.39395 0.52556 type=4
  atom 3: -2.33038 4.29955 8.00585 type=4
  atom 4: -1.23824 8.59966 3.14850 type=3
ML HG_ev = -0.294532 eV
[CLIENT] POSDATA natoms=1191 config_type=101 n_mol=1
  atom 0: -0.25953 0.54720 3.74015 type=4
  atom 1: 5.03161 9.14630 4.79126 type=4
  atom 2: 7.10247 5.39395 0.52556 type=4
  atom 3: -2.33038 4.29955 8.00585 type=4
  atom 4: -1.23824 8.59966 3.14850 type=3
ML HG_ev = -0.293716 eV
[CLIENT] POSDATA natoms=1191 config_type=101 n_mol=1
  atom 0: -0.25953 0.54720 3.74015 type=4
  atom 1: 5.03161 9.14630 4.79126 type=4
  atom 2: 7.10247 5.39395 0.52556 type=4
  atom 3: -2.33038 4.29955 8.00585 type=4
  atom 4: -1.23824 8.59966 3.14850 type=3
ML HG_ev = -0.251028 eV
[CLIENT] POSDATA natoms=1191 config_type=101 n_mol=1
  atom 0: -0.25953 0.54720 3.74015 type=4
  atom 1: 5.03161 9.14630 4.79126 type=4
  atom 2: 7.10247 5.39395 0.52556 type=4
  atom 3: -2.33038 4.29955 8.00585 type=4
  atom 4: -1.23824 8.59966 3.14850 type=3
ML HG_ev = -0.294496 eV
[CLIENT] POSDATA natoms=1191 config_type=101 n_mol=1
  atom 0: -0.25953 0.54720 3.74015 type=4
  atom 1: 5.03161 9.14630 4.79126 type=4
  atom 2: 7.10247 5.39395 0.52556 type=4
  atom 3: -2.33038 4.29955 8.00585 type=4
  atom 4: -1.23824 8.59966 3.14850 type=3
ML HG_ev = 0.099917 eV
[CLIENT] POSDATA natoms=1191 config_type=101 n_mol=1
  atom 0: -0.25953 0.54720 3.74015 type=4
  atom 1: 5.03161 9.14630 4.79126 type=4
  atom 2: 7.10247 5.39395 0.52556 type=4
  atom 3: -2.33038 4.29955 8.00585 type=4
  atom 4: -1.23824 8.59966 3.14850 type=3
ML HG_ev = -0.294483 eV
[CLIENT] POSDATA natoms=1191 config_type=101 n_mol=1
  atom 0: -0.25953 0.54720 3.74015 type=4
  atom 1: 5.03161 9.14630 4.79126 type=4
  atom 2: 7.10247 5.39395 0.52556 type=4
  atom 3: -2.33038 4.29955 8.00585 type=4
  atom 4: -1.23824 8.59966 3.14850 type=3
ML HG_ev = -0.255201 eV
[CLIENT] POSDATA natoms=1191 config_type=101 n_mol=1
  atom 0: -0.25953 0.54720 3.74015 type=4
  atom 1: 5.03161 9.14630 4.79126 type=4
  atom 2: 7.10247 5.39395 0.52556 type=4
  atom 3: -2.33038 4.29955 8.00585 type=4
  atom 4: -1.23824 8.59966 3.14850 type=3
ML HG_ev = -0.294574 eV
[CLIENT] POSDATA natoms=1191 config_type=101 n_mol=1
  atom 0: -0.25953 0.54720 3.74015 type=4
  atom 1: 5.03161 9.14630 4.79126 type=4
  atom 2: 7.10247 5.39395 0.52556 type=4
  atom 3: -2.33038 4.29955 8.00585 type=4
  atom 4: -1.23824 8.59966 3.14850 type=3
ML HG_ev = -0.230534 eV
[CLIENT] POSDATA natoms=1191 config_type=101 n_mol=1
  atom 0: -0.25953 0.54720 3.74015 type=4
  atom 1: 5.03161 9.14630 4.79126 type=4
  atom 2: 7.10247 5.39395 0.52556 type=4
  atom 3: -2.33038 4.29955 8.00585 type=4
  atom 4: -1.23824 8.59966 3.14850 type=3
ML HG_ev = -0.254584 eV
[CLIENT] POSDATA natoms=1191 config_type=101 n_mol=1
  atom 0: -0.25953 0.54720 3.74015 type=4
  atom 1: 5.03161 9.14630 4.79126 type=4
  atom 2: 7.10247 5.39395 0.52556 type=4
  atom 3: -2.33038 4.29955 8.00585 type=4
  atom 4: -1.23824 8.59966 3.14850 type=3
ML HG_ev = -0.057923 eV
[CLIENT] POSDATA natoms=1191 config_type=101 n_mol=1
  atom 0: -0.25953 0.54720 3.74015 type=4
  atom 1: 5.03161 9.14630 4.79126 type=4
  atom 2: 7.10247 5.39395 0.52556 type=4
  atom 3: -2.33038 4.29955 8.00585 type=4
  atom 4: -1.23824 8.59966 3.14850 type=3
ML HG_ev = -0.231232 eV
[CLIENT] POSDATA natoms=1191 config_type=101 n_mol=1
  atom 0: -0.25953 0.54720 3.74015 type=4
  atom 1: 5.03161 9.14630 4.79126 type=4
  atom 2: 7.10247 5.39395 0.52556 type=4
  atom 3: -2.33038 4.29955 8.00585 type=4
  atom 4: -1.23824 8.59966 3.14850 type=3
ML HG_ev = 0.111629 eV
[CLIENT] POSDATA natoms=1191 config_type=101 n_mol=1
  atom 0: -0.25953 0.54720 3.74015 type=4
  atom 1: 5.03161 9.14630 4.79126 type=4
  atom 2: 7.10247 5.39395 0.52556 type=4
  atom 3: -2.33038 4.29955 8.00585 type=4
  atom 4: -1.23824 8.59966 3.14850 type=3
ML HG_ev = -0.230827 eV
[CLIENT] POSDATA natoms=1191 config_type=101 n_mol=1
  atom 0: -0.25953 0.54720 3.74015 type=4
  atom 1: 5.03161 9.14630 4.79126 type=4
  atom 2: 7.10247 5.39395 0.52556 type=4
  atom 3: -2.33038 4.29955 8.00585 type=4
  atom 4: -1.23824 8.59966 3.14850 type=3
ML HG_ev = -0.137192 eV
[CLIENT] POSDATA natoms=1191 config_type=101 n_mol=1
  atom 0: -0.25953 0.54720 3.74015 type=4
  atom 1: 5.03161 9.14630 4.79126 type=4
  atom 2: 7.10247 5.39395 0.52556 type=4
  atom 3: -2.33038 4.29955 8.00585 type=4
  atom 4: -1.23824 8.59966 3.14850 type=3
ML HG_ev = -0.230553 eV
[CLIENT] POSDATA natoms=1191 config_type=101 n_mol=1
  atom 0: -0.25953 0.54720 3.74015 type=4
  atom 1: 5.03161 9.14630 4.79126 type=4
  atom 2: 7.10247 5.39395 0.52556 type=4
  atom 3: -2.33038 4.29955 8.00585 type=4
  atom 4: -1.23824 8.59966 3.14850 type=3
ML HG_ev = 1.321670 eV
[CLIENT] POSDATA natoms=1191 config_type=101 n_mol=1
  atom 0: -0.25953 0.54720 3.74015 type=4
  atom 1: 5.03161 9.14630 4.79126 type=4
  atom 2: 7.10247 5.39395 0.52556 type=4
  atom 3: -2.33038 4.29955 8.00585 type=4
  atom 4: -1.23824 8.59966 3.14850 type=3
ML HG_ev = -0.231018 eV
[CLIENT] POSDATA natoms=1191 config_type=101 n_mol=1
  atom 0: -0.25953 0.54720 3.74015 type=4
  atom 1: 5.03161 9.14630 4.79126 type=4
  atom 2: 7.10247 5.39395 0.52556 type=4
  atom 3: -2.33038 4.29955 8.00585 type=4
  atom 4: -1.23824 8.59966 3.14850 type=3
ML HG_ev = -0.073863 eV
[CLIENT] POSDATA natoms=1191 config_type=101 n_mol=1
  atom 0: -0.25953 0.54720 3.74015 type=4
  atom 1: 5.03161 9.14630 4.79126 type=4
  atom 2: 7.10247 5.39395 0.52556 type=4
  atom 3: -2.33038 4.29955 8.00585 type=4
  atom 4: -1.23824 8.59966 3.14850 type=3
ML HG_ev = -0.230544 eV
[CLIENT] POSDATA natoms=1191 config_type=101 n_mol=1
  atom 0: -0.25953 0.54720 3.74015 type=4
  atom 1: 5.03161 9.14630 4.79126 type=4
  atom 2: 7.10247 5.39395 0.52556 type=4
  atom 3: -2.33038 4.29955 8.00585 type=4
  atom 4: -1.23824 8.59966 3.14850 type=3
ML HG_ev = -0.256785 eV
[CLIENT] POSDATA natoms=1191 config_type=101 n_mol=1
  atom 0: -0.25953 0.54720 3.74015 type=4
  atom 1: 5.03161 9.14630 4.79126 type=4
  atom 2: 7.10247 5.39395 0.52556 type=4
  atom 3: -2.33038 4.29955 8.00585 type=4
  atom 4: -1.23824 8.59966 3.14850 type=3
ML HG_ev = -0.230659 eV
[CLIENT] POSDATA natoms=1191 config_type=101 n_mol=1
  atom 0: -0.25953 0.54720 3.74015 type=4
  atom 1: 5.03161 9.14630 4.79126 type=4
  atom 2: 7.10247 5.39395 0.52556 type=4
  atom 3: -2.33038 4.29955 8.00585 type=4
  atom 4: -1.23824 8.59966 3.14850 type=3
ML HG_ev = -0.256696 eV
[CLIENT] POSDATA natoms=1191 config_type=101 n_mol=1
  atom 0: -0.25953 0.54720 3.74015 type=4
  atom 1: 5.03161 9.14630 4.79126 type=4
  atom 2: 7.10247 5.39395 0.52556 type=4
  atom 3: -2.33038 4.29955 8.00585 type=4
  atom 4: -1.23824 8.59966 3.14850 type=3
ML HG_ev = 1.134552 eV
[CLIENT] POSDATA natoms=1191 config_type=101 n_mol=1
  atom 0: -0.25953 0.54720 3.74015 type=4
  atom 1: 5.03161 9.14630 4.79126 type=4
  atom 2: 7.10247 5.39395 0.52556 type=4
  atom 3: -2.33038 4.29955 8.00585 type=4
  atom 4: -1.23824 8.59966 3.14850 type=3
ML HG_ev = -0.256075 eV
[CLIENT] POSDATA natoms=1191 config_type=101 n_mol=1
  atom 0: -0.25953 0.54720 3.74015 type=4
  atom 1: 5.03161 9.14630 4.79126 type=4
  atom 2: 7.10247 5.39395 0.52556 type=4
  atom 3: -2.33038 4.29955 8.00585 type=4
  atom 4: -1.23824 8.59966 3.14850 type=3
ML HG_ev = -0.205146 eV
[CLIENT] POSDATA natoms=1191 config_type=101 n_mol=1
  atom 0: -0.25953 0.54720 3.74015 type=4
  atom 1: 5.03161 9.14630 4.79126 type=4
  atom 2: 7.10247 5.39395 0.52556 type=4
  atom 3: -2.33038 4.29955 8.00585 type=4
  atom 4: -1.23824 8.59966 3.14850 type=3
ML HG_ev = -0.256566 eV
[CLIENT] POSDATA natoms=1191 config_type=101 n_mol=1
  atom 0: -0.25953 0.54720 3.74015 type=4
  atom 1: 5.03161 9.14630 4.79126 type=4
  atom 2: 7.10247 5.39395 0.52556 type=4
  atom 3: -2.33038 4.29955 8.00585 type=4
  atom 4: -1.23824 8.59966 3.14850 type=3
ML HG_ev = -0.224063 eV
[CLIENT] POSDATA natoms=1191 config_type=101 n_mol=1
  atom 0: -0.25953 0.54720 3.74015 type=4
  atom 1: 5.03161 9.14630 4.79126 type=4
  atom 2: 7.10247 5.39395 0.52556 type=4
  atom 3: -2.33038 4.29955 8.00585 type=4
  atom 4: -1.23824 8.59966 3.14850 type=3
ML HG_ev = -0.256239 eV
[CLIENT] POSDATA natoms=1191 config_type=101 n_mol=1
  atom 0: -0.25953 0.54720 3.74015 type=4
  atom 1: 5.03161 9.14630 4.79126 type=4
  atom 2: 7.10247 5.39395 0.52556 type=4
  atom 3: -2.33038 4.29955 8.00585 type=4
  atom 4: -1.23824 8.59966 3.14850 type=3
ML HG_ev = -0.193462 eV
[CLIENT] POSDATA natoms=1191 config_type=101 n_mol=1
  atom 0: -0.25953 0.54720 3.74015 type=4
  atom 1: 5.03161 9.14630 4.79126 type=4
  atom 2: 7.10247 5.39395 0.52556 type=4
  atom 3: -2.33038 4.29955 8.00585 type=4
  atom 4: -1.23824 8.59966 3.14850 type=3
ML HG_ev = -0.256572 eV
[CLIENT] POSDATA natoms=1191 config_type=101 n_mol=1
  atom 0: -0.25953 0.54720 3.74015 type=4
  atom 1: 5.03161 9.14630 4.79126 type=4
  atom 2: 7.10247 5.39395 0.52556 type=4
  atom 3: -2.33038 4.29955 8.00585 type=4
  atom 4: -1.23824 8.59966 3.14850 type=3
ML HG_ev = -0.256647 eV
[CLIENT] POSDATA natoms=1191 config_type=101 n_mol=1
  atom 0: -0.25953 0.54720 3.74015 type=4
  atom 1: 5.03161 9.14630 4.79126 type=4
  atom 2: 7.10247 5.39395 0.52556 type=4
  atom 3: -2.33038 4.29955 8.00585 type=4
  atom 4: -1.23824 8.59966 3.14850 type=3
ML HG_ev = 1.764029 eV
[CLIENT] POSDATA natoms=1191 config_type=101 n_mol=1
  atom 0: -0.25953 0.54720 3.74015 type=4
  atom 1: 5.03161 9.14630 4.79126 type=4
  atom 2: 7.10247 5.39395 0.52556 type=4
  atom 3: -2.33038 4.29955 8.00585 type=4
  atom 4: -1.23824 8.59966 3.14850 type=3
ML HG_ev = -0.256240 eV
[CLIENT] POSDATA natoms=1191 config_type=101 n_mol=1
  atom 0: -0.25953 0.54720 3.74015 type=4
  atom 1: 5.03161 9.14630 4.79126 type=4
  atom 2: 7.10247 5.39395 0.52556 type=4
  atom 3: -2.33038 4.29955 8.00585 type=4
  atom 4: -1.23824 8.59966 3.14850 type=3
ML HG_ev = -0.275761 eV
[CLIENT] POSDATA natoms=1191 config_type=101 n_mol=1
  atom 0: -0.25953 0.54720 3.74015 type=4
  atom 1: 5.03161 9.14630 4.79126 type=4
  atom 2: 7.10247 5.39395 0.52556 type=4
  atom 3: -2.33038 4.29955 8.00585 type=4
  atom 4: -1.23824 8.59966 3.14850 type=3
ML HG_ev = -0.256963 eV
[CLIENT] POSDATA natoms=1191 config_type=101 n_mol=1
  atom 0: -0.25953 0.54720 3.74015 type=4
  atom 1: 5.03161 9.14630 4.79126 type=4
  atom 2: 7.10247 5.39395 0.52556 type=4
  atom 3: -2.33038 4.29955 8.00585 type=4
  atom 4: -1.23824 8.59966 3.14850 type=3
ML HG_ev = -0.196626 eV
[CLIENT] POSDATA natoms=1191 config_type=101 n_mol=1
  atom 0: -0.25953 0.54720 3.74015 type=4
  atom 1: 5.03161 9.14630 4.79126 type=4
  atom 2: 7.10247 5.39395 0.52556 type=4
  atom 3: -2.33038 4.29955 8.00585 type=4
  atom 4: -1.23824 8.59966 3.14850 type=3
ML HG_ev = -0.275645 eV
[CLIENT] POSDATA natoms=1191 config_type=101 n_mol=1
  atom 0: -0.25953 0.54720 3.74015 type=4
  atom 1: 5.03161 9.14630 4.79126 type=4
  atom 2: 7.10247 5.39395 0.52556 type=4
  atom 3: -2.33038 4.29955 8.00585 type=4
  atom 4: -1.23824 8.59966 3.14850 type=3
ML HG_ev = 1.998073 eV
[CLIENT] POSDATA natoms=1191 config_type=101 n_mol=1
  atom 0: -0.25953 0.54720 3.74015 type=4
  atom 1: 5.03161 9.14630 4.79126 type=4
  atom 2: 7.10247 5.39395 0.52556 type=4
  atom 3: -2.33038 4.29955 8.00585 type=4
  atom 4: -1.23824 8.59966 3.14850 type=3
ML HG_ev = -0.275930 eV
[CLIENT] POSDATA natoms=1191 config_type=101 n_mol=1
  atom 0: -0.25953 0.54720 3.74015 type=4
  atom 1: 5.03161 9.14630 4.79126 type=4
  atom 2: 7.10247 5.39395 0.52556 type=4
  atom 3: -2.33038 4.29955 8.00585 type=4
  atom 4: -1.23824 8.59966 3.14850 type=3
ML HG_ev = -0.276097 eV
[CLIENT] POSDATA natoms=1191 config_type=101 n_mol=1
  atom 0: -0.25953 0.54720 3.74015 type=4
  atom 1: 5.03161 9.14630 4.79126 type=4
  atom 2: 7.10247 5.39395 0.52556 type=4
  atom 3: -2.33038 4.29955 8.00585 type=4
  atom 4: -1.23824 8.59966 3.14850 type=3
ML HG_ev = -0.275910 eV
[CLIENT] POSDATA natoms=1191 config_type=101 n_mol=1
  atom 0: -0.25953 0.54720 3.74015 type=4
  atom 1: 5.03161 9.14630 4.79126 type=4
  atom 2: 7.10247 5.39395 0.52556 type=4
  atom 3: -2.33038 4.29955 8.00585 type=4
  atom 4: -1.23824 8.59966 3.14850 type=3
ML HG_ev = -0.144599 eV
[CLIENT] POSDATA natoms=1191 config_type=101 n_mol=1
  atom 0: -0.25953 0.54720 3.74015 type=4
  atom 1: 5.03161 9.14630 4.79126 type=4
  atom 2: 7.10247 5.39395 0.52556 type=4
  atom 3: -2.33038 4.29955 8.00585 type=4
  atom 4: -1.23824 8.59966 3.14850 type=3
ML HG_ev = -0.275444 eV
[CLIENT] POSDATA natoms=1191 config_type=101 n_mol=1
  atom 0: -0.25953 0.54720 3.74015 type=4
  atom 1: 5.03161 9.14630 4.79126 type=4
  atom 2: 7.10247 5.39395 0.52556 type=4
  atom 3: -2.33038 4.29955 8.00585 type=4
  atom 4: -1.23824 8.59966 3.14850 type=3
ML HG_ev = 1.396202 eV
[CLIENT] POSDATA natoms=1191 config_type=101 n_mol=1
  atom 0: -0.25953 0.54720 3.74015 type=4
  atom 1: 5.03161 9.14630 4.79126 type=4
  atom 2: 7.10247 5.39395 0.52556 type=4
  atom 3: -2.33038 4.29955 8.00585 type=4
  atom 4: -1.23824 8.59966 3.14850 type=3
ML HG_ev = -0.275665 eV
[CLIENT] POSDATA natoms=1191 config_type=101 n_mol=1
  atom 0: -0.25953 0.54720 3.74015 type=4
  atom 1: 5.03161 9.14630 4.79126 type=4
  atom 2: 7.10247 5.39395 0.52556 type=4
  atom 3: -2.33038 4.29955 8.00585 type=4
  atom 4: -1.23824 8.59966 3.14850 type=3
ML HG_ev = 0.182320 eV
[CLIENT] POSDATA natoms=1191 config_type=101 n_mol=1
  atom 0: -0.25953 0.54720 3.74015 type=4
  atom 1: 5.03161 9.14630 4.79126 type=4
  atom 2: 7.10247 5.39395 0.52556 type=4
  atom 3: -2.33038 4.29955 8.00585 type=4
  atom 4: -1.23824 8.59966 3.14850 type=3
ML HG_ev = -0.275417 eV
[CLIENT] POSDATA natoms=1191 config_type=101 n_mol=1
  atom 0: -0.25953 0.54720 3.74015 type=4
  atom 1: 5.03161 9.14630 4.79126 type=4
  atom 2: 7.10247 5.39395 0.52556 type=4
  atom 3: -2.33038 4.29955 8.00585 type=4
  atom 4: -1.23824 8.59966 3.14850 type=3
ML HG_ev = -0.276270 eV
[CLIENT] POSDATA natoms=1191 config_type=101 n_mol=1
  atom 0: -0.25953 0.54720 3.74015 type=4
  atom 1: 5.03161 9.14630 4.79126 type=4
  atom 2: 7.10247 5.39395 0.52556 type=4
  atom 3: -2.33038 4.29955 8.00585 type=4
  atom 4: -1.23824 8.59966 3.14850 type=3
ML HG_ev = 0.440282 eV
[CLIENT] POSDATA natoms=1191 config_type=101 n_mol=1
  atom 0: -0.25953 0.54720 3.74015 type=4
  atom 1: 5.03161 9.14630 4.79126 type=4
  atom 2: 7.10247 5.39395 0.52556 type=4
  atom 3: -2.33038 4.29955 8.00585 type=4
  atom 4: -1.23824 8.59966 3.14850 type=3
ML HG_ev = -0.275437 eV
[CLIENT] POSDATA natoms=1191 config_type=101 n_mol=1
  atom 0: -0.25953 0.54720 3.74015 type=4
  atom 1: 5.03161 9.14630 4.79126 type=4
  atom 2: 7.10247 5.39395 0.52556 type=4
  atom 3: -2.33038 4.29955 8.00585 type=4
  atom 4: -1.23824 8.59966 3.14850 type=3
ML HG_ev = 1.082347 eV
[CLIENT] POSDATA natoms=1191 config_type=101 n_mol=1
  atom 0: -0.25953 0.54720 3.74015 type=4
  atom 1: 5.03161 9.14630 4.79126 type=4
  atom 2: 7.10247 5.39395 0.52556 type=4
  atom 3: -2.33038 4.29955 8.00585 type=4
  atom 4: -1.23824 8.59966 3.14850 type=3
ML HG_ev = -0.275314 eV
[CLIENT] POSDATA natoms=1191 config_type=101 n_mol=1
  atom 0: -0.25953 0.54720 3.74015 type=4
  atom 1: 5.03161 9.14630 4.79126 type=4
  atom 2: 7.10247 5.39395 0.52556 type=4
  atom 3: -2.33038 4.29955 8.00585 type=4
  atom 4: -1.23824 8.59966 3.14850 type=3
ML HG_ev = 1.334532 eV
[CLIENT] POSDATA natoms=1191 config_type=101 n_mol=1
  atom 0: -0.25953 0.54720 3.74015 type=4
  atom 1: 5.03161 9.14630 4.79126 type=4
  atom 2: 7.10247 5.39395 0.52556 type=4
  atom 3: -2.33038 4.29955 8.00585 type=4
  atom 4: -1.23824 8.59966 3.14850 type=3
ML HG_ev = -0.275008 eV
[CLIENT] POSDATA natoms=1191 config_type=101 n_mol=1
  atom 0: -0.25953 0.54720 3.74015 type=4
  atom 1: 5.03161 9.14630 4.79126 type=4
  atom 2: 7.10247 5.39395 0.52556 type=4
  atom 3: -2.33038 4.29955 8.00585 type=4
  atom 4: -1.23824 8.59966 3.14850 type=3
ML HG_ev = 0.184115 eV
[CLIENT] POSDATA natoms=1191 config_type=101 n_mol=1
  atom 0: -0.25953 0.54720 3.74015 type=4
  atom 1: 5.03161 9.14630 4.79126 type=4
  atom 2: 7.10247 5.39395 0.52556 type=4
  atom 3: -2.33038 4.29955 8.00585 type=4
  atom 4: -1.23824 8.59966 3.14850 type=3
ML HG_ev = -0.275518 eV
[CLIENT] POSDATA natoms=1191 config_type=101 n_mol=1
  atom 0: -0.25953 0.54720 3.74015 type=4
  atom 1: 5.03161 9.14630 4.79126 type=4
  atom 2: 7.10247 5.39395 0.52556 type=4
  atom 3: -2.33038 4.29955 8.00585 type=4
  atom 4: -1.23824 8.59966 3.14850 type=3
ML HG_ev = -0.303360 eV
[CLIENT] POSDATA natoms=1191 config_type=101 n_mol=1
  atom 0: -0.25953 0.54720 3.74015 type=4
  atom 1: 5.03161 9.14630 4.79126 type=4
  atom 2: 7.10247 5.39395 0.52556 type=4
  atom 3: -2.33038 4.29955 8.00585 type=4
  atom 4: -1.23824 8.59966 3.14850 type=3
ML HG_ev = -0.275423 eV
[CLIENT] POSDATA natoms=1191 config_type=101 n_mol=1
  atom 0: -0.25953 0.54720 3.74015 type=4
  atom 1: 5.03161 9.14630 4.79126 type=4
  atom 2: 7.10247 5.39395 0.52556 type=4
  atom 3: -2.33038 4.29955 8.00585 type=4
  atom 4: -1.23824 8.59966 3.14850 type=3
ML HG_ev = 1.242375 eV
[CLIENT] POSDATA natoms=1191 config_type=101 n_mol=1
  atom 0: -0.25953 0.54720 3.74015 type=4
  atom 1: 5.03161 9.14630 4.79126 type=4
  atom 2: 7.10247 5.39395 0.52556 type=4
  atom 3: -2.33038 4.29955 8.00585 type=4
  atom 4: -1.23824 8.59966 3.14850 type=3
ML HG_ev = -0.302117 eV
[CLIENT] POSDATA natoms=1191 config_type=101 n_mol=1
  atom 0: -0.25953 0.54720 3.74015 type=4
  atom 1: 5.03161 9.14630 4.79126 type=4
  atom 2: 7.10247 5.39395 0.52556 type=4
  atom 3: -2.33038 4.29955 8.00585 type=4
  atom 4: -1.23824 8.59966 3.14850 type=3
ML HG_ev = -0.292636 eV
[CLIENT] POSDATA natoms=1191 config_type=101 n_mol=1
  atom 0: -0.25953 0.54720 3.74015 type=4
  atom 1: 5.03161 9.14630 4.79126 type=4
  atom 2: 7.10247 5.39395 0.52556 type=4
  atom 3: -2.33038 4.29955 8.00585 type=4
  atom 4: -1.23824 8.59966 3.14850 type=3
ML HG_ev = -0.303115 eV
[CLIENT] POSDATA natoms=1191 config_type=101 n_mol=1
  atom 0: -0.25953 0.54720 3.74015 type=4
  atom 1: 5.03161 9.14630 4.79126 type=4
  atom 2: 7.10247 5.39395 0.52556 type=4
  atom 3: -2.33038 4.29955 8.00585 type=4
  atom 4: -1.23824 8.59966 3.14850 type=3
ML HG_ev = -0.302833 eV
[CLIENT] POSDATA natoms=1191 config_type=101 n_mol=1
  atom 0: -0.25953 0.54720 3.74015 type=4
  atom 1: 5.03161 9.14630 4.79126 type=4
  atom 2: 7.10247 5.39395 0.52556 type=4
  atom 3: -2.33038 4.29955 8.00585 type=4
  atom 4: -1.23824 8.59966 3.14850 type=3
ML HG_ev = -0.243543 eV
[CLIENT] POSDATA natoms=1191 config_type=101 n_mol=1
  atom 0: -0.25953 0.54720 3.74015 type=4
  atom 1: 5.03161 9.14630 4.79126 type=4
  atom 2: 7.10247 5.39395 0.52556 type=4
  atom 3: -2.33038 4.29955 8.00585 type=4
  atom 4: -1.23824 8.59966 3.14850 type=3
ML HG_ev = -0.302304 eV
[CLIENT] POSDATA natoms=1191 config_type=101 n_mol=1
  atom 0: -0.25953 0.54720 3.74015 type=4
  atom 1: 5.03161 9.14630 4.79126 type=4
  atom 2: 7.10247 5.39395 0.52556 type=4
  atom 3: -2.33038 4.29955 8.00585 type=4
  atom 4: -1.23824 8.59966 3.14850 type=3
ML HG_ev = -0.302530 eV
[CLIENT] POSDATA natoms=1191 config_type=101 n_mol=1
  atom 0: -0.25953 0.54720 3.74015 type=4
  atom 1: 5.03161 9.14630 4.79126 type=4
  atom 2: 7.10247 5.39395 0.52556 type=4
  atom 3: -2.33038 4.29955 8.00585 type=4
  atom 4: -1.23824 8.59966 3.14850 type=3
ML HG_ev = -0.303522 eV
[CLIENT] POSDATA natoms=1191 config_type=101 n_mol=1
  atom 0: -0.25953 0.54720 3.74015 type=4
  atom 1: 5.03161 9.14630 4.79126 type=4
  atom 2: 7.10247 5.39395 0.52556 type=4
  atom 3: -2.33038 4.29955 8.00585 type=4
  atom 4: -1.23824 8.59966 3.14850 type=3
ML HG_ev = 0.292336 eV
[CLIENT] POSDATA natoms=1191 config_type=101 n_mol=1
  atom 0: -0.25953 0.54720 3.74015 type=4
  atom 1: 5.03161 9.14630 4.79126 type=4
  atom 2: 7.10247 5.39395 0.52556 type=4
  atom 3: -2.33038 4.29955 8.00585 type=4
  atom 4: -1.23824 8.59966 3.14850 type=3
ML HG_ev = -0.339656 eV
[CLIENT] POSDATA natoms=1191 config_type=101 n_mol=1
  atom 0: -0.25953 0.54720 3.74015 type=4
  atom 1: 5.03161 9.14630 4.79126 type=4
  atom 2: 7.10247 5.39395 0.52556 type=4
  atom 3: -2.33038 4.29955 8.00585 type=4
  atom 4: -1.23824 8.59966 3.14850 type=3
ML HG_ev = -0.303394 eV
[CLIENT] POSDATA natoms=1191 config_type=101 n_mol=1
  atom 0: -0.25953 0.54720 3.74015 type=4
  atom 1: 5.03161 9.14630 4.79126 type=4
  atom 2: 7.10247 5.39395 0.52556 type=4
  atom 3: -2.33038 4.29955 8.00585 type=4
  atom 4: -1.23824 8.59966 3.14850 type=3
ML HG_ev = -0.288383 eV
[CLIENT] POSDATA natoms=1191 config_type=101 n_mol=1
  atom 0: -0.25953 0.54720 3.74015 type=4
  atom 1: 5.03161 9.14630 4.79126 type=4
  atom 2: 7.10247 5.39395 0.52556 type=4
  atom 3: -2.33038 4.29955 8.00585 type=4
  atom 4: -1.23824 8.59966 3.14850 type=3
ML HG_ev = -0.340546 eV
[CLIENT] POSDATA natoms=1191 config_type=101 n_mol=1
  atom 0: -0.25953 0.54720 3.74015 type=4
  atom 1: 5.03161 9.14630 4.79126 type=4
  atom 2: 7.10247 5.39395 0.52556 type=4
  atom 3: -2.33038 4.29955 8.00585 type=4
  atom 4: -1.23824 8.59966 3.14850 type=3
ML HG_ev = 0.813596 eV
[CLIENT] POSDATA natoms=1191 config_type=101 n_mol=1
  atom 0: -0.25953 0.54720 3.74015 type=4
  atom 1: 5.03161 9.14630 4.79126 type=4
  atom 2: 7.10247 5.39395 0.52556 type=4
  atom 3: -2.33038 4.29955 8.00585 type=4
  atom 4: -1.23824 8.59966 3.14850 type=3
ML HG_ev = -0.339615 eV
[CLIENT] POSDATA natoms=1191 config_type=101 n_mol=1
  atom 0: -0.25953 0.54720 3.74015 type=4
  atom 1: 5.03161 9.14630 4.79126 type=4
  atom 2: 7.10247 5.39395 0.52556 type=4
  atom 3: -2.33038 4.29955 8.00585 type=4
  atom 4: -1.23824 8.59966 3.14850 type=3
ML HG_ev = -0.264504 eV
[CLIENT] POSDATA natoms=1191 config_type=101 n_mol=1
  atom 0: -0.25953 0.54720 3.74015 type=4
  atom 1: 5.03161 9.14630 4.79126 type=4
  atom 2: 7.10247 5.39395 0.52556 type=4
  atom 3: -2.33038 4.29955 8.00585 type=4
  atom 4: -1.23824 8.59966 3.14850 type=3
ML HG_ev = -0.339462 eV
[CLIENT] POSDATA natoms=1191 config_type=101 n_mol=1
  atom 0: -0.25953 0.54720 3.74015 type=4
  atom 1: 5.03161 9.14630 4.79126 type=4
  atom 2: 7.10247 5.39395 0.52556 type=4
  atom 3: -2.33038 4.29955 8.00585 type=4
  atom 4: -1.23824 8.59966 3.14850 type=3
ML HG_ev = -0.223557 eV
[CLIENT] POSDATA natoms=1191 config_type=101 n_mol=1
  atom 0: -0.25953 0.54720 3.74015 type=4
  atom 1: 5.03161 9.14630 4.79126 type=4
  atom 2: 7.10247 5.39395 0.52556 type=4
  atom 3: -2.33038 4.29955 8.00585 type=4
  atom 4: -1.23824 8.59966 3.14850 type=3
ML HG_ev = -0.338913 eV
[CLIENT] POSDATA natoms=1191 config_type=101 n_mol=1
  atom 0: -0.25953 0.54720 3.74015 type=4
  atom 1: 5.03161 9.14630 4.79126 type=4
  atom 2: 7.10247 5.39395 0.52556 type=4
  atom 3: -2.33038 4.29955 8.00585 type=4
  atom 4: -1.23824 8.59966 3.14850 type=3
ML HG_ev = -0.309982 eV
[CLIENT] POSDATA natoms=1191 config_type=101 n_mol=1
  atom 0: -0.25953 0.54720 3.74015 type=4
  atom 1: 5.03161 9.14630 4.79126 type=4
  atom 2: 7.10247 5.39395 0.52556 type=4
  atom 3: -2.33038 4.29955 8.00585 type=4
  atom 4: -1.23824 8.59966 3.14850 type=3
ML HG_ev = -0.340020 eV
[CLIENT] POSDATA natoms=1191 config_type=101 n_mol=1
  atom 0: -0.25953 0.54720 3.74015 type=4
  atom 1: 5.03161 9.14630 4.79126 type=4
  atom 2: 7.10247 5.39395 0.52556 type=4
  atom 3: -2.33038 4.29955 8.00585 type=4
  atom 4: -1.23824 8.59966 3.14850 type=3
ML HG_ev = -0.308355 eV
[CLIENT] POSDATA natoms=1191 config_type=101 n_mol=1
  atom 0: -0.25953 0.54720 3.74015 type=4
  atom 1: 5.03161 9.14630 4.79126 type=4
  atom 2: 7.10247 5.39395 0.52556 type=4
  atom 3: -2.33038 4.29955 8.00585 type=4
  atom 4: -1.23824 8.59966 3.14850 type=3
ML HG_ev = -0.309613 eV
[CLIENT] POSDATA natoms=1191 config_type=101 n_mol=1
  atom 0: -0.25953 0.54720 3.74015 type=4
  atom 1: 5.03161 9.14630 4.79126 type=4
  atom 2: 7.10247 5.39395 0.52556 type=4
  atom 3: -2.33038 4.29955 8.00585 type=4
  atom 4: -1.23824 8.59966 3.14850 type=3
ML HG_ev = -0.308860 eV
[CLIENT] POSDATA natoms=1191 config_type=101 n_mol=1
  atom 0: -0.25953 0.54720 3.74015 type=4
  atom 1: 5.03161 9.14630 4.79126 type=4
  atom 2: 7.10247 5.39395 0.52556 type=4
  atom 3: -2.33038 4.29955 8.00585 type=4
  atom 4: -1.23824 8.59966 3.14850 type=3
ML HG_ev = 0.322535 eV
[CLIENT] POSDATA natoms=1191 config_type=101 n_mol=1
  atom 0: -0.25953 0.54720 3.74015 type=4
  atom 1: 5.03161 9.14630 4.79126 type=4
  atom 2: 7.10247 5.39395 0.52556 type=4
  atom 3: -2.33038 4.29955 8.00585 type=4
  atom 4: -1.23824 8.59966 3.14850 type=3
ML HG_ev = -0.308378 eV
[CLIENT] POSDATA natoms=1191 config_type=101 n_mol=1
  atom 0: -0.25953 0.54720 3.74015 type=4
  atom 1: 5.03161 9.14630 4.79126 type=4
  atom 2: 7.10247 5.39395 0.52556 type=4
  atom 3: -2.33038 4.29955 8.00585 type=4
  atom 4: -1.23824 8.59966 3.14850 type=3
ML HG_ev = -0.335365 eV
[CLIENT] POSDATA natoms=1191 config_type=101 n_mol=1
  atom 0: -0.25953 0.54720 3.74015 type=4
  atom 1: 5.03161 9.14630 4.79126 type=4
  atom 2: 7.10247 5.39395 0.52556 type=4
  atom 3: -2.33038 4.29955 8.00585 type=4
  atom 4: -1.23824 8.59966 3.14850 type=3
ML HG_ev = -0.308492 eV
[CLIENT] POSDATA natoms=1191 config_type=101 n_mol=1
  atom 0: -0.25953 0.54720 3.74015 type=4
  atom 1: 5.03161 9.14630 4.79126 type=4
  atom 2: 7.10247 5.39395 0.52556 type=4
  atom 3: -2.33038 4.29955 8.00585 type=4
  atom 4: -1.23824 8.59966 3.14850 type=3
ML HG_ev = -0.254300 eV
[CLIENT] POSDATA natoms=1191 config_type=101 n_mol=1
  atom 0: -0.25953 0.54720 3.74015 type=4
  atom 1: 5.03161 9.14630 4.79126 type=4
  atom 2: 7.10247 5.39395 0.52556 type=4
  atom 3: -2.33038 4.29955 8.00585 type=4
  atom 4: -1.23824 8.59966 3.14850 type=3
ML HG_ev = -0.335258 eV
[CLIENT] POSDATA natoms=1191 config_type=101 n_mol=1
  atom 0: -0.25953 0.54720 3.74015 type=4
  atom 1: 5.03161 9.14630 4.79126 type=4
  atom 2: 7.10247 5.39395 0.52556 type=4
  atom 3: -2.33038 4.29955 8.00585 type=4
  atom 4: -1.23824 8.59966 3.14850 type=3
ML HG_ev = -0.335321 eV
[CLIENT] POSDATA natoms=1191 config_type=101 n_mol=1
  atom 0: -0.25953 0.54720 3.74015 type=4
  atom 1: 5.03161 9.14630 4.79126 type=4
  atom 2: 7.10247 5.39395 0.52556 type=4
  atom 3: -2.33038 4.29955 8.00585 type=4
  atom 4: -1.23824 8.59966 3.14850 type=3
ML HG_ev = -0.301607 eV
[CLIENT] POSDATA natoms=1191 config_type=101 n_mol=1
  atom 0: -0.25953 0.54720 3.74015 type=4
  atom 1: 5.03161 9.14630 4.79126 type=4
  atom 2: 7.10247 5.39395 0.52556 type=4
  atom 3: -2.33038 4.29955 8.00585 type=4
  atom 4: -1.23824 8.59966 3.14850 type=3
ML HG_ev = -0.334802 eV
[CLIENT] POSDATA natoms=1191 config_type=101 n_mol=1
  atom 0: -0.25953 0.54720 3.74015 type=4
  atom 1: 5.03161 9.14630 4.79126 type=4
  atom 2: 7.10247 5.39395 0.52556 type=4
  atom 3: -2.33038 4.29955 8.00585 type=4
  atom 4: -1.23824 8.59966 3.14850 type=3
ML HG_ev = 0.376229 eV
[CLIENT] POSDATA natoms=1191 config_type=101 n_mol=1
  atom 0: -0.25953 0.54720 3.74015 type=4
  atom 1: 5.03161 9.14630 4.79126 type=4
  atom 2: 7.10247 5.39395 0.52556 type=4
  atom 3: -2.33038 4.29955 8.00585 type=4
  atom 4: -1.23824 8.59966 3.14850 type=3
ML HG_ev = -0.301676 eV
[CLIENT] POSDATA natoms=1191 config_type=101 n_mol=1
  atom 0: -0.25953 0.54720 3.74015 type=4
  atom 1: 5.03161 9.14630 4.79126 type=4
  atom 2: 7.10247 5.39395 0.52556 type=4
  atom 3: -2.33038 4.29955 8.00585 type=4
  atom 4: -1.23824 8.59966 3.14850 type=3
ML HG_ev = -0.300866 eV
[CLIENT] POSDATA natoms=1191 config_type=101 n_mol=1
  atom 0: -0.25953 0.54720 3.74015 type=4
  atom 1: 5.03161 9.14630 4.79126 type=4
  atom 2: 7.10247 5.39395 0.52556 type=4
  atom 3: -2.33038 4.29955 8.00585 type=4
  atom 4: -1.23824 8.59966 3.14850 type=3
ML HG_ev = -0.252223 eV
[CLIENT] POSDATA natoms=1191 config_type=101 n_mol=1
  atom 0: -0.25953 0.54720 3.74015 type=4
  atom 1: 5.03161 9.14630 4.79126 type=4
  atom 2: 7.10247 5.39395 0.52556 type=4
  atom 3: -2.33038 4.29955 8.00585 type=4
  atom 4: -1.23824 8.59966 3.14850 type=3
ML HG_ev = -0.301281 eV
[CLIENT] POSDATA natoms=1191 config_type=101 n_mol=1
  atom 0: -0.25953 0.54720 3.74015 type=4
  atom 1: 5.03161 9.14630 4.79126 type=4
  atom 2: 7.10247 5.39395 0.52556 type=4
  atom 3: -2.33038 4.29955 8.00585 type=4
  atom 4: -1.23824 8.59966 3.14850 type=3
ML HG_ev = -0.315688 eV
[CLIENT] POSDATA natoms=1191 config_type=101 n_mol=1
  atom 0: -0.25953 0.54720 3.74015 type=4
  atom 1: 5.03161 9.14630 4.79126 type=4
  atom 2: 7.10247 5.39395 0.52556 type=4
  atom 3: -2.33038 4.29955 8.00585 type=4
  atom 4: -1.23824 8.59966 3.14850 type=3
ML HG_ev = -0.301337 eV
[CLIENT] POSDATA natoms=1191 config_type=101 n_mol=1
  atom 0: -0.25953 0.54720 3.74015 type=4
  atom 1: 5.03161 9.14630 4.79126 type=4
  atom 2: 7.10247 5.39395 0.52556 type=4
  atom 3: -2.33038 4.29955 8.00585 type=4
  atom 4: -1.23824 8.59966 3.14850 type=3
ML HG_ev = -0.257073 eV
[CLIENT] POSDATA natoms=1191 config_type=101 n_mol=1
  atom 0: -0.25953 0.54720 3.74015 type=4
  atom 1: 5.03161 9.14630 4.79126 type=4
  atom 2: 7.10247 5.39395 0.52556 type=4
  atom 3: -2.33038 4.29955 8.00585 type=4
  atom 4: -1.23824 8.59966 3.14850 type=3
ML HG_ev = -0.315824 eV
[CLIENT] POSDATA natoms=1191 config_type=101 n_mol=1
  atom 0: -0.25953 0.54720 3.74015 type=4
  atom 1: 5.03161 9.14630 4.79126 type=4
  atom 2: 7.10247 5.39395 0.52556 type=4
  atom 3: -2.33038 4.29955 8.00585 type=4
  atom 4: -1.23824 8.59966 3.14850 type=3
ML HG_ev = 0.620009 eV
[CLIENT] POSDATA natoms=1191 config_type=101 n_mol=1
  atom 0: -0.25953 0.54720 3.74015 type=4
  atom 1: 5.03161 9.14630 4.79126 type=4
  atom 2: 7.10247 5.39395 0.52556 type=4
  atom 3: -2.33038 4.29955 8.00585 type=4
  atom 4: -1.23824 8.59966 3.14850 type=3
ML HG_ev = -0.315986 eV
[CLIENT] POSDATA natoms=1191 config_type=101 n_mol=1
  atom 0: -0.25953 0.54720 3.74015 type=4
  atom 1: 5.03161 9.14630 4.79126 type=4
  atom 2: 7.10247 5.39395 0.52556 type=4
  atom 3: -2.33038 4.29955 8.00585 type=4
  atom 4: -1.23824 8.59966 3.14850 type=3
ML HG_ev = -0.311710 eV
[CLIENT] POSDATA natoms=1191 config_type=101 n_mol=1
  atom 0: -0.25953 0.54720 3.74015 type=4
  atom 1: 5.03161 9.14630 4.79126 type=4
  atom 2: 7.10247 5.39395 0.52556 type=4
  atom 3: -2.33038 4.29955 8.00585 type=4
  atom 4: -1.23824 8.59966 3.14850 type=3
ML HG_ev = -0.315768 eV
[CLIENT] POSDATA natoms=1191 config_type=101 n_mol=1
  atom 0: -0.25953 0.54720 3.74015 type=4
  atom 1: 5.03161 9.14630 4.79126 type=4
  atom 2: 7.10247 5.39395 0.52556 type=4
  atom 3: -2.33038 4.29955 8.00585 type=4
  atom 4: -1.23824 8.59966 3.14850 type=3
ML HG_ev = -0.286562 eV
[CLIENT] POSDATA natoms=1191 config_type=101 n_mol=1
  atom 0: -0.25953 0.54720 3.74015 type=4
  atom 1: 5.03161 9.14630 4.79126 type=4
  atom 2: 7.10247 5.39395 0.52556 type=4
  atom 3: -2.33038 4.29955 8.00585 type=4
  atom 4: -1.23824 8.59966 3.14850 type=3
ML HG_ev = -0.312910 eV
[CLIENT] POSDATA natoms=1191 config_type=101 n_mol=1
  atom 0: -0.25953 0.54720 3.74015 type=4
  atom 1: 5.03161 9.14630 4.79126 type=4
  atom 2: 7.10247 5.39395 0.52556 type=4
  atom 3: -2.33038 4.29955 8.00585 type=4
  atom 4: -1.23824 8.59966 3.14850 type=3
ML HG_ev = -0.266214 eV
[CLIENT] POSDATA natoms=1191 config_type=101 n_mol=1
  atom 0: -0.25953 0.54720 3.74015 type=4
  atom 1: 5.03161 9.14630 4.79126 type=4
  atom 2: 7.10247 5.39395 0.52556 type=4
  atom 3: -2.33038 4.29955 8.00585 type=4
  atom 4: -1.23824 8.59966 3.14850 type=3
ML HG_ev = -0.286539 eV
[CLIENT] POSDATA natoms=1191 config_type=101 n_mol=1
  atom 0: -0.25953 0.54720 3.74015 type=4
  atom 1: 5.03161 9.14630 4.79126 type=4
  atom 2: 7.10247 5.39395 0.52556 type=4
  atom 3: -2.33038 4.29955 8.00585 type=4
  atom 4: -1.23824 8.59966 3.14850 type=3
ML HG_ev = -0.178527 eV
[CLIENT] POSDATA natoms=1191 config_type=101 n_mol=1
  atom 0: -0.25953 0.54720 3.74015 type=4
  atom 1: 5.03161 9.14630 4.79126 type=4
  atom 2: 7.10247 5.39395 0.52556 type=4
  atom 3: -2.33038 4.29955 8.00585 type=4
  atom 4: -1.23824 8.59966 3.14850 type=3
ML HG_ev = -0.286274 eV
[CLIENT] POSDATA natoms=1191 config_type=101 n_mol=1
  atom 0: -0.25953 0.54720 3.74015 type=4
  atom 1: 5.03161 9.14630 4.79126 type=4
  atom 2: 7.10247 5.39395 0.52556 type=4
  atom 3: -2.33038 4.29955 8.00585 type=4
  atom 4: -1.23824 8.59966 3.14850 type=3
ML HG_ev = -0.286330 eV
[CLIENT] POSDATA natoms=1191 config_type=101 n_mol=1
  atom 0: -0.25953 0.54720 3.74015 type=4
  atom 1: 5.03161 9.14630 4.79126 type=4
  atom 2: 7.10247 5.39395 0.52556 type=4
  atom 3: -2.33038 4.29955 8.00585 type=4
  atom 4: -1.23824 8.59966 3.14850 type=3
ML HG_ev = -0.140522 eV
[CLIENT] POSDATA natoms=1191 config_type=101 n_mol=1
  atom 0: -0.25953 0.54720 3.74015 type=4
  atom 1: 5.03161 9.14630 4.79126 type=4
  atom 2: 7.10247 5.39395 0.52556 type=4
  atom 3: -2.33038 4.29955 8.00585 type=4
  atom 4: -1.23824 8.59966 3.14850 type=3
ML HG_ev = -0.285902 eV
[CLIENT] POSDATA natoms=1191 config_type=101 n_mol=1
  atom 0: -0.25953 0.54720 3.74015 type=4
  atom 1: 5.03161 9.14630 4.79126 type=4
  atom 2: 7.10247 5.39395 0.52556 type=4
  atom 3: -2.33038 4.29955 8.00585 type=4
  atom 4: -1.23824 8.59966 3.14850 type=3
ML HG_ev = -0.286540 eV
[CLIENT] POSDATA natoms=1191 config_type=101 n_mol=1
  atom 0: -0.25953 0.54720 3.74015 type=4
  atom 1: 5.03161 9.14630 4.79126 type=4
  atom 2: 7.10247 5.39395 0.52556 type=4
  atom 3: -2.33038 4.29955 8.00585 type=4
  atom 4: -1.23824 8.59966 3.14850 type=3
ML HG_ev = -0.126542 eV
[CLIENT] POSDATA natoms=1191 config_type=101 n_mol=1
  atom 0: -0.25953 0.54720 3.74015 type=4
  atom 1: 5.03161 9.14630 4.79126 type=4
  atom 2: 7.10247 5.39395 0.52556 type=4
  atom 3: -2.33038 4.29955 8.00585 type=4
  atom 4: -1.23824 8.59966 3.14850 type=3
ML HG_ev = -0.285964 eV
[CLIENT] POSDATA natoms=1191 config_type=101 n_mol=1
  atom 0: -0.25953 0.54720 3.74015 type=4
  atom 1: 5.03161 9.14630 4.79126 type=4
  atom 2: 7.10247 5.39395 0.52556 type=4
  atom 3: -2.33038 4.29955 8.00585 type=4
  atom 4: -1.23824 8.59966 3.14850 type=3
ML HG_ev = -0.059868 eV
[CLIENT] POSDATA natoms=1191 config_type=101 n_mol=1
  atom 0: -0.25953 0.54720 3.74015 type=4
  atom 1: 5.03161 9.14630 4.79126 type=4
  atom 2: 7.10247 5.39395 0.52556 type=4
  atom 3: -2.33038 4.29955 8.00585 type=4
  atom 4: -1.23824 8.59966 3.14850 type=3
ML HG_ev = -0.286554 eV
[CLIENT] POSDATA natoms=1191 config_type=101 n_mol=1
  atom 0: -0.25953 0.54720 3.74015 type=4
  atom 1: 5.03161 9.14630 4.79126 type=4
  atom 2: 7.10247 5.39395 0.52556 type=4
  atom 3: -2.33038 4.29955 8.00585 type=4
  atom 4: -1.23824 8.59966 3.14850 type=3
ML HG_ev = -0.286545 eV
[CLIENT] POSDATA natoms=1191 config_type=101 n_mol=1
  atom 0: -0.25953 0.54720 3.74015 type=4
  atom 1: 5.03161 9.14630 4.79126 type=4
  atom 2: 7.10247 5.39395 0.52556 type=4
  atom 3: -2.33038 4.29955 8.00585 type=4
  atom 4: -1.23824 8.59966 3.14850 type=3
ML HG_ev = -0.286365 eV
[CLIENT] POSDATA natoms=1191 config_type=101 n_mol=1
  atom 0: -0.25953 0.54720 3.74015 type=4
  atom 1: 5.03161 9.14630 4.79126 type=4
  atom 2: 7.10247 5.39395 0.52556 type=4
  atom 3: -2.33038 4.29955 8.00585 type=4
  atom 4: -1.23824 8.59966 3.14850 type=3
ML HG_ev = 1.053164 eV
[CLIENT] POSDATA natoms=1191 config_type=101 n_mol=1
  atom 0: -0.25953 0.54720 3.74015 type=4
  atom 1: 5.03161 9.14630 4.79126 type=4
  atom 2: 7.10247 5.39395 0.52556 type=4
  atom 3: -2.33038 4.29955 8.00585 type=4
  atom 4: -1.23824 8.59966 3.14850 type=3
ML HG_ev = -0.286120 eV
[CLIENT] POSDATA natoms=1191 config_type=101 n_mol=1
  atom 0: -0.25953 0.54720 3.74015 type=4
  atom 1: 5.03161 9.14630 4.79126 type=4
  atom 2: 7.10247 5.39395 0.52556 type=4
  atom 3: -2.33038 4.29955 8.00585 type=4
  atom 4: -1.23824 8.59966 3.14850 type=3
ML HG_ev = -0.286016 eV
[CLIENT] POSDATA natoms=1191 config_type=101 n_mol=1
  atom 0: -0.25953 0.54720 3.74015 type=4
  atom 1: 5.03161 9.14630 4.79126 type=4
  atom 2: 7.10247 5.39395 0.52556 type=4
  atom 3: -2.33038 4.29955 8.00585 type=4
  atom 4: -1.23824 8.59966 3.14850 type=3
ML HG_ev = -0.271829 eV
[CLIENT] POSDATA natoms=1191 config_type=101 n_mol=1
  atom 0: -0.25953 0.54720 3.74015 type=4
  atom 1: 5.03161 9.14630 4.79126 type=4
  atom 2: 7.10247 5.39395 0.52556 type=4
  atom 3: -2.33038 4.29955 8.00585 type=4
  atom 4: -1.23824 8.59966 3.14850 type=3
ML HG_ev = -0.286718 eV
[CLIENT] POSDATA natoms=1191 config_type=101 n_mol=1
  atom 0: -0.25953 0.54720 3.74015 type=4
  atom 1: 5.03161 9.14630 4.79126 type=4
  atom 2: 7.10247 5.39395 0.52556 type=4
  atom 3: -2.33038 4.29955 8.00585 type=4
  atom 4: -1.23824 8.59966 3.14850 type=3
ML HG_ev = -0.286872 eV
[CLIENT] POSDATA natoms=1191 config_type=101 n_mol=1
  atom 0: -0.25953 0.54720 3.74015 type=4
  atom 1: 5.03161 9.14630 4.79126 type=4
  atom 2: 7.10247 5.39395 0.52556 type=4
  atom 3: -2.33038 4.29955 8.00585 type=4
  atom 4: -1.23824 8.59966 3.14850 type=3
ML HG_ev = 0.178134 eV
[CLIENT] POSDATA natoms=1191 config_type=101 n_mol=1
  atom 0: -0.25953 0.54720 3.74015 type=4
  atom 1: 5.03161 9.14630 4.79126 type=4
  atom 2: 7.10247 5.39395 0.52556 type=4
  atom 3: -2.33038 4.29955 8.00585 type=4
  atom 4: -1.23824 8.59966 3.14850 type=3
ML HG_ev = -0.286511 eV
[CLIENT] POSDATA natoms=1191 config_type=101 n_mol=1
  atom 0: -0.25953 0.54720 3.74015 type=4
  atom 1: 5.03161 9.14630 4.79126 type=4
  atom 2: 7.10247 5.39395 0.52556 type=4
  atom 3: -2.33038 4.29955 8.00585 type=4
  atom 4: -1.23824 8.59966 3.14850 type=3
ML HG_ev = -0.143938 eV
[CLIENT] POSDATA natoms=1191 config_type=101 n_mol=1
  atom 0: -0.25953 0.54720 3.74015 type=4
  atom 1: 5.03161 9.14630 4.79126 type=4
  atom 2: 7.10247 5.39395 0.52556 type=4
  atom 3: -2.33038 4.29955 8.00585 type=4
  atom 4: -1.23824 8.59966 3.14850 type=3
ML HG_ev = -0.286147 eV
[CLIENT] POSDATA natoms=1191 config_type=101 n_mol=1
  atom 0: -0.25953 0.54720 3.74015 type=4
  atom 1: 5.03161 9.14630 4.79126 type=4
  atom 2: 7.10247 5.39395 0.52556 type=4
  atom 3: -2.33038 4.29955 8.00585 type=4
  atom 4: -1.23824 8.59966 3.14850 type=3
ML HG_ev = -0.286290 eV
[CLIENT] POSDATA natoms=1191 config_type=101 n_mol=1
  atom 0: -0.25953 0.54720 3.74015 type=4
  atom 1: 5.03161 9.14630 4.79126 type=4
  atom 2: 7.10247 5.39395 0.52556 type=4
  atom 3: -2.33038 4.29955 8.00585 type=4
  atom 4: -1.23824 8.59966 3.14850 type=3
ML HG_ev = 1.199219 eV
[CLIENT] POSDATA natoms=1191 config_type=101 n_mol=1
  atom 0: -0.25953 0.54720 3.74015 type=4
  atom 1: 5.03161 9.14630 4.79126 type=4
  atom 2: 7.10247 5.39395 0.52556 type=4
  atom 3: -2.33038 4.29955 8.00585 type=4
  atom 4: -1.23824 8.59966 3.14850 type=3
ML HG_ev = -0.298382 eV
[CLIENT] POSDATA natoms=1191 config_type=101 n_mol=1
  atom 0: -0.25953 0.54720 3.74015 type=4
  atom 1: 5.03161 9.14630 4.79126 type=4
  atom 2: 7.10247 5.39395 0.52556 type=4
  atom 3: -2.33038 4.29955 8.00585 type=4
  atom 4: -1.23824 8.59966 3.14850 type=3
ML HG_ev = -0.286716 eV
[CLIENT] POSDATA natoms=1191 config_type=101 n_mol=1
  atom 0: -0.25953 0.54720 3.74015 type=4
  atom 1: 5.03161 9.14630 4.79126 type=4
  atom 2: 7.10247 5.39395 0.52556 type=4
  atom 3: -2.33038 4.29955 8.00585 type=4
  atom 4: -1.23824 8.59966 3.14850 type=3
ML HG_ev = -0.298129 eV
[CLIENT] POSDATA natoms=1191 config_type=101 n_mol=1
  atom 0: -0.25953 0.54720 3.74015 type=4
  atom 1: 5.03161 9.14630 4.79126 type=4
  atom 2: 7.10247 5.39395 0.52556 type=4
  atom 3: -2.33038 4.29955 8.00585 type=4
  atom 4: -1.23824 8.59966 3.14850 type=3
ML HG_ev = -0.299246 eV
[CLIENT] POSDATA natoms=1191 config_type=101 n_mol=1
  atom 0: -0.25953 0.54720 3.74015 type=4
  atom 1: 5.03161 9.14630 4.79126 type=4
  atom 2: 7.10247 5.39395 0.52556 type=4
  atom 3: -2.33038 4.29955 8.00585 type=4
  atom 4: -1.23824 8.59966 3.14850 type=3
ML HG_ev = -0.298026 eV
[CLIENT] POSDATA natoms=1191 config_type=101 n_mol=1
  atom 0: -0.25953 0.54720 3.74015 type=4
  atom 1: 5.03161 9.14630 4.79126 type=4
  atom 2: 7.10247 5.39395 0.52556 type=4
  atom 3: -2.33038 4.29955 8.00585 type=4
  atom 4: -1.23824 8.59966 3.14850 type=3
ML HG_ev = -0.359083 eV
[CLIENT] POSDATA natoms=1191 config_type=101 n_mol=1
  atom 0: -0.25953 0.54720 3.74015 type=4
  atom 1: 5.03161 9.14630 4.79126 type=4
  atom 2: 7.10247 5.39395 0.52556 type=4
  atom 3: -2.33038 4.29955 8.00585 type=4
  atom 4: -1.23824 8.59966 3.14850 type=3
ML HG_ev = -0.297977 eV
[CLIENT] POSDATA natoms=1191 config_type=101 n_mol=1
  atom 0: -0.25953 0.54720 3.74015 type=4
  atom 1: 5.03161 9.14630 4.79126 type=4
  atom 2: 7.10247 5.39395 0.52556 type=4
  atom 3: -2.33038 4.29955 8.00585 type=4
  atom 4: -1.23824 8.59966 3.14850 type=3
ML HG_ev = -0.359413 eV
[CLIENT] POSDATA natoms=1191 config_type=101 n_mol=1
  atom 0: -0.25953 0.54720 3.74015 type=4
  atom 1: 5.03161 9.14630 4.79126 type=4
  atom 2: 7.10247 5.39395 0.52556 type=4
  atom 3: -2.33038 4.29955 8.00585 type=4
  atom 4: -1.23824 8.59966 3.14850 type=3
ML HG_ev = 1.599922 eV
[CLIENT] POSDATA natoms=1191 config_type=101 n_mol=1
  atom 0: -0.25953 0.54720 3.74015 type=4
  atom 1: 5.03161 9.14630 4.79126 type=4
  atom 2: 7.10247 5.39395 0.52556 type=4
  atom 3: -2.33038 4.29955 8.00585 type=4
  atom 4: -1.23824 8.59966 3.14850 type=3
ML HG_ev = -0.359565 eV
[CLIENT] POSDATA natoms=1191 config_type=101 n_mol=1
  atom 0: -0.25953 0.54720 3.74015 type=4
  atom 1: 5.03161 9.14630 4.79126 type=4
  atom 2: 7.10247 5.39395 0.52556 type=4
  atom 3: -2.33038 4.29955 8.00585 type=4
  atom 4: -1.23824 8.59966 3.14850 type=3
ML HG_ev = 0.854782 eV
[CLIENT] POSDATA natoms=1191 config_type=101 n_mol=1
  atom 0: -0.25953 0.54720 3.74015 type=4
  atom 1: 5.03161 9.14630 4.79126 type=4
  atom 2: 7.10247 5.39395 0.52556 type=4
  atom 3: -2.33038 4.29955 8.00585 type=4
  atom 4: -1.23824 8.59966 3.14850 type=3
ML HG_ev = -0.359879 eV
[CLIENT] POSDATA natoms=1191 config_type=101 n_mol=1
  atom 0: -0.25953 0.54720 3.74015 type=4
  atom 1: 5.03161 9.14630 4.79126 type=4
  atom 2: 7.10247 5.39395 0.52556 type=4
  atom 3: -2.33038 4.29955 8.00585 type=4
  atom 4: -1.23824 8.59966 3.14850 type=3
ML HG_ev = -0.266207 eV
[CLIENT] POSDATA natoms=1191 config_type=101 n_mol=1
  atom 0: -0.25953 0.54720 3.74015 type=4
  atom 1: 5.03161 9.14630 4.79126 type=4
  atom 2: 7.10247 5.39395 0.52556 type=4
  atom 3: -2.33038 4.29955 8.00585 type=4
  atom 4: -1.23824 8.59966 3.14850 type=3
ML HG_ev = -0.359017 eV
[CLIENT] POSDATA natoms=1191 config_type=101 n_mol=1
  atom 0: -0.25953 0.54720 3.74015 type=4
  atom 1: 5.03161 9.14630 4.79126 type=4
  atom 2: 7.10247 5.39395 0.52556 type=4
  atom 3: -2.33038 4.29955 8.00585 type=4
  atom 4: -1.23824 8.59966 3.14850 type=3
ML HG_ev = 0.283227 eV
[CLIENT] POSDATA natoms=1191 config_type=101 n_mol=1
  atom 0: -0.25953 0.54720 3.74015 type=4
  atom 1: 5.03161 9.14630 4.79126 type=4
  atom 2: 7.10247 5.39395 0.52556 type=4
  atom 3: -2.33038 4.29955 8.00585 type=4
  atom 4: -1.23824 8.59966 3.14850 type=3
ML HG_ev = -0.359099 eV
[CLIENT] POSDATA natoms=1191 config_type=101 n_mol=1
  atom 0: -0.25953 0.54720 3.74015 type=4
  atom 1: 5.03161 9.14630 4.79126 type=4
  atom 2: 7.10247 5.39395 0.52556 type=4
  atom 3: -2.33038 4.29955 8.00585 type=4
  atom 4: -1.23824 8.59966 3.14850 type=3
ML HG_ev = -0.318915 eV
[CLIENT] POSDATA natoms=1191 config_type=101 n_mol=1
  atom 0: -0.25953 0.54720 3.74015 type=4
  atom 1: 5.03161 9.14630 4.79126 type=4
  atom 2: 7.10247 5.39395 0.52556 type=4
  atom 3: -2.33038 4.29955 8.00585 type=4
  atom 4: -1.23824 8.59966 3.14850 type=3
ML HG_ev = -0.359482 eV
[CLIENT] POSDATA natoms=1191 config_type=101 n_mol=1
  atom 0: -0.25953 0.54720 3.74015 type=4
  atom 1: 5.03161 9.14630 4.79126 type=4
  atom 2: 7.10247 5.39395 0.52556 type=4
  atom 3: -2.33038 4.29955 8.00585 type=4
  atom 4: -1.23824 8.59966 3.14850 type=3
ML HG_ev = 0.190602 eV
[CLIENT] POSDATA natoms=1191 config_type=101 n_mol=1
  atom 0: -0.25953 0.54720 3.74015 type=4
  atom 1: 5.03161 9.14630 4.79126 type=4
  atom 2: 7.10247 5.39395 0.52556 type=4
  atom 3: -2.33038 4.29955 8.00585 type=4
  atom 4: -1.23824 8.59966 3.14850 type=3
INITIALIZATION Cycle: 400, 1 Adsorbate Molecules, Total Energy: -3459.43167  ||  Component 0 [calf20_ddec_super.cif], 1 Molecules  ||  Component 1 [CO2], 1 Molecules  ||  
ML HG_ev = -0.358617 eV
[CLIENT] POSDATA natoms=1191 config_type=101 n_mol=1
  atom 0: -0.25953 0.54720 3.74015 type=4
  atom 1: 5.03161 9.14630 4.79126 type=4
  atom 2: 7.10247 5.39395 0.52556 type=4
  atom 3: -2.33038 4.29955 8.00585 type=4
  atom 4: -1.23824 8.59966 3.14850 type=3
ML HG_ev = 0.107685 eV
[CLIENT] POSDATA natoms=1191 config_type=101 n_mol=1
  atom 0: -0.25953 0.54720 3.74015 type=4
  atom 1: 5.03161 9.14630 4.79126 type=4
  atom 2: 7.10247 5.39395 0.52556 type=4
  atom 3: -2.33038 4.29955 8.00585 type=4
  atom 4: -1.23824 8.59966 3.14850 type=3
ML HG_ev = -0.359500 eV
[CLIENT] POSDATA natoms=1191 config_type=101 n_mol=1
  atom 0: -0.25953 0.54720 3.74015 type=4
  atom 1: 5.03161 9.14630 4.79126 type=4
  atom 2: 7.10247 5.39395 0.52556 type=4
  atom 3: -2.33038 4.29955 8.00585 type=4
  atom 4: -1.23824 8.59966 3.14850 type=3
ML HG_ev = -0.358859 eV
[CLIENT] POSDATA natoms=1191 config_type=101 n_mol=1
  atom 0: -0.25953 0.54720 3.74015 type=4
  atom 1: 5.03161 9.14630 4.79126 type=4
  atom 2: 7.10247 5.39395 0.52556 type=4
  atom 3: -2.33038 4.29955 8.00585 type=4
  atom 4: -1.23824 8.59966 3.14850 type=3
ML HG_ev = -0.273190 eV
[CLIENT] POSDATA natoms=1191 config_type=101 n_mol=1
  atom 0: -0.25953 0.54720 3.74015 type=4
  atom 1: 5.03161 9.14630 4.79126 type=4
  atom 2: 7.10247 5.39395 0.52556 type=4
  atom 3: -2.33038 4.29955 8.00585 type=4
  atom 4: -1.23824 8.59966 3.14850 type=3
ML HG_ev = -0.358793 eV
[CLIENT] POSDATA natoms=1191 config_type=101 n_mol=1
  atom 0: -0.25953 0.54720 3.74015 type=4
  atom 1: 5.03161 9.14630 4.79126 type=4
  atom 2: 7.10247 5.39395 0.52556 type=4
  atom 3: -2.33038 4.29955 8.00585 type=4
  atom 4: -1.23824 8.59966 3.14850 type=3
ML HG_ev = -0.359006 eV
[CLIENT] POSDATA natoms=1191 config_type=101 n_mol=1
  atom 0: -0.25953 0.54720 3.74015 type=4
  atom 1: 5.03161 9.14630 4.79126 type=4
  atom 2: 7.10247 5.39395 0.52556 type=4
  atom 3: -2.33038 4.29955 8.00585 type=4
  atom 4: -1.23824 8.59966 3.14850 type=3
ML HG_ev = -0.355260 eV
[CLIENT] POSDATA natoms=1191 config_type=101 n_mol=1
  atom 0: -0.25953 0.54720 3.74015 type=4
  atom 1: 5.03161 9.14630 4.79126 type=4
  atom 2: 7.10247 5.39395 0.52556 type=4
  atom 3: -2.33038 4.29955 8.00585 type=4
  atom 4: -1.23824 8.59966 3.14850 type=3
ML HG_ev = -0.359582 eV
[CLIENT] POSDATA natoms=1191 config_type=101 n_mol=1
  atom 0: -0.25953 0.54720 3.74015 type=4
  atom 1: 5.03161 9.14630 4.79126 type=4
  atom 2: 7.10247 5.39395 0.52556 type=4
  atom 3: -2.33038 4.29955 8.00585 type=4
  atom 4: -1.23824 8.59966 3.14850 type=3
ML HG_ev = -0.356036 eV
[CLIENT] POSDATA natoms=1191 config_type=101 n_mol=1
  atom 0: -0.25953 0.54720 3.74015 type=4
  atom 1: 5.03161 9.14630 4.79126 type=4
  atom 2: 7.10247 5.39395 0.52556 type=4
  atom 3: -2.33038 4.29955 8.00585 type=4
  atom 4: -1.23824 8.59966 3.14850 type=3
ML HG_ev = -0.351710 eV
[CLIENT] POSDATA natoms=1191 config_type=101 n_mol=1
  atom 0: -0.25953 0.54720 3.74015 type=4
  atom 1: 5.03161 9.14630 4.79126 type=4
  atom 2: 7.10247 5.39395 0.52556 type=4
  atom 3: -2.33038 4.29955 8.00585 type=4
  atom 4: -1.23824 8.59966 3.14850 type=3
ML HG_ev = -0.355289 eV
[CLIENT] POSDATA natoms=1191 config_type=101 n_mol=1
  atom 0: -0.25953 0.54720 3.74015 type=4
  atom 1: 5.03161 9.14630 4.79126 type=4
  atom 2: 7.10247 5.39395 0.52556 type=4
  atom 3: -2.33038 4.29955 8.00585 type=4
  atom 4: -1.23824 8.59966 3.14850 type=3
ML HG_ev = -0.223609 eV
[CLIENT] POSDATA natoms=1191 config_type=101 n_mol=1
  atom 0: -0.25953 0.54720 3.74015 type=4
  atom 1: 5.03161 9.14630 4.79126 type=4
  atom 2: 7.10247 5.39395 0.52556 type=4
  atom 3: -2.33038 4.29955 8.00585 type=4
  atom 4: -1.23824 8.59966 3.14850 type=3
ML HG_ev = -0.355697 eV
[CLIENT] POSDATA natoms=1191 config_type=101 n_mol=1
  atom 0: -0.25953 0.54720 3.74015 type=4
  atom 1: 5.03161 9.14630 4.79126 type=4
  atom 2: 7.10247 5.39395 0.52556 type=4
  atom 3: -2.33038 4.29955 8.00585 type=4
  atom 4: -1.23824 8.59966 3.14850 type=3
ML HG_ev = -0.261148 eV
[CLIENT] POSDATA natoms=1191 config_type=101 n_mol=1
  atom 0: -0.25953 0.54720 3.74015 type=4
  atom 1: 5.03161 9.14630 4.79126 type=4
  atom 2: 7.10247 5.39395 0.52556 type=4
  atom 3: -2.33038 4.29955 8.00585 type=4
  atom 4: -1.23824 8.59966 3.14850 type=3
ML HG_ev = -0.355859 eV
[CLIENT] POSDATA natoms=1191 config_type=101 n_mol=1
  atom 0: -0.25953 0.54720 3.74015 type=4
  atom 1: 5.03161 9.14630 4.79126 type=4
  atom 2: 7.10247 5.39395 0.52556 type=4
  atom 3: -2.33038 4.29955 8.00585 type=4
  atom 4: -1.23824 8.59966 3.14850 type=3
ML HG_ev = -0.254593 eV
[CLIENT] POSDATA natoms=1191 config_type=101 n_mol=1
  atom 0: -0.25953 0.54720 3.74015 type=4
  atom 1: 5.03161 9.14630 4.79126 type=4
  atom 2: 7.10247 5.39395 0.52556 type=4
  atom 3: -2.33038 4.29955 8.00585 type=4
  atom 4: -1.23824 8.59966 3.14850 type=3
ML HG_ev = -0.355632 eV
[CLIENT] POSDATA natoms=1191 config_type=101 n_mol=1
  atom 0: -0.25953 0.54720 3.74015 type=4
  atom 1: 5.03161 9.14630 4.79126 type=4
  atom 2: 7.10247 5.39395 0.52556 type=4
  atom 3: -2.33038 4.29955 8.00585 type=4
  atom 4: -1.23824 8.59966 3.14850 type=3
ML HG_ev = -0.355098 eV
[CLIENT] POSDATA natoms=1191 config_type=101 n_mol=1
  atom 0: -0.25953 0.54720 3.74015 type=4
  atom 1: 5.03161 9.14630 4.79126 type=4
  atom 2: 7.10247 5.39395 0.52556 type=4
  atom 3: -2.33038 4.29955 8.00585 type=4
  atom 4: -1.23824 8.59966 3.14850 type=3
ML HG_ev = -0.075675 eV
[CLIENT] POSDATA natoms=1191 config_type=101 n_mol=1
  atom 0: -0.25953 0.54720 3.74015 type=4
  atom 1: 5.03161 9.14630 4.79126 type=4
  atom 2: 7.10247 5.39395 0.52556 type=4
  atom 3: -2.33038 4.29955 8.00585 type=4
  atom 4: -1.23824 8.59966 3.14850 type=3
ML HG_ev = -0.354915 eV
[CLIENT] POSDATA natoms=1191 config_type=101 n_mol=1
  atom 0: -0.25953 0.54720 3.74015 type=4
  atom 1: 5.03161 9.14630 4.79126 type=4
  atom 2: 7.10247 5.39395 0.52556 type=4
  atom 3: -2.33038 4.29955 8.00585 type=4
  atom 4: -1.23824 8.59966 3.14850 type=3
ML HG_ev = -0.094903 eV
[CLIENT] POSDATA natoms=1191 config_type=101 n_mol=1
  atom 0: -0.25953 0.54720 3.74015 type=4
  atom 1: 5.03161 9.14630 4.79126 type=4
  atom 2: 7.10247 5.39395 0.52556 type=4
  atom 3: -2.33038 4.29955 8.00585 type=4
  atom 4: -1.23824 8.59966 3.14850 type=3
ML HG_ev = -0.355540 eV
[CLIENT] POSDATA natoms=1191 config_type=101 n_mol=1
  atom 0: -0.25953 0.54720 3.74015 type=4
  atom 1: 5.03161 9.14630 4.79126 type=4
  atom 2: 7.10247 5.39395 0.52556 type=4
  atom 3: -2.33038 4.29955 8.00585 type=4
  atom 4: -1.23824 8.59966 3.14850 type=3
ML HG_ev = -0.333590 eV
[CLIENT] POSDATA natoms=1191 config_type=101 n_mol=1
  atom 0: -0.25953 0.54720 3.74015 type=4
  atom 1: 5.03161 9.14630 4.79126 type=4
  atom 2: 7.10247 5.39395 0.52556 type=4
  atom 3: -2.33038 4.29955 8.00585 type=4
  atom 4: -1.23824 8.59966 3.14850 type=3
ML HG_ev = -0.356146 eV
[CLIENT] POSDATA natoms=1191 config_type=101 n_mol=1
  atom 0: -0.25953 0.54720 3.74015 type=4
  atom 1: 5.03161 9.14630 4.79126 type=4
  atom 2: 7.10247 5.39395 0.52556 type=4
  atom 3: -2.33038 4.29955 8.00585 type=4
  atom 4: -1.23824 8.59966 3.14850 type=3
ML HG_ev = 1.107310 eV
[CLIENT] POSDATA natoms=1191 config_type=101 n_mol=1
  atom 0: -0.25953 0.54720 3.74015 type=4
  atom 1: 5.03161 9.14630 4.79126 type=4
  atom 2: 7.10247 5.39395 0.52556 type=4
  atom 3: -2.33038 4.29955 8.00585 type=4
  atom 4: -1.23824 8.59966 3.14850 type=3
ML HG_ev = -0.355094 eV
[CLIENT] POSDATA natoms=1191 config_type=101 n_mol=1
  atom 0: -0.25953 0.54720 3.74015 type=4
  atom 1: 5.03161 9.14630 4.79126 type=4
  atom 2: 7.10247 5.39395 0.52556 type=4
  atom 3: -2.33038 4.29955 8.00585 type=4
  atom 4: -1.23824 8.59966 3.14850 type=3
ML HG_ev = -0.360819 eV
[CLIENT] POSDATA natoms=1191 config_type=101 n_mol=1
  atom 0: -0.25953 0.54720 3.74015 type=4
  atom 1: 5.03161 9.14630 4.79126 type=4
  atom 2: 7.10247 5.39395 0.52556 type=4
  atom 3: -2.33038 4.29955 8.00585 type=4
  atom 4: -1.23824 8.59966 3.14850 type=3
ML HG_ev = -0.355741 eV
[CLIENT] POSDATA natoms=1191 config_type=101 n_mol=1
  atom 0: -0.25953 0.54720 3.74015 type=4
  atom 1: 5.03161 9.14630 4.79126 type=4
  atom 2: 7.10247 5.39395 0.52556 type=4
  atom 3: -2.33038 4.29955 8.00585 type=4
  atom 4: -1.23824 8.59966 3.14850 type=3
ML HG_ev = -0.022398 eV
[CLIENT] POSDATA natoms=1191 config_type=101 n_mol=1
  atom 0: -0.25953 0.54720 3.74015 type=4
  atom 1: 5.03161 9.14630 4.79126 type=4
  atom 2: 7.10247 5.39395 0.52556 type=4
  atom 3: -2.33038 4.29955 8.00585 type=4
  atom 4: -1.23824 8.59966 3.14850 type=3
ML HG_ev = -0.362077 eV
[CLIENT] POSDATA natoms=1191 config_type=101 n_mol=1
  atom 0: -0.25953 0.54720 3.74015 type=4
  atom 1: 5.03161 9.14630 4.79126 type=4
  atom 2: 7.10247 5.39395 0.52556 type=4
  atom 3: -2.33038 4.29955 8.00585 type=4
  atom 4: -1.23824 8.59966 3.14850 type=3
ML HG_ev = 1.656375 eV
[CLIENT] POSDATA natoms=1191 config_type=101 n_mol=1
  atom 0: -0.25953 0.54720 3.74015 type=4
  atom 1: 5.03161 9.14630 4.79126 type=4
  atom 2: 7.10247 5.39395 0.52556 type=4
  atom 3: -2.33038 4.29955 8.00585 type=4
  atom 4: -1.23824 8.59966 3.14850 type=3
ML HG_ev = -0.361394 eV
[CLIENT] POSDATA natoms=1191 config_type=101 n_mol=1
  atom 0: -0.25953 0.54720 3.74015 type=4
  atom 1: 5.03161 9.14630 4.79126 type=4
  atom 2: 7.10247 5.39395 0.52556 type=4
  atom 3: -2.33038 4.29955 8.00585 type=4
  atom 4: -1.23824 8.59966 3.14850 type=3
ML HG_ev = -0.366411 eV
[CLIENT] POSDATA natoms=1191 config_type=101 n_mol=1
  atom 0: -0.25953 0.54720 3.74015 type=4
  atom 1: 5.03161 9.14630 4.79126 type=4
  atom 2: 7.10247 5.39395 0.52556 type=4
  atom 3: -2.33038 4.29955 8.00585 type=4
  atom 4: -1.23824 8.59966 3.14850 type=3
ML HG_ev = -0.361493 eV
[CLIENT] POSDATA natoms=1191 config_type=101 n_mol=1
  atom 0: -0.25953 0.54720 3.74015 type=4
  atom 1: 5.03161 9.14630 4.79126 type=4
  atom 2: 7.10247 5.39395 0.52556 type=4
  atom 3: -2.33038 4.29955 8.00585 type=4
  atom 4: -1.23824 8.59966 3.14850 type=3
ML HG_ev = 0.459878 eV
[CLIENT] POSDATA natoms=1191 config_type=101 n_mol=1
  atom 0: -0.25953 0.54720 3.74015 type=4
  atom 1: 5.03161 9.14630 4.79126 type=4
  atom 2: 7.10247 5.39395 0.52556 type=4
  atom 3: -2.33038 4.29955 8.00585 type=4
  atom 4: -1.23824 8.59966 3.14850 type=3
ML HG_ev = -0.366951 eV
[CLIENT] POSDATA natoms=1191 config_type=101 n_mol=1
  atom 0: -0.25953 0.54720 3.74015 type=4
  atom 1: 5.03161 9.14630 4.79126 type=4
  atom 2: 7.10247 5.39395 0.52556 type=4
  atom 3: -2.33038 4.29955 8.00585 type=4
  atom 4: -1.23824 8.59966 3.14850 type=3
ML HG_ev = -0.308515 eV
[CLIENT] POSDATA natoms=1191 config_type=101 n_mol=1
  atom 0: -0.25953 0.54720 3.74015 type=4
  atom 1: 5.03161 9.14630 4.79126 type=4
  atom 2: 7.10247 5.39395 0.52556 type=4
  atom 3: -2.33038 4.29955 8.00585 type=4
  atom 4: -1.23824 8.59966 3.14850 type=3
ML HG_ev = -0.367687 eV
[CLIENT] POSDATA natoms=1191 config_type=101 n_mol=1
  atom 0: -0.25953 0.54720 3.74015 type=4
  atom 1: 5.03161 9.14630 4.79126 type=4
  atom 2: 7.10247 5.39395 0.52556 type=4
  atom 3: -2.33038 4.29955 8.00585 type=4
  atom 4: -1.23824 8.59966 3.14850 type=3
ML HG_ev = 1.581572 eV
[CLIENT] POSDATA natoms=1191 config_type=101 n_mol=1
  atom 0: -0.25953 0.54720 3.74015 type=4
  atom 1: 5.03161 9.14630 4.79126 type=4
  atom 2: 7.10247 5.39395 0.52556 type=4
  atom 3: -2.33038 4.29955 8.00585 type=4
  atom 4: -1.23824 8.59966 3.14850 type=3
ML HG_ev = -0.366609 eV
[CLIENT] POSDATA natoms=1191 config_type=101 n_mol=1
  atom 0: -0.25953 0.54720 3.74015 type=4
  atom 1: 5.03161 9.14630 4.79126 type=4
  atom 2: 7.10247 5.39395 0.52556 type=4
  atom 3: -2.33038 4.29955 8.00585 type=4
  atom 4: -1.23824 8.59966 3.14850 type=3
ML HG_ev = -0.353451 eV
[CLIENT] POSDATA natoms=1191 config_type=101 n_mol=1
  atom 0: -0.25953 0.54720 3.74015 type=4
  atom 1: 5.03161 9.14630 4.79126 type=4
  atom 2: 7.10247 5.39395 0.52556 type=4
  atom 3: -2.33038 4.29955 8.00585 type=4
  atom 4: -1.23824 8.59966 3.14850 type=3
ML HG_ev = -0.367061 eV
[CLIENT] POSDATA natoms=1191 config_type=101 n_mol=1
  atom 0: -0.25953 0.54720 3.74015 type=4
  atom 1: 5.03161 9.14630 4.79126 type=4
  atom 2: 7.10247 5.39395 0.52556 type=4
  atom 3: -2.33038 4.29955 8.00585 type=4
  atom 4: -1.23824 8.59966 3.14850 type=3
ML HG_ev = 0.319227 eV
[CLIENT] POSDATA natoms=1191 config_type=101 n_mol=1
  atom 0: -0.25953 0.54720 3.74015 type=4
  atom 1: 5.03161 9.14630 4.79126 type=4
  atom 2: 7.10247 5.39395 0.52556 type=4
  atom 3: -2.33038 4.29955 8.00585 type=4
  atom 4: -1.23824 8.59966 3.14850 type=3
ML HG_ev = -0.352247 eV
[CLIENT] POSDATA natoms=1191 config_type=101 n_mol=1
  atom 0: -0.25953 0.54720 3.74015 type=4
  atom 1: 5.03161 9.14630 4.79126 type=4
  atom 2: 7.10247 5.39395 0.52556 type=4
  atom 3: -2.33038 4.29955 8.00585 type=4
  atom 4: -1.23824 8.59966 3.14850 type=3
ML HG_ev = -0.253362 eV
[CLIENT] POSDATA natoms=1191 config_type=101 n_mol=1
  atom 0: -0.25953 0.54720 3.74015 type=4
  atom 1: 5.03161 9.14630 4.79126 type=4
  atom 2: 7.10247 5.39395 0.52556 type=4
  atom 3: -2.33038 4.29955 8.00585 type=4
  atom 4: -1.23824 8.59966 3.14850 type=3
ML HG_ev = -0.352431 eV
[CLIENT] POSDATA natoms=1191 config_type=101 n_mol=1
  atom 0: -0.25953 0.54720 3.74015 type=4
  atom 1: 5.03161 9.14630 4.79126 type=4
  atom 2: 7.10247 5.39395 0.52556 type=4
  atom 3: -2.33038 4.29955 8.00585 type=4
  atom 4: -1.23824 8.59966 3.14850 type=3
ML HG_ev = 0.444404 eV
[CLIENT] POSDATA natoms=1191 config_type=101 n_mol=1
  atom 0: -0.25953 0.54720 3.74015 type=4
  atom 1: 5.03161 9.14630 4.79126 type=4
  atom 2: 7.10247 5.39395 0.52556 type=4
  atom 3: -2.33038 4.29955 8.00585 type=4
  atom 4: -1.23824 8.59966 3.14850 type=3
ML HG_ev = -0.352107 eV
[CLIENT] POSDATA natoms=1191 config_type=101 n_mol=1
  atom 0: -0.25953 0.54720 3.74015 type=4
  atom 1: 5.03161 9.14630 4.79126 type=4
  atom 2: 7.10247 5.39395 0.52556 type=4
  atom 3: -2.33038 4.29955 8.00585 type=4
  atom 4: -1.23824 8.59966 3.14850 type=3
ML HG_ev = 1.420952 eV
[CLIENT] POSDATA natoms=1191 config_type=101 n_mol=1
  atom 0: -0.25953 0.54720 3.74015 type=4
  atom 1: 5.03161 9.14630 4.79126 type=4
  atom 2: 7.10247 5.39395 0.52556 type=4
  atom 3: -2.33038 4.29955 8.00585 type=4
  atom 4: -1.23824 8.59966 3.14850 type=3
ML HG_ev = -0.334527 eV
[CLIENT] POSDATA natoms=1191 config_type=101 n_mol=1
  atom 0: -0.25953 0.54720 3.74015 type=4
  atom 1: 5.03161 9.14630 4.79126 type=4
  atom 2: 7.10247 5.39395 0.52556 type=4
  atom 3: -2.33038 4.29955 8.00585 type=4
  atom 4: -1.23824 8.59966 3.14850 type=3
ML HG_ev = -0.353536 eV
[CLIENT] POSDATA natoms=1191 config_type=101 n_mol=1
  atom 0: -0.25953 0.54720 3.74015 type=4
  atom 1: 5.03161 9.14630 4.79126 type=4
  atom 2: 7.10247 5.39395 0.52556 type=4
  atom 3: -2.33038 4.29955 8.00585 type=4
  atom 4: -1.23824 8.59966 3.14850 type=3
ML HG_ev = -0.346800 eV
[CLIENT] POSDATA natoms=1191 config_type=101 n_mol=1
  atom 0: -0.25953 0.54720 3.74015 type=4
  atom 1: 5.03161 9.14630 4.79126 type=4
  atom 2: 7.10247 5.39395 0.52556 type=4
  atom 3: -2.33038 4.29955 8.00585 type=4
  atom 4: -1.23824 8.59966 3.14850 type=3
ML HG_ev = -0.334243 eV
[CLIENT] POSDATA natoms=1191 config_type=101 n_mol=1
  atom 0: -0.25953 0.54720 3.74015 type=4
  atom 1: 5.03161 9.14630 4.79126 type=4
  atom 2: 7.10247 5.39395 0.52556 type=4
  atom 3: -2.33038 4.29955 8.00585 type=4
  atom 4: -1.23824 8.59966 3.14850 type=3
ML HG_ev = -0.315921 eV
[CLIENT] POSDATA natoms=1191 config_type=101 n_mol=1
  atom 0: -0.25953 0.54720 3.74015 type=4
  atom 1: 5.03161 9.14630 4.79126 type=4
  atom 2: 7.10247 5.39395 0.52556 type=4
  atom 3: -2.33038 4.29955 8.00585 type=4
  atom 4: -1.23824 8.59966 3.14850 type=3
ML HG_ev = -0.347472 eV
[CLIENT] POSDATA natoms=1191 config_type=101 n_mol=1
  atom 0: -0.25953 0.54720 3.74015 type=4
  atom 1: 5.03161 9.14630 4.79126 type=4
  atom 2: 7.10247 5.39395 0.52556 type=4
  atom 3: -2.33038 4.29955 8.00585 type=4
  atom 4: -1.23824 8.59966 3.14850 type=3
ML HG_ev = -0.277648 eV
[CLIENT] POSDATA natoms=1191 config_type=101 n_mol=1
  atom 0: -0.25953 0.54720 3.74015 type=4
  atom 1: 5.03161 9.14630 4.79126 type=4
  atom 2: 7.10247 5.39395 0.52556 type=4
  atom 3: -2.33038 4.29955 8.00585 type=4
  atom 4: -1.23824 8.59966 3.14850 type=3
ML HG_ev = -0.347366 eV
[CLIENT] POSDATA natoms=1191 config_type=101 n_mol=1
  atom 0: -0.25953 0.54720 3.74015 type=4
  atom 1: 5.03161 9.14630 4.79126 type=4
  atom 2: 7.10247 5.39395 0.52556 type=4
  atom 3: -2.33038 4.29955 8.00585 type=4
  atom 4: -1.23824 8.59966 3.14850 type=3
ML HG_ev = 2.243488 eV
[CLIENT] POSDATA natoms=1191 config_type=101 n_mol=1
  atom 0: -0.25953 0.54720 3.74015 type=4
  atom 1: 5.03161 9.14630 4.79126 type=4
  atom 2: 7.10247 5.39395 0.52556 type=4
  atom 3: -2.33038 4.29955 8.00585 type=4
  atom 4: -1.23824 8.59966 3.14850 type=3
ML HG_ev = -0.346752 eV
[CLIENT] POSDATA natoms=1191 config_type=101 n_mol=1
  atom 0: -0.25953 0.54720 3.74015 type=4
  atom 1: 5.03161 9.14630 4.79126 type=4
  atom 2: 7.10247 5.39395 0.52556 type=4
  atom 3: -2.33038 4.29955 8.00585 type=4
  atom 4: -1.23824 8.59966 3.14850 type=3
ML HG_ev = -0.294508 eV
[CLIENT] POSDATA natoms=1191 config_type=101 n_mol=1
  atom 0: -0.25953 0.54720 3.74015 type=4
  atom 1: 5.03161 9.14630 4.79126 type=4
  atom 2: 7.10247 5.39395 0.52556 type=4
  atom 3: -2.33038 4.29955 8.00585 type=4
  atom 4: -1.23824 8.59966 3.14850 type=3
ML HG_ev = -0.346353 eV
[CLIENT] POSDATA natoms=1191 config_type=101 n_mol=1
  atom 0: -0.25953 0.54720 3.74015 type=4
  atom 1: 5.03161 9.14630 4.79126 type=4
  atom 2: 7.10247 5.39395 0.52556 type=4
  atom 3: -2.33038 4.29955 8.00585 type=4
  atom 4: -1.23824 8.59966 3.14850 type=3
ML HG_ev = -0.347059 eV
[CLIENT] POSDATA natoms=1191 config_type=101 n_mol=1
  atom 0: -0.25953 0.54720 3.74015 type=4
  atom 1: 5.03161 9.14630 4.79126 type=4
  atom 2: 7.10247 5.39395 0.52556 type=4
  atom 3: -2.33038 4.29955 8.00585 type=4
  atom 4: -1.23824 8.59966 3.14850 type=3
ML HG_ev = -0.228486 eV
[CLIENT] POSDATA natoms=1191 config_type=101 n_mol=1
  atom 0: -0.25953 0.54720 3.74015 type=4
  atom 1: 5.03161 9.14630 4.79126 type=4
  atom 2: 7.10247 5.39395 0.52556 type=4
  atom 3: -2.33038 4.29955 8.00585 type=4
  atom 4: -1.23824 8.59966 3.14850 type=3
ML HG_ev = -0.346634 eV
[CLIENT] POSDATA natoms=1191 config_type=101 n_mol=1
  atom 0: -0.25953 0.54720 3.74015 type=4
  atom 1: 5.03161 9.14630 4.79126 type=4
  atom 2: 7.10247 5.39395 0.52556 type=4
  atom 3: -2.33038 4.29955 8.00585 type=4
  atom 4: -1.23824 8.59966 3.14850 type=3
ML HG_ev = -0.343859 eV
[CLIENT] POSDATA natoms=1191 config_type=101 n_mol=1
  atom 0: -0.25953 0.54720 3.74015 type=4
  atom 1: 5.03161 9.14630 4.79126 type=4
  atom 2: 7.10247 5.39395 0.52556 type=4
  atom 3: -2.33038 4.29955 8.00585 type=4
  atom 4: -1.23824 8.59966 3.14850 type=3
ML HG_ev = -0.347620 eV
[CLIENT] POSDATA natoms=1191 config_type=101 n_mol=1
  atom 0: -0.25953 0.54720 3.74015 type=4
  atom 1: 5.03161 9.14630 4.79126 type=4
  atom 2: 7.10247 5.39395 0.52556 type=4
  atom 3: -2.33038 4.29955 8.00585 type=4
  atom 4: -1.23824 8.59966 3.14850 type=3
ML HG_ev = 1.438507 eV
[CLIENT] POSDATA natoms=1191 config_type=101 n_mol=1
  atom 0: -0.25953 0.54720 3.74015 type=4
  atom 1: 5.03161 9.14630 4.79126 type=4
  atom 2: 7.10247 5.39395 0.52556 type=4
  atom 3: -2.33038 4.29955 8.00585 type=4
  atom 4: -1.23824 8.59966 3.14850 type=3
ML HG_ev = -0.347554 eV
[CLIENT] POSDATA natoms=1191 config_type=101 n_mol=1
  atom 0: -0.25953 0.54720 3.74015 type=4
  atom 1: 5.03161 9.14630 4.79126 type=4
  atom 2: 7.10247 5.39395 0.52556 type=4
  atom 3: -2.33038 4.29955 8.00585 type=4
  atom 4: -1.23824 8.59966 3.14850 type=3
ML HG_ev = 3.747162 eV
[CLIENT] POSDATA natoms=1191 config_type=101 n_mol=1
  atom 0: -0.25953 0.54720 3.74015 type=4
  atom 1: 5.03161 9.14630 4.79126 type=4
  atom 2: 7.10247 5.39395 0.52556 type=4
  atom 3: -2.33038 4.29955 8.00585 type=4
  atom 4: -1.23824 8.59966 3.14850 type=3
ML HG_ev = -0.346638 eV
[CLIENT] POSDATA natoms=1191 config_type=101 n_mol=1
  atom 0: -0.25953 0.54720 3.74015 type=4
  atom 1: 5.03161 9.14630 4.79126 type=4
  atom 2: 7.10247 5.39395 0.52556 type=4
  atom 3: -2.33038 4.29955 8.00585 type=4
  atom 4: -1.23824 8.59966 3.14850 type=3
ML HG_ev = 1.496306 eV
[CLIENT] POSDATA natoms=1191 config_type=101 n_mol=1
  atom 0: -0.25953 0.54720 3.74015 type=4
  atom 1: 5.03161 9.14630 4.79126 type=4
  atom 2: 7.10247 5.39395 0.52556 type=4
  atom 3: -2.33038 4.29955 8.00585 type=4
  atom 4: -1.23824 8.59966 3.14850 type=3
ML HG_ev = -0.346390 eV
[CLIENT] POSDATA natoms=1191 config_type=101 n_mol=1
  atom 0: -0.25953 0.54720 3.74015 type=4
  atom 1: 5.03161 9.14630 4.79126 type=4
  atom 2: 7.10247 5.39395 0.52556 type=4
  atom 3: -2.33038 4.29955 8.00585 type=4
  atom 4: -1.23824 8.59966 3.14850 type=3
ML HG_ev = 0.795795 eV
[CLIENT] POSDATA natoms=1191 config_type=101 n_mol=1
  atom 0: -0.25953 0.54720 3.74015 type=4
  atom 1: 5.03161 9.14630 4.79126 type=4
  atom 2: 7.10247 5.39395 0.52556 type=4
  atom 3: -2.33038 4.29955 8.00585 type=4
  atom 4: -1.23824 8.59966 3.14850 type=3
ML HG_ev = -0.346508 eV
[CLIENT] POSDATA natoms=1191 config_type=101 n_mol=1
  atom 0: -0.25953 0.54720 3.74015 type=4
  atom 1: 5.03161 9.14630 4.79126 type=4
  atom 2: 7.10247 5.39395 0.52556 type=4
  atom 3: -2.33038 4.29955 8.00585 type=4
  atom 4: -1.23824 8.59966 3.14850 type=3
ML HG_ev = -0.074792 eV
[CLIENT] POSDATA natoms=1191 config_type=101 n_mol=1
  atom 0: -0.25953 0.54720 3.74015 type=4
  atom 1: 5.03161 9.14630 4.79126 type=4
  atom 2: 7.10247 5.39395 0.52556 type=4
  atom 3: -2.33038 4.29955 8.00585 type=4
  atom 4: -1.23824 8.59966 3.14850 type=3
ML HG_ev = -0.347046 eV
[CLIENT] POSDATA natoms=1191 config_type=101 n_mol=1
  atom 0: -0.25953 0.54720 3.74015 type=4
  atom 1: 5.03161 9.14630 4.79126 type=4
  atom 2: 7.10247 5.39395 0.52556 type=4
  atom 3: -2.33038 4.29955 8.00585 type=4
  atom 4: -1.23824 8.59966 3.14850 type=3
ML HG_ev = -0.346555 eV
[CLIENT] POSDATA natoms=1191 config_type=101 n_mol=1
  atom 0: -0.25953 0.54720 3.74015 type=4
  atom 1: 5.03161 9.14630 4.79126 type=4
  atom 2: 7.10247 5.39395 0.52556 type=4
  atom 3: -2.33038 4.29955 8.00585 type=4
  atom 4: -1.23824 8.59966 3.14850 type=3
ML HG_ev = -0.179414 eV
[CLIENT] POSDATA natoms=1191 config_type=101 n_mol=1
  atom 0: -0.25953 0.54720 3.74015 type=4
  atom 1: 5.03161 9.14630 4.79126 type=4
  atom 2: 7.10247 5.39395 0.52556 type=4
  atom 3: -2.33038 4.29955 8.00585 type=4
  atom 4: -1.23824 8.59966 3.14850 type=3
ML HG_ev = -0.346950 eV
[CLIENT] POSDATA natoms=1191 config_type=101 n_mol=1
  atom 0: -0.25953 0.54720 3.74015 type=4
  atom 1: 5.03161 9.14630 4.79126 type=4
  atom 2: 7.10247 5.39395 0.52556 type=4
  atom 3: -2.33038 4.29955 8.00585 type=4
  atom 4: -1.23824 8.59966 3.14850 type=3
ML HG_ev = -0.104534 eV
[CLIENT] POSDATA natoms=1191 config_type=101 n_mol=1
  atom 0: -0.25953 0.54720 3.74015 type=4
  atom 1: 5.03161 9.14630 4.79126 type=4
  atom 2: 7.10247 5.39395 0.52556 type=4
  atom 3: -2.33038 4.29955 8.00585 type=4
  atom 4: -1.23824 8.59966 3.14850 type=3
ML HG_ev = -0.347344 eV
[CLIENT] POSDATA natoms=1191 config_type=101 n_mol=1
  atom 0: -0.25953 0.54720 3.74015 type=4
  atom 1: 5.03161 9.14630 4.79126 type=4
  atom 2: 7.10247 5.39395 0.52556 type=4
  atom 3: -2.33038 4.29955 8.00585 type=4
  atom 4: -1.23824 8.59966 3.14850 type=3
ML HG_ev = 0.730689 eV
[CLIENT] POSDATA natoms=1191 config_type=101 n_mol=1
  atom 0: -0.25953 0.54720 3.74015 type=4
  atom 1: 5.03161 9.14630 4.79126 type=4
  atom 2: 7.10247 5.39395 0.52556 type=4
  atom 3: -2.33038 4.29955 8.00585 type=4
  atom 4: -1.23824 8.59966 3.14850 type=3
ML HG_ev = -0.347612 eV
[CLIENT] POSDATA natoms=1191 config_type=101 n_mol=1
  atom 0: -0.25953 0.54720 3.74015 type=4
  atom 1: 5.03161 9.14630 4.79126 type=4
  atom 2: 7.10247 5.39395 0.52556 type=4
  atom 3: -2.33038 4.29955 8.00585 type=4
  atom 4: -1.23824 8.59966 3.14850 type=3
ML HG_ev = -0.268879 eV
[CLIENT] POSDATA natoms=1191 config_type=101 n_mol=1
  atom 0: -0.25953 0.54720 3.74015 type=4
  atom 1: 5.03161 9.14630 4.79126 type=4
  atom 2: 7.10247 5.39395 0.52556 type=4
  atom 3: -2.33038 4.29955 8.00585 type=4
  atom 4: -1.23824 8.59966 3.14850 type=3
ML HG_ev = -0.347234 eV
[CLIENT] POSDATA natoms=1191 config_type=101 n_mol=1
  atom 0: -0.25953 0.54720 3.74015 type=4
  atom 1: 5.03161 9.14630 4.79126 type=4
  atom 2: 7.10247 5.39395 0.52556 type=4
  atom 3: -2.33038 4.29955 8.00585 type=4
  atom 4: -1.23824 8.59966 3.14850 type=3
ML HG_ev = -0.363609 eV
[CLIENT] POSDATA natoms=1191 config_type=101 n_mol=1
  atom 0: -0.25953 0.54720 3.74015 type=4
  atom 1: 5.03161 9.14630 4.79126 type=4
  atom 2: 7.10247 5.39395 0.52556 type=4
  atom 3: -2.33038 4.29955 8.00585 type=4
  atom 4: -1.23824 8.59966 3.14850 type=3
ML HG_ev = -0.346995 eV
[CLIENT] POSDATA natoms=1191 config_type=101 n_mol=1
  atom 0: -0.25953 0.54720 3.74015 type=4
  atom 1: 5.03161 9.14630 4.79126 type=4
  atom 2: 7.10247 5.39395 0.52556 type=4
  atom 3: -2.33038 4.29955 8.00585 type=4
  atom 4: -1.23824 8.59966 3.14850 type=3
ML HG_ev = 1.193459 eV
[CLIENT] POSDATA natoms=1191 config_type=101 n_mol=1
  atom 0: -0.25953 0.54720 3.74015 type=4
  atom 1: 5.03161 9.14630 4.79126 type=4
  atom 2: 7.10247 5.39395 0.52556 type=4
  atom 3: -2.33038 4.29955 8.00585 type=4
  atom 4: -1.23824 8.59966 3.14850 type=3
ML HG_ev = -0.363577 eV
[CLIENT] POSDATA natoms=1191 config_type=101 n_mol=1
  atom 0: -0.25953 0.54720 3.74015 type=4
  atom 1: 5.03161 9.14630 4.79126 type=4
  atom 2: 7.10247 5.39395 0.52556 type=4
  atom 3: -2.33038 4.29955 8.00585 type=4
  atom 4: -1.23824 8.59966 3.14850 type=3
ML HG_ev = -0.323095 eV
[CLIENT] POSDATA natoms=1191 config_type=101 n_mol=1
  atom 0: -0.25953 0.54720 3.74015 type=4
  atom 1: 5.03161 9.14630 4.79126 type=4
  atom 2: 7.10247 5.39395 0.52556 type=4
  atom 3: -2.33038 4.29955 8.00585 type=4
  atom 4: -1.23824 8.59966 3.14850 type=3
ML HG_ev = -0.363678 eV
[CLIENT] POSDATA natoms=1191 config_type=101 n_mol=1
  atom 0: -0.25953 0.54720 3.74015 type=4
  atom 1: 5.03161 9.14630 4.79126 type=4
  atom 2: 7.10247 5.39395 0.52556 type=4
  atom 3: -2.33038 4.29955 8.00585 type=4
  atom 4: -1.23824 8.59966 3.14850 type=3
ML HG_ev = -0.225977 eV
[CLIENT] POSDATA natoms=1191 config_type=101 n_mol=1
  atom 0: -0.25953 0.54720 3.74015 type=4
  atom 1: 5.03161 9.14630 4.79126 type=4
  atom 2: 7.10247 5.39395 0.52556 type=4
  atom 3: -2.33038 4.29955 8.00585 type=4
  atom 4: -1.23824 8.59966 3.14850 type=3
ML HG_ev = -0.364374 eV
[CLIENT] POSDATA natoms=1191 config_type=101 n_mol=1
  atom 0: -0.25953 0.54720 3.74015 type=4
  atom 1: 5.03161 9.14630 4.79126 type=4
  atom 2: 7.10247 5.39395 0.52556 type=4
  atom 3: -2.33038 4.29955 8.00585 type=4
  atom 4: -1.23824 8.59966 3.14850 type=3
ML HG_ev = -0.319786 eV
[CLIENT] POSDATA natoms=1191 config_type=101 n_mol=1
  atom 0: -0.25953 0.54720 3.74015 type=4
  atom 1: 5.03161 9.14630 4.79126 type=4
  atom 2: 7.10247 5.39395 0.52556 type=4
  atom 3: -2.33038 4.29955 8.00585 type=4
  atom 4: -1.23824 8.59966 3.14850 type=3
ML HG_ev = -0.363963 eV
[CLIENT] POSDATA natoms=1191 config_type=101 n_mol=1
  atom 0: -0.25953 0.54720 3.74015 type=4
  atom 1: 5.03161 9.14630 4.79126 type=4
  atom 2: 7.10247 5.39395 0.52556 type=4
  atom 3: -2.33038 4.29955 8.00585 type=4
  atom 4: -1.23824 8.59966 3.14850 type=3
ML HG_ev = -0.264211 eV
[CLIENT] POSDATA natoms=1191 config_type=101 n_mol=1
  atom 0: -0.25953 0.54720 3.74015 type=4
  atom 1: 5.03161 9.14630 4.79126 type=4
  atom 2: 7.10247 5.39395 0.52556 type=4
  atom 3: -2.33038 4.29955 8.00585 type=4
  atom 4: -1.23824 8.59966 3.14850 type=3
ML HG_ev = -0.319834 eV
[CLIENT] POSDATA natoms=1191 config_type=101 n_mol=1
  atom 0: -0.25953 0.54720 3.74015 type=4
  atom 1: 5.03161 9.14630 4.79126 type=4
  atom 2: 7.10247 5.39395 0.52556 type=4
  atom 3: -2.33038 4.29955 8.00585 type=4
  atom 4: -1.23824 8.59966 3.14850 type=3
ML HG_ev = -0.201408 eV
[CLIENT] POSDATA natoms=1191 config_type=101 n_mol=1
  atom 0: -0.25953 0.54720 3.74015 type=4
  atom 1: 5.03161 9.14630 4.79126 type=4
  atom 2: 7.10247 5.39395 0.52556 type=4
  atom 3: -2.33038 4.29955 8.00585 type=4
  atom 4: -1.23824 8.59966 3.14850 type=3
ML HG_ev = -0.319998 eV
[CLIENT] POSDATA natoms=1191 config_type=101 n_mol=1
  atom 0: -0.25953 0.54720 3.74015 type=4
  atom 1: 5.03161 9.14630 4.79126 type=4
  atom 2: 7.10247 5.39395 0.52556 type=4
  atom 3: -2.33038 4.29955 8.00585 type=4
  atom 4: -1.23824 8.59966 3.14850 type=3
ML HG_ev = -0.366336 eV
[CLIENT] POSDATA natoms=1191 config_type=101 n_mol=1
  atom 0: -0.25953 0.54720 3.74015 type=4
  atom 1: 5.03161 9.14630 4.79126 type=4
  atom 2: 7.10247 5.39395 0.52556 type=4
  atom 3: -2.33038 4.29955 8.00585 type=4
  atom 4: -1.23824 8.59966 3.14850 type=3
ML HG_ev = -0.319996 eV
[CLIENT] POSDATA natoms=1191 config_type=101 n_mol=1
  atom 0: -0.25953 0.54720 3.74015 type=4
  atom 1: 5.03161 9.14630 4.79126 type=4
  atom 2: 7.10247 5.39395 0.52556 type=4
  atom 3: -2.33038 4.29955 8.00585 type=4
  atom 4: -1.23824 8.59966 3.14850 type=3
ML HG_ev = -0.322535 eV
[CLIENT] POSDATA natoms=1191 config_type=101 n_mol=1
  atom 0: -0.25953 0.54720 3.74015 type=4
  atom 1: 5.03161 9.14630 4.79126 type=4
  atom 2: 7.10247 5.39395 0.52556 type=4
  atom 3: -2.33038 4.29955 8.00585 type=4
  atom 4: -1.23824 8.59966 3.14850 type=3
ML HG_ev = -0.366263 eV
[CLIENT] POSDATA natoms=1191 config_type=101 n_mol=1
  atom 0: -0.25953 0.54720 3.74015 type=4
  atom 1: 5.03161 9.14630 4.79126 type=4
  atom 2: 7.10247 5.39395 0.52556 type=4
  atom 3: -2.33038 4.29955 8.00585 type=4
  atom 4: -1.23824 8.59966 3.14850 type=3
ML HG_ev = -0.045530 eV
[CLIENT] POSDATA natoms=1191 config_type=101 n_mol=1
  atom 0: -0.25953 0.54720 3.74015 type=4
  atom 1: 5.03161 9.14630 4.79126 type=4
  atom 2: 7.10247 5.39395 0.52556 type=4
  atom 3: -2.33038 4.29955 8.00585 type=4
  atom 4: -1.23824 8.59966 3.14850 type=3
ML HG_ev = -0.366309 eV
[CLIENT] POSDATA natoms=1191 config_type=101 n_mol=1
  atom 0: -0.25953 0.54720 3.74015 type=4
  atom 1: 5.03161 9.14630 4.79126 type=4
  atom 2: 7.10247 5.39395 0.52556 type=4
  atom 3: -2.33038 4.29955 8.00585 type=4
  atom 4: -1.23824 8.59966 3.14850 type=3
ML HG_ev = 0.100397 eV
[CLIENT] POSDATA natoms=1191 config_type=101 n_mol=1
  atom 0: -0.25953 0.54720 3.74015 type=4
  atom 1: 5.03161 9.14630 4.79126 type=4
  atom 2: 7.10247 5.39395 0.52556 type=4
  atom 3: -2.33038 4.29955 8.00585 type=4
  atom 4: -1.23824 8.59966 3.14850 type=3
ML HG_ev = -0.366830 eV
[CLIENT] POSDATA natoms=1191 config_type=101 n_mol=1
  atom 0: -0.25953 0.54720 3.74015 type=4
  atom 1: 5.03161 9.14630 4.79126 type=4
  atom 2: 7.10247 5.39395 0.52556 type=4
  atom 3: -2.33038 4.29955 8.00585 type=4
  atom 4: -1.23824 8.59966 3.14850 type=3
ML HG_ev = -0.329870 eV
[CLIENT] POSDATA natoms=1191 config_type=101 n_mol=1
  atom 0: -0.25953 0.54720 3.74015 type=4
  atom 1: 5.03161 9.14630 4.79126 type=4
  atom 2: 7.10247 5.39395 0.52556 type=4
  atom 3: -2.33038 4.29955 8.00585 type=4
  atom 4: -1.23824 8.59966 3.14850 type=3
ML HG_ev = -0.366473 eV
[CLIENT] POSDATA natoms=1191 config_type=101 n_mol=1
  atom 0: -0.25953 0.54720 3.74015 type=4
  atom 1: 5.03161 9.14630 4.79126 type=4
  atom 2: 7.10247 5.39395 0.52556 type=4
  atom 3: -2.33038 4.29955 8.00585 type=4
  atom 4: -1.23824 8.59966 3.14850 type=3
ML HG_ev = -0.365312 eV
[CLIENT] POSDATA natoms=1191 config_type=101 n_mol=1
  atom 0: -0.25953 0.54720 3.74015 type=4
  atom 1: 5.03161 9.14630 4.79126 type=4
  atom 2: 7.10247 5.39395 0.52556 type=4
  atom 3: -2.33038 4.29955 8.00585 type=4
  atom 4: -1.23824 8.59966 3.14850 type=3
ML HG_ev = -0.266716 eV
[CLIENT] POSDATA natoms=1191 config_type=101 n_mol=1
  atom 0: -0.25953 0.54720 3.74015 type=4
  atom 1: 5.03161 9.14630 4.79126 type=4
  atom 2: 7.10247 5.39395 0.52556 type=4
  atom 3: -2.33038 4.29955 8.00585 type=4
  atom 4: -1.23824 8.59966 3.14850 type=3
ML HG_ev = -0.365958 eV
[CLIENT] POSDATA natoms=1191 config_type=101 n_mol=1
  atom 0: -0.25953 0.54720 3.74015 type=4
  atom 1: 5.03161 9.14630 4.79126 type=4
  atom 2: 7.10247 5.39395 0.52556 type=4
  atom 3: -2.33038 4.29955 8.00585 type=4
  atom 4: -1.23824 8.59966 3.14850 type=3
ML HG_ev = 1.219655 eV
[CLIENT] POSDATA natoms=1191 config_type=101 n_mol=1
  atom 0: -0.25953 0.54720 3.74015 type=4
  atom 1: 5.03161 9.14630 4.79126 type=4
  atom 2: 7.10247 5.39395 0.52556 type=4
  atom 3: -2.33038 4.29955 8.00585 type=4
  atom 4: -1.23824 8.59966 3.14850 type=3
ML HG_ev = -0.366488 eV
[CLIENT] POSDATA natoms=1191 config_type=101 n_mol=1
  atom 0: -0.25953 0.54720 3.74015 type=4
  atom 1: 5.03161 9.14630 4.79126 type=4
  atom 2: 7.10247 5.39395 0.52556 type=4
  atom 3: -2.33038 4.29955 8.00585 type=4
  atom 4: -1.23824 8.59966 3.14850 type=3
ML HG_ev = -0.075713 eV
[CLIENT] POSDATA natoms=1191 config_type=101 n_mol=1
  atom 0: -0.25953 0.54720 3.74015 type=4
  atom 1: 5.03161 9.14630 4.79126 type=4
  atom 2: 7.10247 5.39395 0.52556 type=4
  atom 3: -2.33038 4.29955 8.00585 type=4
  atom 4: -1.23824 8.59966 3.14850 type=3
ML HG_ev = -0.367657 eV
[CLIENT] POSDATA natoms=1191 config_type=101 n_mol=1
  atom 0: -0.25953 0.54720 3.74015 type=4
  atom 1: 5.03161 9.14630 4.79126 type=4
  atom 2: 7.10247 5.39395 0.52556 type=4
  atom 3: -2.33038 4.29955 8.00585 type=4
  atom 4: -1.23824 8.59966 3.14850 type=3
ML HG_ev = 0.122974 eV
[CLIENT] POSDATA natoms=1191 config_type=101 n_mol=1
  atom 0: -0.25953 0.54720 3.74015 type=4
  atom 1: 5.03161 9.14630 4.79126 type=4
  atom 2: 7.10247 5.39395 0.52556 type=4
  atom 3: -2.33038 4.29955 8.00585 type=4
  atom 4: -1.23824 8.59966 3.14850 type=3
ML HG_ev = -0.366842 eV
[CLIENT] POSDATA natoms=1191 config_type=101 n_mol=1
  atom 0: -0.25953 0.54720 3.74015 type=4
  atom 1: 5.03161 9.14630 4.79126 type=4
  atom 2: 7.10247 5.39395 0.52556 type=4
  atom 3: -2.33038 4.29955 8.00585 type=4
  atom 4: -1.23824 8.59966 3.14850 type=3
ML HG_ev = -0.366254 eV
[CLIENT] POSDATA natoms=1191 config_type=101 n_mol=1
  atom 0: -0.25953 0.54720 3.74015 type=4
  atom 1: 5.03161 9.14630 4.79126 type=4
  atom 2: 7.10247 5.39395 0.52556 type=4
  atom 3: -2.33038 4.29955 8.00585 type=4
  atom 4: -1.23824 8.59966 3.14850 type=3
ML HG_ev = -0.142016 eV
[CLIENT] POSDATA natoms=1191 config_type=101 n_mol=1
  atom 0: -0.25953 0.54720 3.74015 type=4
  atom 1: 5.03161 9.14630 4.79126 type=4
  atom 2: 7.10247 5.39395 0.52556 type=4
  atom 3: -2.33038 4.29955 8.00585 type=4
  atom 4: -1.23824 8.59966 3.14850 type=3
ML HG_ev = -0.365885 eV
[CLIENT] POSDATA natoms=1191 config_type=101 n_mol=1
  atom 0: -0.25953 0.54720 3.74015 type=4
  atom 1: 5.03161 9.14630 4.79126 type=4
  atom 2: 7.10247 5.39395 0.52556 type=4
  atom 3: -2.33038 4.29955 8.00585 type=4
  atom 4: -1.23824 8.59966 3.14850 type=3
ML HG_ev = -0.366634 eV
[CLIENT] POSDATA natoms=1191 config_type=101 n_mol=1
  atom 0: -0.25953 0.54720 3.74015 type=4
  atom 1: 5.03161 9.14630 4.79126 type=4
  atom 2: 7.10247 5.39395 0.52556 type=4
  atom 3: -2.33038 4.29955 8.00585 type=4
  atom 4: -1.23824 8.59966 3.14850 type=3
ML HG_ev = -0.366571 eV
[CLIENT] POSDATA natoms=1191 config_type=101 n_mol=1
  atom 0: -0.25953 0.54720 3.74015 type=4
  atom 1: 5.03161 9.14630 4.79126 type=4
  atom 2: 7.10247 5.39395 0.52556 type=4
  atom 3: -2.33038 4.29955 8.00585 type=4
  atom 4: -1.23824 8.59966 3.14850 type=3
ML HG_ev = 0.328522 eV
[CLIENT] POSDATA natoms=1191 config_type=101 n_mol=1
  atom 0: -0.25953 0.54720 3.74015 type=4
  atom 1: 5.03161 9.14630 4.79126 type=4
  atom 2: 7.10247 5.39395 0.52556 type=4
  atom 3: -2.33038 4.29955 8.00585 type=4
  atom 4: -1.23824 8.59966 3.14850 type=3
ML HG_ev = -0.365695 eV
[CLIENT] POSDATA natoms=1191 config_type=101 n_mol=1
  atom 0: -0.25953 0.54720 3.74015 type=4
  atom 1: 5.03161 9.14630 4.79126 type=4
  atom 2: 7.10247 5.39395 0.52556 type=4
  atom 3: -2.33038 4.29955 8.00585 type=4
  atom 4: -1.23824 8.59966 3.14850 type=3
ML HG_ev = 0.599214 eV
[CLIENT] POSDATA natoms=1191 config_type=101 n_mol=1
  atom 0: -0.25953 0.54720 3.74015 type=4
  atom 1: 5.03161 9.14630 4.79126 type=4
  atom 2: 7.10247 5.39395 0.52556 type=4
  atom 3: -2.33038 4.29955 8.00585 type=4
  atom 4: -1.23824 8.59966 3.14850 type=3
ML HG_ev = -0.366234 eV
[CLIENT] POSDATA natoms=1191 config_type=101 n_mol=1
  atom 0: -0.25953 0.54720 3.74015 type=4
  atom 1: 5.03161 9.14630 4.79126 type=4
  atom 2: 7.10247 5.39395 0.52556 type=4
  atom 3: -2.33038 4.29955 8.00585 type=4
  atom 4: -1.23824 8.59966 3.14850 type=3
ML HG_ev = -0.325048 eV
[CLIENT] POSDATA natoms=1191 config_type=101 n_mol=1
  atom 0: -0.25953 0.54720 3.74015 type=4
  atom 1: 5.03161 9.14630 4.79126 type=4
  atom 2: 7.10247 5.39395 0.52556 type=4
  atom 3: -2.33038 4.29955 8.00585 type=4
  atom 4: -1.23824 8.59966 3.14850 type=3
ML HG_ev = -0.366045 eV
[CLIENT] POSDATA natoms=1191 config_type=101 n_mol=1
  atom 0: -0.25953 0.54720 3.74015 type=4
  atom 1: 5.03161 9.14630 4.79126 type=4
  atom 2: 7.10247 5.39395 0.52556 type=4
  atom 3: -2.33038 4.29955 8.00585 type=4
  atom 4: -1.23824 8.59966 3.14850 type=3
ML HG_ev = 0.671306 eV
[CLIENT] POSDATA natoms=1191 config_type=101 n_mol=1
  atom 0: -0.25953 0.54720 3.74015 type=4
  atom 1: 5.03161 9.14630 4.79126 type=4
  atom 2: 7.10247 5.39395 0.52556 type=4
  atom 3: -2.33038 4.29955 8.00585 type=4
  atom 4: -1.23824 8.59966 3.14850 type=3
ML HG_ev = -0.365968 eV
[CLIENT] POSDATA natoms=1191 config_type=101 n_mol=1
  atom 0: -0.25953 0.54720 3.74015 type=4
  atom 1: 5.03161 9.14630 4.79126 type=4
  atom 2: 7.10247 5.39395 0.52556 type=4
  atom 3: -2.33038 4.29955 8.00585 type=4
  atom 4: -1.23824 8.59966 3.14850 type=3
ML HG_ev = -0.205915 eV
[CLIENT] POSDATA natoms=1191 config_type=101 n_mol=1
  atom 0: -0.25953 0.54720 3.74015 type=4
  atom 1: 5.03161 9.14630 4.79126 type=4
  atom 2: 7.10247 5.39395 0.52556 type=4
  atom 3: -2.33038 4.29955 8.00585 type=4
  atom 4: -1.23824 8.59966 3.14850 type=3
ML HG_ev = -0.366143 eV
[CLIENT] POSDATA natoms=1191 config_type=101 n_mol=1
  atom 0: -0.25953 0.54720 3.74015 type=4
  atom 1: 5.03161 9.14630 4.79126 type=4
  atom 2: 7.10247 5.39395 0.52556 type=4
  atom 3: -2.33038 4.29955 8.00585 type=4
  atom 4: -1.23824 8.59966 3.14850 type=3
ML HG_ev = -0.273790 eV
[CLIENT] POSDATA natoms=1191 config_type=101 n_mol=1
  atom 0: -0.25953 0.54720 3.74015 type=4
  atom 1: 5.03161 9.14630 4.79126 type=4
  atom 2: 7.10247 5.39395 0.52556 type=4
  atom 3: -2.33038 4.29955 8.00585 type=4
  atom 4: -1.23824 8.59966 3.14850 type=3
ML HG_ev = -0.366035 eV
[CLIENT] POSDATA natoms=1191 config_type=101 n_mol=1
  atom 0: -0.25953 0.54720 3.74015 type=4
  atom 1: 5.03161 9.14630 4.79126 type=4
  atom 2: 7.10247 5.39395 0.52556 type=4
  atom 3: -2.33038 4.29955 8.00585 type=4
  atom 4: -1.23824 8.59966 3.14850 type=3
ML HG_ev = -0.349133 eV
[CLIENT] POSDATA natoms=1191 config_type=101 n_mol=1
  atom 0: -0.25953 0.54720 3.74015 type=4
  atom 1: 5.03161 9.14630 4.79126 type=4
  atom 2: 7.10247 5.39395 0.52556 type=4
  atom 3: -2.33038 4.29955 8.00585 type=4
  atom 4: -1.23824 8.59966 3.14850 type=3
ML HG_ev = -0.367193 eV
[CLIENT] POSDATA natoms=1191 config_type=101 n_mol=1
  atom 0: -0.25953 0.54720 3.74015 type=4
  atom 1: 5.03161 9.14630 4.79126 type=4
  atom 2: 7.10247 5.39395 0.52556 type=4
  atom 3: -2.33038 4.29955 8.00585 type=4
  atom 4: -1.23824 8.59966 3.14850 type=3
ML HG_ev = -0.302462 eV
[CLIENT] POSDATA natoms=1191 config_type=101 n_mol=1
  atom 0: -0.25953 0.54720 3.74015 type=4
  atom 1: 5.03161 9.14630 4.79126 type=4
  atom 2: 7.10247 5.39395 0.52556 type=4
  atom 3: -2.33038 4.29955 8.00585 type=4
  atom 4: -1.23824 8.59966 3.14850 type=3
ML HG_ev = -0.349329 eV
[CLIENT] POSDATA natoms=1191 config_type=101 n_mol=1
  atom 0: -0.25953 0.54720 3.74015 type=4
  atom 1: 5.03161 9.14630 4.79126 type=4
  atom 2: 7.10247 5.39395 0.52556 type=4
  atom 3: -2.33038 4.29955 8.00585 type=4
  atom 4: -1.23824 8.59966 3.14850 type=3
ML HG_ev = -0.356657 eV
[CLIENT] POSDATA natoms=1191 config_type=101 n_mol=1
  atom 0: -0.25953 0.54720 3.74015 type=4
  atom 1: 5.03161 9.14630 4.79126 type=4
  atom 2: 7.10247 5.39395 0.52556 type=4
  atom 3: -2.33038 4.29955 8.00585 type=4
  atom 4: -1.23824 8.59966 3.14850 type=3
ML HG_ev = -0.349734 eV
[CLIENT] POSDATA natoms=1191 config_type=101 n_mol=1
  atom 0: -0.25953 0.54720 3.74015 type=4
  atom 1: 5.03161 9.14630 4.79126 type=4
  atom 2: 7.10247 5.39395 0.52556 type=4
  atom 3: -2.33038 4.29955 8.00585 type=4
  atom 4: -1.23824 8.59966 3.14850 type=3
ML HG_ev = -0.356679 eV
[CLIENT] POSDATA natoms=1191 config_type=101 n_mol=1
  atom 0: -0.25953 0.54720 3.74015 type=4
  atom 1: 5.03161 9.14630 4.79126 type=4
  atom 2: 7.10247 5.39395 0.52556 type=4
  atom 3: -2.33038 4.29955 8.00585 type=4
  atom 4: -1.23824 8.59966 3.14850 type=3
ML HG_ev = -0.047525 eV
[CLIENT] POSDATA natoms=1191 config_type=101 n_mol=1
  atom 0: -0.25953 0.54720 3.74015 type=4
  atom 1: 5.03161 9.14630 4.79126 type=4
  atom 2: 7.10247 5.39395 0.52556 type=4
  atom 3: -2.33038 4.29955 8.00585 type=4
  atom 4: -1.23824 8.59966 3.14850 type=3
ML HG_ev = -0.356618 eV
[CLIENT] POSDATA natoms=1191 config_type=101 n_mol=1
  atom 0: -0.25953 0.54720 3.74015 type=4
  atom 1: 5.03161 9.14630 4.79126 type=4
  atom 2: 7.10247 5.39395 0.52556 type=4
  atom 3: -2.33038 4.29955 8.00585 type=4
  atom 4: -1.23824 8.59966 3.14850 type=3
ML HG_ev = 0.503353 eV
[CLIENT] POSDATA natoms=1191 config_type=101 n_mol=1
  atom 0: -0.25953 0.54720 3.74015 type=4
  atom 1: 5.03161 9.14630 4.79126 type=4
  atom 2: 7.10247 5.39395 0.52556 type=4
  atom 3: -2.33038 4.29955 8.00585 type=4
  atom 4: -1.23824 8.59966 3.14850 type=3
ML HG_ev = -0.356622 eV
[CLIENT] POSDATA natoms=1191 config_type=101 n_mol=1
  atom 0: -0.25953 0.54720 3.74015 type=4
  atom 1: 5.03161 9.14630 4.79126 type=4
  atom 2: 7.10247 5.39395 0.52556 type=4
  atom 3: -2.33038 4.29955 8.00585 type=4
  atom 4: -1.23824 8.59966 3.14850 type=3
ML HG_ev = -0.356520 eV
[CLIENT] POSDATA natoms=1191 config_type=101 n_mol=1
  atom 0: -0.25953 0.54720 3.74015 type=4
  atom 1: 5.03161 9.14630 4.79126 type=4
  atom 2: 7.10247 5.39395 0.52556 type=4
  atom 3: -2.33038 4.29955 8.00585 type=4
  atom 4: -1.23824 8.59966 3.14850 type=3
ML HG_ev = -0.352608 eV
[CLIENT] POSDATA natoms=1191 config_type=101 n_mol=1
  atom 0: -0.25953 0.54720 3.74015 type=4
  atom 1: 5.03161 9.14630 4.79126 type=4
  atom 2: 7.10247 5.39395 0.52556 type=4
  atom 3: -2.33038 4.29955 8.00585 type=4
  atom 4: -1.23824 8.59966 3.14850 type=3
ML HG_ev = -0.356982 eV
[CLIENT] POSDATA natoms=1191 config_type=101 n_mol=1
  atom 0: -0.25953 0.54720 3.74015 type=4
  atom 1: 5.03161 9.14630 4.79126 type=4
  atom 2: 7.10247 5.39395 0.52556 type=4
  atom 3: -2.33038 4.29955 8.00585 type=4
  atom 4: -1.23824 8.59966 3.14850 type=3
ML HG_ev = 0.215433 eV
[CLIENT] POSDATA natoms=1191 config_type=101 n_mol=1
  atom 0: -0.25953 0.54720 3.74015 type=4
  atom 1: 5.03161 9.14630 4.79126 type=4
  atom 2: 7.10247 5.39395 0.52556 type=4
  atom 3: -2.33038 4.29955 8.00585 type=4
  atom 4: -1.23824 8.59966 3.14850 type=3
ML HG_ev = -0.352680 eV
[CLIENT] POSDATA natoms=1191 config_type=101 n_mol=1
  atom 0: -0.25953 0.54720 3.74015 type=4
  atom 1: 5.03161 9.14630 4.79126 type=4
  atom 2: 7.10247 5.39395 0.52556 type=4
  atom 3: -2.33038 4.29955 8.00585 type=4
  atom 4: -1.23824 8.59966 3.14850 type=3
ML HG_ev = -0.343507 eV
[CLIENT] POSDATA natoms=1191 config_type=101 n_mol=1
  atom 0: -0.25953 0.54720 3.74015 type=4
  atom 1: 5.03161 9.14630 4.79126 type=4
  atom 2: 7.10247 5.39395 0.52556 type=4
  atom 3: -2.33038 4.29955 8.00585 type=4
  atom 4: -1.23824 8.59966 3.14850 type=3
ML HG_ev = -0.353916 eV
[CLIENT] POSDATA natoms=1191 config_type=101 n_mol=1
  atom 0: -0.25953 0.54720 3.74015 type=4
  atom 1: 5.03161 9.14630 4.79126 type=4
  atom 2: 7.10247 5.39395 0.52556 type=4
  atom 3: -2.33038 4.29955 8.00585 type=4
  atom 4: -1.23824 8.59966 3.14850 type=3
ML HG_ev = -0.153641 eV
[CLIENT] POSDATA natoms=1191 config_type=101 n_mol=1
  atom 0: -0.25953 0.54720 3.74015 type=4
  atom 1: 5.03161 9.14630 4.79126 type=4
  atom 2: 7.10247 5.39395 0.52556 type=4
  atom 3: -2.33038 4.29955 8.00585 type=4
  atom 4: -1.23824 8.59966 3.14850 type=3
ML HG_ev = -0.343274 eV
[CLIENT] POSDATA natoms=1191 config_type=101 n_mol=1
  atom 0: -0.25953 0.54720 3.74015 type=4
  atom 1: 5.03161 9.14630 4.79126 type=4
  atom 2: 7.10247 5.39395 0.52556 type=4
  atom 3: -2.33038 4.29955 8.00585 type=4
  atom 4: -1.23824 8.59966 3.14850 type=3
ML HG_ev = -0.361286 eV
[CLIENT] POSDATA natoms=1191 config_type=101 n_mol=1
  atom 0: -0.25953 0.54720 3.74015 type=4
  atom 1: 5.03161 9.14630 4.79126 type=4
  atom 2: 7.10247 5.39395 0.52556 type=4
  atom 3: -2.33038 4.29955 8.00585 type=4
  atom 4: -1.23824 8.59966 3.14850 type=3
ML HG_ev = -0.343161 eV
[CLIENT] POSDATA natoms=1191 config_type=101 n_mol=1
  atom 0: -0.25953 0.54720 3.74015 type=4
  atom 1: 5.03161 9.14630 4.79126 type=4
  atom 2: 7.10247 5.39395 0.52556 type=4
  atom 3: -2.33038 4.29955 8.00585 type=4
  atom 4: -1.23824 8.59966 3.14850 type=3
ML HG_ev = -0.357542 eV
[CLIENT] POSDATA natoms=1191 config_type=101 n_mol=1
  atom 0: -0.25953 0.54720 3.74015 type=4
  atom 1: 5.03161 9.14630 4.79126 type=4
  atom 2: 7.10247 5.39395 0.52556 type=4
  atom 3: -2.33038 4.29955 8.00585 type=4
  atom 4: -1.23824 8.59966 3.14850 type=3
ML HG_ev = -0.361009 eV
[CLIENT] POSDATA natoms=1191 config_type=101 n_mol=1
  atom 0: -0.25953 0.54720 3.74015 type=4
  atom 1: 5.03161 9.14630 4.79126 type=4
  atom 2: 7.10247 5.39395 0.52556 type=4
  atom 3: -2.33038 4.29955 8.00585 type=4
  atom 4: -1.23824 8.59966 3.14850 type=3
ML HG_ev = -0.357565 eV
[CLIENT] POSDATA natoms=1191 config_type=101 n_mol=1
  atom 0: -0.25953 0.54720 3.74015 type=4
  atom 1: 5.03161 9.14630 4.79126 type=4
  atom 2: 7.10247 5.39395 0.52556 type=4
  atom 3: -2.33038 4.29955 8.00585 type=4
  atom 4: -1.23824 8.59966 3.14850 type=3
ML HG_ev = -0.358462 eV
[CLIENT] POSDATA natoms=1191 config_type=101 n_mol=1
  atom 0: -0.25953 0.54720 3.74015 type=4
  atom 1: 5.03161 9.14630 4.79126 type=4
  atom 2: 7.10247 5.39395 0.52556 type=4
  atom 3: -2.33038 4.29955 8.00585 type=4
  atom 4: -1.23824 8.59966 3.14850 type=3
ML HG_ev = -0.357770 eV
[CLIENT] POSDATA natoms=1191 config_type=101 n_mol=1
  atom 0: -0.25953 0.54720 3.74015 type=4
  atom 1: 5.03161 9.14630 4.79126 type=4
  atom 2: 7.10247 5.39395 0.52556 type=4
  atom 3: -2.33038 4.29955 8.00585 type=4
  atom 4: -1.23824 8.59966 3.14850 type=3
ML HG_ev = -0.358367 eV
[CLIENT] POSDATA natoms=1191 config_type=101 n_mol=1
  atom 0: -0.25953 0.54720 3.74015 type=4
  atom 1: 5.03161 9.14630 4.79126 type=4
  atom 2: 7.10247 5.39395 0.52556 type=4
  atom 3: -2.33038 4.29955 8.00585 type=4
  atom 4: -1.23824 8.59966 3.14850 type=3
ML HG_ev = -0.231137 eV
[CLIENT] POSDATA natoms=1191 config_type=101 n_mol=1
  atom 0: -0.25953 0.54720 3.74015 type=4
  atom 1: 5.03161 9.14630 4.79126 type=4
  atom 2: 7.10247 5.39395 0.52556 type=4
  atom 3: -2.33038 4.29955 8.00585 type=4
  atom 4: -1.23824 8.59966 3.14850 type=3
ML HG_ev = -0.358407 eV
[CLIENT] POSDATA natoms=1191 config_type=101 n_mol=1
  atom 0: -0.25953 0.54720 3.74015 type=4
  atom 1: 5.03161 9.14630 4.79126 type=4
  atom 2: 7.10247 5.39395 0.52556 type=4
  atom 3: -2.33038 4.29955 8.00585 type=4
  atom 4: -1.23824 8.59966 3.14850 type=3
ML HG_ev = -0.171033 eV
[CLIENT] POSDATA natoms=1191 config_type=101 n_mol=1
  atom 0: -0.25953 0.54720 3.74015 type=4
  atom 1: 5.03161 9.14630 4.79126 type=4
  atom 2: 7.10247 5.39395 0.52556 type=4
  atom 3: -2.33038 4.29955 8.00585 type=4
  atom 4: -1.23824 8.59966 3.14850 type=3
ML HG_ev = -0.357921 eV
[CLIENT] POSDATA natoms=1191 config_type=101 n_mol=1
  atom 0: -0.25953 0.54720 3.74015 type=4
  atom 1: 5.03161 9.14630 4.79126 type=4
  atom 2: 7.10247 5.39395 0.52556 type=4
  atom 3: -2.33038 4.29955 8.00585 type=4
  atom 4: -1.23824 8.59966 3.14850 type=3
ML HG_ev = 0.669693 eV
[CLIENT] POSDATA natoms=1191 config_type=101 n_mol=1
  atom 0: -0.25953 0.54720 3.74015 type=4
  atom 1: 5.03161 9.14630 4.79126 type=4
  atom 2: 7.10247 5.39395 0.52556 type=4
  atom 3: -2.33038 4.29955 8.00585 type=4
  atom 4: -1.23824 8.59966 3.14850 type=3
ML HG_ev = -0.358799 eV
[CLIENT] POSDATA natoms=1191 config_type=101 n_mol=1
  atom 0: -0.25953 0.54720 3.74015 type=4
  atom 1: 5.03161 9.14630 4.79126 type=4
  atom 2: 7.10247 5.39395 0.52556 type=4
  atom 3: -2.33038 4.29955 8.00585 type=4
  atom 4: -1.23824 8.59966 3.14850 type=3
ML HG_ev = -0.183418 eV
[CLIENT] POSDATA natoms=1191 config_type=101 n_mol=1
  atom 0: -0.25953 0.54720 3.74015 type=4
  atom 1: 5.03161 9.14630 4.79126 type=4
  atom 2: 7.10247 5.39395 0.52556 type=4
  atom 3: -2.33038 4.29955 8.00585 type=4
  atom 4: -1.23824 8.59966 3.14850 type=3
ML HG_ev = -0.357674 eV
[CLIENT] POSDATA natoms=1191 config_type=101 n_mol=1
  atom 0: -0.25953 0.54720 3.74015 type=4
  atom 1: 5.03161 9.14630 4.79126 type=4
  atom 2: 7.10247 5.39395 0.52556 type=4
  atom 3: -2.33038 4.29955 8.00585 type=4
  atom 4: -1.23824 8.59966 3.14850 type=3
ML HG_ev = 0.002164 eV
[CLIENT] POSDATA natoms=1191 config_type=101 n_mol=1
  atom 0: -0.25953 0.54720 3.74015 type=4
  atom 1: 5.03161 9.14630 4.79126 type=4
  atom 2: 7.10247 5.39395 0.52556 type=4
  atom 3: -2.33038 4.29955 8.00585 type=4
  atom 4: -1.23824 8.59966 3.14850 type=3
ML HG_ev = -0.357764 eV
[CLIENT] POSDATA natoms=1191 config_type=101 n_mol=1
  atom 0: -0.25953 0.54720 3.74015 type=4
  atom 1: 5.03161 9.14630 4.79126 type=4
  atom 2: 7.10247 5.39395 0.52556 type=4
  atom 3: -2.33038 4.29955 8.00585 type=4
  atom 4: -1.23824 8.59966 3.14850 type=3
ML HG_ev = -0.364142 eV
[CLIENT] POSDATA natoms=1191 config_type=101 n_mol=1
  atom 0: -0.25953 0.54720 3.74015 type=4
  atom 1: 5.03161 9.14630 4.79126 type=4
  atom 2: 7.10247 5.39395 0.52556 type=4
  atom 3: -2.33038 4.29955 8.00585 type=4
  atom 4: -1.23824 8.59966 3.14850 type=3
ML HG_ev = -0.357801 eV
[CLIENT] POSDATA natoms=1191 config_type=101 n_mol=1
  atom 0: -0.25953 0.54720 3.74015 type=4
  atom 1: 5.03161 9.14630 4.79126 type=4
  atom 2: 7.10247 5.39395 0.52556 type=4
  atom 3: -2.33038 4.29955 8.00585 type=4
  atom 4: -1.23824 8.59966 3.14850 type=3
ML HG_ev = -0.300023 eV
[CLIENT] POSDATA natoms=1191 config_type=101 n_mol=1
  atom 0: -0.25953 0.54720 3.74015 type=4
  atom 1: 5.03161 9.14630 4.79126 type=4
  atom 2: 7.10247 5.39395 0.52556 type=4
  atom 3: -2.33038 4.29955 8.00585 type=4
  atom 4: -1.23824 8.59966 3.14850 type=3
ML HG_ev = -0.364938 eV
[CLIENT] POSDATA natoms=1191 config_type=101 n_mol=1
  atom 0: -0.25953 0.54720 3.74015 type=4
  atom 1: 5.03161 9.14630 4.79126 type=4
  atom 2: 7.10247 5.39395 0.52556 type=4
  atom 3: -2.33038 4.29955 8.00585 type=4
  atom 4: -1.23824 8.59966 3.14850 type=3
ML HG_ev = 0.241107 eV
[CLIENT] POSDATA natoms=1191 config_type=101 n_mol=1
  atom 0: -0.25953 0.54720 3.74015 type=4
  atom 1: 5.03161 9.14630 4.79126 type=4
  atom 2: 7.10247 5.39395 0.52556 type=4
  atom 3: -2.33038 4.29955 8.00585 type=4
  atom 4: -1.23824 8.59966 3.14850 type=3
ML HG_ev = -0.364956 eV
[CLIENT] POSDATA natoms=1191 config_type=101 n_mol=1
  atom 0: -0.25953 0.54720 3.74015 type=4
  atom 1: 5.03161 9.14630 4.79126 type=4
  atom 2: 7.10247 5.39395 0.52556 type=4
  atom 3: -2.33038 4.29955 8.00585 type=4
  atom 4: -1.23824 8.59966 3.14850 type=3
ML HG_ev = -0.365294 eV
[CLIENT] POSDATA natoms=1191 config_type=101 n_mol=1
  atom 0: -0.25953 0.54720 3.74015 type=4
  atom 1: 5.03161 9.14630 4.79126 type=4
  atom 2: 7.10247 5.39395 0.52556 type=4
  atom 3: -2.33038 4.29955 8.00585 type=4
  atom 4: -1.23824 8.59966 3.14850 type=3
ML HG_ev = -0.111993 eV
[CLIENT] POSDATA natoms=1191 config_type=101 n_mol=1
  atom 0: -0.25953 0.54720 3.74015 type=4
  atom 1: 5.03161 9.14630 4.79126 type=4
  atom 2: 7.10247 5.39395 0.52556 type=4
  atom 3: -2.33038 4.29955 8.00585 type=4
  atom 4: -1.23824 8.59966 3.14850 type=3
ML HG_ev = -0.364793 eV
[CLIENT] POSDATA natoms=1191 config_type=101 n_mol=1
  atom 0: -0.25953 0.54720 3.74015 type=4
  atom 1: 5.03161 9.14630 4.79126 type=4
  atom 2: 7.10247 5.39395 0.52556 type=4
  atom 3: -2.33038 4.29955 8.00585 type=4
  atom 4: -1.23824 8.59966 3.14850 type=3
ML HG_ev = -0.365277 eV
[CLIENT] POSDATA natoms=1191 config_type=101 n_mol=1
  atom 0: -0.25953 0.54720 3.74015 type=4
  atom 1: 5.03161 9.14630 4.79126 type=4
  atom 2: 7.10247 5.39395 0.52556 type=4
  atom 3: -2.33038 4.29955 8.00585 type=4
  atom 4: -1.23824 8.59966 3.14850 type=3
ML HG_ev = -0.337934 eV
[CLIENT] POSDATA natoms=1191 config_type=101 n_mol=1
  atom 0: -0.25953 0.54720 3.74015 type=4
  atom 1: 5.03161 9.14630 4.79126 type=4
  atom 2: 7.10247 5.39395 0.52556 type=4
  atom 3: -2.33038 4.29955 8.00585 type=4
  atom 4: -1.23824 8.59966 3.14850 type=3
ML HG_ev = -0.364883 eV
[CLIENT] POSDATA natoms=1191 config_type=101 n_mol=1
  atom 0: -0.25953 0.54720 3.74015 type=4
  atom 1: 5.03161 9.14630 4.79126 type=4
  atom 2: 7.10247 5.39395 0.52556 type=4
  atom 3: -2.33038 4.29955 8.00585 type=4
  atom 4: -1.23824 8.59966 3.14850 type=3
ML HG_ev = 0.659817 eV
[CLIENT] POSDATA natoms=1191 config_type=101 n_mol=1
  atom 0: -0.25953 0.54720 3.74015 type=4
  atom 1: 5.03161 9.14630 4.79126 type=4
  atom 2: 7.10247 5.39395 0.52556 type=4
  atom 3: -2.33038 4.29955 8.00585 type=4
  atom 4: -1.23824 8.59966 3.14850 type=3
ML HG_ev = -0.365015 eV
[CLIENT] POSDATA natoms=1191 config_type=101 n_mol=1
  atom 0: -0.25953 0.54720 3.74015 type=4
  atom 1: 5.03161 9.14630 4.79126 type=4
  atom 2: 7.10247 5.39395 0.52556 type=4
  atom 3: -2.33038 4.29955 8.00585 type=4
  atom 4: -1.23824 8.59966 3.14850 type=3
ML HG_ev = -0.364976 eV
[CLIENT] POSDATA natoms=1191 config_type=101 n_mol=1
  atom 0: -0.25953 0.54720 3.74015 type=4
  atom 1: 5.03161 9.14630 4.79126 type=4
  atom 2: 7.10247 5.39395 0.52556 type=4
  atom 3: -2.33038 4.29955 8.00585 type=4
  atom 4: -1.23824 8.59966 3.14850 type=3
ML HG_ev = -0.337120 eV
[CLIENT] POSDATA natoms=1191 config_type=101 n_mol=1
  atom 0: -0.25953 0.54720 3.74015 type=4
  atom 1: 5.03161 9.14630 4.79126 type=4
  atom 2: 7.10247 5.39395 0.52556 type=4
  atom 3: -2.33038 4.29955 8.00585 type=4
  atom 4: -1.23824 8.59966 3.14850 type=3
ML HG_ev = -0.364771 eV
[CLIENT] POSDATA natoms=1191 config_type=101 n_mol=1
  atom 0: -0.25953 0.54720 3.74015 type=4
  atom 1: 5.03161 9.14630 4.79126 type=4
  atom 2: 7.10247 5.39395 0.52556 type=4
  atom 3: -2.33038 4.29955 8.00585 type=4
  atom 4: -1.23824 8.59966 3.14850 type=3
ML HG_ev = 0.105096 eV
[CLIENT] POSDATA natoms=1191 config_type=101 n_mol=1
  atom 0: -0.25953 0.54720 3.74015 type=4
  atom 1: 5.03161 9.14630 4.79126 type=4
  atom 2: 7.10247 5.39395 0.52556 type=4
  atom 3: -2.33038 4.29955 8.00585 type=4
  atom 4: -1.23824 8.59966 3.14850 type=3
ML HG_ev = -0.364007 eV
[CLIENT] POSDATA natoms=1191 config_type=101 n_mol=1
  atom 0: -0.25953 0.54720 3.74015 type=4
  atom 1: 5.03161 9.14630 4.79126 type=4
  atom 2: 7.10247 5.39395 0.52556 type=4
  atom 3: -2.33038 4.29955 8.00585 type=4
  atom 4: -1.23824 8.59966 3.14850 type=3
ML HG_ev = -0.339572 eV
[CLIENT] POSDATA natoms=1191 config_type=101 n_mol=1
  atom 0: -0.25953 0.54720 3.74015 type=4
  atom 1: 5.03161 9.14630 4.79126 type=4
  atom 2: 7.10247 5.39395 0.52556 type=4
  atom 3: -2.33038 4.29955 8.00585 type=4
  atom 4: -1.23824 8.59966 3.14850 type=3
ML HG_ev = -0.366101 eV
[CLIENT] POSDATA natoms=1191 config_type=101 n_mol=1
  atom 0: -0.25953 0.54720 3.74015 type=4
  atom 1: 5.03161 9.14630 4.79126 type=4
  atom 2: 7.10247 5.39395 0.52556 type=4
  atom 3: -2.33038 4.29955 8.00585 type=4
  atom 4: -1.23824 8.59966 3.14850 type=3
ML HG_ev = 0.738495 eV
[CLIENT] POSDATA natoms=1191 config_type=101 n_mol=1
  atom 0: -0.25953 0.54720 3.74015 type=4
  atom 1: 5.03161 9.14630 4.79126 type=4
  atom 2: 7.10247 5.39395 0.52556 type=4
  atom 3: -2.33038 4.29955 8.00585 type=4
  atom 4: -1.23824 8.59966 3.14850 type=3
ML HG_ev = -0.339755 eV
[CLIENT] POSDATA natoms=1191 config_type=101 n_mol=1
  atom 0: -0.25953 0.54720 3.74015 type=4
  atom 1: 5.03161 9.14630 4.79126 type=4
  atom 2: 7.10247 5.39395 0.52556 type=4
  atom 3: -2.33038 4.29955 8.00585 type=4
  atom 4: -1.23824 8.59966 3.14850 type=3
ML HG_ev = -0.176914 eV
[CLIENT] POSDATA natoms=1191 config_type=101 n_mol=1
  atom 0: -0.25953 0.54720 3.74015 type=4
  atom 1: 5.03161 9.14630 4.79126 type=4
  atom 2: 7.10247 5.39395 0.52556 type=4
  atom 3: -2.33038 4.29955 8.00585 type=4
  atom 4: -1.23824 8.59966 3.14850 type=3
ML HG_ev = -0.340443 eV
[CLIENT] POSDATA natoms=1191 config_type=101 n_mol=1
  atom 0: -0.25953 0.54720 3.74015 type=4
  atom 1: 5.03161 9.14630 4.79126 type=4
  atom 2: 7.10247 5.39395 0.52556 type=4
  atom 3: -2.33038 4.29955 8.00585 type=4
  atom 4: -1.23824 8.59966 3.14850 type=3
ML HG_ev = -0.342557 eV
[CLIENT] POSDATA natoms=1191 config_type=101 n_mol=1
  atom 0: -0.25953 0.54720 3.74015 type=4
  atom 1: 5.03161 9.14630 4.79126 type=4
  atom 2: 7.10247 5.39395 0.52556 type=4
  atom 3: -2.33038 4.29955 8.00585 type=4
  atom 4: -1.23824 8.59966 3.14850 type=3
ML HG_ev = -0.340587 eV
[CLIENT] POSDATA natoms=1191 config_type=101 n_mol=1
  atom 0: -0.25953 0.54720 3.74015 type=4
  atom 1: 5.03161 9.14630 4.79126 type=4
  atom 2: 7.10247 5.39395 0.52556 type=4
  atom 3: -2.33038 4.29955 8.00585 type=4
  atom 4: -1.23824 8.59966 3.14850 type=3
ML HG_ev = -0.341714 eV
[CLIENT] POSDATA natoms=1191 config_type=101 n_mol=1
  atom 0: -0.25953 0.54720 3.74015 type=4
  atom 1: 5.03161 9.14630 4.79126 type=4
  atom 2: 7.10247 5.39395 0.52556 type=4
  atom 3: -2.33038 4.29955 8.00585 type=4
  atom 4: -1.23824 8.59966 3.14850 type=3
ML HG_ev = -0.325724 eV
[CLIENT] POSDATA natoms=1191 config_type=101 n_mol=1
  atom 0: -0.25953 0.54720 3.74015 type=4
  atom 1: 5.03161 9.14630 4.79126 type=4
  atom 2: 7.10247 5.39395 0.52556 type=4
  atom 3: -2.33038 4.29955 8.00585 type=4
  atom 4: -1.23824 8.59966 3.14850 type=3
ML HG_ev = -0.341836 eV
[CLIENT] POSDATA natoms=1191 config_type=101 n_mol=1
  atom 0: -0.25953 0.54720 3.74015 type=4
  atom 1: 5.03161 9.14630 4.79126 type=4
  atom 2: 7.10247 5.39395 0.52556 type=4
  atom 3: -2.33038 4.29955 8.00585 type=4
  atom 4: -1.23824 8.59966 3.14850 type=3
ML HG_ev = -0.313007 eV
[CLIENT] POSDATA natoms=1191 config_type=101 n_mol=1
  atom 0: -0.25953 0.54720 3.74015 type=4
  atom 1: 5.03161 9.14630 4.79126 type=4
  atom 2: 7.10247 5.39395 0.52556 type=4
  atom 3: -2.33038 4.29955 8.00585 type=4
  atom 4: -1.23824 8.59966 3.14850 type=3
ML HG_ev = -0.325688 eV
[CLIENT] POSDATA natoms=1191 config_type=101 n_mol=1
  atom 0: -0.25953 0.54720 3.74015 type=4
  atom 1: 5.03161 9.14630 4.79126 type=4
  atom 2: 7.10247 5.39395 0.52556 type=4
  atom 3: -2.33038 4.29955 8.00585 type=4
  atom 4: -1.23824 8.59966 3.14850 type=3
ML HG_ev = 0.438939 eV
[CLIENT] POSDATA natoms=1191 config_type=101 n_mol=1
  atom 0: -0.25953 0.54720 3.74015 type=4
  atom 1: 5.03161 9.14630 4.79126 type=4
  atom 2: 7.10247 5.39395 0.52556 type=4
  atom 3: -2.33038 4.29955 8.00585 type=4
  atom 4: -1.23824 8.59966 3.14850 type=3
ML HG_ev = -0.325679 eV
[CLIENT] POSDATA natoms=1191 config_type=101 n_mol=1
  atom 0: -0.25953 0.54720 3.74015 type=4
  atom 1: 5.03161 9.14630 4.79126 type=4
  atom 2: 7.10247 5.39395 0.52556 type=4
  atom 3: -2.33038 4.29955 8.00585 type=4
  atom 4: -1.23824 8.59966 3.14850 type=3
ML HG_ev = -0.217028 eV
[CLIENT] POSDATA natoms=1191 config_type=101 n_mol=1
  atom 0: -0.25953 0.54720 3.74015 type=4
  atom 1: 5.03161 9.14630 4.79126 type=4
  atom 2: 7.10247 5.39395 0.52556 type=4
  atom 3: -2.33038 4.29955 8.00585 type=4
  atom 4: -1.23824 8.59966 3.14850 type=3
ML HG_ev = -0.324687 eV
[CLIENT] POSDATA natoms=1191 config_type=101 n_mol=1
  atom 0: -0.25953 0.54720 3.74015 type=4
  atom 1: 5.03161 9.14630 4.79126 type=4
  atom 2: 7.10247 5.39395 0.52556 type=4
  atom 3: -2.33038 4.29955 8.00585 type=4
  atom 4: -1.23824 8.59966 3.14850 type=3
ML HG_ev = -0.325740 eV
[CLIENT] POSDATA natoms=1191 config_type=101 n_mol=1
  atom 0: -0.25953 0.54720 3.74015 type=4
  atom 1: 5.03161 9.14630 4.79126 type=4
  atom 2: 7.10247 5.39395 0.52556 type=4
  atom 3: -2.33038 4.29955 8.00585 type=4
  atom 4: -1.23824 8.59966 3.14850 type=3
ML HG_ev = -0.244048 eV
[CLIENT] POSDATA natoms=1191 config_type=101 n_mol=1
  atom 0: -0.25953 0.54720 3.74015 type=4
  atom 1: 5.03161 9.14630 4.79126 type=4
  atom 2: 7.10247 5.39395 0.52556 type=4
  atom 3: -2.33038 4.29955 8.00585 type=4
  atom 4: -1.23824 8.59966 3.14850 type=3
ML HG_ev = -0.325686 eV
[CLIENT] POSDATA natoms=1191 config_type=101 n_mol=1
  atom 0: -0.25953 0.54720 3.74015 type=4
  atom 1: 5.03161 9.14630 4.79126 type=4
  atom 2: 7.10247 5.39395 0.52556 type=4
  atom 3: -2.33038 4.29955 8.00585 type=4
  atom 4: -1.23824 8.59966 3.14850 type=3
ML HG_ev = -0.271191 eV
[CLIENT] POSDATA natoms=1191 config_type=101 n_mol=1
  atom 0: -0.25953 0.54720 3.74015 type=4
  atom 1: 5.03161 9.14630 4.79126 type=4
  atom 2: 7.10247 5.39395 0.52556 type=4
  atom 3: -2.33038 4.29955 8.00585 type=4
  atom 4: -1.23824 8.59966 3.14850 type=3
ML HG_ev = -0.325989 eV
[CLIENT] POSDATA natoms=1191 config_type=101 n_mol=1
  atom 0: -0.25953 0.54720 3.74015 type=4
  atom 1: 5.03161 9.14630 4.79126 type=4
  atom 2: 7.10247 5.39395 0.52556 type=4
  atom 3: -2.33038 4.29955 8.00585 type=4
  atom 4: -1.23824 8.59966 3.14850 type=3
ML HG_ev = -0.350906 eV
[CLIENT] POSDATA natoms=1191 config_type=101 n_mol=1
  atom 0: -0.25953 0.54720 3.74015 type=4
  atom 1: 5.03161 9.14630 4.79126 type=4
  atom 2: 7.10247 5.39395 0.52556 type=4
  atom 3: -2.33038 4.29955 8.00585 type=4
  atom 4: -1.23824 8.59966 3.14850 type=3
ML HG_ev = -0.270900 eV
[CLIENT] POSDATA natoms=1191 config_type=101 n_mol=1
  atom 0: -0.25953 0.54720 3.74015 type=4
  atom 1: 5.03161 9.14630 4.79126 type=4
  atom 2: 7.10247 5.39395 0.52556 type=4
  atom 3: -2.33038 4.29955 8.00585 type=4
  atom 4: -1.23824 8.59966 3.14850 type=3
ML HG_ev = -0.150307 eV
[CLIENT] POSDATA natoms=1191 config_type=101 n_mol=1
  atom 0: -0.25953 0.54720 3.74015 type=4
  atom 1: 5.03161 9.14630 4.79126 type=4
  atom 2: 7.10247 5.39395 0.52556 type=4
  atom 3: -2.33038 4.29955 8.00585 type=4
  atom 4: -1.23824 8.59966 3.14850 type=3
ML HG_ev = -0.351048 eV
[CLIENT] POSDATA natoms=1191 config_type=101 n_mol=1
  atom 0: -0.25953 0.54720 3.74015 type=4
  atom 1: 5.03161 9.14630 4.79126 type=4
  atom 2: 7.10247 5.39395 0.52556 type=4
  atom 3: -2.33038 4.29955 8.00585 type=4
  atom 4: -1.23824 8.59966 3.14850 type=3
ML HG_ev = 1.101157 eV
[CLIENT] POSDATA natoms=1191 config_type=101 n_mol=1
  atom 0: -0.25953 0.54720 3.74015 type=4
  atom 1: 5.03161 9.14630 4.79126 type=4
  atom 2: 7.10247 5.39395 0.52556 type=4
  atom 3: -2.33038 4.29955 8.00585 type=4
  atom 4: -1.23824 8.59966 3.14850 type=3
ML HG_ev = -0.307338 eV
[CLIENT] POSDATA natoms=1191 config_type=101 n_mol=1
  atom 0: -0.25953 0.54720 3.74015 type=4
  atom 1: 5.03161 9.14630 4.79126 type=4
  atom 2: 7.10247 5.39395 0.52556 type=4
  atom 3: -2.33038 4.29955 8.00585 type=4
  atom 4: -1.23824 8.59966 3.14850 type=3
ML HG_ev = -0.351474 eV
[CLIENT] POSDATA natoms=1191 config_type=101 n_mol=1
  atom 0: -0.25953 0.54720 3.74015 type=4
  atom 1: 5.03161 9.14630 4.79126 type=4
  atom 2: 7.10247 5.39395 0.52556 type=4
  atom 3: -2.33038 4.29955 8.00585 type=4
  atom 4: -1.23824 8.59966 3.14850 type=3
ML HG_ev = -0.263471 eV
[CLIENT] POSDATA natoms=1191 config_type=101 n_mol=1
  atom 0: -0.25953 0.54720 3.74015 type=4
  atom 1: 5.03161 9.14630 4.79126 type=4
  atom 2: 7.10247 5.39395 0.52556 type=4
  atom 3: -2.33038 4.29955 8.00585 type=4
  atom 4: -1.23824 8.59966 3.14850 type=3
ML HG_ev = -0.350419 eV
[CLIENT] POSDATA natoms=1191 config_type=101 n_mol=1
  atom 0: -0.25953 0.54720 3.74015 type=4
  atom 1: 5.03161 9.14630 4.79126 type=4
  atom 2: 7.10247 5.39395 0.52556 type=4
  atom 3: -2.33038 4.29955 8.00585 type=4
  atom 4: -1.23824 8.59966 3.14850 type=3
ML HG_ev = -0.279057 eV
[CLIENT] POSDATA natoms=1191 config_type=101 n_mol=1
  atom 0: -0.25953 0.54720 3.74015 type=4
  atom 1: 5.03161 9.14630 4.79126 type=4
  atom 2: 7.10247 5.39395 0.52556 type=4
  atom 3: -2.33038 4.29955 8.00585 type=4
  atom 4: -1.23824 8.59966 3.14850 type=3
ML HG_ev = -0.351081 eV
[CLIENT] POSDATA natoms=1191 config_type=101 n_mol=1
  atom 0: -0.25953 0.54720 3.74015 type=4
  atom 1: 5.03161 9.14630 4.79126 type=4
  atom 2: 7.10247 5.39395 0.52556 type=4
  atom 3: -2.33038 4.29955 8.00585 type=4
  atom 4: -1.23824 8.59966 3.14850 type=3
ML HG_ev = -0.334050 eV
[CLIENT] POSDATA natoms=1191 config_type=101 n_mol=1
  atom 0: -0.25953 0.54720 3.74015 type=4
  atom 1: 5.03161 9.14630 4.79126 type=4
  atom 2: 7.10247 5.39395 0.52556 type=4
  atom 3: -2.33038 4.29955 8.00585 type=4
  atom 4: -1.23824 8.59966 3.14850 type=3
ML HG_ev = -0.350254 eV
[CLIENT] POSDATA natoms=1191 config_type=101 n_mol=1
  atom 0: -0.25953 0.54720 3.74015 type=4
  atom 1: 5.03161 9.14630 4.79126 type=4
  atom 2: 7.10247 5.39395 0.52556 type=4
  atom 3: -2.33038 4.29955 8.00585 type=4
  atom 4: -1.23824 8.59966 3.14850 type=3
ML HG_ev = -0.349677 eV
[CLIENT] POSDATA natoms=1191 config_type=101 n_mol=1
  atom 0: -0.25953 0.54720 3.74015 type=4
  atom 1: 5.03161 9.14630 4.79126 type=4
  atom 2: 7.10247 5.39395 0.52556 type=4
  atom 3: -2.33038 4.29955 8.00585 type=4
  atom 4: -1.23824 8.59966 3.14850 type=3
ML HG_ev = -0.350729 eV
[CLIENT] POSDATA natoms=1191 config_type=101 n_mol=1
  atom 0: -0.25953 0.54720 3.74015 type=4
  atom 1: 5.03161 9.14630 4.79126 type=4
  atom 2: 7.10247 5.39395 0.52556 type=4
  atom 3: -2.33038 4.29955 8.00585 type=4
  atom 4: -1.23824 8.59966 3.14850 type=3
ML HG_ev = 0.081096 eV
[CLIENT] POSDATA natoms=1191 config_type=101 n_mol=1
  atom 0: -0.25953 0.54720 3.74015 type=4
  atom 1: 5.03161 9.14630 4.79126 type=4
  atom 2: 7.10247 5.39395 0.52556 type=4
  atom 3: -2.33038 4.29955 8.00585 type=4
  atom 4: -1.23824 8.59966 3.14850 type=3
ML HG_ev = -0.350919 eV
[CLIENT] POSDATA natoms=1191 config_type=101 n_mol=1
  atom 0: -0.25953 0.54720 3.74015 type=4
  atom 1: 5.03161 9.14630 4.79126 type=4
  atom 2: 7.10247 5.39395 0.52556 type=4
  atom 3: -2.33038 4.29955 8.00585 type=4
  atom 4: -1.23824 8.59966 3.14850 type=3
ML HG_ev = -0.351006 eV
[CLIENT] POSDATA natoms=1191 config_type=101 n_mol=1
  atom 0: -0.25953 0.54720 3.74015 type=4
  atom 1: 5.03161 9.14630 4.79126 type=4
  atom 2: 7.10247 5.39395 0.52556 type=4
  atom 3: -2.33038 4.29955 8.00585 type=4
  atom 4: -1.23824 8.59966 3.14850 type=3
ML HG_ev = 0.492664 eV
[CLIENT] POSDATA natoms=1191 config_type=101 n_mol=1
  atom 0: -0.25953 0.54720 3.74015 type=4
  atom 1: 5.03161 9.14630 4.79126 type=4
  atom 2: 7.10247 5.39395 0.52556 type=4
  atom 3: -2.33038 4.29955 8.00585 type=4
  atom 4: -1.23824 8.59966 3.14850 type=3
ML HG_ev = -0.350985 eV
[CLIENT] POSDATA natoms=1191 config_type=101 n_mol=1
  atom 0: -0.25953 0.54720 3.74015 type=4
  atom 1: 5.03161 9.14630 4.79126 type=4
  atom 2: 7.10247 5.39395 0.52556 type=4
  atom 3: -2.33038 4.29955 8.00585 type=4
  atom 4: -1.23824 8.59966 3.14850 type=3
ML HG_ev = -0.354197 eV
[CLIENT] POSDATA natoms=1191 config_type=101 n_mol=1
  atom 0: -0.25953 0.54720 3.74015 type=4
  atom 1: 5.03161 9.14630 4.79126 type=4
  atom 2: 7.10247 5.39395 0.52556 type=4
  atom 3: -2.33038 4.29955 8.00585 type=4
  atom 4: -1.23824 8.59966 3.14850 type=3
ML HG_ev = -0.350951 eV
[CLIENT] POSDATA natoms=1191 config_type=101 n_mol=1
  atom 0: -0.25953 0.54720 3.74015 type=4
  atom 1: 5.03161 9.14630 4.79126 type=4
  atom 2: 7.10247 5.39395 0.52556 type=4
  atom 3: -2.33038 4.29955 8.00585 type=4
  atom 4: -1.23824 8.59966 3.14850 type=3
ML HG_ev = -0.360905 eV
[CLIENT] POSDATA natoms=1191 config_type=101 n_mol=1
  atom 0: -0.25953 0.54720 3.74015 type=4
  atom 1: 5.03161 9.14630 4.79126 type=4
  atom 2: 7.10247 5.39395 0.52556 type=4
  atom 3: -2.33038 4.29955 8.00585 type=4
  atom 4: -1.23824 8.59966 3.14850 type=3
ML HG_ev = -0.354119 eV
[CLIENT] POSDATA natoms=1191 config_type=101 n_mol=1
  atom 0: -0.25953 0.54720 3.74015 type=4
  atom 1: 5.03161 9.14630 4.79126 type=4
  atom 2: 7.10247 5.39395 0.52556 type=4
  atom 3: -2.33038 4.29955 8.00585 type=4
  atom 4: -1.23824 8.59966 3.14850 type=3
ML HG_ev = -0.359043 eV
[CLIENT] POSDATA natoms=1191 config_type=101 n_mol=1
  atom 0: -0.25953 0.54720 3.74015 type=4
  atom 1: 5.03161 9.14630 4.79126 type=4
  atom 2: 7.10247 5.39395 0.52556 type=4
  atom 3: -2.33038 4.29955 8.00585 type=4
  atom 4: -1.23824 8.59966 3.14850 type=3
ML HG_ev = -0.360675 eV
[CLIENT] POSDATA natoms=1191 config_type=101 n_mol=1
  atom 0: -0.25953 0.54720 3.74015 type=4
  atom 1: 5.03161 9.14630 4.79126 type=4
  atom 2: 7.10247 5.39395 0.52556 type=4
  atom 3: -2.33038 4.29955 8.00585 type=4
  atom 4: -1.23824 8.59966 3.14850 type=3
ML HG_ev = -0.360769 eV
[CLIENT] POSDATA natoms=1191 config_type=101 n_mol=1
  atom 0: -0.25953 0.54720 3.74015 type=4
  atom 1: 5.03161 9.14630 4.79126 type=4
  atom 2: 7.10247 5.39395 0.52556 type=4
  atom 3: -2.33038 4.29955 8.00585 type=4
  atom 4: -1.23824 8.59966 3.14850 type=3
ML HG_ev = -0.360826 eV
[CLIENT] POSDATA natoms=1191 config_type=101 n_mol=1
  atom 0: -0.25953 0.54720 3.74015 type=4
  atom 1: 5.03161 9.14630 4.79126 type=4
  atom 2: 7.10247 5.39395 0.52556 type=4
  atom 3: -2.33038 4.29955 8.00585 type=4
  atom 4: -1.23824 8.59966 3.14850 type=3
ML HG_ev = 3.058959 eV
[CLIENT] POSDATA natoms=1191 config_type=101 n_mol=1
  atom 0: -0.25953 0.54720 3.74015 type=4
  atom 1: 5.03161 9.14630 4.79126 type=4
  atom 2: 7.10247 5.39395 0.52556 type=4
  atom 3: -2.33038 4.29955 8.00585 type=4
  atom 4: -1.23824 8.59966 3.14850 type=3
ML HG_ev = -0.360428 eV
[CLIENT] POSDATA natoms=1191 config_type=101 n_mol=1
  atom 0: -0.25953 0.54720 3.74015 type=4
  atom 1: 5.03161 9.14630 4.79126 type=4
  atom 2: 7.10247 5.39395 0.52556 type=4
  atom 3: -2.33038 4.29955 8.00585 type=4
  atom 4: -1.23824 8.59966 3.14850 type=3
ML HG_ev = -0.360274 eV
[CLIENT] POSDATA natoms=1191 config_type=101 n_mol=1
  atom 0: -0.25953 0.54720 3.74015 type=4
  atom 1: 5.03161 9.14630 4.79126 type=4
  atom 2: 7.10247 5.39395 0.52556 type=4
  atom 3: -2.33038 4.29955 8.00585 type=4
  atom 4: -1.23824 8.59966 3.14850 type=3
ML HG_ev = -0.020248 eV
[CLIENT] POSDATA natoms=1191 config_type=101 n_mol=1
  atom 0: -0.25953 0.54720 3.74015 type=4
  atom 1: 5.03161 9.14630 4.79126 type=4
  atom 2: 7.10247 5.39395 0.52556 type=4
  atom 3: -2.33038 4.29955 8.00585 type=4
  atom 4: -1.23824 8.59966 3.14850 type=3
ML HG_ev = -0.360744 eV
[CLIENT] POSDATA natoms=1191 config_type=101 n_mol=1
  atom 0: -0.25953 0.54720 3.74015 type=4
  atom 1: 5.03161 9.14630 4.79126 type=4
  atom 2: 7.10247 5.39395 0.52556 type=4
  atom 3: -2.33038 4.29955 8.00585 type=4
  atom 4: -1.23824 8.59966 3.14850 type=3
ML HG_ev = -0.300944 eV
[CLIENT] POSDATA natoms=1191 config_type=101 n_mol=1
  atom 0: -0.25953 0.54720 3.74015 type=4
  atom 1: 5.03161 9.14630 4.79126 type=4
  atom 2: 7.10247 5.39395 0.52556 type=4
  atom 3: -2.33038 4.29955 8.00585 type=4
  atom 4: -1.23824 8.59966 3.14850 type=3
ML HG_ev = -0.360799 eV
[CLIENT] POSDATA natoms=1191 config_type=101 n_mol=1
  atom 0: -0.25953 0.54720 3.74015 type=4
  atom 1: 5.03161 9.14630 4.79126 type=4
  atom 2: 7.10247 5.39395 0.52556 type=4
  atom 3: -2.33038 4.29955 8.00585 type=4
  atom 4: -1.23824 8.59966 3.14850 type=3
ML HG_ev = -0.295265 eV
[CLIENT] POSDATA natoms=1191 config_type=101 n_mol=1
  atom 0: -0.25953 0.54720 3.74015 type=4
  atom 1: 5.03161 9.14630 4.79126 type=4
  atom 2: 7.10247 5.39395 0.52556 type=4
  atom 3: -2.33038 4.29955 8.00585 type=4
  atom 4: -1.23824 8.59966 3.14850 type=3
ML HG_ev = -0.360945 eV
[CLIENT] POSDATA natoms=1191 config_type=101 n_mol=1
  atom 0: -0.25953 0.54720 3.74015 type=4
  atom 1: 5.03161 9.14630 4.79126 type=4
  atom 2: 7.10247 5.39395 0.52556 type=4
  atom 3: -2.33038 4.29955 8.00585 type=4
  atom 4: -1.23824 8.59966 3.14850 type=3
ML HG_ev = -0.319889 eV
[CLIENT] POSDATA natoms=1191 config_type=101 n_mol=1
  atom 0: -0.25953 0.54720 3.74015 type=4
  atom 1: 5.03161 9.14630 4.79126 type=4
  atom 2: 7.10247 5.39395 0.52556 type=4
  atom 3: -2.33038 4.29955 8.00585 type=4
  atom 4: -1.23824 8.59966 3.14850 type=3
ML HG_ev = -0.360635 eV
[CLIENT] POSDATA natoms=1191 config_type=101 n_mol=1
  atom 0: -0.25953 0.54720 3.74015 type=4
  atom 1: 5.03161 9.14630 4.79126 type=4
  atom 2: 7.10247 5.39395 0.52556 type=4
  atom 3: -2.33038 4.29955 8.00585 type=4
  atom 4: -1.23824 8.59966 3.14850 type=3
ML HG_ev = -0.318905 eV
[CLIENT] POSDATA natoms=1191 config_type=101 n_mol=1
  atom 0: -0.25953 0.54720 3.74015 type=4
  atom 1: 5.03161 9.14630 4.79126 type=4
  atom 2: 7.10247 5.39395 0.52556 type=4
  atom 3: -2.33038 4.29955 8.00585 type=4
  atom 4: -1.23824 8.59966 3.14850 type=3
INITIALIZATION Cycle: 600, 1 Adsorbate Molecules, Total Energy: -3002.68955  ||  Component 0 [calf20_ddec_super.cif], 1 Molecules  ||  Component 1 [CO2], 1 Molecules  ||  
ML HG_ev = -0.360978 eV
[CLIENT] POSDATA natoms=1191 config_type=101 n_mol=1
  atom 0: -0.25953 0.54720 3.74015 type=4
  atom 1: 5.03161 9.14630 4.79126 type=4
  atom 2: 7.10247 5.39395 0.52556 type=4
  atom 3: -2.33038 4.29955 8.00585 type=4
  atom 4: -1.23824 8.59966 3.14850 type=3
ML HG_ev = 1.265846 eV
[CLIENT] POSDATA natoms=1191 config_type=101 n_mol=1
  atom 0: -0.25953 0.54720 3.74015 type=4
  atom 1: 5.03161 9.14630 4.79126 type=4
  atom 2: 7.10247 5.39395 0.52556 type=4
  atom 3: -2.33038 4.29955 8.00585 type=4
  atom 4: -1.23824 8.59966 3.14850 type=3
ML HG_ev = -0.318768 eV
[CLIENT] POSDATA natoms=1191 config_type=101 n_mol=1
  atom 0: -0.25953 0.54720 3.74015 type=4
  atom 1: 5.03161 9.14630 4.79126 type=4
  atom 2: 7.10247 5.39395 0.52556 type=4
  atom 3: -2.33038 4.29955 8.00585 type=4
  atom 4: -1.23824 8.59966 3.14850 type=3
ML HG_ev = -0.318982 eV
[CLIENT] POSDATA natoms=1191 config_type=101 n_mol=1
  atom 0: -0.25953 0.54720 3.74015 type=4
  atom 1: 5.03161 9.14630 4.79126 type=4
  atom 2: 7.10247 5.39395 0.52556 type=4
  atom 3: -2.33038 4.29955 8.00585 type=4
  atom 4: -1.23824 8.59966 3.14850 type=3
ML HG_ev = -0.309254 eV
[CLIENT] POSDATA natoms=1191 config_type=101 n_mol=1
  atom 0: -0.25953 0.54720 3.74015 type=4
  atom 1: 5.03161 9.14630 4.79126 type=4
  atom 2: 7.10247 5.39395 0.52556 type=4
  atom 3: -2.33038 4.29955 8.00585 type=4
  atom 4: -1.23824 8.59966 3.14850 type=3
ML HG_ev = -0.319427 eV
[CLIENT] POSDATA natoms=1191 config_type=101 n_mol=1
  atom 0: -0.25953 0.54720 3.74015 type=4
  atom 1: 5.03161 9.14630 4.79126 type=4
  atom 2: 7.10247 5.39395 0.52556 type=4
  atom 3: -2.33038 4.29955 8.00585 type=4
  atom 4: -1.23824 8.59966 3.14850 type=3
ML HG_ev = -0.313070 eV
[CLIENT] POSDATA natoms=1191 config_type=101 n_mol=1
  atom 0: -0.25953 0.54720 3.74015 type=4
  atom 1: 5.03161 9.14630 4.79126 type=4
  atom 2: 7.10247 5.39395 0.52556 type=4
  atom 3: -2.33038 4.29955 8.00585 type=4
  atom 4: -1.23824 8.59966 3.14850 type=3
ML HG_ev = -0.318973 eV
[CLIENT] POSDATA natoms=1191 config_type=101 n_mol=1
  atom 0: -0.25953 0.54720 3.74015 type=4
  atom 1: 5.03161 9.14630 4.79126 type=4
  atom 2: 7.10247 5.39395 0.52556 type=4
  atom 3: -2.33038 4.29955 8.00585 type=4
  atom 4: -1.23824 8.59966 3.14850 type=3
ML HG_ev = 0.101721 eV
[CLIENT] POSDATA natoms=1191 config_type=101 n_mol=1
  atom 0: -0.25953 0.54720 3.74015 type=4
  atom 1: 5.03161 9.14630 4.79126 type=4
  atom 2: 7.10247 5.39395 0.52556 type=4
  atom 3: -2.33038 4.29955 8.00585 type=4
  atom 4: -1.23824 8.59966 3.14850 type=3
ML HG_ev = -0.312382 eV
[CLIENT] POSDATA natoms=1191 config_type=101 n_mol=1
  atom 0: -0.25953 0.54720 3.74015 type=4
  atom 1: 5.03161 9.14630 4.79126 type=4
  atom 2: 7.10247 5.39395 0.52556 type=4
  atom 3: -2.33038 4.29955 8.00585 type=4
  atom 4: -1.23824 8.59966 3.14850 type=3
ML HG_ev = 2.630875 eV
[CLIENT] POSDATA natoms=1191 config_type=101 n_mol=1
  atom 0: -0.25953 0.54720 3.74015 type=4
  atom 1: 5.03161 9.14630 4.79126 type=4
  atom 2: 7.10247 5.39395 0.52556 type=4
  atom 3: -2.33038 4.29955 8.00585 type=4
  atom 4: -1.23824 8.59966 3.14850 type=3
ML HG_ev = -0.312833 eV
[CLIENT] POSDATA natoms=1191 config_type=101 n_mol=1
  atom 0: -0.25953 0.54720 3.74015 type=4
  atom 1: 5.03161 9.14630 4.79126 type=4
  atom 2: 7.10247 5.39395 0.52556 type=4
  atom 3: -2.33038 4.29955 8.00585 type=4
  atom 4: -1.23824 8.59966 3.14850 type=3
ML HG_ev = -0.312950 eV
[CLIENT] POSDATA natoms=1191 config_type=101 n_mol=1
  atom 0: -0.25953 0.54720 3.74015 type=4
  atom 1: 5.03161 9.14630 4.79126 type=4
  atom 2: 7.10247 5.39395 0.52556 type=4
  atom 3: -2.33038 4.29955 8.00585 type=4
  atom 4: -1.23824 8.59966 3.14850 type=3
ML HG_ev = -0.284584 eV
[CLIENT] POSDATA natoms=1191 config_type=101 n_mol=1
  atom 0: -0.25953 0.54720 3.74015 type=4
  atom 1: 5.03161 9.14630 4.79126 type=4
  atom 2: 7.10247 5.39395 0.52556 type=4
  atom 3: -2.33038 4.29955 8.00585 type=4
  atom 4: -1.23824 8.59966 3.14850 type=3
ML HG_ev = -0.313504 eV
[CLIENT] POSDATA natoms=1191 config_type=101 n_mol=1
  atom 0: -0.25953 0.54720 3.74015 type=4
  atom 1: 5.03161 9.14630 4.79126 type=4
  atom 2: 7.10247 5.39395 0.52556 type=4
  atom 3: -2.33038 4.29955 8.00585 type=4
  atom 4: -1.23824 8.59966 3.14850 type=3
ML HG_ev = -0.269584 eV
[CLIENT] POSDATA natoms=1191 config_type=101 n_mol=1
  atom 0: -0.25953 0.54720 3.74015 type=4
  atom 1: 5.03161 9.14630 4.79126 type=4
  atom 2: 7.10247 5.39395 0.52556 type=4
  atom 3: -2.33038 4.29955 8.00585 type=4
  atom 4: -1.23824 8.59966 3.14850 type=3
ML HG_ev = -0.312750 eV
[CLIENT] POSDATA natoms=1191 config_type=101 n_mol=1
  atom 0: -0.25953 0.54720 3.74015 type=4
  atom 1: 5.03161 9.14630 4.79126 type=4
  atom 2: 7.10247 5.39395 0.52556 type=4
  atom 3: -2.33038 4.29955 8.00585 type=4
  atom 4: -1.23824 8.59966 3.14850 type=3
ML HG_ev = 0.108917 eV
[CLIENT] POSDATA natoms=1191 config_type=101 n_mol=1
  atom 0: -0.25953 0.54720 3.74015 type=4
  atom 1: 5.03161 9.14630 4.79126 type=4
  atom 2: 7.10247 5.39395 0.52556 type=4
  atom 3: -2.33038 4.29955 8.00585 type=4
  atom 4: -1.23824 8.59966 3.14850 type=3
ML HG_ev = -0.312612 eV
[CLIENT] POSDATA natoms=1191 config_type=101 n_mol=1
  atom 0: -0.25953 0.54720 3.74015 type=4
  atom 1: 5.03161 9.14630 4.79126 type=4
  atom 2: 7.10247 5.39395 0.52556 type=4
  atom 3: -2.33038 4.29955 8.00585 type=4
  atom 4: -1.23824 8.59966 3.14850 type=3
ML HG_ev = 0.091345 eV
[CLIENT] POSDATA natoms=1191 config_type=101 n_mol=1
  atom 0: -0.25953 0.54720 3.74015 type=4
  atom 1: 5.03161 9.14630 4.79126 type=4
  atom 2: 7.10247 5.39395 0.52556 type=4
  atom 3: -2.33038 4.29955 8.00585 type=4
  atom 4: -1.23824 8.59966 3.14850 type=3
ML HG_ev = -0.312887 eV
[CLIENT] POSDATA natoms=1191 config_type=101 n_mol=1
  atom 0: -0.25953 0.54720 3.74015 type=4
  atom 1: 5.03161 9.14630 4.79126 type=4
  atom 2: 7.10247 5.39395 0.52556 type=4
  atom 3: -2.33038 4.29955 8.00585 type=4
  atom 4: -1.23824 8.59966 3.14850 type=3
ML HG_ev = -0.313185 eV
[CLIENT] POSDATA natoms=1191 config_type=101 n_mol=1
  atom 0: -0.25953 0.54720 3.74015 type=4
  atom 1: 5.03161 9.14630 4.79126 type=4
  atom 2: 7.10247 5.39395 0.52556 type=4
  atom 3: -2.33038 4.29955 8.00585 type=4
  atom 4: -1.23824 8.59966 3.14850 type=3
ML HG_ev = -0.313246 eV
[CLIENT] POSDATA natoms=1191 config_type=101 n_mol=1
  atom 0: -0.25953 0.54720 3.74015 type=4
  atom 1: 5.03161 9.14630 4.79126 type=4
  atom 2: 7.10247 5.39395 0.52556 type=4
  atom 3: -2.33038 4.29955 8.00585 type=4
  atom 4: -1.23824 8.59966 3.14850 type=3
ML HG_ev = -0.213181 eV
[CLIENT] POSDATA natoms=1191 config_type=101 n_mol=1
  atom 0: -0.25953 0.54720 3.74015 type=4
  atom 1: 5.03161 9.14630 4.79126 type=4
  atom 2: 7.10247 5.39395 0.52556 type=4
  atom 3: -2.33038 4.29955 8.00585 type=4
  atom 4: -1.23824 8.59966 3.14850 type=3
ML HG_ev = -0.313456 eV
[CLIENT] POSDATA natoms=1191 config_type=101 n_mol=1
  atom 0: -0.25953 0.54720 3.74015 type=4
  atom 1: 5.03161 9.14630 4.79126 type=4
  atom 2: 7.10247 5.39395 0.52556 type=4
  atom 3: -2.33038 4.29955 8.00585 type=4
  atom 4: -1.23824 8.59966 3.14850 type=3
ML HG_ev = -0.313001 eV
[CLIENT] POSDATA natoms=1191 config_type=101 n_mol=1
  atom 0: -0.25953 0.54720 3.74015 type=4
  atom 1: 5.03161 9.14630 4.79126 type=4
  atom 2: 7.10247 5.39395 0.52556 type=4
  atom 3: -2.33038 4.29955 8.00585 type=4
  atom 4: -1.23824 8.59966 3.14850 type=3
ML HG_ev = 1.032099 eV
[CLIENT] POSDATA natoms=1191 config_type=101 n_mol=1
  atom 0: -0.25953 0.54720 3.74015 type=4
  atom 1: 5.03161 9.14630 4.79126 type=4
  atom 2: 7.10247 5.39395 0.52556 type=4
  atom 3: -2.33038 4.29955 8.00585 type=4
  atom 4: -1.23824 8.59966 3.14850 type=3
ML HG_ev = -0.313961 eV
[CLIENT] POSDATA natoms=1191 config_type=101 n_mol=1
  atom 0: -0.25953 0.54720 3.74015 type=4
  atom 1: 5.03161 9.14630 4.79126 type=4
  atom 2: 7.10247 5.39395 0.52556 type=4
  atom 3: -2.33038 4.29955 8.00585 type=4
  atom 4: -1.23824 8.59966 3.14850 type=3
ML HG_ev = 1.358629 eV
[CLIENT] POSDATA natoms=1191 config_type=101 n_mol=1
  atom 0: -0.25953 0.54720 3.74015 type=4
  atom 1: 5.03161 9.14630 4.79126 type=4
  atom 2: 7.10247 5.39395 0.52556 type=4
  atom 3: -2.33038 4.29955 8.00585 type=4
  atom 4: -1.23824 8.59966 3.14850 type=3
ML HG_ev = -0.312852 eV
[CLIENT] POSDATA natoms=1191 config_type=101 n_mol=1
  atom 0: -0.25953 0.54720 3.74015 type=4
  atom 1: 5.03161 9.14630 4.79126 type=4
  atom 2: 7.10247 5.39395 0.52556 type=4
  atom 3: -2.33038 4.29955 8.00585 type=4
  atom 4: -1.23824 8.59966 3.14850 type=3
ML HG_ev = 0.272488 eV
[CLIENT] POSDATA natoms=1191 config_type=101 n_mol=1
  atom 0: -0.25953 0.54720 3.74015 type=4
  atom 1: 5.03161 9.14630 4.79126 type=4
  atom 2: 7.10247 5.39395 0.52556 type=4
  atom 3: -2.33038 4.29955 8.00585 type=4
  atom 4: -1.23824 8.59966 3.14850 type=3
ML HG_ev = -0.313323 eV
[CLIENT] POSDATA natoms=1191 config_type=101 n_mol=1
  atom 0: -0.25953 0.54720 3.74015 type=4
  atom 1: 5.03161 9.14630 4.79126 type=4
  atom 2: 7.10247 5.39395 0.52556 type=4
  atom 3: -2.33038 4.29955 8.00585 type=4
  atom 4: -1.23824 8.59966 3.14850 type=3
ML HG_ev = -0.201202 eV
[CLIENT] POSDATA natoms=1191 config_type=101 n_mol=1
  atom 0: -0.25953 0.54720 3.74015 type=4
  atom 1: 5.03161 9.14630 4.79126 type=4
  atom 2: 7.10247 5.39395 0.52556 type=4
  atom 3: -2.33038 4.29955 8.00585 type=4
  atom 4: -1.23824 8.59966 3.14850 type=3
ML HG_ev = -0.312784 eV
[CLIENT] POSDATA natoms=1191 config_type=101 n_mol=1
  atom 0: -0.25953 0.54720 3.74015 type=4
  atom 1: 5.03161 9.14630 4.79126 type=4
  atom 2: 7.10247 5.39395 0.52556 type=4
  atom 3: -2.33038 4.29955 8.00585 type=4
  atom 4: -1.23824 8.59966 3.14850 type=3
ML HG_ev = 1.048245 eV
[CLIENT] POSDATA natoms=1191 config_type=101 n_mol=1
  atom 0: -0.25953 0.54720 3.74015 type=4
  atom 1: 5.03161 9.14630 4.79126 type=4
  atom 2: 7.10247 5.39395 0.52556 type=4
  atom 3: -2.33038 4.29955 8.00585 type=4
  atom 4: -1.23824 8.59966 3.14850 type=3
ML HG_ev = -0.313522 eV
[CLIENT] POSDATA natoms=1191 config_type=101 n_mol=1
  atom 0: -0.25953 0.54720 3.74015 type=4
  atom 1: 5.03161 9.14630 4.79126 type=4
  atom 2: 7.10247 5.39395 0.52556 type=4
  atom 3: -2.33038 4.29955 8.00585 type=4
  atom 4: -1.23824 8.59966 3.14850 type=3
ML HG_ev = -0.227387 eV
[CLIENT] POSDATA natoms=1191 config_type=101 n_mol=1
  atom 0: -0.25953 0.54720 3.74015 type=4
  atom 1: 5.03161 9.14630 4.79126 type=4
  atom 2: 7.10247 5.39395 0.52556 type=4
  atom 3: -2.33038 4.29955 8.00585 type=4
  atom 4: -1.23824 8.59966 3.14850 type=3
ML HG_ev = -0.313742 eV
[CLIENT] POSDATA natoms=1191 config_type=101 n_mol=1
  atom 0: -0.25953 0.54720 3.74015 type=4
  atom 1: 5.03161 9.14630 4.79126 type=4
  atom 2: 7.10247 5.39395 0.52556 type=4
  atom 3: -2.33038 4.29955 8.00585 type=4
  atom 4: -1.23824 8.59966 3.14850 type=3
ML HG_ev = -0.247427 eV
[CLIENT] POSDATA natoms=1191 config_type=101 n_mol=1
  atom 0: -0.25953 0.54720 3.74015 type=4
  atom 1: 5.03161 9.14630 4.79126 type=4
  atom 2: 7.10247 5.39395 0.52556 type=4
  atom 3: -2.33038 4.29955 8.00585 type=4
  atom 4: -1.23824 8.59966 3.14850 type=3
ML HG_ev = -0.313342 eV
[CLIENT] POSDATA natoms=1191 config_type=101 n_mol=1
  atom 0: -0.25953 0.54720 3.74015 type=4
  atom 1: 5.03161 9.14630 4.79126 type=4
  atom 2: 7.10247 5.39395 0.52556 type=4
  atom 3: -2.33038 4.29955 8.00585 type=4
  atom 4: -1.23824 8.59966 3.14850 type=3
ML HG_ev = -0.313507 eV
[CLIENT] POSDATA natoms=1191 config_type=101 n_mol=1
  atom 0: -0.25953 0.54720 3.74015 type=4
  atom 1: 5.03161 9.14630 4.79126 type=4
  atom 2: 7.10247 5.39395 0.52556 type=4
  atom 3: -2.33038 4.29955 8.00585 type=4
  atom 4: -1.23824 8.59966 3.14850 type=3
ML HG_ev = -0.233924 eV
[CLIENT] POSDATA natoms=1191 config_type=101 n_mol=1
  atom 0: -0.25953 0.54720 3.74015 type=4
  atom 1: 5.03161 9.14630 4.79126 type=4
  atom 2: 7.10247 5.39395 0.52556 type=4
  atom 3: -2.33038 4.29955 8.00585 type=4
  atom 4: -1.23824 8.59966 3.14850 type=3
ML HG_ev = -0.313344 eV
[CLIENT] POSDATA natoms=1191 config_type=101 n_mol=1
  atom 0: -0.25953 0.54720 3.74015 type=4
  atom 1: 5.03161 9.14630 4.79126 type=4
  atom 2: 7.10247 5.39395 0.52556 type=4
  atom 3: -2.33038 4.29955 8.00585 type=4
  atom 4: -1.23824 8.59966 3.14850 type=3
ML HG_ev = 0.459974 eV
[CLIENT] POSDATA natoms=1191 config_type=101 n_mol=1
  atom 0: -0.25953 0.54720 3.74015 type=4
  atom 1: 5.03161 9.14630 4.79126 type=4
  atom 2: 7.10247 5.39395 0.52556 type=4
  atom 3: -2.33038 4.29955 8.00585 type=4
  atom 4: -1.23824 8.59966 3.14850 type=3
ML HG_ev = -0.313208 eV
[CLIENT] POSDATA natoms=1191 config_type=101 n_mol=1
  atom 0: -0.25953 0.54720 3.74015 type=4
  atom 1: 5.03161 9.14630 4.79126 type=4
  atom 2: 7.10247 5.39395 0.52556 type=4
  atom 3: -2.33038 4.29955 8.00585 type=4
  atom 4: -1.23824 8.59966 3.14850 type=3
ML HG_ev = -0.318461 eV
[CLIENT] POSDATA natoms=1191 config_type=101 n_mol=1
  atom 0: -0.25953 0.54720 3.74015 type=4
  atom 1: 5.03161 9.14630 4.79126 type=4
  atom 2: 7.10247 5.39395 0.52556 type=4
  atom 3: -2.33038 4.29955 8.00585 type=4
  atom 4: -1.23824 8.59966 3.14850 type=3
ML HG_ev = -0.312891 eV
[CLIENT] POSDATA natoms=1191 config_type=101 n_mol=1
  atom 0: -0.25953 0.54720 3.74015 type=4
  atom 1: 5.03161 9.14630 4.79126 type=4
  atom 2: 7.10247 5.39395 0.52556 type=4
  atom 3: -2.33038 4.29955 8.00585 type=4
  atom 4: -1.23824 8.59966 3.14850 type=3
ML HG_ev = -0.344024 eV
[CLIENT] POSDATA natoms=1191 config_type=101 n_mol=1
  atom 0: -0.25953 0.54720 3.74015 type=4
  atom 1: 5.03161 9.14630 4.79126 type=4
  atom 2: 7.10247 5.39395 0.52556 type=4
  atom 3: -2.33038 4.29955 8.00585 type=4
  atom 4: -1.23824 8.59966 3.14850 type=3
ML HG_ev = -0.313343 eV
[CLIENT] POSDATA natoms=1191 config_type=101 n_mol=1
  atom 0: -0.25953 0.54720 3.74015 type=4
  atom 1: 5.03161 9.14630 4.79126 type=4
  atom 2: 7.10247 5.39395 0.52556 type=4
  atom 3: -2.33038 4.29955 8.00585 type=4
  atom 4: -1.23824 8.59966 3.14850 type=3
ML HG_ev = -0.309546 eV
[CLIENT] POSDATA natoms=1191 config_type=101 n_mol=1
  atom 0: -0.25953 0.54720 3.74015 type=4
  atom 1: 5.03161 9.14630 4.79126 type=4
  atom 2: 7.10247 5.39395 0.52556 type=4
  atom 3: -2.33038 4.29955 8.00585 type=4
  atom 4: -1.23824 8.59966 3.14850 type=3
ML HG_ev = -0.344146 eV
[CLIENT] POSDATA natoms=1191 config_type=101 n_mol=1
  atom 0: -0.25953 0.54720 3.74015 type=4
  atom 1: 5.03161 9.14630 4.79126 type=4
  atom 2: 7.10247 5.39395 0.52556 type=4
  atom 3: -2.33038 4.29955 8.00585 type=4
  atom 4: -1.23824 8.59966 3.14850 type=3
ML HG_ev = -0.344521 eV
[CLIENT] POSDATA natoms=1191 config_type=101 n_mol=1
  atom 0: -0.25953 0.54720 3.74015 type=4
  atom 1: 5.03161 9.14630 4.79126 type=4
  atom 2: 7.10247 5.39395 0.52556 type=4
  atom 3: -2.33038 4.29955 8.00585 type=4
  atom 4: -1.23824 8.59966 3.14850 type=3
ML HG_ev = -0.093854 eV
[CLIENT] POSDATA natoms=1191 config_type=101 n_mol=1
  atom 0: -0.25953 0.54720 3.74015 type=4
  atom 1: 5.03161 9.14630 4.79126 type=4
  atom 2: 7.10247 5.39395 0.52556 type=4
  atom 3: -2.33038 4.29955 8.00585 type=4
  atom 4: -1.23824 8.59966 3.14850 type=3
ML HG_ev = -0.343613 eV
[CLIENT] POSDATA natoms=1191 config_type=101 n_mol=1
  atom 0: -0.25953 0.54720 3.74015 type=4
  atom 1: 5.03161 9.14630 4.79126 type=4
  atom 2: 7.10247 5.39395 0.52556 type=4
  atom 3: -2.33038 4.29955 8.00585 type=4
  atom 4: -1.23824 8.59966 3.14850 type=3
ML HG_ev = -0.343979 eV
[CLIENT] POSDATA natoms=1191 config_type=101 n_mol=1
  atom 0: -0.25953 0.54720 3.74015 type=4
  atom 1: 5.03161 9.14630 4.79126 type=4
  atom 2: 7.10247 5.39395 0.52556 type=4
  atom 3: -2.33038 4.29955 8.00585 type=4
  atom 4: -1.23824 8.59966 3.14850 type=3
ML HG_ev = 1.288719 eV
[CLIENT] POSDATA natoms=1191 config_type=101 n_mol=1
  atom 0: -0.25953 0.54720 3.74015 type=4
  atom 1: 5.03161 9.14630 4.79126 type=4
  atom 2: 7.10247 5.39395 0.52556 type=4
  atom 3: -2.33038 4.29955 8.00585 type=4
  atom 4: -1.23824 8.59966 3.14850 type=3
ML HG_ev = -0.041309 eV
[CLIENT] POSDATA natoms=1191 config_type=101 n_mol=1
  atom 0: -0.25953 0.54720 3.74015 type=4
  atom 1: 5.03161 9.14630 4.79126 type=4
  atom 2: 7.10247 5.39395 0.52556 type=4
  atom 3: -2.33038 4.29955 8.00585 type=4
  atom 4: -1.23824 8.59966 3.14850 type=3
ML HG_ev = -0.344017 eV
[CLIENT] POSDATA natoms=1191 config_type=101 n_mol=1
  atom 0: -0.25953 0.54720 3.74015 type=4
  atom 1: 5.03161 9.14630 4.79126 type=4
  atom 2: 7.10247 5.39395 0.52556 type=4
  atom 3: -2.33038 4.29955 8.00585 type=4
  atom 4: -1.23824 8.59966 3.14850 type=3
ML HG_ev = -0.344452 eV
[CLIENT] POSDATA natoms=1191 config_type=101 n_mol=1
  atom 0: -0.25953 0.54720 3.74015 type=4
  atom 1: 5.03161 9.14630 4.79126 type=4
  atom 2: 7.10247 5.39395 0.52556 type=4
  atom 3: -2.33038 4.29955 8.00585 type=4
  atom 4: -1.23824 8.59966 3.14850 type=3
ML HG_ev = -0.293112 eV
[CLIENT] POSDATA natoms=1191 config_type=101 n_mol=1
  atom 0: -0.25953 0.54720 3.74015 type=4
  atom 1: 5.03161 9.14630 4.79126 type=4
  atom 2: 7.10247 5.39395 0.52556 type=4
  atom 3: -2.33038 4.29955 8.00585 type=4
  atom 4: -1.23824 8.59966 3.14850 type=3
ML HG_ev = -0.344082 eV
[CLIENT] POSDATA natoms=1191 config_type=101 n_mol=1
  atom 0: -0.25953 0.54720 3.74015 type=4
  atom 1: 5.03161 9.14630 4.79126 type=4
  atom 2: 7.10247 5.39395 0.52556 type=4
  atom 3: -2.33038 4.29955 8.00585 type=4
  atom 4: -1.23824 8.59966 3.14850 type=3
ML HG_ev = -0.358857 eV
[CLIENT] POSDATA natoms=1191 config_type=101 n_mol=1
  atom 0: -0.25953 0.54720 3.74015 type=4
  atom 1: 5.03161 9.14630 4.79126 type=4
  atom 2: 7.10247 5.39395 0.52556 type=4
  atom 3: -2.33038 4.29955 8.00585 type=4
  atom 4: -1.23824 8.59966 3.14850 type=3
ML HG_ev = -0.344132 eV
[CLIENT] POSDATA natoms=1191 config_type=101 n_mol=1
  atom 0: -0.25953 0.54720 3.74015 type=4
  atom 1: 5.03161 9.14630 4.79126 type=4
  atom 2: 7.10247 5.39395 0.52556 type=4
  atom 3: -2.33038 4.29955 8.00585 type=4
  atom 4: -1.23824 8.59966 3.14850 type=3
ML HG_ev = -0.367074 eV
[CLIENT] POSDATA natoms=1191 config_type=101 n_mol=1
  atom 0: -0.25953 0.54720 3.74015 type=4
  atom 1: 5.03161 9.14630 4.79126 type=4
  atom 2: 7.10247 5.39395 0.52556 type=4
  atom 3: -2.33038 4.29955 8.00585 type=4
  atom 4: -1.23824 8.59966 3.14850 type=3
ML HG_ev = -0.359028 eV
[CLIENT] POSDATA natoms=1191 config_type=101 n_mol=1
  atom 0: -0.25953 0.54720 3.74015 type=4
  atom 1: 5.03161 9.14630 4.79126 type=4
  atom 2: 7.10247 5.39395 0.52556 type=4
  atom 3: -2.33038 4.29955 8.00585 type=4
  atom 4: -1.23824 8.59966 3.14850 type=3
ML HG_ev = 1.224107 eV
[CLIENT] POSDATA natoms=1191 config_type=101 n_mol=1
  atom 0: -0.25953 0.54720 3.74015 type=4
  atom 1: 5.03161 9.14630 4.79126 type=4
  atom 2: 7.10247 5.39395 0.52556 type=4
  atom 3: -2.33038 4.29955 8.00585 type=4
  atom 4: -1.23824 8.59966 3.14850 type=3
ML HG_ev = -0.366899 eV
[CLIENT] POSDATA natoms=1191 config_type=101 n_mol=1
  atom 0: -0.25953 0.54720 3.74015 type=4
  atom 1: 5.03161 9.14630 4.79126 type=4
  atom 2: 7.10247 5.39395 0.52556 type=4
  atom 3: -2.33038 4.29955 8.00585 type=4
  atom 4: -1.23824 8.59966 3.14850 type=3
ML HG_ev = -0.316716 eV
[CLIENT] POSDATA natoms=1191 config_type=101 n_mol=1
  atom 0: -0.25953 0.54720 3.74015 type=4
  atom 1: 5.03161 9.14630 4.79126 type=4
  atom 2: 7.10247 5.39395 0.52556 type=4
  atom 3: -2.33038 4.29955 8.00585 type=4
  atom 4: -1.23824 8.59966 3.14850 type=3
ML HG_ev = -0.366990 eV
[CLIENT] POSDATA natoms=1191 config_type=101 n_mol=1
  atom 0: -0.25953 0.54720 3.74015 type=4
  atom 1: 5.03161 9.14630 4.79126 type=4
  atom 2: 7.10247 5.39395 0.52556 type=4
  atom 3: -2.33038 4.29955 8.00585 type=4
  atom 4: -1.23824 8.59966 3.14850 type=3
ML HG_ev = -0.041218 eV
[CLIENT] POSDATA natoms=1191 config_type=101 n_mol=1
  atom 0: -0.25953 0.54720 3.74015 type=4
  atom 1: 5.03161 9.14630 4.79126 type=4
  atom 2: 7.10247 5.39395 0.52556 type=4
  atom 3: -2.33038 4.29955 8.00585 type=4
  atom 4: -1.23824 8.59966 3.14850 type=3
ML HG_ev = -0.367693 eV
[CLIENT] POSDATA natoms=1191 config_type=101 n_mol=1
  atom 0: -0.25953 0.54720 3.74015 type=4
  atom 1: 5.03161 9.14630 4.79126 type=4
  atom 2: 7.10247 5.39395 0.52556 type=4
  atom 3: -2.33038 4.29955 8.00585 type=4
  atom 4: -1.23824 8.59966 3.14850 type=3
ML HG_ev = -0.119772 eV
[CLIENT] POSDATA natoms=1191 config_type=101 n_mol=1
  atom 0: -0.25953 0.54720 3.74015 type=4
  atom 1: 5.03161 9.14630 4.79126 type=4
  atom 2: 7.10247 5.39395 0.52556 type=4
  atom 3: -2.33038 4.29955 8.00585 type=4
  atom 4: -1.23824 8.59966 3.14850 type=3
ML HG_ev = -0.367183 eV
[CLIENT] POSDATA natoms=1191 config_type=101 n_mol=1
  atom 0: -0.25953 0.54720 3.74015 type=4
  atom 1: 5.03161 9.14630 4.79126 type=4
  atom 2: 7.10247 5.39395 0.52556 type=4
  atom 3: -2.33038 4.29955 8.00585 type=4
  atom 4: -1.23824 8.59966 3.14850 type=3
ML HG_ev = -0.337482 eV
[CLIENT] POSDATA natoms=1191 config_type=101 n_mol=1
  atom 0: -0.25953 0.54720 3.74015 type=4
  atom 1: 5.03161 9.14630 4.79126 type=4
  atom 2: 7.10247 5.39395 0.52556 type=4
  atom 3: -2.33038 4.29955 8.00585 type=4
  atom 4: -1.23824 8.59966 3.14850 type=3
ML HG_ev = -0.367806 eV
[CLIENT] POSDATA natoms=1191 config_type=101 n_mol=1
  atom 0: -0.25953 0.54720 3.74015 type=4
  atom 1: 5.03161 9.14630 4.79126 type=4
  atom 2: 7.10247 5.39395 0.52556 type=4
  atom 3: -2.33038 4.29955 8.00585 type=4
  atom 4: -1.23824 8.59966 3.14850 type=3
ML HG_ev = -0.173844 eV
[CLIENT] POSDATA natoms=1191 config_type=101 n_mol=1
  atom 0: -0.25953 0.54720 3.74015 type=4
  atom 1: 5.03161 9.14630 4.79126 type=4
  atom 2: 7.10247 5.39395 0.52556 type=4
  atom 3: -2.33038 4.29955 8.00585 type=4
  atom 4: -1.23824 8.59966 3.14850 type=3
ML HG_ev = -0.367461 eV
[CLIENT] POSDATA natoms=1191 config_type=101 n_mol=1
  atom 0: -0.25953 0.54720 3.74015 type=4
  atom 1: 5.03161 9.14630 4.79126 type=4
  atom 2: 7.10247 5.39395 0.52556 type=4
  atom 3: -2.33038 4.29955 8.00585 type=4
  atom 4: -1.23824 8.59966 3.14850 type=3
ML HG_ev = -0.367679 eV
[CLIENT] POSDATA natoms=1191 config_type=101 n_mol=1
  atom 0: -0.25953 0.54720 3.74015 type=4
  atom 1: 5.03161 9.14630 4.79126 type=4
  atom 2: 7.10247 5.39395 0.52556 type=4
  atom 3: -2.33038 4.29955 8.00585 type=4
  atom 4: -1.23824 8.59966 3.14850 type=3
ML HG_ev = -0.312449 eV
[CLIENT] POSDATA natoms=1191 config_type=101 n_mol=1
  atom 0: -0.25953 0.54720 3.74015 type=4
  atom 1: 5.03161 9.14630 4.79126 type=4
  atom 2: 7.10247 5.39395 0.52556 type=4
  atom 3: -2.33038 4.29955 8.00585 type=4
  atom 4: -1.23824 8.59966 3.14850 type=3
ML HG_ev = -0.367119 eV
[CLIENT] POSDATA natoms=1191 config_type=101 n_mol=1
  atom 0: -0.25953 0.54720 3.74015 type=4
  atom 1: 5.03161 9.14630 4.79126 type=4
  atom 2: 7.10247 5.39395 0.52556 type=4
  atom 3: -2.33038 4.29955 8.00585 type=4
  atom 4: -1.23824 8.59966 3.14850 type=3
ML HG_ev = -0.303868 eV
[CLIENT] POSDATA natoms=1191 config_type=101 n_mol=1
  atom 0: -0.25953 0.54720 3.74015 type=4
  atom 1: 5.03161 9.14630 4.79126 type=4
  atom 2: 7.10247 5.39395 0.52556 type=4
  atom 3: -2.33038 4.29955 8.00585 type=4
  atom 4: -1.23824 8.59966 3.14850 type=3
ML HG_ev = -0.367404 eV
[CLIENT] POSDATA natoms=1191 config_type=101 n_mol=1
  atom 0: -0.25953 0.54720 3.74015 type=4
  atom 1: 5.03161 9.14630 4.79126 type=4
  atom 2: 7.10247 5.39395 0.52556 type=4
  atom 3: -2.33038 4.29955 8.00585 type=4
  atom 4: -1.23824 8.59966 3.14850 type=3
ML HG_ev = 1.670305 eV
[CLIENT] POSDATA natoms=1191 config_type=101 n_mol=1
  atom 0: -0.25953 0.54720 3.74015 type=4
  atom 1: 5.03161 9.14630 4.79126 type=4
  atom 2: 7.10247 5.39395 0.52556 type=4
  atom 3: -2.33038 4.29955 8.00585 type=4
  atom 4: -1.23824 8.59966 3.14850 type=3
ML HG_ev = -0.367823 eV
[CLIENT] POSDATA natoms=1191 config_type=101 n_mol=1
  atom 0: -0.25953 0.54720 3.74015 type=4
  atom 1: 5.03161 9.14630 4.79126 type=4
  atom 2: 7.10247 5.39395 0.52556 type=4
  atom 3: -2.33038 4.29955 8.00585 type=4
  atom 4: -1.23824 8.59966 3.14850 type=3
ML HG_ev = 0.595544 eV
[CLIENT] POSDATA natoms=1191 config_type=101 n_mol=1
  atom 0: -0.25953 0.54720 3.74015 type=4
  atom 1: 5.03161 9.14630 4.79126 type=4
  atom 2: 7.10247 5.39395 0.52556 type=4
  atom 3: -2.33038 4.29955 8.00585 type=4
  atom 4: -1.23824 8.59966 3.14850 type=3
ML HG_ev = -0.367456 eV
[CLIENT] POSDATA natoms=1191 config_type=101 n_mol=1
  atom 0: -0.25953 0.54720 3.74015 type=4
  atom 1: 5.03161 9.14630 4.79126 type=4
  atom 2: 7.10247 5.39395 0.52556 type=4
  atom 3: -2.33038 4.29955 8.00585 type=4
  atom 4: -1.23824 8.59966 3.14850 type=3
ML HG_ev = -0.367127 eV
[CLIENT] POSDATA natoms=1191 config_type=101 n_mol=1
  atom 0: -0.25953 0.54720 3.74015 type=4
  atom 1: 5.03161 9.14630 4.79126 type=4
  atom 2: 7.10247 5.39395 0.52556 type=4
  atom 3: -2.33038 4.29955 8.00585 type=4
  atom 4: -1.23824 8.59966 3.14850 type=3
ML HG_ev = -0.071472 eV
[CLIENT] POSDATA natoms=1191 config_type=101 n_mol=1
  atom 0: -0.25953 0.54720 3.74015 type=4
  atom 1: 5.03161 9.14630 4.79126 type=4
  atom 2: 7.10247 5.39395 0.52556 type=4
  atom 3: -2.33038 4.29955 8.00585 type=4
  atom 4: -1.23824 8.59966 3.14850 type=3
ML HG_ev = -0.366795 eV
[CLIENT] POSDATA natoms=1191 config_type=101 n_mol=1
  atom 0: -0.25953 0.54720 3.74015 type=4
  atom 1: 5.03161 9.14630 4.79126 type=4
  atom 2: 7.10247 5.39395 0.52556 type=4
  atom 3: -2.33038 4.29955 8.00585 type=4
  atom 4: -1.23824 8.59966 3.14850 type=3
ML HG_ev = 0.484097 eV
[CLIENT] POSDATA natoms=1191 config_type=101 n_mol=1
  atom 0: -0.25953 0.54720 3.74015 type=4
  atom 1: 5.03161 9.14630 4.79126 type=4
  atom 2: 7.10247 5.39395 0.52556 type=4
  atom 3: -2.33038 4.29955 8.00585 type=4
  atom 4: -1.23824 8.59966 3.14850 type=3
ML HG_ev = -0.070403 eV
[CLIENT] POSDATA natoms=1191 config_type=101 n_mol=1
  atom 0: -0.25953 0.54720 3.74015 type=4
  atom 1: 5.03161 9.14630 4.79126 type=4
  atom 2: 7.10247 5.39395 0.52556 type=4
  atom 3: -2.33038 4.29955 8.00585 type=4
  atom 4: -1.23824 8.59966 3.14850 type=3
ML HG_ev = -0.367119 eV
[CLIENT] POSDATA natoms=1191 config_type=101 n_mol=1
  atom 0: -0.25953 0.54720 3.74015 type=4
  atom 1: 5.03161 9.14630 4.79126 type=4
  atom 2: 7.10247 5.39395 0.52556 type=4
  atom 3: -2.33038 4.29955 8.00585 type=4
  atom 4: -1.23824 8.59966 3.14850 type=3
ML HG_ev = -0.340967 eV
[CLIENT] POSDATA natoms=1191 config_type=101 n_mol=1
  atom 0: -0.25953 0.54720 3.74015 type=4
  atom 1: 5.03161 9.14630 4.79126 type=4
  atom 2: 7.10247 5.39395 0.52556 type=4
  atom 3: -2.33038 4.29955 8.00585 type=4
  atom 4: -1.23824 8.59966 3.14850 type=3
ML HG_ev = -0.366486 eV
[CLIENT] POSDATA natoms=1191 config_type=101 n_mol=1
  atom 0: -0.25953 0.54720 3.74015 type=4
  atom 1: 5.03161 9.14630 4.79126 type=4
  atom 2: 7.10247 5.39395 0.52556 type=4
  atom 3: -2.33038 4.29955 8.00585 type=4
  atom 4: -1.23824 8.59966 3.14850 type=3
ML HG_ev = -0.341116 eV
[CLIENT] POSDATA natoms=1191 config_type=101 n_mol=1
  atom 0: -0.25953 0.54720 3.74015 type=4
  atom 1: 5.03161 9.14630 4.79126 type=4
  atom 2: 7.10247 5.39395 0.52556 type=4
  atom 3: -2.33038 4.29955 8.00585 type=4
  atom 4: -1.23824 8.59966 3.14850 type=3
ML HG_ev = -0.342226 eV
[CLIENT] POSDATA natoms=1191 config_type=101 n_mol=1
  atom 0: -0.25953 0.54720 3.74015 type=4
  atom 1: 5.03161 9.14630 4.79126 type=4
  atom 2: 7.10247 5.39395 0.52556 type=4
  atom 3: -2.33038 4.29955 8.00585 type=4
  atom 4: -1.23824 8.59966 3.14850 type=3
ML HG_ev = -0.324878 eV
[CLIENT] POSDATA natoms=1191 config_type=101 n_mol=1
  atom 0: -0.25953 0.54720 3.74015 type=4
  atom 1: 5.03161 9.14630 4.79126 type=4
  atom 2: 7.10247 5.39395 0.52556 type=4
  atom 3: -2.33038 4.29955 8.00585 type=4
  atom 4: -1.23824 8.59966 3.14850 type=3
ML HG_ev = -0.341171 eV
[CLIENT] POSDATA natoms=1191 config_type=101 n_mol=1
  atom 0: -0.25953 0.54720 3.74015 type=4
  atom 1: 5.03161 9.14630 4.79126 type=4
  atom 2: 7.10247 5.39395 0.52556 type=4
  atom 3: -2.33038 4.29955 8.00585 type=4
  atom 4: -1.23824 8.59966 3.14850 type=3
ML HG_ev = -0.271327 eV
[CLIENT] POSDATA natoms=1191 config_type=101 n_mol=1
  atom 0: -0.25953 0.54720 3.74015 type=4
  atom 1: 5.03161 9.14630 4.79126 type=4
  atom 2: 7.10247 5.39395 0.52556 type=4
  atom 3: -2.33038 4.29955 8.00585 type=4
  atom 4: -1.23824 8.59966 3.14850 type=3
ML HG_ev = -0.341029 eV
[CLIENT] POSDATA natoms=1191 config_type=101 n_mol=1
  atom 0: -0.25953 0.54720 3.74015 type=4
  atom 1: 5.03161 9.14630 4.79126 type=4
  atom 2: 7.10247 5.39395 0.52556 type=4
  atom 3: -2.33038 4.29955 8.00585 type=4
  atom 4: -1.23824 8.59966 3.14850 type=3
ML HG_ev = 0.719231 eV
[CLIENT] POSDATA natoms=1191 config_type=101 n_mol=1
  atom 0: -0.25953 0.54720 3.74015 type=4
  atom 1: 5.03161 9.14630 4.79126 type=4
  atom 2: 7.10247 5.39395 0.52556 type=4
  atom 3: -2.33038 4.29955 8.00585 type=4
  atom 4: -1.23824 8.59966 3.14850 type=3
ML HG_ev = -0.341421 eV
[CLIENT] POSDATA natoms=1191 config_type=101 n_mol=1
  atom 0: -0.25953 0.54720 3.74015 type=4
  atom 1: 5.03161 9.14630 4.79126 type=4
  atom 2: 7.10247 5.39395 0.52556 type=4
  atom 3: -2.33038 4.29955 8.00585 type=4
  atom 4: -1.23824 8.59966 3.14850 type=3
ML HG_ev = -0.189733 eV
[CLIENT] POSDATA natoms=1191 config_type=101 n_mol=1
  atom 0: -0.25953 0.54720 3.74015 type=4
  atom 1: 5.03161 9.14630 4.79126 type=4
  atom 2: 7.10247 5.39395 0.52556 type=4
  atom 3: -2.33038 4.29955 8.00585 type=4
  atom 4: -1.23824 8.59966 3.14850 type=3
ML HG_ev = -0.342029 eV
[CLIENT] POSDATA natoms=1191 config_type=101 n_mol=1
  atom 0: -0.25953 0.54720 3.74015 type=4
  atom 1: 5.03161 9.14630 4.79126 type=4
  atom 2: 7.10247 5.39395 0.52556 type=4
  atom 3: -2.33038 4.29955 8.00585 type=4
  atom 4: -1.23824 8.59966 3.14850 type=3
ML HG_ev = -0.346742 eV
[CLIENT] POSDATA natoms=1191 config_type=101 n_mol=1
  atom 0: -0.25953 0.54720 3.74015 type=4
  atom 1: 5.03161 9.14630 4.79126 type=4
  atom 2: 7.10247 5.39395 0.52556 type=4
  atom 3: -2.33038 4.29955 8.00585 type=4
  atom 4: -1.23824 8.59966 3.14850 type=3
ML HG_ev = -0.341553 eV
[CLIENT] POSDATA natoms=1191 config_type=101 n_mol=1
  atom 0: -0.25953 0.54720 3.74015 type=4
  atom 1: 5.03161 9.14630 4.79126 type=4
  atom 2: 7.10247 5.39395 0.52556 type=4
  atom 3: -2.33038 4.29955 8.00585 type=4
  atom 4: -1.23824 8.59966 3.14850 type=3
ML HG_ev = -0.341381 eV
[CLIENT] POSDATA natoms=1191 config_type=101 n_mol=1
  atom 0: -0.25953 0.54720 3.74015 type=4
  atom 1: 5.03161 9.14630 4.79126 type=4
  atom 2: 7.10247 5.39395 0.52556 type=4
  atom 3: -2.33038 4.29955 8.00585 type=4
  atom 4: -1.23824 8.59966 3.14850 type=3
ML HG_ev = -0.345966 eV
[CLIENT] POSDATA natoms=1191 config_type=101 n_mol=1
  atom 0: -0.25953 0.54720 3.74015 type=4
  atom 1: 5.03161 9.14630 4.79126 type=4
  atom 2: 7.10247 5.39395 0.52556 type=4
  atom 3: -2.33038 4.29955 8.00585 type=4
  atom 4: -1.23824 8.59966 3.14850 type=3
ML HG_ev = 1.295647 eV
[CLIENT] POSDATA natoms=1191 config_type=101 n_mol=1
  atom 0: -0.25953 0.54720 3.74015 type=4
  atom 1: 5.03161 9.14630 4.79126 type=4
  atom 2: 7.10247 5.39395 0.52556 type=4
  atom 3: -2.33038 4.29955 8.00585 type=4
  atom 4: -1.23824 8.59966 3.14850 type=3
ML HG_ev = -0.346490 eV
[CLIENT] POSDATA natoms=1191 config_type=101 n_mol=1
  atom 0: -0.25953 0.54720 3.74015 type=4
  atom 1: 5.03161 9.14630 4.79126 type=4
  atom 2: 7.10247 5.39395 0.52556 type=4
  atom 3: -2.33038 4.29955 8.00585 type=4
  atom 4: -1.23824 8.59966 3.14850 type=3
ML HG_ev = -0.345792 eV
[CLIENT] POSDATA natoms=1191 config_type=101 n_mol=1
  atom 0: -0.25953 0.54720 3.74015 type=4
  atom 1: 5.03161 9.14630 4.79126 type=4
  atom 2: 7.10247 5.39395 0.52556 type=4
  atom 3: -2.33038 4.29955 8.00585 type=4
  atom 4: -1.23824 8.59966 3.14850 type=3
ML HG_ev = -0.320809 eV
[CLIENT] POSDATA natoms=1191 config_type=101 n_mol=1
  atom 0: -0.25953 0.54720 3.74015 type=4
  atom 1: 5.03161 9.14630 4.79126 type=4
  atom 2: 7.10247 5.39395 0.52556 type=4
  atom 3: -2.33038 4.29955 8.00585 type=4
  atom 4: -1.23824 8.59966 3.14850 type=3
ML HG_ev = -0.345580 eV
[CLIENT] POSDATA natoms=1191 config_type=101 n_mol=1
  atom 0: -0.25953 0.54720 3.74015 type=4
  atom 1: 5.03161 9.14630 4.79126 type=4
  atom 2: 7.10247 5.39395 0.52556 type=4
  atom 3: -2.33038 4.29955 8.00585 type=4
  atom 4: -1.23824 8.59966 3.14850 type=3
ML HG_ev = -0.248434 eV
[CLIENT] POSDATA natoms=1191 config_type=101 n_mol=1
  atom 0: -0.25953 0.54720 3.74015 type=4
  atom 1: 5.03161 9.14630 4.79126 type=4
  atom 2: 7.10247 5.39395 0.52556 type=4
  atom 3: -2.33038 4.29955 8.00585 type=4
  atom 4: -1.23824 8.59966 3.14850 type=3
ML HG_ev = -0.346520 eV
[CLIENT] POSDATA natoms=1191 config_type=101 n_mol=1
  atom 0: -0.25953 0.54720 3.74015 type=4
  atom 1: 5.03161 9.14630 4.79126 type=4
  atom 2: 7.10247 5.39395 0.52556 type=4
  atom 3: -2.33038 4.29955 8.00585 type=4
  atom 4: -1.23824 8.59966 3.14850 type=3
ML HG_ev = -0.322733 eV
[CLIENT] POSDATA natoms=1191 config_type=101 n_mol=1
  atom 0: -0.25953 0.54720 3.74015 type=4
  atom 1: 5.03161 9.14630 4.79126 type=4
  atom 2: 7.10247 5.39395 0.52556 type=4
  atom 3: -2.33038 4.29955 8.00585 type=4
  atom 4: -1.23824 8.59966 3.14850 type=3
ML HG_ev = -0.345154 eV
[CLIENT] POSDATA natoms=1191 config_type=101 n_mol=1
  atom 0: -0.25953 0.54720 3.74015 type=4
  atom 1: 5.03161 9.14630 4.79126 type=4
  atom 2: 7.10247 5.39395 0.52556 type=4
  atom 3: -2.33038 4.29955 8.00585 type=4
  atom 4: -1.23824 8.59966 3.14850 type=3
ML HG_ev = -0.301975 eV
[CLIENT] POSDATA natoms=1191 config_type=101 n_mol=1
  atom 0: -0.25953 0.54720 3.74015 type=4
  atom 1: 5.03161 9.14630 4.79126 type=4
  atom 2: 7.10247 5.39395 0.52556 type=4
  atom 3: -2.33038 4.29955 8.00585 type=4
  atom 4: -1.23824 8.59966 3.14850 type=3
ML HG_ev = -0.346680 eV
[CLIENT] POSDATA natoms=1191 config_type=101 n_mol=1
  atom 0: -0.25953 0.54720 3.74015 type=4
  atom 1: 5.03161 9.14630 4.79126 type=4
  atom 2: 7.10247 5.39395 0.52556 type=4
  atom 3: -2.33038 4.29955 8.00585 type=4
  atom 4: -1.23824 8.59966 3.14850 type=3
ML HG_ev = -0.201856 eV
[CLIENT] POSDATA natoms=1191 config_type=101 n_mol=1
  atom 0: -0.25953 0.54720 3.74015 type=4
  atom 1: 5.03161 9.14630 4.79126 type=4
  atom 2: 7.10247 5.39395 0.52556 type=4
  atom 3: -2.33038 4.29955 8.00585 type=4
  atom 4: -1.23824 8.59966 3.14850 type=3
ML HG_ev = -0.302113 eV
[CLIENT] POSDATA natoms=1191 config_type=101 n_mol=1
  atom 0: -0.25953 0.54720 3.74015 type=4
  atom 1: 5.03161 9.14630 4.79126 type=4
  atom 2: 7.10247 5.39395 0.52556 type=4
  atom 3: -2.33038 4.29955 8.00585 type=4
  atom 4: -1.23824 8.59966 3.14850 type=3
ML HG_ev = -0.139252 eV
[CLIENT] POSDATA natoms=1191 config_type=101 n_mol=1
  atom 0: -0.25953 0.54720 3.74015 type=4
  atom 1: 5.03161 9.14630 4.79126 type=4
  atom 2: 7.10247 5.39395 0.52556 type=4
  atom 3: -2.33038 4.29955 8.00585 type=4
  atom 4: -1.23824 8.59966 3.14850 type=3
ML HG_ev = -0.301954 eV
[CLIENT] POSDATA natoms=1191 config_type=101 n_mol=1
  atom 0: -0.25953 0.54720 3.74015 type=4
  atom 1: 5.03161 9.14630 4.79126 type=4
  atom 2: 7.10247 5.39395 0.52556 type=4
  atom 3: -2.33038 4.29955 8.00585 type=4
  atom 4: -1.23824 8.59966 3.14850 type=3
ML HG_ev = 0.037628 eV
[CLIENT] POSDATA natoms=1191 config_type=101 n_mol=1
  atom 0: -0.25953 0.54720 3.74015 type=4
  atom 1: 5.03161 9.14630 4.79126 type=4
  atom 2: 7.10247 5.39395 0.52556 type=4
  atom 3: -2.33038 4.29955 8.00585 type=4
  atom 4: -1.23824 8.59966 3.14850 type=3
ML HG_ev = -0.302151 eV
[CLIENT] POSDATA natoms=1191 config_type=101 n_mol=1
  atom 0: -0.25953 0.54720 3.74015 type=4
  atom 1: 5.03161 9.14630 4.79126 type=4
  atom 2: 7.10247 5.39395 0.52556 type=4
  atom 3: -2.33038 4.29955 8.00585 type=4
  atom 4: -1.23824 8.59966 3.14850 type=3
ML HG_ev = -0.301761 eV
[CLIENT] POSDATA natoms=1191 config_type=101 n_mol=1
  atom 0: -0.25953 0.54720 3.74015 type=4
  atom 1: 5.03161 9.14630 4.79126 type=4
  atom 2: 7.10247 5.39395 0.52556 type=4
  atom 3: -2.33038 4.29955 8.00585 type=4
  atom 4: -1.23824 8.59966 3.14850 type=3
ML HG_ev = -0.330180 eV
[CLIENT] POSDATA natoms=1191 config_type=101 n_mol=1
  atom 0: -0.25953 0.54720 3.74015 type=4
  atom 1: 5.03161 9.14630 4.79126 type=4
  atom 2: 7.10247 5.39395 0.52556 type=4
  atom 3: -2.33038 4.29955 8.00585 type=4
  atom 4: -1.23824 8.59966 3.14850 type=3
ML HG_ev = -0.301932 eV
[CLIENT] POSDATA natoms=1191 config_type=101 n_mol=1
  atom 0: -0.25953 0.54720 3.74015 type=4
  atom 1: 5.03161 9.14630 4.79126 type=4
  atom 2: 7.10247 5.39395 0.52556 type=4
  atom 3: -2.33038 4.29955 8.00585 type=4
  atom 4: -1.23824 8.59966 3.14850 type=3
ML HG_ev = -0.330363 eV
[CLIENT] POSDATA natoms=1191 config_type=101 n_mol=1
  atom 0: -0.25953 0.54720 3.74015 type=4
  atom 1: 5.03161 9.14630 4.79126 type=4
  atom 2: 7.10247 5.39395 0.52556 type=4
  atom 3: -2.33038 4.29955 8.00585 type=4
  atom 4: -1.23824 8.59966 3.14850 type=3
ML HG_ev = 0.308509 eV
[CLIENT] POSDATA natoms=1191 config_type=101 n_mol=1
  atom 0: -0.25953 0.54720 3.74015 type=4
  atom 1: 5.03161 9.14630 4.79126 type=4
  atom 2: 7.10247 5.39395 0.52556 type=4
  atom 3: -2.33038 4.29955 8.00585 type=4
  atom 4: -1.23824 8.59966 3.14850 type=3
ML HG_ev = -0.329801 eV
[CLIENT] POSDATA natoms=1191 config_type=101 n_mol=1
  atom 0: -0.25953 0.54720 3.74015 type=4
  atom 1: 5.03161 9.14630 4.79126 type=4
  atom 2: 7.10247 5.39395 0.52556 type=4
  atom 3: -2.33038 4.29955 8.00585 type=4
  atom 4: -1.23824 8.59966 3.14850 type=3
ML HG_ev = -0.366378 eV
[CLIENT] POSDATA natoms=1191 config_type=101 n_mol=1
  atom 0: -0.25953 0.54720 3.74015 type=4
  atom 1: 5.03161 9.14630 4.79126 type=4
  atom 2: 7.10247 5.39395 0.52556 type=4
  atom 3: -2.33038 4.29955 8.00585 type=4
  atom 4: -1.23824 8.59966 3.14850 type=3
ML HG_ev = -0.330154 eV
[CLIENT] POSDATA natoms=1191 config_type=101 n_mol=1
  atom 0: -0.25953 0.54720 3.74015 type=4
  atom 1: 5.03161 9.14630 4.79126 type=4
  atom 2: 7.10247 5.39395 0.52556 type=4
  atom 3: -2.33038 4.29955 8.00585 type=4
  atom 4: -1.23824 8.59966 3.14850 type=3
ML HG_ev = -0.367318 eV
[CLIENT] POSDATA natoms=1191 config_type=101 n_mol=1
  atom 0: -0.25953 0.54720 3.74015 type=4
  atom 1: 5.03161 9.14630 4.79126 type=4
  atom 2: 7.10247 5.39395 0.52556 type=4
  atom 3: -2.33038 4.29955 8.00585 type=4
  atom 4: -1.23824 8.59966 3.14850 type=3
ML HG_ev = 0.025776 eV
[CLIENT] POSDATA natoms=1191 config_type=101 n_mol=1
  atom 0: -0.25953 0.54720 3.74015 type=4
  atom 1: 5.03161 9.14630 4.79126 type=4
  atom 2: 7.10247 5.39395 0.52556 type=4
  atom 3: -2.33038 4.29955 8.00585 type=4
  atom 4: -1.23824 8.59966 3.14850 type=3
ML HG_ev = -0.366418 eV
[CLIENT] POSDATA natoms=1191 config_type=101 n_mol=1
  atom 0: -0.25953 0.54720 3.74015 type=4
  atom 1: 5.03161 9.14630 4.79126 type=4
  atom 2: 7.10247 5.39395 0.52556 type=4
  atom 3: -2.33038 4.29955 8.00585 type=4
  atom 4: -1.23824 8.59966 3.14850 type=3
ML HG_ev = -0.324308 eV
[CLIENT] POSDATA natoms=1191 config_type=101 n_mol=1
  atom 0: -0.25953 0.54720 3.74015 type=4
  atom 1: 5.03161 9.14630 4.79126 type=4
  atom 2: 7.10247 5.39395 0.52556 type=4
  atom 3: -2.33038 4.29955 8.00585 type=4
  atom 4: -1.23824 8.59966 3.14850 type=3
ML HG_ev = -0.366808 eV
[CLIENT] POSDATA natoms=1191 config_type=101 n_mol=1
  atom 0: -0.25953 0.54720 3.74015 type=4
  atom 1: 5.03161 9.14630 4.79126 type=4
  atom 2: 7.10247 5.39395 0.52556 type=4
  atom 3: -2.33038 4.29955 8.00585 type=4
  atom 4: -1.23824 8.59966 3.14850 type=3
ML HG_ev = -0.366396 eV
[CLIENT] POSDATA natoms=1191 config_type=101 n_mol=1
  atom 0: -0.25953 0.54720 3.74015 type=4
  atom 1: 5.03161 9.14630 4.79126 type=4
  atom 2: 7.10247 5.39395 0.52556 type=4
  atom 3: -2.33038 4.29955 8.00585 type=4
  atom 4: -1.23824 8.59966 3.14850 type=3
ML HG_ev = -0.255462 eV
[CLIENT] POSDATA natoms=1191 config_type=101 n_mol=1
  atom 0: -0.25953 0.54720 3.74015 type=4
  atom 1: 5.03161 9.14630 4.79126 type=4
  atom 2: 7.10247 5.39395 0.52556 type=4
  atom 3: -2.33038 4.29955 8.00585 type=4
  atom 4: -1.23824 8.59966 3.14850 type=3
ML HG_ev = -0.366239 eV
[CLIENT] POSDATA natoms=1191 config_type=101 n_mol=1
  atom 0: -0.25953 0.54720 3.74015 type=4
  atom 1: 5.03161 9.14630 4.79126 type=4
  atom 2: 7.10247 5.39395 0.52556 type=4
  atom 3: -2.33038 4.29955 8.00585 type=4
  atom 4: -1.23824 8.59966 3.14850 type=3
ML HG_ev = -0.366178 eV
[CLIENT] POSDATA natoms=1191 config_type=101 n_mol=1
  atom 0: -0.25953 0.54720 3.74015 type=4
  atom 1: 5.03161 9.14630 4.79126 type=4
  atom 2: 7.10247 5.39395 0.52556 type=4
  atom 3: -2.33038 4.29955 8.00585 type=4
  atom 4: -1.23824 8.59966 3.14850 type=3
ML HG_ev = -0.150693 eV
[CLIENT] POSDATA natoms=1191 config_type=101 n_mol=1
  atom 0: -0.25953 0.54720 3.74015 type=4
  atom 1: 5.03161 9.14630 4.79126 type=4
  atom 2: 7.10247 5.39395 0.52556 type=4
  atom 3: -2.33038 4.29955 8.00585 type=4
  atom 4: -1.23824 8.59966 3.14850 type=3
ML HG_ev = -0.366427 eV
[CLIENT] POSDATA natoms=1191 config_type=101 n_mol=1
  atom 0: -0.25953 0.54720 3.74015 type=4
  atom 1: 5.03161 9.14630 4.79126 type=4
  atom 2: 7.10247 5.39395 0.52556 type=4
  atom 3: -2.33038 4.29955 8.00585 type=4
  atom 4: -1.23824 8.59966 3.14850 type=3
ML HG_ev = -0.362875 eV
[CLIENT] POSDATA natoms=1191 config_type=101 n_mol=1
  atom 0: -0.25953 0.54720 3.74015 type=4
  atom 1: 5.03161 9.14630 4.79126 type=4
  atom 2: 7.10247 5.39395 0.52556 type=4
  atom 3: -2.33038 4.29955 8.00585 type=4
  atom 4: -1.23824 8.59966 3.14850 type=3
ML HG_ev = -0.366148 eV
[CLIENT] POSDATA natoms=1191 config_type=101 n_mol=1
  atom 0: -0.25953 0.54720 3.74015 type=4
  atom 1: 5.03161 9.14630 4.79126 type=4
  atom 2: 7.10247 5.39395 0.52556 type=4
  atom 3: -2.33038 4.29955 8.00585 type=4
  atom 4: -1.23824 8.59966 3.14850 type=3
ML HG_ev = -0.169581 eV
[CLIENT] POSDATA natoms=1191 config_type=101 n_mol=1
  atom 0: -0.25953 0.54720 3.74015 type=4
  atom 1: 5.03161 9.14630 4.79126 type=4
  atom 2: 7.10247 5.39395 0.52556 type=4
  atom 3: -2.33038 4.29955 8.00585 type=4
  atom 4: -1.23824 8.59966 3.14850 type=3
ML HG_ev = -0.363441 eV
[CLIENT] POSDATA natoms=1191 config_type=101 n_mol=1
  atom 0: -0.25953 0.54720 3.74015 type=4
  atom 1: 5.03161 9.14630 4.79126 type=4
  atom 2: 7.10247 5.39395 0.52556 type=4
  atom 3: -2.33038 4.29955 8.00585 type=4
  atom 4: -1.23824 8.59966 3.14850 type=3
ML HG_ev = -0.307073 eV
[CLIENT] POSDATA natoms=1191 config_type=101 n_mol=1
  atom 0: -0.25953 0.54720 3.74015 type=4
  atom 1: 5.03161 9.14630 4.79126 type=4
  atom 2: 7.10247 5.39395 0.52556 type=4
  atom 3: -2.33038 4.29955 8.00585 type=4
  atom 4: -1.23824 8.59966 3.14850 type=3
ML HG_ev = -0.362220 eV
[CLIENT] POSDATA natoms=1191 config_type=101 n_mol=1
  atom 0: -0.25953 0.54720 3.74015 type=4
  atom 1: 5.03161 9.14630 4.79126 type=4
  atom 2: 7.10247 5.39395 0.52556 type=4
  atom 3: -2.33038 4.29955 8.00585 type=4
  atom 4: -1.23824 8.59966 3.14850 type=3
ML HG_ev = 0.126015 eV
[CLIENT] POSDATA natoms=1191 config_type=101 n_mol=1
  atom 0: -0.25953 0.54720 3.74015 type=4
  atom 1: 5.03161 9.14630 4.79126 type=4
  atom 2: 7.10247 5.39395 0.52556 type=4
  atom 3: -2.33038 4.29955 8.00585 type=4
  atom 4: -1.23824 8.59966 3.14850 type=3
ML HG_ev = -0.139949 eV
[CLIENT] POSDATA natoms=1191 config_type=101 n_mol=1
  atom 0: -0.25953 0.54720 3.74015 type=4
  atom 1: 5.03161 9.14630 4.79126 type=4
  atom 2: 7.10247 5.39395 0.52556 type=4
  atom 3: -2.33038 4.29955 8.00585 type=4
  atom 4: -1.23824 8.59966 3.14850 type=3
ML HG_ev = 0.230736 eV
[CLIENT] POSDATA natoms=1191 config_type=101 n_mol=1
  atom 0: -0.25953 0.54720 3.74015 type=4
  atom 1: 5.03161 9.14630 4.79126 type=4
  atom 2: 7.10247 5.39395 0.52556 type=4
  atom 3: -2.33038 4.29955 8.00585 type=4
  atom 4: -1.23824 8.59966 3.14850 type=3
ML HG_ev = -0.326807 eV
[CLIENT] POSDATA natoms=1191 config_type=101 n_mol=1
  atom 0: -0.25953 0.54720 3.74015 type=4
  atom 1: 5.03161 9.14630 4.79126 type=4
  atom 2: 7.10247 5.39395 0.52556 type=4
  atom 3: -2.33038 4.29955 8.00585 type=4
  atom 4: -1.23824 8.59966 3.14850 type=3
ML HG_ev = -0.362621 eV
[CLIENT] POSDATA natoms=1191 config_type=101 n_mol=1
  atom 0: -0.25953 0.54720 3.74015 type=4
  atom 1: 5.03161 9.14630 4.79126 type=4
  atom 2: 7.10247 5.39395 0.52556 type=4
  atom 3: -2.33038 4.29955 8.00585 type=4
  atom 4: -1.23824 8.59966 3.14850 type=3
ML HG_ev = -0.362028 eV
[CLIENT] POSDATA natoms=1191 config_type=101 n_mol=1
  atom 0: -0.25953 0.54720 3.74015 type=4
  atom 1: 5.03161 9.14630 4.79126 type=4
  atom 2: 7.10247 5.39395 0.52556 type=4
  atom 3: -2.33038 4.29955 8.00585 type=4
  atom 4: -1.23824 8.59966 3.14850 type=3
ML HG_ev = 0.175524 eV
[CLIENT] POSDATA natoms=1191 config_type=101 n_mol=1
  atom 0: -0.25953 0.54720 3.74015 type=4
  atom 1: 5.03161 9.14630 4.79126 type=4
  atom 2: 7.10247 5.39395 0.52556 type=4
  atom 3: -2.33038 4.29955 8.00585 type=4
  atom 4: -1.23824 8.59966 3.14850 type=3
ML HG_ev = -0.140320 eV
[CLIENT] POSDATA natoms=1191 config_type=101 n_mol=1
  atom 0: -0.25953 0.54720 3.74015 type=4
  atom 1: 5.03161 9.14630 4.79126 type=4
  atom 2: 7.10247 5.39395 0.52556 type=4
  atom 3: -2.33038 4.29955 8.00585 type=4
  atom 4: -1.23824 8.59966 3.14850 type=3
ML HG_ev = -0.336499 eV
[CLIENT] POSDATA natoms=1191 config_type=101 n_mol=1
  atom 0: -0.25953 0.54720 3.74015 type=4
  atom 1: 5.03161 9.14630 4.79126 type=4
  atom 2: 7.10247 5.39395 0.52556 type=4
  atom 3: -2.33038 4.29955 8.00585 type=4
  atom 4: -1.23824 8.59966 3.14850 type=3
ML HG_ev = -0.362200 eV
[CLIENT] POSDATA natoms=1191 config_type=101 n_mol=1
  atom 0: -0.25953 0.54720 3.74015 type=4
  atom 1: 5.03161 9.14630 4.79126 type=4
  atom 2: 7.10247 5.39395 0.52556 type=4
  atom 3: -2.33038 4.29955 8.00585 type=4
  atom 4: -1.23824 8.59966 3.14850 type=3
ML HG_ev = -0.359121 eV
[CLIENT] POSDATA natoms=1191 config_type=101 n_mol=1
  atom 0: -0.25953 0.54720 3.74015 type=4
  atom 1: 5.03161 9.14630 4.79126 type=4
  atom 2: 7.10247 5.39395 0.52556 type=4
  atom 3: -2.33038 4.29955 8.00585 type=4
  atom 4: -1.23824 8.59966 3.14850 type=3
ML HG_ev = -0.362369 eV
[CLIENT] POSDATA natoms=1191 config_type=101 n_mol=1
  atom 0: -0.25953 0.54720 3.74015 type=4
  atom 1: 5.03161 9.14630 4.79126 type=4
  atom 2: 7.10247 5.39395 0.52556 type=4
  atom 3: -2.33038 4.29955 8.00585 type=4
  atom 4: -1.23824 8.59966 3.14850 type=3
ML HG_ev = -0.266142 eV
[CLIENT] POSDATA natoms=1191 config_type=101 n_mol=1
  atom 0: -0.25953 0.54720 3.74015 type=4
  atom 1: 5.03161 9.14630 4.79126 type=4
  atom 2: 7.10247 5.39395 0.52556 type=4
  atom 3: -2.33038 4.29955 8.00585 type=4
  atom 4: -1.23824 8.59966 3.14850 type=3
ML HG_ev = -0.140114 eV
[CLIENT] POSDATA natoms=1191 config_type=101 n_mol=1
  atom 0: -0.25953 0.54720 3.74015 type=4
  atom 1: 5.03161 9.14630 4.79126 type=4
  atom 2: 7.10247 5.39395 0.52556 type=4
  atom 3: -2.33038 4.29955 8.00585 type=4
  atom 4: -1.23824 8.59966 3.14850 type=3
ML HG_ev = -0.295940 eV
[CLIENT] POSDATA natoms=1191 config_type=101 n_mol=1
  atom 0: -0.25953 0.54720 3.74015 type=4
  atom 1: 5.03161 9.14630 4.79126 type=4
  atom 2: 7.10247 5.39395 0.52556 type=4
  atom 3: -2.33038 4.29955 8.00585 type=4
  atom 4: -1.23824 8.59966 3.14850 type=3
ML HG_ev = -0.357856 eV
[CLIENT] POSDATA natoms=1191 config_type=101 n_mol=1
  atom 0: -0.25953 0.54720 3.74015 type=4
  atom 1: 5.03161 9.14630 4.79126 type=4
  atom 2: 7.10247 5.39395 0.52556 type=4
  atom 3: -2.33038 4.29955 8.00585 type=4
  atom 4: -1.23824 8.59966 3.14850 type=3
ML HG_ev = -0.364857 eV
[CLIENT] POSDATA natoms=1191 config_type=101 n_mol=1
  atom 0: -0.25953 0.54720 3.74015 type=4
  atom 1: 5.03161 9.14630 4.79126 type=4
  atom 2: 7.10247 5.39395 0.52556 type=4
  atom 3: -2.33038 4.29955 8.00585 type=4
  atom 4: -1.23824 8.59966 3.14850 type=3
ML HG_ev = -0.358853 eV
[CLIENT] POSDATA natoms=1191 config_type=101 n_mol=1
  atom 0: -0.25953 0.54720 3.74015 type=4
  atom 1: 5.03161 9.14630 4.79126 type=4
  atom 2: 7.10247 5.39395 0.52556 type=4
  atom 3: -2.33038 4.29955 8.00585 type=4
  atom 4: -1.23824 8.59966 3.14850 type=3
ML HG_ev = -0.336505 eV
[CLIENT] POSDATA natoms=1191 config_type=101 n_mol=1
  atom 0: -0.25953 0.54720 3.74015 type=4
  atom 1: 5.03161 9.14630 4.79126 type=4
  atom 2: 7.10247 5.39395 0.52556 type=4
  atom 3: -2.33038 4.29955 8.00585 type=4
  atom 4: -1.23824 8.59966 3.14850 type=3
ML HG_ev = -0.265856 eV
[CLIENT] POSDATA natoms=1191 config_type=101 n_mol=1
  atom 0: -0.25953 0.54720 3.74015 type=4
  atom 1: 5.03161 9.14630 4.79126 type=4
  atom 2: 7.10247 5.39395 0.52556 type=4
  atom 3: -2.33038 4.29955 8.00585 type=4
  atom 4: -1.23824 8.59966 3.14850 type=3
ML HG_ev = -0.296472 eV
[CLIENT] POSDATA natoms=1191 config_type=101 n_mol=1
  atom 0: -0.25953 0.54720 3.74015 type=4
  atom 1: 5.03161 9.14630 4.79126 type=4
  atom 2: 7.10247 5.39395 0.52556 type=4
  atom 3: -2.33038 4.29955 8.00585 type=4
  atom 4: -1.23824 8.59966 3.14850 type=3
ML HG_ev = -0.364664 eV
[CLIENT] POSDATA natoms=1191 config_type=101 n_mol=1
  atom 0: -0.25953 0.54720 3.74015 type=4
  atom 1: 5.03161 9.14630 4.79126 type=4
  atom 2: 7.10247 5.39395 0.52556 type=4
  atom 3: -2.33038 4.29955 8.00585 type=4
  atom 4: -1.23824 8.59966 3.14850 type=3
ML HG_ev = -0.316382 eV
[CLIENT] POSDATA natoms=1191 config_type=101 n_mol=1
  atom 0: -0.25953 0.54720 3.74015 type=4
  atom 1: 5.03161 9.14630 4.79126 type=4
  atom 2: 7.10247 5.39395 0.52556 type=4
  atom 3: -2.33038 4.29955 8.00585 type=4
  atom 4: -1.23824 8.59966 3.14850 type=3
ML HG_ev = -0.335946 eV
[CLIENT] POSDATA natoms=1191 config_type=101 n_mol=1
  atom 0: -0.25953 0.54720 3.74015 type=4
  atom 1: 5.03161 9.14630 4.79126 type=4
  atom 2: 7.10247 5.39395 0.52556 type=4
  atom 3: -2.33038 4.29955 8.00585 type=4
  atom 4: -1.23824 8.59966 3.14850 type=3
ML HG_ev = -0.317056 eV
[CLIENT] POSDATA natoms=1191 config_type=101 n_mol=1
  atom 0: -0.25953 0.54720 3.74015 type=4
  atom 1: 5.03161 9.14630 4.79126 type=4
  atom 2: 7.10247 5.39395 0.52556 type=4
  atom 3: -2.33038 4.29955 8.00585 type=4
  atom 4: -1.23824 8.59966 3.14850 type=3
ML HG_ev = 0.475572 eV
[CLIENT] POSDATA natoms=1191 config_type=101 n_mol=1
  atom 0: -0.25953 0.54720 3.74015 type=4
  atom 1: 5.03161 9.14630 4.79126 type=4
  atom 2: 7.10247 5.39395 0.52556 type=4
  atom 3: -2.33038 4.29955 8.00585 type=4
  atom 4: -1.23824 8.59966 3.14850 type=3
ML HG_ev = -0.316199 eV
[CLIENT] POSDATA natoms=1191 config_type=101 n_mol=1
  atom 0: -0.25953 0.54720 3.74015 type=4
  atom 1: 5.03161 9.14630 4.79126 type=4
  atom 2: 7.10247 5.39395 0.52556 type=4
  atom 3: -2.33038 4.29955 8.00585 type=4
  atom 4: -1.23824 8.59966 3.14850 type=3
ML HG_ev = -0.241360 eV
[CLIENT] POSDATA natoms=1191 config_type=101 n_mol=1
  atom 0: -0.25953 0.54720 3.74015 type=4
  atom 1: 5.03161 9.14630 4.79126 type=4
  atom 2: 7.10247 5.39395 0.52556 type=4
  atom 3: -2.33038 4.29955 8.00585 type=4
  atom 4: -1.23824 8.59966 3.14850 type=3
ML HG_ev = -0.316832 eV
[CLIENT] POSDATA natoms=1191 config_type=101 n_mol=1
  atom 0: -0.25953 0.54720 3.74015 type=4
  atom 1: 5.03161 9.14630 4.79126 type=4
  atom 2: 7.10247 5.39395 0.52556 type=4
  atom 3: -2.33038 4.29955 8.00585 type=4
  atom 4: -1.23824 8.59966 3.14850 type=3
ML HG_ev = -0.365646 eV
[CLIENT] POSDATA natoms=1191 config_type=101 n_mol=1
  atom 0: -0.25953 0.54720 3.74015 type=4
  atom 1: 5.03161 9.14630 4.79126 type=4
  atom 2: 7.10247 5.39395 0.52556 type=4
  atom 3: -2.33038 4.29955 8.00585 type=4
  atom 4: -1.23824 8.59966 3.14850 type=3
ML HG_ev = 1.985254 eV
[CLIENT] POSDATA natoms=1191 config_type=101 n_mol=1
  atom 0: -0.25953 0.54720 3.74015 type=4
  atom 1: 5.03161 9.14630 4.79126 type=4
  atom 2: 7.10247 5.39395 0.52556 type=4
  atom 3: -2.33038 4.29955 8.00585 type=4
  atom 4: -1.23824 8.59966 3.14850 type=3
ML HG_ev = -0.365142 eV
[CLIENT] POSDATA natoms=1191 config_type=101 n_mol=1
  atom 0: -0.25953 0.54720 3.74015 type=4
  atom 1: 5.03161 9.14630 4.79126 type=4
  atom 2: 7.10247 5.39395 0.52556 type=4
  atom 3: -2.33038 4.29955 8.00585 type=4
  atom 4: -1.23824 8.59966 3.14850 type=3
ML HG_ev = -0.308432 eV
[CLIENT] POSDATA natoms=1191 config_type=101 n_mol=1
  atom 0: -0.25953 0.54720 3.74015 type=4
  atom 1: 5.03161 9.14630 4.79126 type=4
  atom 2: 7.10247 5.39395 0.52556 type=4
  atom 3: -2.33038 4.29955 8.00585 type=4
  atom 4: -1.23824 8.59966 3.14850 type=3
ML HG_ev = -0.365816 eV
[CLIENT] POSDATA natoms=1191 config_type=101 n_mol=1
  atom 0: -0.25953 0.54720 3.74015 type=4
  atom 1: 5.03161 9.14630 4.79126 type=4
  atom 2: 7.10247 5.39395 0.52556 type=4
  atom 3: -2.33038 4.29955 8.00585 type=4
  atom 4: -1.23824 8.59966 3.14850 type=3
ML HG_ev = -0.365770 eV
[CLIENT] POSDATA natoms=1191 config_type=101 n_mol=1
  atom 0: -0.25953 0.54720 3.74015 type=4
  atom 1: 5.03161 9.14630 4.79126 type=4
  atom 2: 7.10247 5.39395 0.52556 type=4
  atom 3: -2.33038 4.29955 8.00585 type=4
  atom 4: -1.23824 8.59966 3.14850 type=3
ML HG_ev = -0.343041 eV
[CLIENT] POSDATA natoms=1191 config_type=101 n_mol=1
  atom 0: -0.25953 0.54720 3.74015 type=4
  atom 1: 5.03161 9.14630 4.79126 type=4
  atom 2: 7.10247 5.39395 0.52556 type=4
  atom 3: -2.33038 4.29955 8.00585 type=4
  atom 4: -1.23824 8.59966 3.14850 type=3
ML HG_ev = -0.366301 eV
[CLIENT] POSDATA natoms=1191 config_type=101 n_mol=1
  atom 0: -0.25953 0.54720 3.74015 type=4
  atom 1: 5.03161 9.14630 4.79126 type=4
  atom 2: 7.10247 5.39395 0.52556 type=4
  atom 3: -2.33038 4.29955 8.00585 type=4
  atom 4: -1.23824 8.59966 3.14850 type=3
ML HG_ev = -0.289711 eV
[CLIENT] POSDATA natoms=1191 config_type=101 n_mol=1
  atom 0: -0.25953 0.54720 3.74015 type=4
  atom 1: 5.03161 9.14630 4.79126 type=4
  atom 2: 7.10247 5.39395 0.52556 type=4
  atom 3: -2.33038 4.29955 8.00585 type=4
  atom 4: -1.23824 8.59966 3.14850 type=3
ML HG_ev = -0.365565 eV
[CLIENT] POSDATA natoms=1191 config_type=101 n_mol=1
  atom 0: -0.25953 0.54720 3.74015 type=4
  atom 1: 5.03161 9.14630 4.79126 type=4
  atom 2: 7.10247 5.39395 0.52556 type=4
  atom 3: -2.33038 4.29955 8.00585 type=4
  atom 4: -1.23824 8.59966 3.14850 type=3
ML HG_ev = -0.055163 eV
[CLIENT] POSDATA natoms=1191 config_type=101 n_mol=1
  atom 0: -0.25953 0.54720 3.74015 type=4
  atom 1: 5.03161 9.14630 4.79126 type=4
  atom 2: 7.10247 5.39395 0.52556 type=4
  atom 3: -2.33038 4.29955 8.00585 type=4
  atom 4: -1.23824 8.59966 3.14850 type=3
ML HG_ev = -0.365461 eV
[CLIENT] POSDATA natoms=1191 config_type=101 n_mol=1
  atom 0: -0.25953 0.54720 3.74015 type=4
  atom 1: 5.03161 9.14630 4.79126 type=4
  atom 2: 7.10247 5.39395 0.52556 type=4
  atom 3: -2.33038 4.29955 8.00585 type=4
  atom 4: -1.23824 8.59966 3.14850 type=3
ML HG_ev = -0.365384 eV
[CLIENT] POSDATA natoms=1191 config_type=101 n_mol=1
  atom 0: -0.25953 0.54720 3.74015 type=4
  atom 1: 5.03161 9.14630 4.79126 type=4
  atom 2: 7.10247 5.39395 0.52556 type=4
  atom 3: -2.33038 4.29955 8.00585 type=4
  atom 4: -1.23824 8.59966 3.14850 type=3
ML HG_ev = -0.364601 eV
[CLIENT] POSDATA natoms=1191 config_type=101 n_mol=1
  atom 0: -0.25953 0.54720 3.74015 type=4
  atom 1: 5.03161 9.14630 4.79126 type=4
  atom 2: 7.10247 5.39395 0.52556 type=4
  atom 3: -2.33038 4.29955 8.00585 type=4
  atom 4: -1.23824 8.59966 3.14850 type=3
ML HG_ev = -0.365250 eV
[CLIENT] POSDATA natoms=1191 config_type=101 n_mol=1
  atom 0: -0.25953 0.54720 3.74015 type=4
  atom 1: 5.03161 9.14630 4.79126 type=4
  atom 2: 7.10247 5.39395 0.52556 type=4
  atom 3: -2.33038 4.29955 8.00585 type=4
  atom 4: -1.23824 8.59966 3.14850 type=3
ML HG_ev = -0.268420 eV
[CLIENT] POSDATA natoms=1191 config_type=101 n_mol=1
  atom 0: -0.25953 0.54720 3.74015 type=4
  atom 1: 5.03161 9.14630 4.79126 type=4
  atom 2: 7.10247 5.39395 0.52556 type=4
  atom 3: -2.33038 4.29955 8.00585 type=4
  atom 4: -1.23824 8.59966 3.14850 type=3
ML HG_ev = -0.365383 eV
[CLIENT] POSDATA natoms=1191 config_type=101 n_mol=1
  atom 0: -0.25953 0.54720 3.74015 type=4
  atom 1: 5.03161 9.14630 4.79126 type=4
  atom 2: 7.10247 5.39395 0.52556 type=4
  atom 3: -2.33038 4.29955 8.00585 type=4
  atom 4: -1.23824 8.59966 3.14850 type=3
ML HG_ev = -0.175516 eV
[CLIENT] POSDATA natoms=1191 config_type=101 n_mol=1
  atom 0: -0.25953 0.54720 3.74015 type=4
  atom 1: 5.03161 9.14630 4.79126 type=4
  atom 2: 7.10247 5.39395 0.52556 type=4
  atom 3: -2.33038 4.29955 8.00585 type=4
  atom 4: -1.23824 8.59966 3.14850 type=3
ML HG_ev = -0.315915 eV
[CLIENT] POSDATA natoms=1191 config_type=101 n_mol=1
  atom 0: -0.25953 0.54720 3.74015 type=4
  atom 1: 5.03161 9.14630 4.79126 type=4
  atom 2: 7.10247 5.39395 0.52556 type=4
  atom 3: -2.33038 4.29955 8.00585 type=4
  atom 4: -1.23824 8.59966 3.14850 type=3
ML HG_ev = -0.160277 eV
[CLIENT] POSDATA natoms=1191 config_type=101 n_mol=1
  atom 0: -0.25953 0.54720 3.74015 type=4
  atom 1: 5.03161 9.14630 4.79126 type=4
  atom 2: 7.10247 5.39395 0.52556 type=4
  atom 3: -2.33038 4.29955 8.00585 type=4
  atom 4: -1.23824 8.59966 3.14850 type=3
ML HG_ev = -0.317432 eV
[CLIENT] POSDATA natoms=1191 config_type=101 n_mol=1
  atom 0: -0.25953 0.54720 3.74015 type=4
  atom 1: 5.03161 9.14630 4.79126 type=4
  atom 2: 7.10247 5.39395 0.52556 type=4
  atom 3: -2.33038 4.29955 8.00585 type=4
  atom 4: -1.23824 8.59966 3.14850 type=3
ML HG_ev = -0.172290 eV
[CLIENT] POSDATA natoms=1191 config_type=101 n_mol=1
  atom 0: -0.25953 0.54720 3.74015 type=4
  atom 1: 5.03161 9.14630 4.79126 type=4
  atom 2: 7.10247 5.39395 0.52556 type=4
  atom 3: -2.33038 4.29955 8.00585 type=4
  atom 4: -1.23824 8.59966 3.14850 type=3
ML HG_ev = -0.316379 eV
[CLIENT] POSDATA natoms=1191 config_type=101 n_mol=1
  atom 0: -0.25953 0.54720 3.74015 type=4
  atom 1: 5.03161 9.14630 4.79126 type=4
  atom 2: 7.10247 5.39395 0.52556 type=4
  atom 3: -2.33038 4.29955 8.00585 type=4
  atom 4: -1.23824 8.59966 3.14850 type=3
ML HG_ev = -0.307820 eV
[CLIENT] POSDATA natoms=1191 config_type=101 n_mol=1
  atom 0: -0.25953 0.54720 3.74015 type=4
  atom 1: 5.03161 9.14630 4.79126 type=4
  atom 2: 7.10247 5.39395 0.52556 type=4
  atom 3: -2.33038 4.29955 8.00585 type=4
  atom 4: -1.23824 8.59966 3.14850 type=3
ML HG_ev = -0.366224 eV
[CLIENT] POSDATA natoms=1191 config_type=101 n_mol=1
  atom 0: -0.25953 0.54720 3.74015 type=4
  atom 1: 5.03161 9.14630 4.79126 type=4
  atom 2: 7.10247 5.39395 0.52556 type=4
  atom 3: -2.33038 4.29955 8.00585 type=4
  atom 4: -1.23824 8.59966 3.14850 type=3
ML HG_ev = -0.317289 eV
[CLIENT] POSDATA natoms=1191 config_type=101 n_mol=1
  atom 0: -0.25953 0.54720 3.74015 type=4
  atom 1: 5.03161 9.14630 4.79126 type=4
  atom 2: 7.10247 5.39395 0.52556 type=4
  atom 3: -2.33038 4.29955 8.00585 type=4
  atom 4: -1.23824 8.59966 3.14850 type=3
ML HG_ev = -0.316732 eV
[CLIENT] POSDATA natoms=1191 config_type=101 n_mol=1
  atom 0: -0.25953 0.54720 3.74015 type=4
  atom 1: 5.03161 9.14630 4.79126 type=4
  atom 2: 7.10247 5.39395 0.52556 type=4
  atom 3: -2.33038 4.29955 8.00585 type=4
  atom 4: -1.23824 8.59966 3.14850 type=3
ML HG_ev = -0.347592 eV
[CLIENT] POSDATA natoms=1191 config_type=101 n_mol=1
  atom 0: -0.25953 0.54720 3.74015 type=4
  atom 1: 5.03161 9.14630 4.79126 type=4
  atom 2: 7.10247 5.39395 0.52556 type=4
  atom 3: -2.33038 4.29955 8.00585 type=4
  atom 4: -1.23824 8.59966 3.14850 type=3
ML HG_ev = -0.365647 eV
[CLIENT] POSDATA natoms=1191 config_type=101 n_mol=1
  atom 0: -0.25953 0.54720 3.74015 type=4
  atom 1: 5.03161 9.14630 4.79126 type=4
  atom 2: 7.10247 5.39395 0.52556 type=4
  atom 3: -2.33038 4.29955 8.00585 type=4
  atom 4: -1.23824 8.59966 3.14850 type=3
ML HG_ev = -0.316734 eV
[CLIENT] POSDATA natoms=1191 config_type=101 n_mol=1
  atom 0: -0.25953 0.54720 3.74015 type=4
  atom 1: 5.03161 9.14630 4.79126 type=4
  atom 2: 7.10247 5.39395 0.52556 type=4
  atom 3: -2.33038 4.29955 8.00585 type=4
  atom 4: -1.23824 8.59966 3.14850 type=3
ML HG_ev = -0.067519 eV
[CLIENT] POSDATA natoms=1191 config_type=101 n_mol=1
  atom 0: -0.25953 0.54720 3.74015 type=4
  atom 1: 5.03161 9.14630 4.79126 type=4
  atom 2: 7.10247 5.39395 0.52556 type=4
  atom 3: -2.33038 4.29955 8.00585 type=4
  atom 4: -1.23824 8.59966 3.14850 type=3
ML HG_ev = -0.316162 eV
[CLIENT] POSDATA natoms=1191 config_type=101 n_mol=1
  atom 0: -0.25953 0.54720 3.74015 type=4
  atom 1: 5.03161 9.14630 4.79126 type=4
  atom 2: 7.10247 5.39395 0.52556 type=4
  atom 3: -2.33038 4.29955 8.00585 type=4
  atom 4: -1.23824 8.59966 3.14850 type=3
ML HG_ev = 0.072659 eV
[CLIENT] POSDATA natoms=1191 config_type=101 n_mol=1
  atom 0: -0.25953 0.54720 3.74015 type=4
  atom 1: 5.03161 9.14630 4.79126 type=4
  atom 2: 7.10247 5.39395 0.52556 type=4
  atom 3: -2.33038 4.29955 8.00585 type=4
  atom 4: -1.23824 8.59966 3.14850 type=3
ML HG_ev = -0.347353 eV
[CLIENT] POSDATA natoms=1191 config_type=101 n_mol=1
  atom 0: -0.25953 0.54720 3.74015 type=4
  atom 1: 5.03161 9.14630 4.79126 type=4
  atom 2: 7.10247 5.39395 0.52556 type=4
  atom 3: -2.33038 4.29955 8.00585 type=4
  atom 4: -1.23824 8.59966 3.14850 type=3
ML HG_ev = -0.300807 eV
[CLIENT] POSDATA natoms=1191 config_type=101 n_mol=1
  atom 0: -0.25953 0.54720 3.74015 type=4
  atom 1: 5.03161 9.14630 4.79126 type=4
  atom 2: 7.10247 5.39395 0.52556 type=4
  atom 3: -2.33038 4.29955 8.00585 type=4
  atom 4: -1.23824 8.59966 3.14850 type=3
ML HG_ev = -0.317676 eV
[CLIENT] POSDATA natoms=1191 config_type=101 n_mol=1
  atom 0: -0.25953 0.54720 3.74015 type=4
  atom 1: 5.03161 9.14630 4.79126 type=4
  atom 2: 7.10247 5.39395 0.52556 type=4
  atom 3: -2.33038 4.29955 8.00585 type=4
  atom 4: -1.23824 8.59966 3.14850 type=3
ML HG_ev = 0.021912 eV
[CLIENT] POSDATA natoms=1191 config_type=101 n_mol=1
  atom 0: -0.25953 0.54720 3.74015 type=4
  atom 1: 5.03161 9.14630 4.79126 type=4
  atom 2: 7.10247 5.39395 0.52556 type=4
  atom 3: -2.33038 4.29955 8.00585 type=4
  atom 4: -1.23824 8.59966 3.14850 type=3
ML HG_ev = -0.301016 eV
[CLIENT] POSDATA natoms=1191 config_type=101 n_mol=1
  atom 0: -0.25953 0.54720 3.74015 type=4
  atom 1: 5.03161 9.14630 4.79126 type=4
  atom 2: 7.10247 5.39395 0.52556 type=4
  atom 3: -2.33038 4.29955 8.00585 type=4
  atom 4: -1.23824 8.59966 3.14850 type=3
ML HG_ev = -0.011613 eV
[CLIENT] POSDATA natoms=1191 config_type=101 n_mol=1
  atom 0: -0.25953 0.54720 3.74015 type=4
  atom 1: 5.03161 9.14630 4.79126 type=4
  atom 2: 7.10247 5.39395 0.52556 type=4
  atom 3: -2.33038 4.29955 8.00585 type=4
  atom 4: -1.23824 8.59966 3.14850 type=3
ML HG_ev = -0.300218 eV
[CLIENT] POSDATA natoms=1191 config_type=101 n_mol=1
  atom 0: -0.25953 0.54720 3.74015 type=4
  atom 1: 5.03161 9.14630 4.79126 type=4
  atom 2: 7.10247 5.39395 0.52556 type=4
  atom 3: -2.33038 4.29955 8.00585 type=4
  atom 4: -1.23824 8.59966 3.14850 type=3
ML HG_ev = -0.261518 eV
[CLIENT] POSDATA natoms=1191 config_type=101 n_mol=1
  atom 0: -0.25953 0.54720 3.74015 type=4
  atom 1: 5.03161 9.14630 4.79126 type=4
  atom 2: 7.10247 5.39395 0.52556 type=4
  atom 3: -2.33038 4.29955 8.00585 type=4
  atom 4: -1.23824 8.59966 3.14850 type=3
ML HG_ev = -0.301316 eV
[CLIENT] POSDATA natoms=1191 config_type=101 n_mol=1
  atom 0: -0.25953 0.54720 3.74015 type=4
  atom 1: 5.03161 9.14630 4.79126 type=4
  atom 2: 7.10247 5.39395 0.52556 type=4
  atom 3: -2.33038 4.29955 8.00585 type=4
  atom 4: -1.23824 8.59966 3.14850 type=3
ML HG_ev = -0.171277 eV
[CLIENT] POSDATA natoms=1191 config_type=101 n_mol=1
  atom 0: -0.25953 0.54720 3.74015 type=4
  atom 1: 5.03161 9.14630 4.79126 type=4
  atom 2: 7.10247 5.39395 0.52556 type=4
  atom 3: -2.33038 4.29955 8.00585 type=4
  atom 4: -1.23824 8.59966 3.14850 type=3
ML HG_ev = -0.300462 eV
[CLIENT] POSDATA natoms=1191 config_type=101 n_mol=1
  atom 0: -0.25953 0.54720 3.74015 type=4
  atom 1: 5.03161 9.14630 4.79126 type=4
  atom 2: 7.10247 5.39395 0.52556 type=4
  atom 3: -2.33038 4.29955 8.00585 type=4
  atom 4: -1.23824 8.59966 3.14850 type=3
ML HG_ev = -0.347672 eV
[CLIENT] POSDATA natoms=1191 config_type=101 n_mol=1
  atom 0: -0.25953 0.54720 3.74015 type=4
  atom 1: 5.03161 9.14630 4.79126 type=4
  atom 2: 7.10247 5.39395 0.52556 type=4
  atom 3: -2.33038 4.29955 8.00585 type=4
  atom 4: -1.23824 8.59966 3.14850 type=3
ML HG_ev = 0.396483 eV
[CLIENT] POSDATA natoms=1191 config_type=101 n_mol=1
  atom 0: -0.25953 0.54720 3.74015 type=4
  atom 1: 5.03161 9.14630 4.79126 type=4
  atom 2: 7.10247 5.39395 0.52556 type=4
  atom 3: -2.33038 4.29955 8.00585 type=4
  atom 4: -1.23824 8.59966 3.14850 type=3
ML HG_ev = -0.347479 eV
[CLIENT] POSDATA natoms=1191 config_type=101 n_mol=1
  atom 0: -0.25953 0.54720 3.74015 type=4
  atom 1: 5.03161 9.14630 4.79126 type=4
  atom 2: 7.10247 5.39395 0.52556 type=4
  atom 3: -2.33038 4.29955 8.00585 type=4
  atom 4: -1.23824 8.59966 3.14850 type=3
ML HG_ev = -0.348055 eV
[CLIENT] POSDATA natoms=1191 config_type=101 n_mol=1
  atom 0: -0.25953 0.54720 3.74015 type=4
  atom 1: 5.03161 9.14630 4.79126 type=4
  atom 2: 7.10247 5.39395 0.52556 type=4
  atom 3: -2.33038 4.29955 8.00585 type=4
  atom 4: -1.23824 8.59966 3.14850 type=3
ML HG_ev = -0.358615 eV
[CLIENT] POSDATA natoms=1191 config_type=101 n_mol=1
  atom 0: -0.25953 0.54720 3.74015 type=4
  atom 1: 5.03161 9.14630 4.79126 type=4
  atom 2: 7.10247 5.39395 0.52556 type=4
  atom 3: -2.33038 4.29955 8.00585 type=4
  atom 4: -1.23824 8.59966 3.14850 type=3
ML HG_ev = -0.347713 eV
[CLIENT] POSDATA natoms=1191 config_type=101 n_mol=1
  atom 0: -0.25953 0.54720 3.74015 type=4
  atom 1: 5.03161 9.14630 4.79126 type=4
  atom 2: 7.10247 5.39395 0.52556 type=4
  atom 3: -2.33038 4.29955 8.00585 type=4
  atom 4: -1.23824 8.59966 3.14850 type=3
ML HG_ev = -0.321470 eV
[CLIENT] POSDATA natoms=1191 config_type=101 n_mol=1
  atom 0: -0.25953 0.54720 3.74015 type=4
  atom 1: 5.03161 9.14630 4.79126 type=4
  atom 2: 7.10247 5.39395 0.52556 type=4
  atom 3: -2.33038 4.29955 8.00585 type=4
  atom 4: -1.23824 8.59966 3.14850 type=3
ML HG_ev = -0.358108 eV
[CLIENT] POSDATA natoms=1191 config_type=101 n_mol=1
  atom 0: -0.25953 0.54720 3.74015 type=4
  atom 1: 5.03161 9.14630 4.79126 type=4
  atom 2: 7.10247 5.39395 0.52556 type=4
  atom 3: -2.33038 4.29955 8.00585 type=4
  atom 4: -1.23824 8.59966 3.14850 type=3
ML HG_ev = 0.381113 eV
[CLIENT] POSDATA natoms=1191 config_type=101 n_mol=1
  atom 0: -0.25953 0.54720 3.74015 type=4
  atom 1: 5.03161 9.14630 4.79126 type=4
  atom 2: 7.10247 5.39395 0.52556 type=4
  atom 3: -2.33038 4.29955 8.00585 type=4
  atom 4: -1.23824 8.59966 3.14850 type=3
ML HG_ev = -0.300627 eV
[CLIENT] POSDATA natoms=1191 config_type=101 n_mol=1
  atom 0: -0.25953 0.54720 3.74015 type=4
  atom 1: 5.03161 9.14630 4.79126 type=4
  atom 2: 7.10247 5.39395 0.52556 type=4
  atom 3: -2.33038 4.29955 8.00585 type=4
  atom 4: -1.23824 8.59966 3.14850 type=3
ML HG_ev = 0.963738 eV
[CLIENT] POSDATA natoms=1191 config_type=101 n_mol=1
  atom 0: -0.25953 0.54720 3.74015 type=4
  atom 1: 5.03161 9.14630 4.79126 type=4
  atom 2: 7.10247 5.39395 0.52556 type=4
  atom 3: -2.33038 4.29955 8.00585 type=4
  atom 4: -1.23824 8.59966 3.14850 type=3
ML HG_ev = -0.358464 eV
[CLIENT] POSDATA natoms=1191 config_type=101 n_mol=1
  atom 0: -0.25953 0.54720 3.74015 type=4
  atom 1: 5.03161 9.14630 4.79126 type=4
  atom 2: 7.10247 5.39395 0.52556 type=4
  atom 3: -2.33038 4.29955 8.00585 type=4
  atom 4: -1.23824 8.59966 3.14850 type=3
ML HG_ev = -0.306023 eV
[CLIENT] POSDATA natoms=1191 config_type=101 n_mol=1
  atom 0: -0.25953 0.54720 3.74015 type=4
  atom 1: 5.03161 9.14630 4.79126 type=4
  atom 2: 7.10247 5.39395 0.52556 type=4
  atom 3: -2.33038 4.29955 8.00585 type=4
  atom 4: -1.23824 8.59966 3.14850 type=3
ML HG_ev = -0.358604 eV
[CLIENT] POSDATA natoms=1191 config_type=101 n_mol=1
  atom 0: -0.25953 0.54720 3.74015 type=4
  atom 1: 5.03161 9.14630 4.79126 type=4
  atom 2: 7.10247 5.39395 0.52556 type=4
  atom 3: -2.33038 4.29955 8.00585 type=4
  atom 4: -1.23824 8.59966 3.14850 type=3
ML HG_ev = -0.335870 eV
[CLIENT] POSDATA natoms=1191 config_type=101 n_mol=1
  atom 0: -0.25953 0.54720 3.74015 type=4
  atom 1: 5.03161 9.14630 4.79126 type=4
  atom 2: 7.10247 5.39395 0.52556 type=4
  atom 3: -2.33038 4.29955 8.00585 type=4
  atom 4: -1.23824 8.59966 3.14850 type=3
ML HG_ev = -0.300559 eV
[CLIENT] POSDATA natoms=1191 config_type=101 n_mol=1
  atom 0: -0.25953 0.54720 3.74015 type=4
  atom 1: 5.03161 9.14630 4.79126 type=4
  atom 2: 7.10247 5.39395 0.52556 type=4
  atom 3: -2.33038 4.29955 8.00585 type=4
  atom 4: -1.23824 8.59966 3.14850 type=3
ML HG_ev = -0.336210 eV
[CLIENT] POSDATA natoms=1191 config_type=101 n_mol=1
  atom 0: -0.25953 0.54720 3.74015 type=4
  atom 1: 5.03161 9.14630 4.79126 type=4
  atom 2: 7.10247 5.39395 0.52556 type=4
  atom 3: -2.33038 4.29955 8.00585 type=4
  atom 4: -1.23824 8.59966 3.14850 type=3
ML HG_ev = -0.335654 eV
[CLIENT] POSDATA natoms=1191 config_type=101 n_mol=1
  atom 0: -0.25953 0.54720 3.74015 type=4
  atom 1: 5.03161 9.14630 4.79126 type=4
  atom 2: 7.10247 5.39395 0.52556 type=4
  atom 3: -2.33038 4.29955 8.00585 type=4
  atom 4: -1.23824 8.59966 3.14850 type=3
ML HG_ev = -0.012798 eV
[CLIENT] POSDATA natoms=1191 config_type=101 n_mol=1
  atom 0: -0.25953 0.54720 3.74015 type=4
  atom 1: 5.03161 9.14630 4.79126 type=4
  atom 2: 7.10247 5.39395 0.52556 type=4
  atom 3: -2.33038 4.29955 8.00585 type=4
  atom 4: -1.23824 8.59966 3.14850 type=3
ML HG_ev = -0.358470 eV
[CLIENT] POSDATA natoms=1191 config_type=101 n_mol=1
  atom 0: -0.25953 0.54720 3.74015 type=4
  atom 1: 5.03161 9.14630 4.79126 type=4
  atom 2: 7.10247 5.39395 0.52556 type=4
  atom 3: -2.33038 4.29955 8.00585 type=4
  atom 4: -1.23824 8.59966 3.14850 type=3
ML HG_ev = -0.336261 eV
[CLIENT] POSDATA natoms=1191 config_type=101 n_mol=1
  atom 0: -0.25953 0.54720 3.74015 type=4
  atom 1: 5.03161 9.14630 4.79126 type=4
  atom 2: 7.10247 5.39395 0.52556 type=4
  atom 3: -2.33038 4.29955 8.00585 type=4
  atom 4: -1.23824 8.59966 3.14850 type=3
ML HG_ev = -0.335884 eV
[CLIENT] POSDATA natoms=1191 config_type=101 n_mol=1
  atom 0: -0.25953 0.54720 3.74015 type=4
  atom 1: 5.03161 9.14630 4.79126 type=4
  atom 2: 7.10247 5.39395 0.52556 type=4
  atom 3: -2.33038 4.29955 8.00585 type=4
  atom 4: -1.23824 8.59966 3.14850 type=3
ML HG_ev = 0.492370 eV
[CLIENT] POSDATA natoms=1191 config_type=101 n_mol=1
  atom 0: -0.25953 0.54720 3.74015 type=4
  atom 1: 5.03161 9.14630 4.79126 type=4
  atom 2: 7.10247 5.39395 0.52556 type=4
  atom 3: -2.33038 4.29955 8.00585 type=4
  atom 4: -1.23824 8.59966 3.14850 type=3
INITIALIZATION Cycle: 800, 2 Adsorbate Molecules, Total Energy: -6628.10810  ||  Component 0 [calf20_ddec_super.cif], 1 Molecules  ||  Component 1 [CO2], 2 Molecules  ||  
ML HG_ev = -0.358366 eV
[CLIENT] POSDATA natoms=1191 config_type=101 n_mol=1
  atom 0: -0.25953 0.54720 3.74015 type=4
  atom 1: 5.03161 9.14630 4.79126 type=4
  atom 2: 7.10247 5.39395 0.52556 type=4
  atom 3: -2.33038 4.29955 8.00585 type=4
  atom 4: -1.23824 8.59966 3.14850 type=3
ML HG_ev = -0.346510 eV
[CLIENT] POSDATA natoms=1191 config_type=101 n_mol=1
  atom 0: -0.25953 0.54720 3.74015 type=4
  atom 1: 5.03161 9.14630 4.79126 type=4
  atom 2: 7.10247 5.39395 0.52556 type=4
  atom 3: -2.33038 4.29955 8.00585 type=4
  atom 4: -1.23824 8.59966 3.14850 type=3
ML HG_ev = -0.358719 eV
[CLIENT] POSDATA natoms=1191 config_type=101 n_mol=1
  atom 0: -0.25953 0.54720 3.74015 type=4
  atom 1: 5.03161 9.14630 4.79126 type=4
  atom 2: 7.10247 5.39395 0.52556 type=4
  atom 3: -2.33038 4.29955 8.00585 type=4
  atom 4: -1.23824 8.59966 3.14850 type=3
ML HG_ev = -0.332903 eV
[CLIENT] POSDATA natoms=1191 config_type=101 n_mol=1
  atom 0: -0.25953 0.54720 3.74015 type=4
  atom 1: 5.03161 9.14630 4.79126 type=4
  atom 2: 7.10247 5.39395 0.52556 type=4
  atom 3: -2.33038 4.29955 8.00585 type=4
  atom 4: -1.23824 8.59966 3.14850 type=3
ML HG_ev = -0.336302 eV
[CLIENT] POSDATA natoms=1191 config_type=101 n_mol=1
  atom 0: -0.25953 0.54720 3.74015 type=4
  atom 1: 5.03161 9.14630 4.79126 type=4
  atom 2: 7.10247 5.39395 0.52556 type=4
  atom 3: -2.33038 4.29955 8.00585 type=4
  atom 4: -1.23824 8.59966 3.14850 type=3
ML HG_ev = -0.332683 eV
[CLIENT] POSDATA natoms=1191 config_type=101 n_mol=1
  atom 0: -0.25953 0.54720 3.74015 type=4
  atom 1: 5.03161 9.14630 4.79126 type=4
  atom 2: 7.10247 5.39395 0.52556 type=4
  atom 3: -2.33038 4.29955 8.00585 type=4
  atom 4: -1.23824 8.59966 3.14850 type=3
ML HG_ev = -0.346519 eV
[CLIENT] POSDATA natoms=1191 config_type=101 n_mol=1
  atom 0: -0.25953 0.54720 3.74015 type=4
  atom 1: 5.03161 9.14630 4.79126 type=4
  atom 2: 7.10247 5.39395 0.52556 type=4
  atom 3: -2.33038 4.29955 8.00585 type=4
  atom 4: -1.23824 8.59966 3.14850 type=3
ML HG_ev = -0.332538 eV
[CLIENT] POSDATA natoms=1191 config_type=101 n_mol=1
  atom 0: -0.25953 0.54720 3.74015 type=4
  atom 1: 5.03161 9.14630 4.79126 type=4
  atom 2: 7.10247 5.39395 0.52556 type=4
  atom 3: -2.33038 4.29955 8.00585 type=4
  atom 4: -1.23824 8.59966 3.14850 type=3
ML HG_ev = -0.237914 eV
[CLIENT] POSDATA natoms=1191 config_type=101 n_mol=1
  atom 0: -0.25953 0.54720 3.74015 type=4
  atom 1: 5.03161 9.14630 4.79126 type=4
  atom 2: 7.10247 5.39395 0.52556 type=4
  atom 3: -2.33038 4.29955 8.00585 type=4
  atom 4: -1.23824 8.59966 3.14850 type=3
ML HG_ev = -0.332282 eV
[CLIENT] POSDATA natoms=1191 config_type=101 n_mol=1
  atom 0: -0.25953 0.54720 3.74015 type=4
  atom 1: 5.03161 9.14630 4.79126 type=4
  atom 2: 7.10247 5.39395 0.52556 type=4
  atom 3: -2.33038 4.29955 8.00585 type=4
  atom 4: -1.23824 8.59966 3.14850 type=3
ML HG_ev = -0.322091 eV
[CLIENT] POSDATA natoms=1191 config_type=101 n_mol=1
  atom 0: -0.25953 0.54720 3.74015 type=4
  atom 1: 5.03161 9.14630 4.79126 type=4
  atom 2: 7.10247 5.39395 0.52556 type=4
  atom 3: -2.33038 4.29955 8.00585 type=4
  atom 4: -1.23824 8.59966 3.14850 type=3
ML HG_ev = -0.332251 eV
[CLIENT] POSDATA natoms=1191 config_type=101 n_mol=1
  atom 0: -0.25953 0.54720 3.74015 type=4
  atom 1: 5.03161 9.14630 4.79126 type=4
  atom 2: 7.10247 5.39395 0.52556 type=4
  atom 3: -2.33038 4.29955 8.00585 type=4
  atom 4: -1.23824 8.59966 3.14850 type=3
ML HG_ev = -0.293370 eV
[CLIENT] POSDATA natoms=1191 config_type=101 n_mol=1
  atom 0: -0.25953 0.54720 3.74015 type=4
  atom 1: 5.03161 9.14630 4.79126 type=4
  atom 2: 7.10247 5.39395 0.52556 type=4
  atom 3: -2.33038 4.29955 8.00585 type=4
  atom 4: -1.23824 8.59966 3.14850 type=3
ML HG_ev = -0.332180 eV
[CLIENT] POSDATA natoms=1191 config_type=101 n_mol=1
  atom 0: -0.25953 0.54720 3.74015 type=4
  atom 1: 5.03161 9.14630 4.79126 type=4
  atom 2: 7.10247 5.39395 0.52556 type=4
  atom 3: -2.33038 4.29955 8.00585 type=4
  atom 4: -1.23824 8.59966 3.14850 type=3
ML HG_ev = -0.332665 eV
[CLIENT] POSDATA natoms=1191 config_type=101 n_mol=1
  atom 0: -0.25953 0.54720 3.74015 type=4
  atom 1: 5.03161 9.14630 4.79126 type=4
  atom 2: 7.10247 5.39395 0.52556 type=4
  atom 3: -2.33038 4.29955 8.00585 type=4
  atom 4: -1.23824 8.59966 3.14850 type=3
ML HG_ev = -0.342438 eV
[CLIENT] POSDATA natoms=1191 config_type=101 n_mol=1
  atom 0: -0.25953 0.54720 3.74015 type=4
  atom 1: 5.03161 9.14630 4.79126 type=4
  atom 2: 7.10247 5.39395 0.52556 type=4
  atom 3: -2.33038 4.29955 8.00585 type=4
  atom 4: -1.23824 8.59966 3.14850 type=3
ML HG_ev = -0.332834 eV
[CLIENT] POSDATA natoms=1191 config_type=101 n_mol=1
  atom 0: -0.25953 0.54720 3.74015 type=4
  atom 1: 5.03161 9.14630 4.79126 type=4
  atom 2: 7.10247 5.39395 0.52556 type=4
  atom 3: -2.33038 4.29955 8.00585 type=4
  atom 4: -1.23824 8.59966 3.14850 type=3
ML HG_ev = 0.715002 eV
[CLIENT] POSDATA natoms=1191 config_type=101 n_mol=1
  atom 0: -0.25953 0.54720 3.74015 type=4
  atom 1: 5.03161 9.14630 4.79126 type=4
  atom 2: 7.10247 5.39395 0.52556 type=4
  atom 3: -2.33038 4.29955 8.00585 type=4
  atom 4: -1.23824 8.59966 3.14850 type=3
ML HG_ev = -0.332526 eV
[CLIENT] POSDATA natoms=1191 config_type=101 n_mol=1
  atom 0: -0.25953 0.54720 3.74015 type=4
  atom 1: 5.03161 9.14630 4.79126 type=4
  atom 2: 7.10247 5.39395 0.52556 type=4
  atom 3: -2.33038 4.29955 8.00585 type=4
  atom 4: -1.23824 8.59966 3.14850 type=3
ML HG_ev = 1.909535 eV
[CLIENT] POSDATA natoms=1191 config_type=101 n_mol=1
  atom 0: -0.25953 0.54720 3.74015 type=4
  atom 1: 5.03161 9.14630 4.79126 type=4
  atom 2: 7.10247 5.39395 0.52556 type=4
  atom 3: -2.33038 4.29955 8.00585 type=4
  atom 4: -1.23824 8.59966 3.14850 type=3
ML HG_ev = -0.317506 eV
[CLIENT] POSDATA natoms=1191 config_type=101 n_mol=1
  atom 0: -0.25953 0.54720 3.74015 type=4
  atom 1: 5.03161 9.14630 4.79126 type=4
  atom 2: 7.10247 5.39395 0.52556 type=4
  atom 3: -2.33038 4.29955 8.00585 type=4
  atom 4: -1.23824 8.59966 3.14850 type=3
ML HG_ev = -0.332965 eV
[CLIENT] POSDATA natoms=1191 config_type=101 n_mol=1
  atom 0: -0.25953 0.54720 3.74015 type=4
  atom 1: 5.03161 9.14630 4.79126 type=4
  atom 2: 7.10247 5.39395 0.52556 type=4
  atom 3: -2.33038 4.29955 8.00585 type=4
  atom 4: -1.23824 8.59966 3.14850 type=3
ML HG_ev = -0.318257 eV
[CLIENT] POSDATA natoms=1191 config_type=101 n_mol=1
  atom 0: -0.25953 0.54720 3.74015 type=4
  atom 1: 5.03161 9.14630 4.79126 type=4
  atom 2: 7.10247 5.39395 0.52556 type=4
  atom 3: -2.33038 4.29955 8.00585 type=4
  atom 4: -1.23824 8.59966 3.14850 type=3
ML HG_ev = -0.342573 eV
[CLIENT] POSDATA natoms=1191 config_type=101 n_mol=1
  atom 0: -0.25953 0.54720 3.74015 type=4
  atom 1: 5.03161 9.14630 4.79126 type=4
  atom 2: 7.10247 5.39395 0.52556 type=4
  atom 3: -2.33038 4.29955 8.00585 type=4
  atom 4: -1.23824 8.59966 3.14850 type=3
ML HG_ev = -0.332704 eV
[CLIENT] POSDATA natoms=1191 config_type=101 n_mol=1
  atom 0: -0.25953 0.54720 3.74015 type=4
  atom 1: 5.03161 9.14630 4.79126 type=4
  atom 2: 7.10247 5.39395 0.52556 type=4
  atom 3: -2.33038 4.29955 8.00585 type=4
  atom 4: -1.23824 8.59966 3.14850 type=3
ML HG_ev = -0.334731 eV
[CLIENT] POSDATA natoms=1191 config_type=101 n_mol=1
  atom 0: -0.25953 0.54720 3.74015 type=4
  atom 1: 5.03161 9.14630 4.79126 type=4
  atom 2: 7.10247 5.39395 0.52556 type=4
  atom 3: -2.33038 4.29955 8.00585 type=4
  atom 4: -1.23824 8.59966 3.14850 type=3
ML HG_ev = -0.332500 eV
[CLIENT] POSDATA natoms=1191 config_type=101 n_mol=1
  atom 0: -0.25953 0.54720 3.74015 type=4
  atom 1: 5.03161 9.14630 4.79126 type=4
  atom 2: 7.10247 5.39395 0.52556 type=4
  atom 3: -2.33038 4.29955 8.00585 type=4
  atom 4: -1.23824 8.59966 3.14850 type=3
ML HG_ev = -0.214855 eV
[CLIENT] POSDATA natoms=1191 config_type=101 n_mol=1
  atom 0: -0.25953 0.54720 3.74015 type=4
  atom 1: 5.03161 9.14630 4.79126 type=4
  atom 2: 7.10247 5.39395 0.52556 type=4
  atom 3: -2.33038 4.29955 8.00585 type=4
  atom 4: -1.23824 8.59966 3.14850 type=3
ML HG_ev = -0.318748 eV
[CLIENT] POSDATA natoms=1191 config_type=101 n_mol=1
  atom 0: -0.25953 0.54720 3.74015 type=4
  atom 1: 5.03161 9.14630 4.79126 type=4
  atom 2: 7.10247 5.39395 0.52556 type=4
  atom 3: -2.33038 4.29955 8.00585 type=4
  atom 4: -1.23824 8.59966 3.14850 type=3
ML HG_ev = -0.290561 eV
[CLIENT] POSDATA natoms=1191 config_type=101 n_mol=1
  atom 0: -0.25953 0.54720 3.74015 type=4
  atom 1: 5.03161 9.14630 4.79126 type=4
  atom 2: 7.10247 5.39395 0.52556 type=4
  atom 3: -2.33038 4.29955 8.00585 type=4
  atom 4: -1.23824 8.59966 3.14850 type=3
ML HG_ev = -0.334069 eV
[CLIENT] POSDATA natoms=1191 config_type=101 n_mol=1
  atom 0: -0.25953 0.54720 3.74015 type=4
  atom 1: 5.03161 9.14630 4.79126 type=4
  atom 2: 7.10247 5.39395 0.52556 type=4
  atom 3: -2.33038 4.29955 8.00585 type=4
  atom 4: -1.23824 8.59966 3.14850 type=3
ML HG_ev = -0.318000 eV
[CLIENT] POSDATA natoms=1191 config_type=101 n_mol=1
  atom 0: -0.25953 0.54720 3.74015 type=4
  atom 1: 5.03161 9.14630 4.79126 type=4
  atom 2: 7.10247 5.39395 0.52556 type=4
  atom 3: -2.33038 4.29955 8.00585 type=4
  atom 4: -1.23824 8.59966 3.14850 type=3
ML HG_ev = -0.318169 eV
[CLIENT] POSDATA natoms=1191 config_type=101 n_mol=1
  atom 0: -0.25953 0.54720 3.74015 type=4
  atom 1: 5.03161 9.14630 4.79126 type=4
  atom 2: 7.10247 5.39395 0.52556 type=4
  atom 3: -2.33038 4.29955 8.00585 type=4
  atom 4: -1.23824 8.59966 3.14850 type=3
ML HG_ev = -0.247417 eV
[CLIENT] POSDATA natoms=1191 config_type=101 n_mol=1
  atom 0: -0.25953 0.54720 3.74015 type=4
  atom 1: 5.03161 9.14630 4.79126 type=4
  atom 2: 7.10247 5.39395 0.52556 type=4
  atom 3: -2.33038 4.29955 8.00585 type=4
  atom 4: -1.23824 8.59966 3.14850 type=3
ML HG_ev = -0.290849 eV
[CLIENT] POSDATA natoms=1191 config_type=101 n_mol=1
  atom 0: -0.25953 0.54720 3.74015 type=4
  atom 1: 5.03161 9.14630 4.79126 type=4
  atom 2: 7.10247 5.39395 0.52556 type=4
  atom 3: -2.33038 4.29955 8.00585 type=4
  atom 4: -1.23824 8.59966 3.14850 type=3
ML HG_ev = -0.317961 eV
[CLIENT] POSDATA natoms=1191 config_type=101 n_mol=1
  atom 0: -0.25953 0.54720 3.74015 type=4
  atom 1: 5.03161 9.14630 4.79126 type=4
  atom 2: 7.10247 5.39395 0.52556 type=4
  atom 3: -2.33038 4.29955 8.00585 type=4
  atom 4: -1.23824 8.59966 3.14850 type=3
ML HG_ev = -0.334689 eV
[CLIENT] POSDATA natoms=1191 config_type=101 n_mol=1
  atom 0: -0.25953 0.54720 3.74015 type=4
  atom 1: 5.03161 9.14630 4.79126 type=4
  atom 2: 7.10247 5.39395 0.52556 type=4
  atom 3: -2.33038 4.29955 8.00585 type=4
  atom 4: -1.23824 8.59966 3.14850 type=3
ML HG_ev = -0.290820 eV
[CLIENT] POSDATA natoms=1191 config_type=101 n_mol=1
  atom 0: -0.25953 0.54720 3.74015 type=4
  atom 1: 5.03161 9.14630 4.79126 type=4
  atom 2: 7.10247 5.39395 0.52556 type=4
  atom 3: -2.33038 4.29955 8.00585 type=4
  atom 4: -1.23824 8.59966 3.14850 type=3
ML HG_ev = -0.318268 eV
[CLIENT] POSDATA natoms=1191 config_type=101 n_mol=1
  atom 0: -0.25953 0.54720 3.74015 type=4
  atom 1: 5.03161 9.14630 4.79126 type=4
  atom 2: 7.10247 5.39395 0.52556 type=4
  atom 3: -2.33038 4.29955 8.00585 type=4
  atom 4: -1.23824 8.59966 3.14850 type=3
ML HG_ev = -0.248272 eV
[CLIENT] POSDATA natoms=1191 config_type=101 n_mol=1
  atom 0: -0.25953 0.54720 3.74015 type=4
  atom 1: 5.03161 9.14630 4.79126 type=4
  atom 2: 7.10247 5.39395 0.52556 type=4
  atom 3: -2.33038 4.29955 8.00585 type=4
  atom 4: -1.23824 8.59966 3.14850 type=3
ML HG_ev = -0.334779 eV
[CLIENT] POSDATA natoms=1191 config_type=101 n_mol=1
  atom 0: -0.25953 0.54720 3.74015 type=4
  atom 1: 5.03161 9.14630 4.79126 type=4
  atom 2: 7.10247 5.39395 0.52556 type=4
  atom 3: -2.33038 4.29955 8.00585 type=4
  atom 4: -1.23824 8.59966 3.14850 type=3
ML HG_ev = -0.351411 eV
[CLIENT] POSDATA natoms=1191 config_type=101 n_mol=1
  atom 0: -0.25953 0.54720 3.74015 type=4
  atom 1: 5.03161 9.14630 4.79126 type=4
  atom 2: 7.10247 5.39395 0.52556 type=4
  atom 3: -2.33038 4.29955 8.00585 type=4
  atom 4: -1.23824 8.59966 3.14850 type=3
ML HG_ev = -0.317794 eV
[CLIENT] POSDATA natoms=1191 config_type=101 n_mol=1
  atom 0: -0.25953 0.54720 3.74015 type=4
  atom 1: 5.03161 9.14630 4.79126 type=4
  atom 2: 7.10247 5.39395 0.52556 type=4
  atom 3: -2.33038 4.29955 8.00585 type=4
  atom 4: -1.23824 8.59966 3.14850 type=3
ML HG_ev = -0.324085 eV
[CLIENT] POSDATA natoms=1191 config_type=101 n_mol=1
  atom 0: -0.25953 0.54720 3.74015 type=4
  atom 1: 5.03161 9.14630 4.79126 type=4
  atom 2: 7.10247 5.39395 0.52556 type=4
  atom 3: -2.33038 4.29955 8.00585 type=4
  atom 4: -1.23824 8.59966 3.14850 type=3
ML HG_ev = -0.334332 eV
[CLIENT] POSDATA natoms=1191 config_type=101 n_mol=1
  atom 0: -0.25953 0.54720 3.74015 type=4
  atom 1: 5.03161 9.14630 4.79126 type=4
  atom 2: 7.10247 5.39395 0.52556 type=4
  atom 3: -2.33038 4.29955 8.00585 type=4
  atom 4: -1.23824 8.59966 3.14850 type=3
ML HG_ev = -0.110859 eV
[CLIENT] POSDATA natoms=1191 config_type=101 n_mol=1
  atom 0: -0.25953 0.54720 3.74015 type=4
  atom 1: 5.03161 9.14630 4.79126 type=4
  atom 2: 7.10247 5.39395 0.52556 type=4
  atom 3: -2.33038 4.29955 8.00585 type=4
  atom 4: -1.23824 8.59966 3.14850 type=3
ML HG_ev = -0.324233 eV
[CLIENT] POSDATA natoms=1191 config_type=101 n_mol=1
  atom 0: -0.25953 0.54720 3.74015 type=4
  atom 1: 5.03161 9.14630 4.79126 type=4
  atom 2: 7.10247 5.39395 0.52556 type=4
  atom 3: -2.33038 4.29955 8.00585 type=4
  atom 4: -1.23824 8.59966 3.14850 type=3
ML HG_ev = 0.579899 eV
[CLIENT] POSDATA natoms=1191 config_type=101 n_mol=1
  atom 0: -0.25953 0.54720 3.74015 type=4
  atom 1: 5.03161 9.14630 4.79126 type=4
  atom 2: 7.10247 5.39395 0.52556 type=4
  atom 3: -2.33038 4.29955 8.00585 type=4
  atom 4: -1.23824 8.59966 3.14850 type=3
ML HG_ev = -0.323722 eV
[CLIENT] POSDATA natoms=1191 config_type=101 n_mol=1
  atom 0: -0.25953 0.54720 3.74015 type=4
  atom 1: 5.03161 9.14630 4.79126 type=4
  atom 2: 7.10247 5.39395 0.52556 type=4
  atom 3: -2.33038 4.29955 8.00585 type=4
  atom 4: -1.23824 8.59966 3.14850 type=3
ML HG_ev = -0.323379 eV
[CLIENT] POSDATA natoms=1191 config_type=101 n_mol=1
  atom 0: -0.25953 0.54720 3.74015 type=4
  atom 1: 5.03161 9.14630 4.79126 type=4
  atom 2: 7.10247 5.39395 0.52556 type=4
  atom 3: -2.33038 4.29955 8.00585 type=4
  atom 4: -1.23824 8.59966 3.14850 type=3
ML HG_ev = -0.292484 eV
[CLIENT] POSDATA natoms=1191 config_type=101 n_mol=1
  atom 0: -0.25953 0.54720 3.74015 type=4
  atom 1: 5.03161 9.14630 4.79126 type=4
  atom 2: 7.10247 5.39395 0.52556 type=4
  atom 3: -2.33038 4.29955 8.00585 type=4
  atom 4: -1.23824 8.59966 3.14850 type=3
ML HG_ev = -0.323538 eV
[CLIENT] POSDATA natoms=1191 config_type=101 n_mol=1
  atom 0: -0.25953 0.54720 3.74015 type=4
  atom 1: 5.03161 9.14630 4.79126 type=4
  atom 2: 7.10247 5.39395 0.52556 type=4
  atom 3: -2.33038 4.29955 8.00585 type=4
  atom 4: -1.23824 8.59966 3.14850 type=3
ML HG_ev = -0.209382 eV
[CLIENT] POSDATA natoms=1191 config_type=101 n_mol=1
  atom 0: -0.25953 0.54720 3.74015 type=4
  atom 1: 5.03161 9.14630 4.79126 type=4
  atom 2: 7.10247 5.39395 0.52556 type=4
  atom 3: -2.33038 4.29955 8.00585 type=4
  atom 4: -1.23824 8.59966 3.14850 type=3
ML HG_ev = -0.323790 eV
[CLIENT] POSDATA natoms=1191 config_type=101 n_mol=1
  atom 0: -0.25953 0.54720 3.74015 type=4
  atom 1: 5.03161 9.14630 4.79126 type=4
  atom 2: 7.10247 5.39395 0.52556 type=4
  atom 3: -2.33038 4.29955 8.00585 type=4
  atom 4: -1.23824 8.59966 3.14850 type=3
ML HG_ev = -0.351773 eV
[CLIENT] POSDATA natoms=1191 config_type=101 n_mol=1
  atom 0: -0.25953 0.54720 3.74015 type=4
  atom 1: 5.03161 9.14630 4.79126 type=4
  atom 2: 7.10247 5.39395 0.52556 type=4
  atom 3: -2.33038 4.29955 8.00585 type=4
  atom 4: -1.23824 8.59966 3.14850 type=3
ML HG_ev = -0.087883 eV
[CLIENT] POSDATA natoms=1191 config_type=101 n_mol=1
  atom 0: -0.25953 0.54720 3.74015 type=4
  atom 1: 5.03161 9.14630 4.79126 type=4
  atom 2: 7.10247 5.39395 0.52556 type=4
  atom 3: -2.33038 4.29955 8.00585 type=4
  atom 4: -1.23824 8.59966 3.14850 type=3
ML HG_ev = -0.323698 eV
[CLIENT] POSDATA natoms=1191 config_type=101 n_mol=1
  atom 0: -0.25953 0.54720 3.74015 type=4
  atom 1: 5.03161 9.14630 4.79126 type=4
  atom 2: 7.10247 5.39395 0.52556 type=4
  atom 3: -2.33038 4.29955 8.00585 type=4
  atom 4: -1.23824 8.59966 3.14850 type=3
ML HG_ev = -0.253606 eV
[CLIENT] POSDATA natoms=1191 config_type=101 n_mol=1
  atom 0: -0.25953 0.54720 3.74015 type=4
  atom 1: 5.03161 9.14630 4.79126 type=4
  atom 2: 7.10247 5.39395 0.52556 type=4
  atom 3: -2.33038 4.29955 8.00585 type=4
  atom 4: -1.23824 8.59966 3.14850 type=3
ML HG_ev = -0.323631 eV
[CLIENT] POSDATA natoms=1191 config_type=101 n_mol=1
  atom 0: -0.25953 0.54720 3.74015 type=4
  atom 1: 5.03161 9.14630 4.79126 type=4
  atom 2: 7.10247 5.39395 0.52556 type=4
  atom 3: -2.33038 4.29955 8.00585 type=4
  atom 4: -1.23824 8.59966 3.14850 type=3
ML HG_ev = 2.541799 eV
[CLIENT] POSDATA natoms=1191 config_type=101 n_mol=1
  atom 0: -0.25953 0.54720 3.74015 type=4
  atom 1: 5.03161 9.14630 4.79126 type=4
  atom 2: 7.10247 5.39395 0.52556 type=4
  atom 3: -2.33038 4.29955 8.00585 type=4
  atom 4: -1.23824 8.59966 3.14850 type=3
ML HG_ev = -0.351680 eV
[CLIENT] POSDATA natoms=1191 config_type=101 n_mol=1
  atom 0: -0.25953 0.54720 3.74015 type=4
  atom 1: 5.03161 9.14630 4.79126 type=4
  atom 2: 7.10247 5.39395 0.52556 type=4
  atom 3: -2.33038 4.29955 8.00585 type=4
  atom 4: -1.23824 8.59966 3.14850 type=3
ML HG_ev = 0.369879 eV
[CLIENT] POSDATA natoms=1191 config_type=101 n_mol=1
  atom 0: -0.25953 0.54720 3.74015 type=4
  atom 1: 5.03161 9.14630 4.79126 type=4
  atom 2: 7.10247 5.39395 0.52556 type=4
  atom 3: -2.33038 4.29955 8.00585 type=4
  atom 4: -1.23824 8.59966 3.14850 type=3
ML HG_ev = -0.351393 eV
[CLIENT] POSDATA natoms=1191 config_type=101 n_mol=1
  atom 0: -0.25953 0.54720 3.74015 type=4
  atom 1: 5.03161 9.14630 4.79126 type=4
  atom 2: 7.10247 5.39395 0.52556 type=4
  atom 3: -2.33038 4.29955 8.00585 type=4
  atom 4: -1.23824 8.59966 3.14850 type=3
ML HG_ev = -0.324389 eV
[CLIENT] POSDATA natoms=1191 config_type=101 n_mol=1
  atom 0: -0.25953 0.54720 3.74015 type=4
  atom 1: 5.03161 9.14630 4.79126 type=4
  atom 2: 7.10247 5.39395 0.52556 type=4
  atom 3: -2.33038 4.29955 8.00585 type=4
  atom 4: -1.23824 8.59966 3.14850 type=3
ML HG_ev = -0.352198 eV
[CLIENT] POSDATA natoms=1191 config_type=101 n_mol=1
  atom 0: -0.25953 0.54720 3.74015 type=4
  atom 1: 5.03161 9.14630 4.79126 type=4
  atom 2: 7.10247 5.39395 0.52556 type=4
  atom 3: -2.33038 4.29955 8.00585 type=4
  atom 4: -1.23824 8.59966 3.14850 type=3
ML HG_ev = -0.323886 eV
[CLIENT] POSDATA natoms=1191 config_type=101 n_mol=1
  atom 0: -0.25953 0.54720 3.74015 type=4
  atom 1: 5.03161 9.14630 4.79126 type=4
  atom 2: 7.10247 5.39395 0.52556 type=4
  atom 3: -2.33038 4.29955 8.00585 type=4
  atom 4: -1.23824 8.59966 3.14850 type=3
ML HG_ev = -0.351894 eV
[CLIENT] POSDATA natoms=1191 config_type=101 n_mol=1
  atom 0: -0.25953 0.54720 3.74015 type=4
  atom 1: 5.03161 9.14630 4.79126 type=4
  atom 2: 7.10247 5.39395 0.52556 type=4
  atom 3: -2.33038 4.29955 8.00585 type=4
  atom 4: -1.23824 8.59966 3.14850 type=3
ML HG_ev = 2.173413 eV
[CLIENT] POSDATA natoms=1191 config_type=101 n_mol=1
  atom 0: -0.25953 0.54720 3.74015 type=4
  atom 1: 5.03161 9.14630 4.79126 type=4
  atom 2: 7.10247 5.39395 0.52556 type=4
  atom 3: -2.33038 4.29955 8.00585 type=4
  atom 4: -1.23824 8.59966 3.14850 type=3
ML HG_ev = -0.352014 eV
[CLIENT] POSDATA natoms=1191 config_type=101 n_mol=1
  atom 0: -0.25953 0.54720 3.74015 type=4
  atom 1: 5.03161 9.14630 4.79126 type=4
  atom 2: 7.10247 5.39395 0.52556 type=4
  atom 3: -2.33038 4.29955 8.00585 type=4
  atom 4: -1.23824 8.59966 3.14850 type=3
ML HG_ev = -0.301857 eV
[CLIENT] POSDATA natoms=1191 config_type=101 n_mol=1
  atom 0: -0.25953 0.54720 3.74015 type=4
  atom 1: 5.03161 9.14630 4.79126 type=4
  atom 2: 7.10247 5.39395 0.52556 type=4
  atom 3: -2.33038 4.29955 8.00585 type=4
  atom 4: -1.23824 8.59966 3.14850 type=3
ML HG_ev = -0.351844 eV
[CLIENT] POSDATA natoms=1191 config_type=101 n_mol=1
  atom 0: -0.25953 0.54720 3.74015 type=4
  atom 1: 5.03161 9.14630 4.79126 type=4
  atom 2: 7.10247 5.39395 0.52556 type=4
  atom 3: -2.33038 4.29955 8.00585 type=4
  atom 4: -1.23824 8.59966 3.14850 type=3
ML HG_ev = -0.296978 eV
[CLIENT] POSDATA natoms=1191 config_type=101 n_mol=1
  atom 0: -0.25953 0.54720 3.74015 type=4
  atom 1: 5.03161 9.14630 4.79126 type=4
  atom 2: 7.10247 5.39395 0.52556 type=4
  atom 3: -2.33038 4.29955 8.00585 type=4
  atom 4: -1.23824 8.59966 3.14850 type=3
ML HG_ev = -0.323464 eV
[CLIENT] POSDATA natoms=1191 config_type=101 n_mol=1
  atom 0: -0.25953 0.54720 3.74015 type=4
  atom 1: 5.03161 9.14630 4.79126 type=4
  atom 2: 7.10247 5.39395 0.52556 type=4
  atom 3: -2.33038 4.29955 8.00585 type=4
  atom 4: -1.23824 8.59966 3.14850 type=3
ML HG_ev = -0.345393 eV
[CLIENT] POSDATA natoms=1191 config_type=101 n_mol=1
  atom 0: -0.25953 0.54720 3.74015 type=4
  atom 1: 5.03161 9.14630 4.79126 type=4
  atom 2: 7.10247 5.39395 0.52556 type=4
  atom 3: -2.33038 4.29955 8.00585 type=4
  atom 4: -1.23824 8.59966 3.14850 type=3
ML HG_ev = -0.352038 eV
[CLIENT] POSDATA natoms=1191 config_type=101 n_mol=1
  atom 0: -0.25953 0.54720 3.74015 type=4
  atom 1: 5.03161 9.14630 4.79126 type=4
  atom 2: 7.10247 5.39395 0.52556 type=4
  atom 3: -2.33038 4.29955 8.00585 type=4
  atom 4: -1.23824 8.59966 3.14850 type=3
ML HG_ev = -0.297618 eV
[CLIENT] POSDATA natoms=1191 config_type=101 n_mol=1
  atom 0: -0.25953 0.54720 3.74015 type=4
  atom 1: 5.03161 9.14630 4.79126 type=4
  atom 2: 7.10247 5.39395 0.52556 type=4
  atom 3: -2.33038 4.29955 8.00585 type=4
  atom 4: -1.23824 8.59966 3.14850 type=3
ML HG_ev = 1.666430 eV
[CLIENT] POSDATA natoms=1191 config_type=101 n_mol=1
  atom 0: -0.25953 0.54720 3.74015 type=4
  atom 1: 5.03161 9.14630 4.79126 type=4
  atom 2: 7.10247 5.39395 0.52556 type=4
  atom 3: -2.33038 4.29955 8.00585 type=4
  atom 4: -1.23824 8.59966 3.14850 type=3
ML HG_ev = -0.297442 eV
[CLIENT] POSDATA natoms=1191 config_type=101 n_mol=1
  atom 0: -0.25953 0.54720 3.74015 type=4
  atom 1: 5.03161 9.14630 4.79126 type=4
  atom 2: 7.10247 5.39395 0.52556 type=4
  atom 3: -2.33038 4.29955 8.00585 type=4
  atom 4: -1.23824 8.59966 3.14850 type=3
ML HG_ev = -0.315439 eV
[CLIENT] POSDATA natoms=1191 config_type=101 n_mol=1
  atom 0: -0.25953 0.54720 3.74015 type=4
  atom 1: 5.03161 9.14630 4.79126 type=4
  atom 2: 7.10247 5.39395 0.52556 type=4
  atom 3: -2.33038 4.29955 8.00585 type=4
  atom 4: -1.23824 8.59966 3.14850 type=3
ML HG_ev = -0.345296 eV
[CLIENT] POSDATA natoms=1191 config_type=101 n_mol=1
  atom 0: -0.25953 0.54720 3.74015 type=4
  atom 1: 5.03161 9.14630 4.79126 type=4
  atom 2: 7.10247 5.39395 0.52556 type=4
  atom 3: -2.33038 4.29955 8.00585 type=4
  atom 4: -1.23824 8.59966 3.14850 type=3
ML HG_ev = -0.353235 eV
[CLIENT] POSDATA natoms=1191 config_type=101 n_mol=1
  atom 0: -0.25953 0.54720 3.74015 type=4
  atom 1: 5.03161 9.14630 4.79126 type=4
  atom 2: 7.10247 5.39395 0.52556 type=4
  atom 3: -2.33038 4.29955 8.00585 type=4
  atom 4: -1.23824 8.59966 3.14850 type=3
ML HG_ev = -0.345980 eV
[CLIENT] POSDATA natoms=1191 config_type=101 n_mol=1
  atom 0: -0.25953 0.54720 3.74015 type=4
  atom 1: 5.03161 9.14630 4.79126 type=4
  atom 2: 7.10247 5.39395 0.52556 type=4
  atom 3: -2.33038 4.29955 8.00585 type=4
  atom 4: -1.23824 8.59966 3.14850 type=3
ML HG_ev = -0.319192 eV
[CLIENT] POSDATA natoms=1191 config_type=101 n_mol=1
  atom 0: -0.25953 0.54720 3.74015 type=4
  atom 1: 5.03161 9.14630 4.79126 type=4
  atom 2: 7.10247 5.39395 0.52556 type=4
  atom 3: -2.33038 4.29955 8.00585 type=4
  atom 4: -1.23824 8.59966 3.14850 type=3
ML HG_ev = -0.353423 eV
[CLIENT] POSDATA natoms=1191 config_type=101 n_mol=1
  atom 0: -0.25953 0.54720 3.74015 type=4
  atom 1: 5.03161 9.14630 4.79126 type=4
  atom 2: 7.10247 5.39395 0.52556 type=4
  atom 3: -2.33038 4.29955 8.00585 type=4
  atom 4: -1.23824 8.59966 3.14850 type=3
ML HG_ev = 0.417646 eV
[CLIENT] POSDATA natoms=1191 config_type=101 n_mol=1
  atom 0: -0.25953 0.54720 3.74015 type=4
  atom 1: 5.03161 9.14630 4.79126 type=4
  atom 2: 7.10247 5.39395 0.52556 type=4
  atom 3: -2.33038 4.29955 8.00585 type=4
  atom 4: -1.23824 8.59966 3.14850 type=3
ML HG_ev = -0.297989 eV
[CLIENT] POSDATA natoms=1191 config_type=101 n_mol=1
  atom 0: -0.25953 0.54720 3.74015 type=4
  atom 1: 5.03161 9.14630 4.79126 type=4
  atom 2: 7.10247 5.39395 0.52556 type=4
  atom 3: -2.33038 4.29955 8.00585 type=4
  atom 4: -1.23824 8.59966 3.14850 type=3
ML HG_ev = -0.304997 eV
[CLIENT] POSDATA natoms=1191 config_type=101 n_mol=1
  atom 0: -0.25953 0.54720 3.74015 type=4
  atom 1: 5.03161 9.14630 4.79126 type=4
  atom 2: 7.10247 5.39395 0.52556 type=4
  atom 3: -2.33038 4.29955 8.00585 type=4
  atom 4: -1.23824 8.59966 3.14850 type=3
ML HG_ev = -0.297238 eV
[CLIENT] POSDATA natoms=1191 config_type=101 n_mol=1
  atom 0: -0.25953 0.54720 3.74015 type=4
  atom 1: 5.03161 9.14630 4.79126 type=4
  atom 2: 7.10247 5.39395 0.52556 type=4
  atom 3: -2.33038 4.29955 8.00585 type=4
  atom 4: -1.23824 8.59966 3.14850 type=3
ML HG_ev = -0.252621 eV
[CLIENT] POSDATA natoms=1191 config_type=101 n_mol=1
  atom 0: -0.25953 0.54720 3.74015 type=4
  atom 1: 5.03161 9.14630 4.79126 type=4
  atom 2: 7.10247 5.39395 0.52556 type=4
  atom 3: -2.33038 4.29955 8.00585 type=4
  atom 4: -1.23824 8.59966 3.14850 type=3
ML HG_ev = -0.298044 eV
[CLIENT] POSDATA natoms=1191 config_type=101 n_mol=1
  atom 0: -0.25953 0.54720 3.74015 type=4
  atom 1: 5.03161 9.14630 4.79126 type=4
  atom 2: 7.10247 5.39395 0.52556 type=4
  atom 3: -2.33038 4.29955 8.00585 type=4
  atom 4: -1.23824 8.59966 3.14850 type=3
ML HG_ev = -0.297853 eV
[CLIENT] POSDATA natoms=1191 config_type=101 n_mol=1
  atom 0: -0.25953 0.54720 3.74015 type=4
  atom 1: 5.03161 9.14630 4.79126 type=4
  atom 2: 7.10247 5.39395 0.52556 type=4
  atom 3: -2.33038 4.29955 8.00585 type=4
  atom 4: -1.23824 8.59966 3.14850 type=3
ML HG_ev = -0.021534 eV
[CLIENT] POSDATA natoms=1191 config_type=101 n_mol=1
  atom 0: -0.25953 0.54720 3.74015 type=4
  atom 1: 5.03161 9.14630 4.79126 type=4
  atom 2: 7.10247 5.39395 0.52556 type=4
  atom 3: -2.33038 4.29955 8.00585 type=4
  atom 4: -1.23824 8.59966 3.14850 type=3
ML HG_ev = -0.353275 eV
[CLIENT] POSDATA natoms=1191 config_type=101 n_mol=1
  atom 0: -0.25953 0.54720 3.74015 type=4
  atom 1: 5.03161 9.14630 4.79126 type=4
  atom 2: 7.10247 5.39395 0.52556 type=4
  atom 3: -2.33038 4.29955 8.00585 type=4
  atom 4: -1.23824 8.59966 3.14850 type=3
ML HG_ev = -0.353025 eV
[CLIENT] POSDATA natoms=1191 config_type=101 n_mol=1
  atom 0: -0.25953 0.54720 3.74015 type=4
  atom 1: 5.03161 9.14630 4.79126 type=4
  atom 2: 7.10247 5.39395 0.52556 type=4
  atom 3: -2.33038 4.29955 8.00585 type=4
  atom 4: -1.23824 8.59966 3.14850 type=3
ML HG_ev = -0.298011 eV
[CLIENT] POSDATA natoms=1191 config_type=101 n_mol=1
  atom 0: -0.25953 0.54720 3.74015 type=4
  atom 1: 5.03161 9.14630 4.79126 type=4
  atom 2: 7.10247 5.39395 0.52556 type=4
  atom 3: -2.33038 4.29955 8.00585 type=4
  atom 4: -1.23824 8.59966 3.14850 type=3
ML HG_ev = -0.124954 eV
[CLIENT] POSDATA natoms=1191 config_type=101 n_mol=1
  atom 0: -0.25953 0.54720 3.74015 type=4
  atom 1: 5.03161 9.14630 4.79126 type=4
  atom 2: 7.10247 5.39395 0.52556 type=4
  atom 3: -2.33038 4.29955 8.00585 type=4
  atom 4: -1.23824 8.59966 3.14850 type=3
ML HG_ev = -0.297779 eV
[CLIENT] POSDATA natoms=1191 config_type=101 n_mol=1
  atom 0: -0.25953 0.54720 3.74015 type=4
  atom 1: 5.03161 9.14630 4.79126 type=4
  atom 2: 7.10247 5.39395 0.52556 type=4
  atom 3: -2.33038 4.29955 8.00585 type=4
  atom 4: -1.23824 8.59966 3.14850 type=3
ML HG_ev = -0.114454 eV
[CLIENT] POSDATA natoms=1191 config_type=101 n_mol=1
  atom 0: -0.25953 0.54720 3.74015 type=4
  atom 1: 5.03161 9.14630 4.79126 type=4
  atom 2: 7.10247 5.39395 0.52556 type=4
  atom 3: -2.33038 4.29955 8.00585 type=4
  atom 4: -1.23824 8.59966 3.14850 type=3
ML HG_ev = -0.297693 eV
[CLIENT] POSDATA natoms=1191 config_type=101 n_mol=1
  atom 0: -0.25953 0.54720 3.74015 type=4
  atom 1: 5.03161 9.14630 4.79126 type=4
  atom 2: 7.10247 5.39395 0.52556 type=4
  atom 3: -2.33038 4.29955 8.00585 type=4
  atom 4: -1.23824 8.59966 3.14850 type=3
ML HG_ev = -0.299676 eV
[CLIENT] POSDATA natoms=1191 config_type=101 n_mol=1
  atom 0: -0.25953 0.54720 3.74015 type=4
  atom 1: 5.03161 9.14630 4.79126 type=4
  atom 2: 7.10247 5.39395 0.52556 type=4
  atom 3: -2.33038 4.29955 8.00585 type=4
  atom 4: -1.23824 8.59966 3.14850 type=3
ML HG_ev = -0.298279 eV
[CLIENT] POSDATA natoms=1191 config_type=101 n_mol=1
  atom 0: -0.25953 0.54720 3.74015 type=4
  atom 1: 5.03161 9.14630 4.79126 type=4
  atom 2: 7.10247 5.39395 0.52556 type=4
  atom 3: -2.33038 4.29955 8.00585 type=4
  atom 4: -1.23824 8.59966 3.14850 type=3
ML HG_ev = 0.086516 eV
[CLIENT] POSDATA natoms=1191 config_type=101 n_mol=1
  atom 0: -0.25953 0.54720 3.74015 type=4
  atom 1: 5.03161 9.14630 4.79126 type=4
  atom 2: 7.10247 5.39395 0.52556 type=4
  atom 3: -2.33038 4.29955 8.00585 type=4
  atom 4: -1.23824 8.59966 3.14850 type=3
ML HG_ev = -0.353519 eV
[CLIENT] POSDATA natoms=1191 config_type=101 n_mol=1
  atom 0: -0.25953 0.54720 3.74015 type=4
  atom 1: 5.03161 9.14630 4.79126 type=4
  atom 2: 7.10247 5.39395 0.52556 type=4
  atom 3: -2.33038 4.29955 8.00585 type=4
  atom 4: -1.23824 8.59966 3.14850 type=3
ML HG_ev = -0.135130 eV
[CLIENT] POSDATA natoms=1191 config_type=101 n_mol=1
  atom 0: -0.25953 0.54720 3.74015 type=4
  atom 1: 5.03161 9.14630 4.79126 type=4
  atom 2: 7.10247 5.39395 0.52556 type=4
  atom 3: -2.33038 4.29955 8.00585 type=4
  atom 4: -1.23824 8.59966 3.14850 type=3
ML HG_ev = -0.299836 eV
[CLIENT] POSDATA natoms=1191 config_type=101 n_mol=1
  atom 0: -0.25953 0.54720 3.74015 type=4
  atom 1: 5.03161 9.14630 4.79126 type=4
  atom 2: 7.10247 5.39395 0.52556 type=4
  atom 3: -2.33038 4.29955 8.00585 type=4
  atom 4: -1.23824 8.59966 3.14850 type=3
ML HG_ev = -0.112011 eV
[CLIENT] POSDATA natoms=1191 config_type=101 n_mol=1
  atom 0: -0.25953 0.54720 3.74015 type=4
  atom 1: 5.03161 9.14630 4.79126 type=4
  atom 2: 7.10247 5.39395 0.52556 type=4
  atom 3: -2.33038 4.29955 8.00585 type=4
  atom 4: -1.23824 8.59966 3.14850 type=3
ML HG_ev = -0.299691 eV
[CLIENT] POSDATA natoms=1191 config_type=101 n_mol=1
  atom 0: -0.25953 0.54720 3.74015 type=4
  atom 1: 5.03161 9.14630 4.79126 type=4
  atom 2: 7.10247 5.39395 0.52556 type=4
  atom 3: -2.33038 4.29955 8.00585 type=4
  atom 4: -1.23824 8.59966 3.14850 type=3
ML HG_ev = -0.251207 eV
[CLIENT] POSDATA natoms=1191 config_type=101 n_mol=1
  atom 0: -0.25953 0.54720 3.74015 type=4
  atom 1: 5.03161 9.14630 4.79126 type=4
  atom 2: 7.10247 5.39395 0.52556 type=4
  atom 3: -2.33038 4.29955 8.00585 type=4
  atom 4: -1.23824 8.59966 3.14850 type=3
ML HG_ev = -0.299746 eV
[CLIENT] POSDATA natoms=1191 config_type=101 n_mol=1
  atom 0: -0.25953 0.54720 3.74015 type=4
  atom 1: 5.03161 9.14630 4.79126 type=4
  atom 2: 7.10247 5.39395 0.52556 type=4
  atom 3: -2.33038 4.29955 8.00585 type=4
  atom 4: -1.23824 8.59966 3.14850 type=3
ML HG_ev = 0.572140 eV
[CLIENT] POSDATA natoms=1191 config_type=101 n_mol=1
  atom 0: -0.25953 0.54720 3.74015 type=4
  atom 1: 5.03161 9.14630 4.79126 type=4
  atom 2: 7.10247 5.39395 0.52556 type=4
  atom 3: -2.33038 4.29955 8.00585 type=4
  atom 4: -1.23824 8.59966 3.14850 type=3
ML HG_ev = -0.353727 eV
[CLIENT] POSDATA natoms=1191 config_type=101 n_mol=1
  atom 0: -0.25953 0.54720 3.74015 type=4
  atom 1: 5.03161 9.14630 4.79126 type=4
  atom 2: 7.10247 5.39395 0.52556 type=4
  atom 3: -2.33038 4.29955 8.00585 type=4
  atom 4: -1.23824 8.59966 3.14850 type=3
ML HG_ev = -0.126771 eV
[CLIENT] POSDATA natoms=1191 config_type=101 n_mol=1
  atom 0: -0.25953 0.54720 3.74015 type=4
  atom 1: 5.03161 9.14630 4.79126 type=4
  atom 2: 7.10247 5.39395 0.52556 type=4
  atom 3: -2.33038 4.29955 8.00585 type=4
  atom 4: -1.23824 8.59966 3.14850 type=3
ML HG_ev = -0.353032 eV
[CLIENT] POSDATA natoms=1191 config_type=101 n_mol=1
  atom 0: -0.25953 0.54720 3.74015 type=4
  atom 1: 5.03161 9.14630 4.79126 type=4
  atom 2: 7.10247 5.39395 0.52556 type=4
  atom 3: -2.33038 4.29955 8.00585 type=4
  atom 4: -1.23824 8.59966 3.14850 type=3
ML HG_ev = -0.196283 eV
[CLIENT] POSDATA natoms=1191 config_type=101 n_mol=1
  atom 0: -0.25953 0.54720 3.74015 type=4
  atom 1: 5.03161 9.14630 4.79126 type=4
  atom 2: 7.10247 5.39395 0.52556 type=4
  atom 3: -2.33038 4.29955 8.00585 type=4
  atom 4: -1.23824 8.59966 3.14850 type=3
ML HG_ev = -0.299406 eV
[CLIENT] POSDATA natoms=1191 config_type=101 n_mol=1
  atom 0: -0.25953 0.54720 3.74015 type=4
  atom 1: 5.03161 9.14630 4.79126 type=4
  atom 2: 7.10247 5.39395 0.52556 type=4
  atom 3: -2.33038 4.29955 8.00585 type=4
  atom 4: -1.23824 8.59966 3.14850 type=3
ML HG_ev = -0.341684 eV
[CLIENT] POSDATA natoms=1191 config_type=101 n_mol=1
  atom 0: -0.25953 0.54720 3.74015 type=4
  atom 1: 5.03161 9.14630 4.79126 type=4
  atom 2: 7.10247 5.39395 0.52556 type=4
  atom 3: -2.33038 4.29955 8.00585 type=4
  atom 4: -1.23824 8.59966 3.14850 type=3
ML HG_ev = -0.299742 eV
[CLIENT] POSDATA natoms=1191 config_type=101 n_mol=1
  atom 0: -0.25953 0.54720 3.74015 type=4
  atom 1: 5.03161 9.14630 4.79126 type=4
  atom 2: 7.10247 5.39395 0.52556 type=4
  atom 3: -2.33038 4.29955 8.00585 type=4
  atom 4: -1.23824 8.59966 3.14850 type=3
ML HG_ev = -0.236966 eV
[CLIENT] POSDATA natoms=1191 config_type=101 n_mol=1
  atom 0: -0.25953 0.54720 3.74015 type=4
  atom 1: 5.03161 9.14630 4.79126 type=4
  atom 2: 7.10247 5.39395 0.52556 type=4
  atom 3: -2.33038 4.29955 8.00585 type=4
  atom 4: -1.23824 8.59966 3.14850 type=3
ML HG_ev = -0.353910 eV
[CLIENT] POSDATA natoms=1191 config_type=101 n_mol=1
  atom 0: -0.25953 0.54720 3.74015 type=4
  atom 1: 5.03161 9.14630 4.79126 type=4
  atom 2: 7.10247 5.39395 0.52556 type=4
  atom 3: -2.33038 4.29955 8.00585 type=4
  atom 4: -1.23824 8.59966 3.14850 type=3
ML HG_ev = 0.416870 eV
[CLIENT] POSDATA natoms=1191 config_type=101 n_mol=1
  atom 0: -0.25953 0.54720 3.74015 type=4
  atom 1: 5.03161 9.14630 4.79126 type=4
  atom 2: 7.10247 5.39395 0.52556 type=4
  atom 3: -2.33038 4.29955 8.00585 type=4
  atom 4: -1.23824 8.59966 3.14850 type=3
ML HG_ev = -0.353540 eV
[CLIENT] POSDATA natoms=1191 config_type=101 n_mol=1
  atom 0: -0.25953 0.54720 3.74015 type=4
  atom 1: 5.03161 9.14630 4.79126 type=4
  atom 2: 7.10247 5.39395 0.52556 type=4
  atom 3: -2.33038 4.29955 8.00585 type=4
  atom 4: -1.23824 8.59966 3.14850 type=3
ML HG_ev = 1.266535 eV
[CLIENT] POSDATA natoms=1191 config_type=101 n_mol=1
  atom 0: -0.25953 0.54720 3.74015 type=4
  atom 1: 5.03161 9.14630 4.79126 type=4
  atom 2: 7.10247 5.39395 0.52556 type=4
  atom 3: -2.33038 4.29955 8.00585 type=4
  atom 4: -1.23824 8.59966 3.14850 type=3
ML HG_ev = -0.353492 eV
[CLIENT] POSDATA natoms=1191 config_type=101 n_mol=1
  atom 0: -0.25953 0.54720 3.74015 type=4
  atom 1: 5.03161 9.14630 4.79126 type=4
  atom 2: 7.10247 5.39395 0.52556 type=4
  atom 3: -2.33038 4.29955 8.00585 type=4
  atom 4: -1.23824 8.59966 3.14850 type=3
ML HG_ev = -0.039864 eV
[CLIENT] POSDATA natoms=1191 config_type=101 n_mol=1
  atom 0: -0.25953 0.54720 3.74015 type=4
  atom 1: 5.03161 9.14630 4.79126 type=4
  atom 2: 7.10247 5.39395 0.52556 type=4
  atom 3: -2.33038 4.29955 8.00585 type=4
  atom 4: -1.23824 8.59966 3.14850 type=3
ML HG_ev = -0.342063 eV
[CLIENT] POSDATA natoms=1191 config_type=101 n_mol=1
  atom 0: -0.25953 0.54720 3.74015 type=4
  atom 1: 5.03161 9.14630 4.79126 type=4
  atom 2: 7.10247 5.39395 0.52556 type=4
  atom 3: -2.33038 4.29955 8.00585 type=4
  atom 4: -1.23824 8.59966 3.14850 type=3
ML HG_ev = 1.924186 eV
[CLIENT] POSDATA natoms=1191 config_type=101 n_mol=1
  atom 0: -0.25953 0.54720 3.74015 type=4
  atom 1: 5.03161 9.14630 4.79126 type=4
  atom 2: 7.10247 5.39395 0.52556 type=4
  atom 3: -2.33038 4.29955 8.00585 type=4
  atom 4: -1.23824 8.59966 3.14850 type=3
ML HG_ev = -0.354467 eV
[CLIENT] POSDATA natoms=1191 config_type=101 n_mol=1
  atom 0: -0.25953 0.54720 3.74015 type=4
  atom 1: 5.03161 9.14630 4.79126 type=4
  atom 2: 7.10247 5.39395 0.52556 type=4
  atom 3: -2.33038 4.29955 8.00585 type=4
  atom 4: -1.23824 8.59966 3.14850 type=3
ML HG_ev = -0.230228 eV
[CLIENT] POSDATA natoms=1191 config_type=101 n_mol=1
  atom 0: -0.25953 0.54720 3.74015 type=4
  atom 1: 5.03161 9.14630 4.79126 type=4
  atom 2: 7.10247 5.39395 0.52556 type=4
  atom 3: -2.33038 4.29955 8.00585 type=4
  atom 4: -1.23824 8.59966 3.14850 type=3
ML HG_ev = -0.341612 eV
[CLIENT] POSDATA natoms=1191 config_type=101 n_mol=1
  atom 0: -0.25953 0.54720 3.74015 type=4
  atom 1: 5.03161 9.14630 4.79126 type=4
  atom 2: 7.10247 5.39395 0.52556 type=4
  atom 3: -2.33038 4.29955 8.00585 type=4
  atom 4: -1.23824 8.59966 3.14850 type=3
ML HG_ev = -0.269857 eV
[CLIENT] POSDATA natoms=1191 config_type=101 n_mol=1
  atom 0: -0.25953 0.54720 3.74015 type=4
  atom 1: 5.03161 9.14630 4.79126 type=4
  atom 2: 7.10247 5.39395 0.52556 type=4
  atom 3: -2.33038 4.29955 8.00585 type=4
  atom 4: -1.23824 8.59966 3.14850 type=3
ML HG_ev = -0.341375 eV
[CLIENT] POSDATA natoms=1191 config_type=101 n_mol=1
  atom 0: -0.25953 0.54720 3.74015 type=4
  atom 1: 5.03161 9.14630 4.79126 type=4
  atom 2: 7.10247 5.39395 0.52556 type=4
  atom 3: -2.33038 4.29955 8.00585 type=4
  atom 4: -1.23824 8.59966 3.14850 type=3
ML HG_ev = -0.283836 eV
[CLIENT] POSDATA natoms=1191 config_type=101 n_mol=1
  atom 0: -0.25953 0.54720 3.74015 type=4
  atom 1: 5.03161 9.14630 4.79126 type=4
  atom 2: 7.10247 5.39395 0.52556 type=4
  atom 3: -2.33038 4.29955 8.00585 type=4
  atom 4: -1.23824 8.59966 3.14850 type=3
ML HG_ev = -0.341589 eV
[CLIENT] POSDATA natoms=1191 config_type=101 n_mol=1
  atom 0: -0.25953 0.54720 3.74015 type=4
  atom 1: 5.03161 9.14630 4.79126 type=4
  atom 2: 7.10247 5.39395 0.52556 type=4
  atom 3: -2.33038 4.29955 8.00585 type=4
  atom 4: -1.23824 8.59966 3.14850 type=3
ML HG_ev = -0.130521 eV
[CLIENT] POSDATA natoms=1191 config_type=101 n_mol=1
  atom 0: -0.25953 0.54720 3.74015 type=4
  atom 1: 5.03161 9.14630 4.79126 type=4
  atom 2: 7.10247 5.39395 0.52556 type=4
  atom 3: -2.33038 4.29955 8.00585 type=4
  atom 4: -1.23824 8.59966 3.14850 type=3
ML HG_ev = -0.353107 eV
[CLIENT] POSDATA natoms=1191 config_type=101 n_mol=1
  atom 0: -0.25953 0.54720 3.74015 type=4
  atom 1: 5.03161 9.14630 4.79126 type=4
  atom 2: 7.10247 5.39395 0.52556 type=4
  atom 3: -2.33038 4.29955 8.00585 type=4
  atom 4: -1.23824 8.59966 3.14850 type=3
ML HG_ev = -0.354049 eV
[CLIENT] POSDATA natoms=1191 config_type=101 n_mol=1
  atom 0: -0.25953 0.54720 3.74015 type=4
  atom 1: 5.03161 9.14630 4.79126 type=4
  atom 2: 7.10247 5.39395 0.52556 type=4
  atom 3: -2.33038 4.29955 8.00585 type=4
  atom 4: -1.23824 8.59966 3.14850 type=3
ML HG_ev = 2.151999 eV
[CLIENT] POSDATA natoms=1191 config_type=101 n_mol=1
  atom 0: -0.25953 0.54720 3.74015 type=4
  atom 1: 5.03161 9.14630 4.79126 type=4
  atom 2: 7.10247 5.39395 0.52556 type=4
  atom 3: -2.33038 4.29955 8.00585 type=4
  atom 4: -1.23824 8.59966 3.14850 type=3
ML HG_ev = -0.204983 eV
[CLIENT] POSDATA natoms=1191 config_type=101 n_mol=1
  atom 0: -0.25953 0.54720 3.74015 type=4
  atom 1: 5.03161 9.14630 4.79126 type=4
  atom 2: 7.10247 5.39395 0.52556 type=4
  atom 3: -2.33038 4.29955 8.00585 type=4
  atom 4: -1.23824 8.59966 3.14850 type=3
ML HG_ev = -0.341003 eV
[CLIENT] POSDATA natoms=1191 config_type=101 n_mol=1
  atom 0: -0.25953 0.54720 3.74015 type=4
  atom 1: 5.03161 9.14630 4.79126 type=4
  atom 2: 7.10247 5.39395 0.52556 type=4
  atom 3: -2.33038 4.29955 8.00585 type=4
  atom 4: -1.23824 8.59966 3.14850 type=3
ML HG_ev = 0.649841 eV
[CLIENT] POSDATA natoms=1191 config_type=101 n_mol=1
  atom 0: -0.25953 0.54720 3.74015 type=4
  atom 1: 5.03161 9.14630 4.79126 type=4
  atom 2: 7.10247 5.39395 0.52556 type=4
  atom 3: -2.33038 4.29955 8.00585 type=4
  atom 4: -1.23824 8.59966 3.14850 type=3
ML HG_ev = -0.353964 eV
[CLIENT] POSDATA natoms=1191 config_type=101 n_mol=1
  atom 0: -0.25953 0.54720 3.74015 type=4
  atom 1: 5.03161 9.14630 4.79126 type=4
  atom 2: 7.10247 5.39395 0.52556 type=4
  atom 3: -2.33038 4.29955 8.00585 type=4
  atom 4: -1.23824 8.59966 3.14850 type=3
ML HG_ev = -0.010718 eV
[CLIENT] POSDATA natoms=1191 config_type=101 n_mol=1
  atom 0: -0.25953 0.54720 3.74015 type=4
  atom 1: 5.03161 9.14630 4.79126 type=4
  atom 2: 7.10247 5.39395 0.52556 type=4
  atom 3: -2.33038 4.29955 8.00585 type=4
  atom 4: -1.23824 8.59966 3.14850 type=3
ML HG_ev = -0.341976 eV
[CLIENT] POSDATA natoms=1191 config_type=101 n_mol=1
  atom 0: -0.25953 0.54720 3.74015 type=4
  atom 1: 5.03161 9.14630 4.79126 type=4
  atom 2: 7.10247 5.39395 0.52556 type=4
  atom 3: -2.33038 4.29955 8.00585 type=4
  atom 4: -1.23824 8.59966 3.14850 type=3
ML HG_ev = -0.354856 eV
[CLIENT] POSDATA natoms=1191 config_type=101 n_mol=1
  atom 0: -0.25953 0.54720 3.74015 type=4
  atom 1: 5.03161 9.14630 4.79126 type=4
  atom 2: 7.10247 5.39395 0.52556 type=4
  atom 3: -2.33038 4.29955 8.00585 type=4
  atom 4: -1.23824 8.59966 3.14850 type=3
ML HG_ev = -0.353515 eV
[CLIENT] POSDATA natoms=1191 config_type=101 n_mol=1
  atom 0: -0.25953 0.54720 3.74015 type=4
  atom 1: 5.03161 9.14630 4.79126 type=4
  atom 2: 7.10247 5.39395 0.52556 type=4
  atom 3: -2.33038 4.29955 8.00585 type=4
  atom 4: -1.23824 8.59966 3.14850 type=3
ML HG_ev = 0.077328 eV
[CLIENT] POSDATA natoms=1191 config_type=101 n_mol=1
  atom 0: -0.25953 0.54720 3.74015 type=4
  atom 1: 5.03161 9.14630 4.79126 type=4
  atom 2: 7.10247 5.39395 0.52556 type=4
  atom 3: -2.33038 4.29955 8.00585 type=4
  atom 4: -1.23824 8.59966 3.14850 type=3
ML HG_ev = -0.342102 eV
[CLIENT] POSDATA natoms=1191 config_type=101 n_mol=1
  atom 0: -0.25953 0.54720 3.74015 type=4
  atom 1: 5.03161 9.14630 4.79126 type=4
  atom 2: 7.10247 5.39395 0.52556 type=4
  atom 3: -2.33038 4.29955 8.00585 type=4
  atom 4: -1.23824 8.59966 3.14850 type=3
ML HG_ev = -0.299846 eV
[CLIENT] POSDATA natoms=1191 config_type=101 n_mol=1
  atom 0: -0.25953 0.54720 3.74015 type=4
  atom 1: 5.03161 9.14630 4.79126 type=4
  atom 2: 7.10247 5.39395 0.52556 type=4
  atom 3: -2.33038 4.29955 8.00585 type=4
  atom 4: -1.23824 8.59966 3.14850 type=3
ML HG_ev = -0.341433 eV
[CLIENT] POSDATA natoms=1191 config_type=101 n_mol=1
  atom 0: -0.25953 0.54720 3.74015 type=4
  atom 1: 5.03161 9.14630 4.79126 type=4
  atom 2: 7.10247 5.39395 0.52556 type=4
  atom 3: -2.33038 4.29955 8.00585 type=4
  atom 4: -1.23824 8.59966 3.14850 type=3
ML HG_ev = -0.289055 eV
[CLIENT] POSDATA natoms=1191 config_type=101 n_mol=1
  atom 0: -0.25953 0.54720 3.74015 type=4
  atom 1: 5.03161 9.14630 4.79126 type=4
  atom 2: 7.10247 5.39395 0.52556 type=4
  atom 3: -2.33038 4.29955 8.00585 type=4
  atom 4: -1.23824 8.59966 3.14850 type=3
ML HG_ev = -0.341442 eV
[CLIENT] POSDATA natoms=1191 config_type=101 n_mol=1
  atom 0: -0.25953 0.54720 3.74015 type=4
  atom 1: 5.03161 9.14630 4.79126 type=4
  atom 2: 7.10247 5.39395 0.52556 type=4
  atom 3: -2.33038 4.29955 8.00585 type=4
  atom 4: -1.23824 8.59966 3.14850 type=3
ML HG_ev = -0.357182 eV
[CLIENT] POSDATA natoms=1191 config_type=101 n_mol=1
  atom 0: -0.25953 0.54720 3.74015 type=4
  atom 1: 5.03161 9.14630 4.79126 type=4
  atom 2: 7.10247 5.39395 0.52556 type=4
  atom 3: -2.33038 4.29955 8.00585 type=4
  atom 4: -1.23824 8.59966 3.14850 type=3
ML HG_ev = -0.354491 eV
[CLIENT] POSDATA natoms=1191 config_type=101 n_mol=1
  atom 0: -0.25953 0.54720 3.74015 type=4
  atom 1: 5.03161 9.14630 4.79126 type=4
  atom 2: 7.10247 5.39395 0.52556 type=4
  atom 3: -2.33038 4.29955 8.00585 type=4
  atom 4: -1.23824 8.59966 3.14850 type=3
ML HG_ev = 0.406945 eV
[CLIENT] POSDATA natoms=1191 config_type=101 n_mol=1
  atom 0: -0.25953 0.54720 3.74015 type=4
  atom 1: 5.03161 9.14630 4.79126 type=4
  atom 2: 7.10247 5.39395 0.52556 type=4
  atom 3: -2.33038 4.29955 8.00585 type=4
  atom 4: -1.23824 8.59966 3.14850 type=3
ML HG_ev = -0.341536 eV
[CLIENT] POSDATA natoms=1191 config_type=101 n_mol=1
  atom 0: -0.25953 0.54720 3.74015 type=4
  atom 1: 5.03161 9.14630 4.79126 type=4
  atom 2: 7.10247 5.39395 0.52556 type=4
  atom 3: -2.33038 4.29955 8.00585 type=4
  atom 4: -1.23824 8.59966 3.14850 type=3
ML HG_ev = 0.051156 eV
[CLIENT] POSDATA natoms=1191 config_type=101 n_mol=1
  atom 0: -0.25953 0.54720 3.74015 type=4
  atom 1: 5.03161 9.14630 4.79126 type=4
  atom 2: 7.10247 5.39395 0.52556 type=4
  atom 3: -2.33038 4.29955 8.00585 type=4
  atom 4: -1.23824 8.59966 3.14850 type=3
ML HG_ev = -0.357044 eV
[CLIENT] POSDATA natoms=1191 config_type=101 n_mol=1
  atom 0: -0.25953 0.54720 3.74015 type=4
  atom 1: 5.03161 9.14630 4.79126 type=4
  atom 2: 7.10247 5.39395 0.52556 type=4
  atom 3: -2.33038 4.29955 8.00585 type=4
  atom 4: -1.23824 8.59966 3.14850 type=3
ML HG_ev = -0.356187 eV
[CLIENT] POSDATA natoms=1191 config_type=101 n_mol=1
  atom 0: -0.25953 0.54720 3.74015 type=4
  atom 1: 5.03161 9.14630 4.79126 type=4
  atom 2: 7.10247 5.39395 0.52556 type=4
  atom 3: -2.33038 4.29955 8.00585 type=4
  atom 4: -1.23824 8.59966 3.14850 type=3
ML HG_ev = -0.350516 eV
[CLIENT] POSDATA natoms=1191 config_type=101 n_mol=1
  atom 0: -0.25953 0.54720 3.74015 type=4
  atom 1: 5.03161 9.14630 4.79126 type=4
  atom 2: 7.10247 5.39395 0.52556 type=4
  atom 3: -2.33038 4.29955 8.00585 type=4
  atom 4: -1.23824 8.59966 3.14850 type=3
ML HG_ev = -0.342109 eV
[CLIENT] POSDATA natoms=1191 config_type=101 n_mol=1
  atom 0: -0.25953 0.54720 3.74015 type=4
  atom 1: 5.03161 9.14630 4.79126 type=4
  atom 2: 7.10247 5.39395 0.52556 type=4
  atom 3: -2.33038 4.29955 8.00585 type=4
  atom 4: -1.23824 8.59966 3.14850 type=3
ML HG_ev = -0.350205 eV
[CLIENT] POSDATA natoms=1191 config_type=101 n_mol=1
  atom 0: -0.25953 0.54720 3.74015 type=4
  atom 1: 5.03161 9.14630 4.79126 type=4
  atom 2: 7.10247 5.39395 0.52556 type=4
  atom 3: -2.33038 4.29955 8.00585 type=4
  atom 4: -1.23824 8.59966 3.14850 type=3
ML HG_ev = -0.356905 eV
[CLIENT] POSDATA natoms=1191 config_type=101 n_mol=1
  atom 0: -0.25953 0.54720 3.74015 type=4
  atom 1: 5.03161 9.14630 4.79126 type=4
  atom 2: 7.10247 5.39395 0.52556 type=4
  atom 3: -2.33038 4.29955 8.00585 type=4
  atom 4: -1.23824 8.59966 3.14850 type=3
ML HG_ev = -0.261920 eV
[CLIENT] POSDATA natoms=1191 config_type=101 n_mol=1
  atom 0: -0.25953 0.54720 3.74015 type=4
  atom 1: 5.03161 9.14630 4.79126 type=4
  atom 2: 7.10247 5.39395 0.52556 type=4
  atom 3: -2.33038 4.29955 8.00585 type=4
  atom 4: -1.23824 8.59966 3.14850 type=3
ML HG_ev = -0.350293 eV
[CLIENT] POSDATA natoms=1191 config_type=101 n_mol=1
  atom 0: -0.25953 0.54720 3.74015 type=4
  atom 1: 5.03161 9.14630 4.79126 type=4
  atom 2: 7.10247 5.39395 0.52556 type=4
  atom 3: -2.33038 4.29955 8.00585 type=4
  atom 4: -1.23824 8.59966 3.14850 type=3
ML HG_ev = -0.353212 eV
[CLIENT] POSDATA natoms=1191 config_type=101 n_mol=1
  atom 0: -0.25953 0.54720 3.74015 type=4
  atom 1: 5.03161 9.14630 4.79126 type=4
  atom 2: 7.10247 5.39395 0.52556 type=4
  atom 3: -2.33038 4.29955 8.00585 type=4
  atom 4: -1.23824 8.59966 3.14850 type=3
ML HG_ev = -0.350238 eV
[CLIENT] POSDATA natoms=1191 config_type=101 n_mol=1
  atom 0: -0.25953 0.54720 3.74015 type=4
  atom 1: 5.03161 9.14630 4.79126 type=4
  atom 2: 7.10247 5.39395 0.52556 type=4
  atom 3: -2.33038 4.29955 8.00585 type=4
  atom 4: -1.23824 8.59966 3.14850 type=3
ML HG_ev = -0.349300 eV
[CLIENT] POSDATA natoms=1191 config_type=101 n_mol=1
  atom 0: -0.25953 0.54720 3.74015 type=4
  atom 1: 5.03161 9.14630 4.79126 type=4
  atom 2: 7.10247 5.39395 0.52556 type=4
  atom 3: -2.33038 4.29955 8.00585 type=4
  atom 4: -1.23824 8.59966 3.14850 type=3
ML HG_ev = -0.211809 eV
[CLIENT] POSDATA natoms=1191 config_type=101 n_mol=1
  atom 0: -0.25953 0.54720 3.74015 type=4
  atom 1: 5.03161 9.14630 4.79126 type=4
  atom 2: 7.10247 5.39395 0.52556 type=4
  atom 3: -2.33038 4.29955 8.00585 type=4
  atom 4: -1.23824 8.59966 3.14850 type=3
ML HG_ev = -0.350025 eV
[CLIENT] POSDATA natoms=1191 config_type=101 n_mol=1
  atom 0: -0.25953 0.54720 3.74015 type=4
  atom 1: 5.03161 9.14630 4.79126 type=4
  atom 2: 7.10247 5.39395 0.52556 type=4
  atom 3: -2.33038 4.29955 8.00585 type=4
  atom 4: -1.23824 8.59966 3.14850 type=3
ML HG_ev = -0.323224 eV
[CLIENT] POSDATA natoms=1191 config_type=101 n_mol=1
  atom 0: -0.25953 0.54720 3.74015 type=4
  atom 1: 5.03161 9.14630 4.79126 type=4
  atom 2: 7.10247 5.39395 0.52556 type=4
  atom 3: -2.33038 4.29955 8.00585 type=4
  atom 4: -1.23824 8.59966 3.14850 type=3
ML HG_ev = -0.349990 eV
[CLIENT] POSDATA natoms=1191 config_type=101 n_mol=1
  atom 0: -0.25953 0.54720 3.74015 type=4
  atom 1: 5.03161 9.14630 4.79126 type=4
  atom 2: 7.10247 5.39395 0.52556 type=4
  atom 3: -2.33038 4.29955 8.00585 type=4
  atom 4: -1.23824 8.59966 3.14850 type=3
ML HG_ev = 0.661444 eV
[CLIENT] POSDATA natoms=1191 config_type=101 n_mol=1
  atom 0: -0.25953 0.54720 3.74015 type=4
  atom 1: 5.03161 9.14630 4.79126 type=4
  atom 2: 7.10247 5.39395 0.52556 type=4
  atom 3: -2.33038 4.29955 8.00585 type=4
  atom 4: -1.23824 8.59966 3.14850 type=3
ML HG_ev = -0.349223 eV
[CLIENT] POSDATA natoms=1191 config_type=101 n_mol=1
  atom 0: -0.25953 0.54720 3.74015 type=4
  atom 1: 5.03161 9.14630 4.79126 type=4
  atom 2: 7.10247 5.39395 0.52556 type=4
  atom 3: -2.33038 4.29955 8.00585 type=4
  atom 4: -1.23824 8.59966 3.14850 type=3
ML HG_ev = -0.334108 eV
[CLIENT] POSDATA natoms=1191 config_type=101 n_mol=1
  atom 0: -0.25953 0.54720 3.74015 type=4
  atom 1: 5.03161 9.14630 4.79126 type=4
  atom 2: 7.10247 5.39395 0.52556 type=4
  atom 3: -2.33038 4.29955 8.00585 type=4
  atom 4: -1.23824 8.59966 3.14850 type=3
ML HG_ev = -0.353825 eV
[CLIENT] POSDATA natoms=1191 config_type=101 n_mol=1
  atom 0: -0.25953 0.54720 3.74015 type=4
  atom 1: 5.03161 9.14630 4.79126 type=4
  atom 2: 7.10247 5.39395 0.52556 type=4
  atom 3: -2.33038 4.29955 8.00585 type=4
  atom 4: -1.23824 8.59966 3.14850 type=3
ML HG_ev = 0.876455 eV
[CLIENT] POSDATA natoms=1191 config_type=101 n_mol=1
  atom 0: -0.25953 0.54720 3.74015 type=4
  atom 1: 5.03161 9.14630 4.79126 type=4
  atom 2: 7.10247 5.39395 0.52556 type=4
  atom 3: -2.33038 4.29955 8.00585 type=4
  atom 4: -1.23824 8.59966 3.14850 type=3
ML HG_ev = -0.353444 eV
[CLIENT] POSDATA natoms=1191 config_type=101 n_mol=1
  atom 0: -0.25953 0.54720 3.74015 type=4
  atom 1: 5.03161 9.14630 4.79126 type=4
  atom 2: 7.10247 5.39395 0.52556 type=4
  atom 3: -2.33038 4.29955 8.00585 type=4
  atom 4: -1.23824 8.59966 3.14850 type=3
ML HG_ev = -0.355955 eV
[CLIENT] POSDATA natoms=1191 config_type=101 n_mol=1
  atom 0: -0.25953 0.54720 3.74015 type=4
  atom 1: 5.03161 9.14630 4.79126 type=4
  atom 2: 7.10247 5.39395 0.52556 type=4
  atom 3: -2.33038 4.29955 8.00585 type=4
  atom 4: -1.23824 8.59966 3.14850 type=3
ML HG_ev = -0.349815 eV
[CLIENT] POSDATA natoms=1191 config_type=101 n_mol=1
  atom 0: -0.25953 0.54720 3.74015 type=4
  atom 1: 5.03161 9.14630 4.79126 type=4
  atom 2: 7.10247 5.39395 0.52556 type=4
  atom 3: -2.33038 4.29955 8.00585 type=4
  atom 4: -1.23824 8.59966 3.14850 type=3
ML HG_ev = 0.502177 eV
[CLIENT] POSDATA natoms=1191 config_type=101 n_mol=1
  atom 0: -0.25953 0.54720 3.74015 type=4
  atom 1: 5.03161 9.14630 4.79126 type=4
  atom 2: 7.10247 5.39395 0.52556 type=4
  atom 3: -2.33038 4.29955 8.00585 type=4
  atom 4: -1.23824 8.59966 3.14850 type=3
ML HG_ev = -0.355868 eV
[CLIENT] POSDATA natoms=1191 config_type=101 n_mol=1
  atom 0: -0.25953 0.54720 3.74015 type=4
  atom 1: 5.03161 9.14630 4.79126 type=4
  atom 2: 7.10247 5.39395 0.52556 type=4
  atom 3: -2.33038 4.29955 8.00585 type=4
  atom 4: -1.23824 8.59966 3.14850 type=3
ML HG_ev = 2.417195 eV
[CLIENT] POSDATA natoms=1191 config_type=101 n_mol=1
  atom 0: -0.25953 0.54720 3.74015 type=4
  atom 1: 5.03161 9.14630 4.79126 type=4
  atom 2: 7.10247 5.39395 0.52556 type=4
  atom 3: -2.33038 4.29955 8.00585 type=4
  atom 4: -1.23824 8.59966 3.14850 type=3
ML HG_ev = -0.354027 eV
[CLIENT] POSDATA natoms=1191 config_type=101 n_mol=1
  atom 0: -0.25953 0.54720 3.74015 type=4
  atom 1: 5.03161 9.14630 4.79126 type=4
  atom 2: 7.10247 5.39395 0.52556 type=4
  atom 3: -2.33038 4.29955 8.00585 type=4
  atom 4: -1.23824 8.59966 3.14850 type=3
ML HG_ev = -0.353572 eV
[CLIENT] POSDATA natoms=1191 config_type=101 n_mol=1
  atom 0: -0.25953 0.54720 3.74015 type=4
  atom 1: 5.03161 9.14630 4.79126 type=4
  atom 2: 7.10247 5.39395 0.52556 type=4
  atom 3: -2.33038 4.29955 8.00585 type=4
  atom 4: -1.23824 8.59966 3.14850 type=3
ML HG_ev = -0.326415 eV
[CLIENT] POSDATA natoms=1191 config_type=101 n_mol=1
  atom 0: -0.25953 0.54720 3.74015 type=4
  atom 1: 5.03161 9.14630 4.79126 type=4
  atom 2: 7.10247 5.39395 0.52556 type=4
  atom 3: -2.33038 4.29955 8.00585 type=4
  atom 4: -1.23824 8.59966 3.14850 type=3
ML HG_ev = -0.353396 eV
[CLIENT] POSDATA natoms=1191 config_type=101 n_mol=1
  atom 0: -0.25953 0.54720 3.74015 type=4
  atom 1: 5.03161 9.14630 4.79126 type=4
  atom 2: 7.10247 5.39395 0.52556 type=4
  atom 3: -2.33038 4.29955 8.00585 type=4
  atom 4: -1.23824 8.59966 3.14850 type=3
ML HG_ev = -0.326938 eV
[CLIENT] POSDATA natoms=1191 config_type=101 n_mol=1
  atom 0: -0.25953 0.54720 3.74015 type=4
  atom 1: 5.03161 9.14630 4.79126 type=4
  atom 2: 7.10247 5.39395 0.52556 type=4
  atom 3: -2.33038 4.29955 8.00585 type=4
  atom 4: -1.23824 8.59966 3.14850 type=3
ML HG_ev = -0.355861 eV
[CLIENT] POSDATA natoms=1191 config_type=101 n_mol=1
  atom 0: -0.25953 0.54720 3.74015 type=4
  atom 1: 5.03161 9.14630 4.79126 type=4
  atom 2: 7.10247 5.39395 0.52556 type=4
  atom 3: -2.33038 4.29955 8.00585 type=4
  atom 4: -1.23824 8.59966 3.14850 type=3
ML HG_ev = 0.594638 eV
[CLIENT] POSDATA natoms=1191 config_type=101 n_mol=1
  atom 0: -0.25953 0.54720 3.74015 type=4
  atom 1: 5.03161 9.14630 4.79126 type=4
  atom 2: 7.10247 5.39395 0.52556 type=4
  atom 3: -2.33038 4.29955 8.00585 type=4
  atom 4: -1.23824 8.59966 3.14850 type=3
ML HG_ev = -0.326320 eV
[CLIENT] POSDATA natoms=1191 config_type=101 n_mol=1
  atom 0: -0.25953 0.54720 3.74015 type=4
  atom 1: 5.03161 9.14630 4.79126 type=4
  atom 2: 7.10247 5.39395 0.52556 type=4
  atom 3: -2.33038 4.29955 8.00585 type=4
  atom 4: -1.23824 8.59966 3.14850 type=3
ML HG_ev = 0.100769 eV
[CLIENT] POSDATA natoms=1191 config_type=101 n_mol=1
  atom 0: -0.25953 0.54720 3.74015 type=4
  atom 1: 5.03161 9.14630 4.79126 type=4
  atom 2: 7.10247 5.39395 0.52556 type=4
  atom 3: -2.33038 4.29955 8.00585 type=4
  atom 4: -1.23824 8.59966 3.14850 type=3
ML HG_ev = -0.325708 eV
[CLIENT] POSDATA natoms=1191 config_type=101 n_mol=1
  atom 0: -0.25953 0.54720 3.74015 type=4
  atom 1: 5.03161 9.14630 4.79126 type=4
  atom 2: 7.10247 5.39395 0.52556 type=4
  atom 3: -2.33038 4.29955 8.00585 type=4
  atom 4: -1.23824 8.59966 3.14850 type=3
ML HG_ev = -0.359228 eV
[CLIENT] POSDATA natoms=1191 config_type=101 n_mol=1
  atom 0: -0.25953 0.54720 3.74015 type=4
  atom 1: 5.03161 9.14630 4.79126 type=4
  atom 2: 7.10247 5.39395 0.52556 type=4
  atom 3: -2.33038 4.29955 8.00585 type=4
  atom 4: -1.23824 8.59966 3.14850 type=3
ML HG_ev = -0.326635 eV
[CLIENT] POSDATA natoms=1191 config_type=101 n_mol=1
  atom 0: -0.25953 0.54720 3.74015 type=4
  atom 1: 5.03161 9.14630 4.79126 type=4
  atom 2: 7.10247 5.39395 0.52556 type=4
  atom 3: -2.33038 4.29955 8.00585 type=4
  atom 4: -1.23824 8.59966 3.14850 type=3
ML HG_ev = -0.339348 eV
[CLIENT] POSDATA natoms=1191 config_type=101 n_mol=1
  atom 0: -0.25953 0.54720 3.74015 type=4
  atom 1: 5.03161 9.14630 4.79126 type=4
  atom 2: 7.10247 5.39395 0.52556 type=4
  atom 3: -2.33038 4.29955 8.00585 type=4
  atom 4: -1.23824 8.59966 3.14850 type=3
ML HG_ev = -0.356753 eV
[CLIENT] POSDATA natoms=1191 config_type=101 n_mol=1
  atom 0: -0.25953 0.54720 3.74015 type=4
  atom 1: 5.03161 9.14630 4.79126 type=4
  atom 2: 7.10247 5.39395 0.52556 type=4
  atom 3: -2.33038 4.29955 8.00585 type=4
  atom 4: -1.23824 8.59966 3.14850 type=3
ML HG_ev = -0.356494 eV
[CLIENT] POSDATA natoms=1191 config_type=101 n_mol=1
  atom 0: -0.25953 0.54720 3.74015 type=4
  atom 1: 5.03161 9.14630 4.79126 type=4
  atom 2: 7.10247 5.39395 0.52556 type=4
  atom 3: -2.33038 4.29955 8.00585 type=4
  atom 4: -1.23824 8.59966 3.14850 type=3
ML HG_ev = -0.346175 eV
[CLIENT] POSDATA natoms=1191 config_type=101 n_mol=1
  atom 0: -0.25953 0.54720 3.74015 type=4
  atom 1: 5.03161 9.14630 4.79126 type=4
  atom 2: 7.10247 5.39395 0.52556 type=4
  atom 3: -2.33038 4.29955 8.00585 type=4
  atom 4: -1.23824 8.59966 3.14850 type=3
ML HG_ev = -0.360243 eV
[CLIENT] POSDATA natoms=1191 config_type=101 n_mol=1
  atom 0: -0.25953 0.54720 3.74015 type=4
  atom 1: 5.03161 9.14630 4.79126 type=4
  atom 2: 7.10247 5.39395 0.52556 type=4
  atom 3: -2.33038 4.29955 8.00585 type=4
  atom 4: -1.23824 8.59966 3.14850 type=3
ML HG_ev = -0.323574 eV
[CLIENT] POSDATA natoms=1191 config_type=101 n_mol=1
  atom 0: -0.25953 0.54720 3.74015 type=4
  atom 1: 5.03161 9.14630 4.79126 type=4
  atom 2: 7.10247 5.39395 0.52556 type=4
  atom 3: -2.33038 4.29955 8.00585 type=4
  atom 4: -1.23824 8.59966 3.14850 type=3
ML HG_ev = -0.360098 eV
[CLIENT] POSDATA natoms=1191 config_type=101 n_mol=1
  atom 0: -0.25953 0.54720 3.74015 type=4
  atom 1: 5.03161 9.14630 4.79126 type=4
  atom 2: 7.10247 5.39395 0.52556 type=4
  atom 3: -2.33038 4.29955 8.00585 type=4
  atom 4: -1.23824 8.59966 3.14850 type=3
ML HG_ev = 1.236001 eV
[CLIENT] POSDATA natoms=1191 config_type=101 n_mol=1
  atom 0: -0.25953 0.54720 3.74015 type=4
  atom 1: 5.03161 9.14630 4.79126 type=4
  atom 2: 7.10247 5.39395 0.52556 type=4
  atom 3: -2.33038 4.29955 8.00585 type=4
  atom 4: -1.23824 8.59966 3.14850 type=3
ML HG_ev = -0.359788 eV
[CLIENT] POSDATA natoms=1191 config_type=101 n_mol=1
  atom 0: -0.25953 0.54720 3.74015 type=4
  atom 1: 5.03161 9.14630 4.79126 type=4
  atom 2: 7.10247 5.39395 0.52556 type=4
  atom 3: -2.33038 4.29955 8.00585 type=4
  atom 4: -1.23824 8.59966 3.14850 type=3
ML HG_ev = -0.366674 eV
[CLIENT] POSDATA natoms=1191 config_type=101 n_mol=1
  atom 0: -0.25953 0.54720 3.74015 type=4
  atom 1: 5.03161 9.14630 4.79126 type=4
  atom 2: 7.10247 5.39395 0.52556 type=4
  atom 3: -2.33038 4.29955 8.00585 type=4
  atom 4: -1.23824 8.59966 3.14850 type=3
ML HG_ev = -0.359490 eV
[CLIENT] POSDATA natoms=1191 config_type=101 n_mol=1
  atom 0: -0.25953 0.54720 3.74015 type=4
  atom 1: 5.03161 9.14630 4.79126 type=4
  atom 2: 7.10247 5.39395 0.52556 type=4
  atom 3: -2.33038 4.29955 8.00585 type=4
  atom 4: -1.23824 8.59966 3.14850 type=3
ML HG_ev = -0.356537 eV
[CLIENT] POSDATA natoms=1191 config_type=101 n_mol=1
  atom 0: -0.25953 0.54720 3.74015 type=4
  atom 1: 5.03161 9.14630 4.79126 type=4
  atom 2: 7.10247 5.39395 0.52556 type=4
  atom 3: -2.33038 4.29955 8.00585 type=4
  atom 4: -1.23824 8.59966 3.14850 type=3
ML HG_ev = 2.261979 eV
[CLIENT] POSDATA natoms=1191 config_type=101 n_mol=1
  atom 0: -0.25953 0.54720 3.74015 type=4
  atom 1: 5.03161 9.14630 4.79126 type=4
  atom 2: 7.10247 5.39395 0.52556 type=4
  atom 3: -2.33038 4.29955 8.00585 type=4
  atom 4: -1.23824 8.59966 3.14850 type=3
ML HG_ev = 0.278103 eV
[CLIENT] POSDATA natoms=1191 config_type=101 n_mol=1
  atom 0: -0.25953 0.54720 3.74015 type=4
  atom 1: 5.03161 9.14630 4.79126 type=4
  atom 2: 7.10247 5.39395 0.52556 type=4
  atom 3: -2.33038 4.29955 8.00585 type=4
  atom 4: -1.23824 8.59966 3.14850 type=3
ML HG_ev = -0.367307 eV
[CLIENT] POSDATA natoms=1191 config_type=101 n_mol=1
  atom 0: -0.25953 0.54720 3.74015 type=4
  atom 1: 5.03161 9.14630 4.79126 type=4
  atom 2: 7.10247 5.39395 0.52556 type=4
  atom 3: -2.33038 4.29955 8.00585 type=4
  atom 4: -1.23824 8.59966 3.14850 type=3
ML HG_ev = -0.356958 eV
[CLIENT] POSDATA natoms=1191 config_type=101 n_mol=1
  atom 0: -0.25953 0.54720 3.74015 type=4
  atom 1: 5.03161 9.14630 4.79126 type=4
  atom 2: 7.10247 5.39395 0.52556 type=4
  atom 3: -2.33038 4.29955 8.00585 type=4
  atom 4: -1.23824 8.59966 3.14850 type=3
ML HG_ev = -0.367319 eV
[CLIENT] POSDATA natoms=1191 config_type=101 n_mol=1
  atom 0: -0.25953 0.54720 3.74015 type=4
  atom 1: 5.03161 9.14630 4.79126 type=4
  atom 2: 7.10247 5.39395 0.52556 type=4
  atom 3: -2.33038 4.29955 8.00585 type=4
  atom 4: -1.23824 8.59966 3.14850 type=3
ML HG_ev = -0.281351 eV
[CLIENT] POSDATA natoms=1191 config_type=101 n_mol=1
  atom 0: -0.25953 0.54720 3.74015 type=4
  atom 1: 5.03161 9.14630 4.79126 type=4
  atom 2: 7.10247 5.39395 0.52556 type=4
  atom 3: -2.33038 4.29955 8.00585 type=4
  atom 4: -1.23824 8.59966 3.14850 type=3
ML HG_ev = -0.356700 eV
[CLIENT] POSDATA natoms=1191 config_type=101 n_mol=1
  atom 0: -0.25953 0.54720 3.74015 type=4
  atom 1: 5.03161 9.14630 4.79126 type=4
  atom 2: 7.10247 5.39395 0.52556 type=4
  atom 3: -2.33038 4.29955 8.00585 type=4
  atom 4: -1.23824 8.59966 3.14850 type=3
ML HG_ev = -0.148290 eV
[CLIENT] POSDATA natoms=1191 config_type=101 n_mol=1
  atom 0: -0.25953 0.54720 3.74015 type=4
  atom 1: 5.03161 9.14630 4.79126 type=4
  atom 2: 7.10247 5.39395 0.52556 type=4
  atom 3: -2.33038 4.29955 8.00585 type=4
  atom 4: -1.23824 8.59966 3.14850 type=3
ML HG_ev = -0.367645 eV
[CLIENT] POSDATA natoms=1191 config_type=101 n_mol=1
  atom 0: -0.25953 0.54720 3.74015 type=4
  atom 1: 5.03161 9.14630 4.79126 type=4
  atom 2: 7.10247 5.39395 0.52556 type=4
  atom 3: -2.33038 4.29955 8.00585 type=4
  atom 4: -1.23824 8.59966 3.14850 type=3
ML HG_ev = 0.903688 eV
[CLIENT] POSDATA natoms=1191 config_type=101 n_mol=1
  atom 0: -0.25953 0.54720 3.74015 type=4
  atom 1: 5.03161 9.14630 4.79126 type=4
  atom 2: 7.10247 5.39395 0.52556 type=4
  atom 3: -2.33038 4.29955 8.00585 type=4
  atom 4: -1.23824 8.59966 3.14850 type=3
ML HG_ev = -0.355928 eV
[CLIENT] POSDATA natoms=1191 config_type=101 n_mol=1
  atom 0: -0.25953 0.54720 3.74015 type=4
  atom 1: 5.03161 9.14630 4.79126 type=4
  atom 2: 7.10247 5.39395 0.52556 type=4
  atom 3: -2.33038 4.29955 8.00585 type=4
  atom 4: -1.23824 8.59966 3.14850 type=3
ML HG_ev = 0.023369 eV
[CLIENT] POSDATA natoms=1191 config_type=101 n_mol=1
  atom 0: -0.25953 0.54720 3.74015 type=4
  atom 1: 5.03161 9.14630 4.79126 type=4
  atom 2: 7.10247 5.39395 0.52556 type=4
  atom 3: -2.33038 4.29955 8.00585 type=4
  atom 4: -1.23824 8.59966 3.14850 type=3
ML HG_ev = -0.366725 eV
[CLIENT] POSDATA natoms=1191 config_type=101 n_mol=1
  atom 0: -0.25953 0.54720 3.74015 type=4
  atom 1: 5.03161 9.14630 4.79126 type=4
  atom 2: 7.10247 5.39395 0.52556 type=4
  atom 3: -2.33038 4.29955 8.00585 type=4
  atom 4: -1.23824 8.59966 3.14850 type=3
ML HG_ev = -0.322166 eV
[CLIENT] POSDATA natoms=1191 config_type=101 n_mol=1
  atom 0: -0.25953 0.54720 3.74015 type=4
  atom 1: 5.03161 9.14630 4.79126 type=4
  atom 2: 7.10247 5.39395 0.52556 type=4
  atom 3: -2.33038 4.29955 8.00585 type=4
  atom 4: -1.23824 8.59966 3.14850 type=3
ML HG_ev = -0.356498 eV
[CLIENT] POSDATA natoms=1191 config_type=101 n_mol=1
  atom 0: -0.25953 0.54720 3.74015 type=4
  atom 1: 5.03161 9.14630 4.79126 type=4
  atom 2: 7.10247 5.39395 0.52556 type=4
  atom 3: -2.33038 4.29955 8.00585 type=4
  atom 4: -1.23824 8.59966 3.14850 type=3
ML HG_ev = -0.182409 eV
[CLIENT] POSDATA natoms=1191 config_type=101 n_mol=1
  atom 0: -0.25953 0.54720 3.74015 type=4
  atom 1: 5.03161 9.14630 4.79126 type=4
  atom 2: 7.10247 5.39395 0.52556 type=4
  atom 3: -2.33038 4.29955 8.00585 type=4
  atom 4: -1.23824 8.59966 3.14850 type=3
ML HG_ev = -0.356461 eV
[CLIENT] POSDATA natoms=1191 config_type=101 n_mol=1
  atom 0: -0.25953 0.54720 3.74015 type=4
  atom 1: 5.03161 9.14630 4.79126 type=4
  atom 2: 7.10247 5.39395 0.52556 type=4
  atom 3: -2.33038 4.29955 8.00585 type=4
  atom 4: -1.23824 8.59966 3.14850 type=3
ML HG_ev = -0.345144 eV
[CLIENT] POSDATA natoms=1191 config_type=101 n_mol=1
  atom 0: -0.25953 0.54720 3.74015 type=4
  atom 1: 5.03161 9.14630 4.79126 type=4
  atom 2: 7.10247 5.39395 0.52556 type=4
  atom 3: -2.33038 4.29955 8.00585 type=4
  atom 4: -1.23824 8.59966 3.14850 type=3
ML HG_ev = -0.356375 eV
[CLIENT] POSDATA natoms=1191 config_type=101 n_mol=1
  atom 0: -0.25953 0.54720 3.74015 type=4
  atom 1: 5.03161 9.14630 4.79126 type=4
  atom 2: 7.10247 5.39395 0.52556 type=4
  atom 3: -2.33038 4.29955 8.00585 type=4
  atom 4: -1.23824 8.59966 3.14850 type=3
ML HG_ev = -0.357564 eV
[CLIENT] POSDATA natoms=1191 config_type=101 n_mol=1
  atom 0: -0.25953 0.54720 3.74015 type=4
  atom 1: 5.03161 9.14630 4.79126 type=4
  atom 2: 7.10247 5.39395 0.52556 type=4
  atom 3: -2.33038 4.29955 8.00585 type=4
  atom 4: -1.23824 8.59966 3.14850 type=3
ML HG_ev = -0.366739 eV
[CLIENT] POSDATA natoms=1191 config_type=101 n_mol=1
  atom 0: -0.25953 0.54720 3.74015 type=4
  atom 1: 5.03161 9.14630 4.79126 type=4
  atom 2: 7.10247 5.39395 0.52556 type=4
  atom 3: -2.33038 4.29955 8.00585 type=4
  atom 4: -1.23824 8.59966 3.14850 type=3
ML HG_ev = 0.281817 eV
[CLIENT] POSDATA natoms=1191 config_type=101 n_mol=1
  atom 0: -0.25953 0.54720 3.74015 type=4
  atom 1: 5.03161 9.14630 4.79126 type=4
  atom 2: 7.10247 5.39395 0.52556 type=4
  atom 3: -2.33038 4.29955 8.00585 type=4
  atom 4: -1.23824 8.59966 3.14850 type=3
ML HG_ev = -0.345551 eV
[CLIENT] POSDATA natoms=1191 config_type=101 n_mol=1
  atom 0: -0.25953 0.54720 3.74015 type=4
  atom 1: 5.03161 9.14630 4.79126 type=4
  atom 2: 7.10247 5.39395 0.52556 type=4
  atom 3: -2.33038 4.29955 8.00585 type=4
  atom 4: -1.23824 8.59966 3.14850 type=3
ML HG_ev = -0.342635 eV
[CLIENT] POSDATA natoms=1191 config_type=101 n_mol=1
  atom 0: -0.25953 0.54720 3.74015 type=4
  atom 1: 5.03161 9.14630 4.79126 type=4
  atom 2: 7.10247 5.39395 0.52556 type=4
  atom 3: -2.33038 4.29955 8.00585 type=4
  atom 4: -1.23824 8.59966 3.14850 type=3
ML HG_ev = -0.345610 eV
[CLIENT] POSDATA natoms=1191 config_type=101 n_mol=1
  atom 0: -0.25953 0.54720 3.74015 type=4
  atom 1: 5.03161 9.14630 4.79126 type=4
  atom 2: 7.10247 5.39395 0.52556 type=4
  atom 3: -2.33038 4.29955 8.00585 type=4
  atom 4: -1.23824 8.59966 3.14850 type=3
ML HG_ev = -0.284671 eV
[CLIENT] POSDATA natoms=1191 config_type=101 n_mol=1
  atom 0: -0.25953 0.54720 3.74015 type=4
  atom 1: 5.03161 9.14630 4.79126 type=4
  atom 2: 7.10247 5.39395 0.52556 type=4
  atom 3: -2.33038 4.29955 8.00585 type=4
  atom 4: -1.23824 8.59966 3.14850 type=3
ML HG_ev = -0.342392 eV
[CLIENT] POSDATA natoms=1191 config_type=101 n_mol=1
  atom 0: -0.25953 0.54720 3.74015 type=4
  atom 1: 5.03161 9.14630 4.79126 type=4
  atom 2: 7.10247 5.39395 0.52556 type=4
  atom 3: -2.33038 4.29955 8.00585 type=4
  atom 4: -1.23824 8.59966 3.14850 type=3
ML HG_ev = -0.371599 eV
[CLIENT] POSDATA natoms=1191 config_type=101 n_mol=1
  atom 0: -0.25953 0.54720 3.74015 type=4
  atom 1: 5.03161 9.14630 4.79126 type=4
  atom 2: 7.10247 5.39395 0.52556 type=4
  atom 3: -2.33038 4.29955 8.00585 type=4
  atom 4: -1.23824 8.59966 3.14850 type=3
ML HG_ev = -0.357475 eV
[CLIENT] POSDATA natoms=1191 config_type=101 n_mol=1
  atom 0: -0.25953 0.54720 3.74015 type=4
  atom 1: 5.03161 9.14630 4.79126 type=4
  atom 2: 7.10247 5.39395 0.52556 type=4
  atom 3: -2.33038 4.29955 8.00585 type=4
  atom 4: -1.23824 8.59966 3.14850 type=3
ML HG_ev = -0.254315 eV
[CLIENT] POSDATA natoms=1191 config_type=101 n_mol=1
  atom 0: -0.25953 0.54720 3.74015 type=4
  atom 1: 5.03161 9.14630 4.79126 type=4
  atom 2: 7.10247 5.39395 0.52556 type=4
  atom 3: -2.33038 4.29955 8.00585 type=4
  atom 4: -1.23824 8.59966 3.14850 type=3
ML HG_ev = -0.342400 eV
[CLIENT] POSDATA natoms=1191 config_type=101 n_mol=1
  atom 0: -0.25953 0.54720 3.74015 type=4
  atom 1: 5.03161 9.14630 4.79126 type=4
  atom 2: 7.10247 5.39395 0.52556 type=4
  atom 3: -2.33038 4.29955 8.00585 type=4
  atom 4: -1.23824 8.59966 3.14850 type=3
ML HG_ev = -0.322669 eV
[CLIENT] POSDATA natoms=1191 config_type=101 n_mol=1
  atom 0: -0.25953 0.54720 3.74015 type=4
  atom 1: 5.03161 9.14630 4.79126 type=4
  atom 2: 7.10247 5.39395 0.52556 type=4
  atom 3: -2.33038 4.29955 8.00585 type=4
  atom 4: -1.23824 8.59966 3.14850 type=3
ML HG_ev = -0.341883 eV
[CLIENT] POSDATA natoms=1191 config_type=101 n_mol=1
  atom 0: -0.25953 0.54720 3.74015 type=4
  atom 1: 5.03161 9.14630 4.79126 type=4
  atom 2: 7.10247 5.39395 0.52556 type=4
  atom 3: -2.33038 4.29955 8.00585 type=4
  atom 4: -1.23824 8.59966 3.14850 type=3
ML HG_ev = -0.324016 eV
[CLIENT] POSDATA natoms=1191 config_type=101 n_mol=1
  atom 0: -0.25953 0.54720 3.74015 type=4
  atom 1: 5.03161 9.14630 4.79126 type=4
  atom 2: 7.10247 5.39395 0.52556 type=4
  atom 3: -2.33038 4.29955 8.00585 type=4
  atom 4: -1.23824 8.59966 3.14850 type=3
ML HG_ev = -0.322379 eV
[CLIENT] POSDATA natoms=1191 config_type=101 n_mol=1
  atom 0: -0.25953 0.54720 3.74015 type=4
  atom 1: 5.03161 9.14630 4.79126 type=4
  atom 2: 7.10247 5.39395 0.52556 type=4
  atom 3: -2.33038 4.29955 8.00585 type=4
  atom 4: -1.23824 8.59966 3.14850 type=3
ML HG_ev = -0.371153 eV
[CLIENT] POSDATA natoms=1191 config_type=101 n_mol=1
  atom 0: -0.25953 0.54720 3.74015 type=4
  atom 1: 5.03161 9.14630 4.79126 type=4
  atom 2: 7.10247 5.39395 0.52556 type=4
  atom 3: -2.33038 4.29955 8.00585 type=4
  atom 4: -1.23824 8.59966 3.14850 type=3
ML HG_ev = -0.313551 eV
[CLIENT] POSDATA natoms=1191 config_type=101 n_mol=1
  atom 0: -0.25953 0.54720 3.74015 type=4
  atom 1: 5.03161 9.14630 4.79126 type=4
  atom 2: 7.10247 5.39395 0.52556 type=4
  atom 3: -2.33038 4.29955 8.00585 type=4
  atom 4: -1.23824 8.59966 3.14850 type=3
ML HG_ev = -0.370682 eV
[CLIENT] POSDATA natoms=1191 config_type=101 n_mol=1
  atom 0: -0.25953 0.54720 3.74015 type=4
  atom 1: 5.03161 9.14630 4.79126 type=4
  atom 2: 7.10247 5.39395 0.52556 type=4
  atom 3: -2.33038 4.29955 8.00585 type=4
  atom 4: -1.23824 8.59966 3.14850 type=3
ML HG_ev = -0.312750 eV
[CLIENT] POSDATA natoms=1191 config_type=101 n_mol=1
  atom 0: -0.25953 0.54720 3.74015 type=4
  atom 1: 5.03161 9.14630 4.79126 type=4
  atom 2: 7.10247 5.39395 0.52556 type=4
  atom 3: -2.33038 4.29955 8.00585 type=4
  atom 4: -1.23824 8.59966 3.14850 type=3
ML HG_ev = -0.371210 eV
[CLIENT] POSDATA natoms=1191 config_type=101 n_mol=1
  atom 0: -0.25953 0.54720 3.74015 type=4
  atom 1: 5.03161 9.14630 4.79126 type=4
  atom 2: 7.10247 5.39395 0.52556 type=4
  atom 3: -2.33038 4.29955 8.00585 type=4
  atom 4: -1.23824 8.59966 3.14850 type=3
ML HG_ev = -0.147108 eV
[CLIENT] POSDATA natoms=1191 config_type=101 n_mol=1
  atom 0: -0.25953 0.54720 3.74015 type=4
  atom 1: 5.03161 9.14630 4.79126 type=4
  atom 2: 7.10247 5.39395 0.52556 type=4
  atom 3: -2.33038 4.29955 8.00585 type=4
  atom 4: -1.23824 8.59966 3.14850 type=3
ML HG_ev = -0.371471 eV
[CLIENT] POSDATA natoms=1191 config_type=101 n_mol=1
  atom 0: -0.25953 0.54720 3.74015 type=4
  atom 1: 5.03161 9.14630 4.79126 type=4
  atom 2: 7.10247 5.39395 0.52556 type=4
  atom 3: -2.33038 4.29955 8.00585 type=4
  atom 4: -1.23824 8.59966 3.14850 type=3
ML HG_ev = 0.272116 eV
[CLIENT] POSDATA natoms=1191 config_type=101 n_mol=1
  atom 0: -0.25953 0.54720 3.74015 type=4
  atom 1: 5.03161 9.14630 4.79126 type=4
  atom 2: 7.10247 5.39395 0.52556 type=4
  atom 3: -2.33038 4.29955 8.00585 type=4
  atom 4: -1.23824 8.59966 3.14850 type=3
ML HG_ev = -0.371383 eV
[CLIENT] POSDATA natoms=1191 config_type=101 n_mol=1
  atom 0: -0.25953 0.54720 3.74015 type=4
  atom 1: 5.03161 9.14630 4.79126 type=4
  atom 2: 7.10247 5.39395 0.52556 type=4
  atom 3: -2.33038 4.29955 8.00585 type=4
  atom 4: -1.23824 8.59966 3.14850 type=3
ML HG_ev = -0.373248 eV
[CLIENT] POSDATA natoms=1191 config_type=101 n_mol=1
  atom 0: -0.25953 0.54720 3.74015 type=4
  atom 1: 5.03161 9.14630 4.79126 type=4
  atom 2: 7.10247 5.39395 0.52556 type=4
  atom 3: -2.33038 4.29955 8.00585 type=4
  atom 4: -1.23824 8.59966 3.14850 type=3
ML HG_ev = -0.370947 eV
[CLIENT] POSDATA natoms=1191 config_type=101 n_mol=1
  atom 0: -0.25953 0.54720 3.74015 type=4
  atom 1: 5.03161 9.14630 4.79126 type=4
  atom 2: 7.10247 5.39395 0.52556 type=4
  atom 3: -2.33038 4.29955 8.00585 type=4
  atom 4: -1.23824 8.59966 3.14850 type=3
======================== MOVE STATISTICS FOR COMPONENT [1] (CO2) ========================
=====================TRANSLATION MOVES=====================
Translation Performed: 121
Translation Accepted: 1
Max Translation: 2.5404330683, 2.7626473761, 2.4314511536
===========================================================
=====================ROTATION MOVES========================
Rotation Performed: 132
Rotation Accepted: 63
Max Rotation: 0.4974041667, 0.4974041667, 0.4974041667
===========================================================
=====================SWAP MOVES=====================
Insertion Performed:   148
Insertion Accepted:    2
Deletion Performed:    110
Deletion Accepted:     0
Reinsertion Performed: 180
Reinsertion Accepted:  11
====================================================
=====================IDENTITY SWAP MOVES=====================
=============================================================
================================================================================================
===============================
== INITIALIZATION PHASE ENDS ==
===============================
Running Simulation Boxes in SERIAL, currently [0] box; pres: 113276.10400 [Pa], temp: 298.00000 [K]
==================================
== RUNNING EQUILIBRATION PHASE ==
==================================
CBMC Uses 8 trial positions and 8 trial orientations
===============================
== EQUILIBRATION PHASE ENDS ==
===============================
Running Simulation Boxes in SERIAL, currently [0] box; pres: 113276.10400 [Pa], temp: 298.00000 [K]
==================================
==  RUNNING PRODUCTION PHASE   ==
==================================
CBMC Uses 8 trial positions and 8 trial orientations
ML HG_ev = -0.324105 eV
[CLIENT] POSDATA natoms=1191 config_type=101 n_mol=1
  atom 0: -0.25953 0.54720 3.74015 type=4
  atom 1: 5.03161 9.14630 4.79126 type=4
  atom 2: 7.10247 5.39395 0.52556 type=4
  atom 3: -2.33038 4.29955 8.00585 type=4
  atom 4: -1.23824 8.59966 3.14850 type=3
ML HG_ev = -0.312129 eV
[CLIENT] POSDATA natoms=1191 config_type=101 n_mol=1
  atom 0: -0.25953 0.54720 3.74015 type=4
  atom 1: 5.03161 9.14630 4.79126 type=4
  atom 2: 7.10247 5.39395 0.52556 type=4
  atom 3: -2.33038 4.29955 8.00585 type=4
  atom 4: -1.23824 8.59966 3.14850 type=3
PRODUCTION Cycle: 0, 2 Adsorbate Molecules, Total Energy: -6537.16511  ||  Component 0 [calf20_ddec_super.cif], 1 Molecules  ||  Component 1 [CO2], 2 Molecules  ||  
Printing: Component: 0 [ calf20_ddec_super.cif ], NumMol: 1, Molsize: 1188, Total atoms: 1188, Printable atoms: 1188
Printing: Component: 1 [ CO2 ], NumMol: 2, Molsize: 3, Total atoms: 6, Printable atoms: 6
Total atoms: 1194, Printable atoms: 1194
Component 0, Molsize: 1188
Component 1, Molsize: 3
ML HG_ev = -0.323992 eV
[CLIENT] POSDATA natoms=1191 config_type=101 n_mol=1
  atom 0: -0.25953 0.54720 3.74015 type=4
  atom 1: 5.03161 9.14630 4.79126 type=4
  atom 2: 7.10247 5.39395 0.52556 type=4
  atom 3: -2.33038 4.29955 8.00585 type=4
  atom 4: -1.23824 8.59966 3.14850 type=3
ML HG_ev = -0.010083 eV
[CLIENT] POSDATA natoms=1191 config_type=101 n_mol=1
  atom 0: -0.25953 0.54720 3.74015 type=4
  atom 1: 5.03161 9.14630 4.79126 type=4
  atom 2: 7.10247 5.39395 0.52556 type=4
  atom 3: -2.33038 4.29955 8.00585 type=4
  atom 4: -1.23824 8.59966 3.14850 type=3
ML HG_ev = -0.311266 eV
[CLIENT] POSDATA natoms=1191 config_type=101 n_mol=1
  atom 0: -0.25953 0.54720 3.74015 type=4
  atom 1: 5.03161 9.14630 4.79126 type=4
  atom 2: 7.10247 5.39395 0.52556 type=4
  atom 3: -2.33038 4.29955 8.00585 type=4
  atom 4: -1.23824 8.59966 3.14850 type=3
ML HG_ev = -0.354028 eV
[CLIENT] POSDATA natoms=1191 config_type=101 n_mol=1
  atom 0: -0.25953 0.54720 3.74015 type=4
  atom 1: 5.03161 9.14630 4.79126 type=4
  atom 2: 7.10247 5.39395 0.52556 type=4
  atom 3: -2.33038 4.29955 8.00585 type=4
  atom 4: -1.23824 8.59966 3.14850 type=3
ML HG_ev = -0.311839 eV
[CLIENT] POSDATA natoms=1191 config_type=101 n_mol=1
  atom 0: -0.25953 0.54720 3.74015 type=4
  atom 1: 5.03161 9.14630 4.79126 type=4
  atom 2: 7.10247 5.39395 0.52556 type=4
  atom 3: -2.33038 4.29955 8.00585 type=4
  atom 4: -1.23824 8.59966 3.14850 type=3
ML HG_ev = -0.355069 eV
[CLIENT] POSDATA natoms=1191 config_type=101 n_mol=1
  atom 0: -0.25953 0.54720 3.74015 type=4
  atom 1: 5.03161 9.14630 4.79126 type=4
  atom 2: 7.10247 5.39395 0.52556 type=4
  atom 3: -2.33038 4.29955 8.00585 type=4
  atom 4: -1.23824 8.59966 3.14850 type=3
ML HG_ev = -0.354853 eV
[CLIENT] POSDATA natoms=1191 config_type=101 n_mol=1
  atom 0: -0.25953 0.54720 3.74015 type=4
  atom 1: 5.03161 9.14630 4.79126 type=4
  atom 2: 7.10247 5.39395 0.52556 type=4
  atom 3: -2.33038 4.29955 8.00585 type=4
  atom 4: -1.23824 8.59966 3.14850 type=3
ML HG_ev = -0.354925 eV
[CLIENT] POSDATA natoms=1191 config_type=101 n_mol=1
  atom 0: -0.25953 0.54720 3.74015 type=4
  atom 1: 5.03161 9.14630 4.79126 type=4
  atom 2: 7.10247 5.39395 0.52556 type=4
  atom 3: -2.33038 4.29955 8.00585 type=4
  atom 4: -1.23824 8.59966 3.14850 type=3
ML HG_ev = -0.354875 eV
[CLIENT] POSDATA natoms=1191 config_type=101 n_mol=1
  atom 0: -0.25953 0.54720 3.74015 type=4
  atom 1: 5.03161 9.14630 4.79126 type=4
  atom 2: 7.10247 5.39395 0.52556 type=4
  atom 3: -2.33038 4.29955 8.00585 type=4
  atom 4: -1.23824 8.59966 3.14850 type=3
ML HG_ev = -0.292724 eV
[CLIENT] POSDATA natoms=1191 config_type=101 n_mol=1
  atom 0: -0.25953 0.54720 3.74015 type=4
  atom 1: 5.03161 9.14630 4.79126 type=4
  atom 2: 7.10247 5.39395 0.52556 type=4
  atom 3: -2.33038 4.29955 8.00585 type=4
  atom 4: -1.23824 8.59966 3.14850 type=3
ML HG_ev = -0.355156 eV
[CLIENT] POSDATA natoms=1191 config_type=101 n_mol=1
  atom 0: -0.25953 0.54720 3.74015 type=4
  atom 1: 5.03161 9.14630 4.79126 type=4
  atom 2: 7.10247 5.39395 0.52556 type=4
  atom 3: -2.33038 4.29955 8.00585 type=4
  atom 4: -1.23824 8.59966 3.14850 type=3
ML HG_ev = -0.297326 eV
[CLIENT] POSDATA natoms=1191 config_type=101 n_mol=1
  atom 0: -0.25953 0.54720 3.74015 type=4
  atom 1: 5.03161 9.14630 4.79126 type=4
  atom 2: 7.10247 5.39395 0.52556 type=4
  atom 3: -2.33038 4.29955 8.00585 type=4
  atom 4: -1.23824 8.59966 3.14850 type=3
ML HG_ev = -0.373602 eV
[CLIENT] POSDATA natoms=1191 config_type=101 n_mol=1
  atom 0: -0.25953 0.54720 3.74015 type=4
  atom 1: 5.03161 9.14630 4.79126 type=4
  atom 2: 7.10247 5.39395 0.52556 type=4
  atom 3: -2.33038 4.29955 8.00585 type=4
  atom 4: -1.23824 8.59966 3.14850 type=3
ML HG_ev = 1.099869 eV
[CLIENT] POSDATA natoms=1191 config_type=101 n_mol=1
  atom 0: -0.25953 0.54720 3.74015 type=4
  atom 1: 5.03161 9.14630 4.79126 type=4
  atom 2: 7.10247 5.39395 0.52556 type=4
  atom 3: -2.33038 4.29955 8.00585 type=4
  atom 4: -1.23824 8.59966 3.14850 type=3
ML HG_ev = -0.178159 eV
[CLIENT] POSDATA natoms=1191 config_type=101 n_mol=1
  atom 0: -0.25953 0.54720 3.74015 type=4
  atom 1: 5.03161 9.14630 4.79126 type=4
  atom 2: 7.10247 5.39395 0.52556 type=4
  atom 3: -2.33038 4.29955 8.00585 type=4
  atom 4: -1.23824 8.59966 3.14850 type=3
ML HG_ev = -0.355171 eV
[CLIENT] POSDATA natoms=1191 config_type=101 n_mol=1
  atom 0: -0.25953 0.54720 3.74015 type=4
  atom 1: 5.03161 9.14630 4.79126 type=4
  atom 2: 7.10247 5.39395 0.52556 type=4
  atom 3: -2.33038 4.29955 8.00585 type=4
  atom 4: -1.23824 8.59966 3.14850 type=3
ML HG_ev = -0.297415 eV
[CLIENT] POSDATA natoms=1191 config_type=101 n_mol=1
  atom 0: -0.25953 0.54720 3.74015 type=4
  atom 1: 5.03161 9.14630 4.79126 type=4
  atom 2: 7.10247 5.39395 0.52556 type=4
  atom 3: -2.33038 4.29955 8.00585 type=4
  atom 4: -1.23824 8.59966 3.14850 type=3
ML HG_ev = -0.373600 eV
[CLIENT] POSDATA natoms=1191 config_type=101 n_mol=1
  atom 0: -0.25953 0.54720 3.74015 type=4
  atom 1: 5.03161 9.14630 4.79126 type=4
  atom 2: 7.10247 5.39395 0.52556 type=4
  atom 3: -2.33038 4.29955 8.00585 type=4
  atom 4: -1.23824 8.59966 3.14850 type=3
ML HG_ev = -0.335378 eV
[CLIENT] POSDATA natoms=1191 config_type=101 n_mol=1
  atom 0: -0.25953 0.54720 3.74015 type=4
  atom 1: 5.03161 9.14630 4.79126 type=4
  atom 2: 7.10247 5.39395 0.52556 type=4
  atom 3: -2.33038 4.29955 8.00585 type=4
  atom 4: -1.23824 8.59966 3.14850 type=3
ML HG_ev = -0.355929 eV
[CLIENT] POSDATA natoms=1191 config_type=101 n_mol=1
  atom 0: -0.25953 0.54720 3.74015 type=4
  atom 1: 5.03161 9.14630 4.79126 type=4
  atom 2: 7.10247 5.39395 0.52556 type=4
  atom 3: -2.33038 4.29955 8.00585 type=4
  atom 4: -1.23824 8.59966 3.14850 type=3
ML HG_ev = -0.122471 eV
[CLIENT] POSDATA natoms=1191 config_type=101 n_mol=1
  atom 0: -0.25953 0.54720 3.74015 type=4
  atom 1: 5.03161 9.14630 4.79126 type=4
  atom 2: 7.10247 5.39395 0.52556 type=4
  atom 3: -2.33038 4.29955 8.00585 type=4
  atom 4: -1.23824 8.59966 3.14850 type=3
ML HG_ev = -0.354993 eV
[CLIENT] POSDATA natoms=1191 config_type=101 n_mol=1
  atom 0: -0.25953 0.54720 3.74015 type=4
  atom 1: 5.03161 9.14630 4.79126 type=4
  atom 2: 7.10247 5.39395 0.52556 type=4
  atom 3: -2.33038 4.29955 8.00585 type=4
  atom 4: -1.23824 8.59966 3.14850 type=3
ML HG_ev = -0.355524 eV
[CLIENT] POSDATA natoms=1191 config_type=101 n_mol=1
  atom 0: -0.25953 0.54720 3.74015 type=4
  atom 1: 5.03161 9.14630 4.79126 type=4
  atom 2: 7.10247 5.39395 0.52556 type=4
  atom 3: -2.33038 4.29955 8.00585 type=4
  atom 4: -1.23824 8.59966 3.14850 type=3
ML HG_ev = -0.327736 eV
[CLIENT] POSDATA natoms=1191 config_type=101 n_mol=1
  atom 0: -0.25953 0.54720 3.74015 type=4
  atom 1: 5.03161 9.14630 4.79126 type=4
  atom 2: 7.10247 5.39395 0.52556 type=4
  atom 3: -2.33038 4.29955 8.00585 type=4
  atom 4: -1.23824 8.59966 3.14850 type=3
ML HG_ev = -0.355211 eV
[CLIENT] POSDATA natoms=1191 config_type=101 n_mol=1
  atom 0: -0.25953 0.54720 3.74015 type=4
  atom 1: 5.03161 9.14630 4.79126 type=4
  atom 2: 7.10247 5.39395 0.52556 type=4
  atom 3: -2.33038 4.29955 8.00585 type=4
  atom 4: -1.23824 8.59966 3.14850 type=3
ML HG_ev = -0.075434 eV
[CLIENT] POSDATA natoms=1191 config_type=101 n_mol=1
  atom 0: -0.25953 0.54720 3.74015 type=4
  atom 1: 5.03161 9.14630 4.79126 type=4
  atom 2: 7.10247 5.39395 0.52556 type=4
  atom 3: -2.33038 4.29955 8.00585 type=4
  atom 4: -1.23824 8.59966 3.14850 type=3
ML HG_ev = -0.372763 eV
[CLIENT] POSDATA natoms=1191 config_type=101 n_mol=1
  atom 0: -0.25953 0.54720 3.74015 type=4
  atom 1: 5.03161 9.14630 4.79126 type=4
  atom 2: 7.10247 5.39395 0.52556 type=4
  atom 3: -2.33038 4.29955 8.00585 type=4
  atom 4: -1.23824 8.59966 3.14850 type=3
ML HG_ev = -0.339146 eV
[CLIENT] POSDATA natoms=1191 config_type=101 n_mol=1
  atom 0: -0.25953 0.54720 3.74015 type=4
  atom 1: 5.03161 9.14630 4.79126 type=4
  atom 2: 7.10247 5.39395 0.52556 type=4
  atom 3: -2.33038 4.29955 8.00585 type=4
  atom 4: -1.23824 8.59966 3.14850 type=3
ML HG_ev = -0.354913 eV
[CLIENT] POSDATA natoms=1191 config_type=101 n_mol=1
  atom 0: -0.25953 0.54720 3.74015 type=4
  atom 1: 5.03161 9.14630 4.79126 type=4
  atom 2: 7.10247 5.39395 0.52556 type=4
  atom 3: -2.33038 4.29955 8.00585 type=4
  atom 4: -1.23824 8.59966 3.14850 type=3
ML HG_ev = -0.338465 eV
[CLIENT] POSDATA natoms=1191 config_type=101 n_mol=1
  atom 0: -0.25953 0.54720 3.74015 type=4
  atom 1: 5.03161 9.14630 4.79126 type=4
  atom 2: 7.10247 5.39395 0.52556 type=4
  atom 3: -2.33038 4.29955 8.00585 type=4
  atom 4: -1.23824 8.59966 3.14850 type=3
ML HG_ev = -0.374117 eV
[CLIENT] POSDATA natoms=1191 config_type=101 n_mol=1
  atom 0: -0.25953 0.54720 3.74015 type=4
  atom 1: 5.03161 9.14630 4.79126 type=4
  atom 2: 7.10247 5.39395 0.52556 type=4
  atom 3: -2.33038 4.29955 8.00585 type=4
  atom 4: -1.23824 8.59966 3.14850 type=3
ML HG_ev = 0.878454 eV
[CLIENT] POSDATA natoms=1191 config_type=101 n_mol=1
  atom 0: -0.25953 0.54720 3.74015 type=4
  atom 1: 5.03161 9.14630 4.79126 type=4
  atom 2: 7.10247 5.39395 0.52556 type=4
  atom 3: -2.33038 4.29955 8.00585 type=4
  atom 4: -1.23824 8.59966 3.14850 type=3
ML HG_ev = -0.373338 eV
[CLIENT] POSDATA natoms=1191 config_type=101 n_mol=1
  atom 0: -0.25953 0.54720 3.74015 type=4
  atom 1: 5.03161 9.14630 4.79126 type=4
  atom 2: 7.10247 5.39395 0.52556 type=4
  atom 3: -2.33038 4.29955 8.00585 type=4
  atom 4: -1.23824 8.59966 3.14850 type=3
ML HG_ev = -0.350143 eV
[CLIENT] POSDATA natoms=1191 config_type=101 n_mol=1
  atom 0: -0.25953 0.54720 3.74015 type=4
  atom 1: 5.03161 9.14630 4.79126 type=4
  atom 2: 7.10247 5.39395 0.52556 type=4
  atom 3: -2.33038 4.29955 8.00585 type=4
  atom 4: -1.23824 8.59966 3.14850 type=3
ML HG_ev = -0.373115 eV
[CLIENT] POSDATA natoms=1191 config_type=101 n_mol=1
  atom 0: -0.25953 0.54720 3.74015 type=4
  atom 1: 5.03161 9.14630 4.79126 type=4
  atom 2: 7.10247 5.39395 0.52556 type=4
  atom 3: -2.33038 4.29955 8.00585 type=4
  atom 4: -1.23824 8.59966 3.14850 type=3
ML HG_ev = -0.336422 eV
[CLIENT] POSDATA natoms=1191 config_type=101 n_mol=1
  atom 0: -0.25953 0.54720 3.74015 type=4
  atom 1: 5.03161 9.14630 4.79126 type=4
  atom 2: 7.10247 5.39395 0.52556 type=4
  atom 3: -2.33038 4.29955 8.00585 type=4
  atom 4: -1.23824 8.59966 3.14850 type=3
ML HG_ev = -0.373495 eV
[CLIENT] POSDATA natoms=1191 config_type=101 n_mol=1
  atom 0: -0.25953 0.54720 3.74015 type=4
  atom 1: 5.03161 9.14630 4.79126 type=4
  atom 2: 7.10247 5.39395 0.52556 type=4
  atom 3: -2.33038 4.29955 8.00585 type=4
  atom 4: -1.23824 8.59966 3.14850 type=3
ML HG_ev = -0.142671 eV
[CLIENT] POSDATA natoms=1191 config_type=101 n_mol=1
  atom 0: -0.25953 0.54720 3.74015 type=4
  atom 1: 5.03161 9.14630 4.79126 type=4
  atom 2: 7.10247 5.39395 0.52556 type=4
  atom 3: -2.33038 4.29955 8.00585 type=4
  atom 4: -1.23824 8.59966 3.14850 type=3
ML HG_ev = -0.338700 eV
[CLIENT] POSDATA natoms=1191 config_type=101 n_mol=1
  atom 0: -0.25953 0.54720 3.74015 type=4
  atom 1: 5.03161 9.14630 4.79126 type=4
  atom 2: 7.10247 5.39395 0.52556 type=4
  atom 3: -2.33038 4.29955 8.00585 type=4
  atom 4: -1.23824 8.59966 3.14850 type=3
ML HG_ev = -0.306671 eV
[CLIENT] POSDATA natoms=1191 config_type=101 n_mol=1
  atom 0: -0.25953 0.54720 3.74015 type=4
  atom 1: 5.03161 9.14630 4.79126 type=4
  atom 2: 7.10247 5.39395 0.52556 type=4
  atom 3: -2.33038 4.29955 8.00585 type=4
  atom 4: -1.23824 8.59966 3.14850 type=3
ML HG_ev = -0.373616 eV
[CLIENT] POSDATA natoms=1191 config_type=101 n_mol=1
  atom 0: -0.25953 0.54720 3.74015 type=4
  atom 1: 5.03161 9.14630 4.79126 type=4
  atom 2: 7.10247 5.39395 0.52556 type=4
  atom 3: -2.33038 4.29955 8.00585 type=4
  atom 4: -1.23824 8.59966 3.14850 type=3
ML HG_ev = -0.373686 eV
[CLIENT] POSDATA natoms=1191 config_type=101 n_mol=1
  atom 0: -0.25953 0.54720 3.74015 type=4
  atom 1: 5.03161 9.14630 4.79126 type=4
  atom 2: 7.10247 5.39395 0.52556 type=4
  atom 3: -2.33038 4.29955 8.00585 type=4
  atom 4: -1.23824 8.59966 3.14850 type=3
ML HG_ev = -0.290396 eV
[CLIENT] POSDATA natoms=1191 config_type=101 n_mol=1
  atom 0: -0.25953 0.54720 3.74015 type=4
  atom 1: 5.03161 9.14630 4.79126 type=4
  atom 2: 7.10247 5.39395 0.52556 type=4
  atom 3: -2.33038 4.29955 8.00585 type=4
  atom 4: -1.23824 8.59966 3.14850 type=3
ML HG_ev = -0.338285 eV
[CLIENT] POSDATA natoms=1191 config_type=101 n_mol=1
  atom 0: -0.25953 0.54720 3.74015 type=4
  atom 1: 5.03161 9.14630 4.79126 type=4
  atom 2: 7.10247 5.39395 0.52556 type=4
  atom 3: -2.33038 4.29955 8.00585 type=4
  atom 4: -1.23824 8.59966 3.14850 type=3
ML HG_ev = -0.338164 eV
[CLIENT] POSDATA natoms=1191 config_type=101 n_mol=1
  atom 0: -0.25953 0.54720 3.74015 type=4
  atom 1: 5.03161 9.14630 4.79126 type=4
  atom 2: 7.10247 5.39395 0.52556 type=4
  atom 3: -2.33038 4.29955 8.00585 type=4
  atom 4: -1.23824 8.59966 3.14850 type=3
ML HG_ev = 0.140165 eV
[CLIENT] POSDATA natoms=1191 config_type=101 n_mol=1
  atom 0: -0.25953 0.54720 3.74015 type=4
  atom 1: 5.03161 9.14630 4.79126 type=4
  atom 2: 7.10247 5.39395 0.52556 type=4
  atom 3: -2.33038 4.29955 8.00585 type=4
  atom 4: -1.23824 8.59966 3.14850 type=3
ML HG_ev = -0.338115 eV
[CLIENT] POSDATA natoms=1191 config_type=101 n_mol=1
  atom 0: -0.25953 0.54720 3.74015 type=4
  atom 1: 5.03161 9.14630 4.79126 type=4
  atom 2: 7.10247 5.39395 0.52556 type=4
  atom 3: -2.33038 4.29955 8.00585 type=4
  atom 4: -1.23824 8.59966 3.14850 type=3
ML HG_ev = -0.331912 eV
[CLIENT] POSDATA natoms=1191 config_type=101 n_mol=1
  atom 0: -0.25953 0.54720 3.74015 type=4
  atom 1: 5.03161 9.14630 4.79126 type=4
  atom 2: 7.10247 5.39395 0.52556 type=4
  atom 3: -2.33038 4.29955 8.00585 type=4
  atom 4: -1.23824 8.59966 3.14850 type=3
ML HG_ev = -0.339104 eV
[CLIENT] POSDATA natoms=1191 config_type=101 n_mol=1
  atom 0: -0.25953 0.54720 3.74015 type=4
  atom 1: 5.03161 9.14630 4.79126 type=4
  atom 2: 7.10247 5.39395 0.52556 type=4
  atom 3: -2.33038 4.29955 8.00585 type=4
  atom 4: -1.23824 8.59966 3.14850 type=3
ML HG_ev = -0.333132 eV
[CLIENT] POSDATA natoms=1191 config_type=101 n_mol=1
  atom 0: -0.25953 0.54720 3.74015 type=4
  atom 1: 5.03161 9.14630 4.79126 type=4
  atom 2: 7.10247 5.39395 0.52556 type=4
  atom 3: -2.33038 4.29955 8.00585 type=4
  atom 4: -1.23824 8.59966 3.14850 type=3
ML HG_ev = -0.373366 eV
[CLIENT] POSDATA natoms=1191 config_type=101 n_mol=1
  atom 0: -0.25953 0.54720 3.74015 type=4
  atom 1: 5.03161 9.14630 4.79126 type=4
  atom 2: 7.10247 5.39395 0.52556 type=4
  atom 3: -2.33038 4.29955 8.00585 type=4
  atom 4: -1.23824 8.59966 3.14850 type=3
ML HG_ev = -0.245401 eV
[CLIENT] POSDATA natoms=1191 config_type=101 n_mol=1
  atom 0: -0.25953 0.54720 3.74015 type=4
  atom 1: 5.03161 9.14630 4.79126 type=4
  atom 2: 7.10247 5.39395 0.52556 type=4
  atom 3: -2.33038 4.29955 8.00585 type=4
  atom 4: -1.23824 8.59966 3.14850 type=3
ML HG_ev = -0.331598 eV
[CLIENT] POSDATA natoms=1191 config_type=101 n_mol=1
  atom 0: -0.25953 0.54720 3.74015 type=4
  atom 1: 5.03161 9.14630 4.79126 type=4
  atom 2: 7.10247 5.39395 0.52556 type=4
  atom 3: -2.33038 4.29955 8.00585 type=4
  atom 4: -1.23824 8.59966 3.14850 type=3
ML HG_ev = 0.760125 eV
[CLIENT] POSDATA natoms=1191 config_type=101 n_mol=1
  atom 0: -0.25953 0.54720 3.74015 type=4
  atom 1: 5.03161 9.14630 4.79126 type=4
  atom 2: 7.10247 5.39395 0.52556 type=4
  atom 3: -2.33038 4.29955 8.00585 type=4
  atom 4: -1.23824 8.59966 3.14850 type=3
ML HG_ev = 0.500096 eV
[CLIENT] POSDATA natoms=1191 config_type=101 n_mol=1
  atom 0: -0.25953 0.54720 3.74015 type=4
  atom 1: 5.03161 9.14630 4.79126 type=4
  atom 2: 7.10247 5.39395 0.52556 type=4
  atom 3: -2.33038 4.29955 8.00585 type=4
  atom 4: -1.23824 8.59966 3.14850 type=3
ML HG_ev = -0.372980 eV
[CLIENT] POSDATA natoms=1191 config_type=101 n_mol=1
  atom 0: -0.25953 0.54720 3.74015 type=4
  atom 1: 5.03161 9.14630 4.79126 type=4
  atom 2: 7.10247 5.39395 0.52556 type=4
  atom 3: -2.33038 4.29955 8.00585 type=4
  atom 4: -1.23824 8.59966 3.14850 type=3
ML HG_ev = -0.163099 eV
[CLIENT] POSDATA natoms=1191 config_type=101 n_mol=1
  atom 0: -0.25953 0.54720 3.74015 type=4
  atom 1: 5.03161 9.14630 4.79126 type=4
  atom 2: 7.10247 5.39395 0.52556 type=4
  atom 3: -2.33038 4.29955 8.00585 type=4
  atom 4: -1.23824 8.59966 3.14850 type=3
ML HG_ev = -0.331757 eV
[CLIENT] POSDATA natoms=1191 config_type=101 n_mol=1
  atom 0: -0.25953 0.54720 3.74015 type=4
  atom 1: 5.03161 9.14630 4.79126 type=4
  atom 2: 7.10247 5.39395 0.52556 type=4
  atom 3: -2.33038 4.29955 8.00585 type=4
  atom 4: -1.23824 8.59966 3.14850 type=3
ML HG_ev = -0.301650 eV
[CLIENT] POSDATA natoms=1191 config_type=101 n_mol=1
  atom 0: -0.25953 0.54720 3.74015 type=4
  atom 1: 5.03161 9.14630 4.79126 type=4
  atom 2: 7.10247 5.39395 0.52556 type=4
  atom 3: -2.33038 4.29955 8.00585 type=4
  atom 4: -1.23824 8.59966 3.14850 type=3
ML HG_ev = -0.374100 eV
[CLIENT] POSDATA natoms=1191 config_type=101 n_mol=1
  atom 0: -0.25953 0.54720 3.74015 type=4
  atom 1: 5.03161 9.14630 4.79126 type=4
  atom 2: 7.10247 5.39395 0.52556 type=4
  atom 3: -2.33038 4.29955 8.00585 type=4
  atom 4: -1.23824 8.59966 3.14850 type=3
ML HG_ev = 0.426444 eV
[CLIENT] POSDATA natoms=1191 config_type=101 n_mol=1
  atom 0: -0.25953 0.54720 3.74015 type=4
  atom 1: 5.03161 9.14630 4.79126 type=4
  atom 2: 7.10247 5.39395 0.52556 type=4
  atom 3: -2.33038 4.29955 8.00585 type=4
  atom 4: -1.23824 8.59966 3.14850 type=3
ML HG_ev = -0.373787 eV
[CLIENT] POSDATA natoms=1191 config_type=101 n_mol=1
  atom 0: -0.25953 0.54720 3.74015 type=4
  atom 1: 5.03161 9.14630 4.79126 type=4
  atom 2: 7.10247 5.39395 0.52556 type=4
  atom 3: -2.33038 4.29955 8.00585 type=4
  atom 4: -1.23824 8.59966 3.14850 type=3
ML HG_ev = -0.332155 eV
[CLIENT] POSDATA natoms=1191 config_type=101 n_mol=1
  atom 0: -0.25953 0.54720 3.74015 type=4
  atom 1: 5.03161 9.14630 4.79126 type=4
  atom 2: 7.10247 5.39395 0.52556 type=4
  atom 3: -2.33038 4.29955 8.00585 type=4
  atom 4: -1.23824 8.59966 3.14850 type=3
ML HG_ev = -0.331933 eV
[CLIENT] POSDATA natoms=1191 config_type=101 n_mol=1
  atom 0: -0.25953 0.54720 3.74015 type=4
  atom 1: 5.03161 9.14630 4.79126 type=4
  atom 2: 7.10247 5.39395 0.52556 type=4
  atom 3: -2.33038 4.29955 8.00585 type=4
  atom 4: -1.23824 8.59966 3.14850 type=3
ML HG_ev = -0.334744 eV
[CLIENT] POSDATA natoms=1191 config_type=101 n_mol=1
  atom 0: -0.25953 0.54720 3.74015 type=4
  atom 1: 5.03161 9.14630 4.79126 type=4
  atom 2: 7.10247 5.39395 0.52556 type=4
  atom 3: -2.33038 4.29955 8.00585 type=4
  atom 4: -1.23824 8.59966 3.14850 type=3
ML HG_ev = -0.332419 eV
[CLIENT] POSDATA natoms=1191 config_type=101 n_mol=1
  atom 0: -0.25953 0.54720 3.74015 type=4
  atom 1: 5.03161 9.14630 4.79126 type=4
  atom 2: 7.10247 5.39395 0.52556 type=4
  atom 3: -2.33038 4.29955 8.00585 type=4
  atom 4: -1.23824 8.59966 3.14850 type=3
ML HG_ev = -0.349299 eV
[CLIENT] POSDATA natoms=1191 config_type=101 n_mol=1
  atom 0: -0.25953 0.54720 3.74015 type=4
  atom 1: 5.03161 9.14630 4.79126 type=4
  atom 2: 7.10247 5.39395 0.52556 type=4
  atom 3: -2.33038 4.29955 8.00585 type=4
  atom 4: -1.23824 8.59966 3.14850 type=3
ML HG_ev = -0.374101 eV
[CLIENT] POSDATA natoms=1191 config_type=101 n_mol=1
  atom 0: -0.25953 0.54720 3.74015 type=4
  atom 1: 5.03161 9.14630 4.79126 type=4
  atom 2: 7.10247 5.39395 0.52556 type=4
  atom 3: -2.33038 4.29955 8.00585 type=4
  atom 4: -1.23824 8.59966 3.14850 type=3
ML HG_ev = -0.363791 eV
[CLIENT] POSDATA natoms=1191 config_type=101 n_mol=1
  atom 0: -0.25953 0.54720 3.74015 type=4
  atom 1: 5.03161 9.14630 4.79126 type=4
  atom 2: 7.10247 5.39395 0.52556 type=4
  atom 3: -2.33038 4.29955 8.00585 type=4
  atom 4: -1.23824 8.59966 3.14850 type=3
ML HG_ev = -0.373302 eV
[CLIENT] POSDATA natoms=1191 config_type=101 n_mol=1
  atom 0: -0.25953 0.54720 3.74015 type=4
  atom 1: 5.03161 9.14630 4.79126 type=4
  atom 2: 7.10247 5.39395 0.52556 type=4
  atom 3: -2.33038 4.29955 8.00585 type=4
  atom 4: -1.23824 8.59966 3.14850 type=3
ML HG_ev = 0.566018 eV
[CLIENT] POSDATA natoms=1191 config_type=101 n_mol=1
  atom 0: -0.25953 0.54720 3.74015 type=4
  atom 1: 5.03161 9.14630 4.79126 type=4
  atom 2: 7.10247 5.39395 0.52556 type=4
  atom 3: -2.33038 4.29955 8.00585 type=4
  atom 4: -1.23824 8.59966 3.14850 type=3
ML HG_ev = -0.363682 eV
[CLIENT] POSDATA natoms=1191 config_type=101 n_mol=1
  atom 0: -0.25953 0.54720 3.74015 type=4
  atom 1: 5.03161 9.14630 4.79126 type=4
  atom 2: 7.10247 5.39395 0.52556 type=4
  atom 3: -2.33038 4.29955 8.00585 type=4
  atom 4: -1.23824 8.59966 3.14850 type=3
ML HG_ev = -0.000154 eV
[CLIENT] POSDATA natoms=1191 config_type=101 n_mol=1
  atom 0: -0.25953 0.54720 3.74015 type=4
  atom 1: 5.03161 9.14630 4.79126 type=4
  atom 2: 7.10247 5.39395 0.52556 type=4
  atom 3: -2.33038 4.29955 8.00585 type=4
  atom 4: -1.23824 8.59966 3.14850 type=3
ML HG_ev = -0.334694 eV
[CLIENT] POSDATA natoms=1191 config_type=101 n_mol=1
  atom 0: -0.25953 0.54720 3.74015 type=4
  atom 1: 5.03161 9.14630 4.79126 type=4
  atom 2: 7.10247 5.39395 0.52556 type=4
  atom 3: -2.33038 4.29955 8.00585 type=4
  atom 4: -1.23824 8.59966 3.14850 type=3
ML HG_ev = -0.276893 eV
[CLIENT] POSDATA natoms=1191 config_type=101 n_mol=1
  atom 0: -0.25953 0.54720 3.74015 type=4
  atom 1: 5.03161 9.14630 4.79126 type=4
  atom 2: 7.10247 5.39395 0.52556 type=4
  atom 3: -2.33038 4.29955 8.00585 type=4
  atom 4: -1.23824 8.59966 3.14850 type=3
ML HG_ev = -0.334199 eV
[CLIENT] POSDATA natoms=1191 config_type=101 n_mol=1
  atom 0: -0.25953 0.54720 3.74015 type=4
  atom 1: 5.03161 9.14630 4.79126 type=4
  atom 2: 7.10247 5.39395 0.52556 type=4
  atom 3: -2.33038 4.29955 8.00585 type=4
  atom 4: -1.23824 8.59966 3.14850 type=3
ML HG_ev = -0.293423 eV
[CLIENT] POSDATA natoms=1191 config_type=101 n_mol=1
  atom 0: -0.25953 0.54720 3.74015 type=4
  atom 1: 5.03161 9.14630 4.79126 type=4
  atom 2: 7.10247 5.39395 0.52556 type=4
  atom 3: -2.33038 4.29955 8.00585 type=4
  atom 4: -1.23824 8.59966 3.14850 type=3
ML HG_ev = -0.276829 eV
[CLIENT] POSDATA natoms=1191 config_type=101 n_mol=1
  atom 0: -0.25953 0.54720 3.74015 type=4
  atom 1: 5.03161 9.14630 4.79126 type=4
  atom 2: 7.10247 5.39395 0.52556 type=4
  atom 3: -2.33038 4.29955 8.00585 type=4
  atom 4: -1.23824 8.59966 3.14850 type=3
ML HG_ev = 2.560031 eV
[CLIENT] POSDATA natoms=1191 config_type=101 n_mol=1
  atom 0: -0.25953 0.54720 3.74015 type=4
  atom 1: 5.03161 9.14630 4.79126 type=4
  atom 2: 7.10247 5.39395 0.52556 type=4
  atom 3: -2.33038 4.29955 8.00585 type=4
  atom 4: -1.23824 8.59966 3.14850 type=3
ML HG_ev = -0.363557 eV
[CLIENT] POSDATA natoms=1191 config_type=101 n_mol=1
  atom 0: -0.25953 0.54720 3.74015 type=4
  atom 1: 5.03161 9.14630 4.79126 type=4
  atom 2: 7.10247 5.39395 0.52556 type=4
  atom 3: -2.33038 4.29955 8.00585 type=4
  atom 4: -1.23824 8.59966 3.14850 type=3
ML HG_ev = 0.666610 eV
[CLIENT] POSDATA natoms=1191 config_type=101 n_mol=1
  atom 0: -0.25953 0.54720 3.74015 type=4
  atom 1: 5.03161 9.14630 4.79126 type=4
  atom 2: 7.10247 5.39395 0.52556 type=4
  atom 3: -2.33038 4.29955 8.00585 type=4
  atom 4: -1.23824 8.59966 3.14850 type=3
ML HG_ev = -0.294316 eV
[CLIENT] POSDATA natoms=1191 config_type=101 n_mol=1
  atom 0: -0.25953 0.54720 3.74015 type=4
  atom 1: 5.03161 9.14630 4.79126 type=4
  atom 2: 7.10247 5.39395 0.52556 type=4
  atom 3: -2.33038 4.29955 8.00585 type=4
  atom 4: -1.23824 8.59966 3.14850 type=3
ML HG_ev = -0.370823 eV
[CLIENT] POSDATA natoms=1191 config_type=101 n_mol=1
  atom 0: -0.25953 0.54720 3.74015 type=4
  atom 1: 5.03161 9.14630 4.79126 type=4
  atom 2: 7.10247 5.39395 0.52556 type=4
  atom 3: -2.33038 4.29955 8.00585 type=4
  atom 4: -1.23824 8.59966 3.14850 type=3
ML HG_ev = -0.363843 eV
[CLIENT] POSDATA natoms=1191 config_type=101 n_mol=1
  atom 0: -0.25953 0.54720 3.74015 type=4
  atom 1: 5.03161 9.14630 4.79126 type=4
  atom 2: 7.10247 5.39395 0.52556 type=4
  atom 3: -2.33038 4.29955 8.00585 type=4
  atom 4: -1.23824 8.59966 3.14850 type=3
ML HG_ev = -0.370323 eV
[CLIENT] POSDATA natoms=1191 config_type=101 n_mol=1
  atom 0: -0.25953 0.54720 3.74015 type=4
  atom 1: 5.03161 9.14630 4.79126 type=4
  atom 2: 7.10247 5.39395 0.52556 type=4
  atom 3: -2.33038 4.29955 8.00585 type=4
  atom 4: -1.23824 8.59966 3.14850 type=3
ML HG_ev = 2.305589 eV
[CLIENT] POSDATA natoms=1191 config_type=101 n_mol=1
  atom 0: -0.25953 0.54720 3.74015 type=4
  atom 1: 5.03161 9.14630 4.79126 type=4
  atom 2: 7.10247 5.39395 0.52556 type=4
  atom 3: -2.33038 4.29955 8.00585 type=4
  atom 4: -1.23824 8.59966 3.14850 type=3
ML HG_ev = -0.294036 eV
[CLIENT] POSDATA natoms=1191 config_type=101 n_mol=1
  atom 0: -0.25953 0.54720 3.74015 type=4
  atom 1: 5.03161 9.14630 4.79126 type=4
  atom 2: 7.10247 5.39395 0.52556 type=4
  atom 3: -2.33038 4.29955 8.00585 type=4
  atom 4: -1.23824 8.59966 3.14850 type=3
ML HG_ev = -0.294383 eV
[CLIENT] POSDATA natoms=1191 config_type=101 n_mol=1
  atom 0: -0.25953 0.54720 3.74015 type=4
  atom 1: 5.03161 9.14630 4.79126 type=4
  atom 2: 7.10247 5.39395 0.52556 type=4
  atom 3: -2.33038 4.29955 8.00585 type=4
  atom 4: -1.23824 8.59966 3.14850 type=3
ML HG_ev = -0.348653 eV
[CLIENT] POSDATA natoms=1191 config_type=101 n_mol=1
  atom 0: -0.25953 0.54720 3.74015 type=4
  atom 1: 5.03161 9.14630 4.79126 type=4
  atom 2: 7.10247 5.39395 0.52556 type=4
  atom 3: -2.33038 4.29955 8.00585 type=4
  atom 4: -1.23824 8.59966 3.14850 type=3
ML HG_ev = -0.370981 eV
[CLIENT] POSDATA natoms=1191 config_type=101 n_mol=1
  atom 0: -0.25953 0.54720 3.74015 type=4
  atom 1: 5.03161 9.14630 4.79126 type=4
  atom 2: 7.10247 5.39395 0.52556 type=4
  atom 3: -2.33038 4.29955 8.00585 type=4
  atom 4: -1.23824 8.59966 3.14850 type=3
ML HG_ev = -0.293541 eV
[CLIENT] POSDATA natoms=1191 config_type=101 n_mol=1
  atom 0: -0.25953 0.54720 3.74015 type=4
  atom 1: 5.03161 9.14630 4.79126 type=4
  atom 2: 7.10247 5.39395 0.52556 type=4
  atom 3: -2.33038 4.29955 8.00585 type=4
  atom 4: -1.23824 8.59966 3.14850 type=3
ML HG_ev = 0.126593 eV
[CLIENT] POSDATA natoms=1191 config_type=101 n_mol=1
  atom 0: -0.25953 0.54720 3.74015 type=4
  atom 1: 5.03161 9.14630 4.79126 type=4
  atom 2: 7.10247 5.39395 0.52556 type=4
  atom 3: -2.33038 4.29955 8.00585 type=4
  atom 4: -1.23824 8.59966 3.14850 type=3
ML HG_ev = -0.347695 eV
[CLIENT] POSDATA natoms=1191 config_type=101 n_mol=1
  atom 0: -0.25953 0.54720 3.74015 type=4
  atom 1: 5.03161 9.14630 4.79126 type=4
  atom 2: 7.10247 5.39395 0.52556 type=4
  atom 3: -2.33038 4.29955 8.00585 type=4
  atom 4: -1.23824 8.59966 3.14850 type=3
ML HG_ev = -0.119285 eV
[CLIENT] POSDATA natoms=1191 config_type=101 n_mol=1
  atom 0: -0.25953 0.54720 3.74015 type=4
  atom 1: 5.03161 9.14630 4.79126 type=4
  atom 2: 7.10247 5.39395 0.52556 type=4
  atom 3: -2.33038 4.29955 8.00585 type=4
  atom 4: -1.23824 8.59966 3.14850 type=3
ML HG_ev = -0.347825 eV
[CLIENT] POSDATA natoms=1191 config_type=101 n_mol=1
  atom 0: -0.25953 0.54720 3.74015 type=4
  atom 1: 5.03161 9.14630 4.79126 type=4
  atom 2: 7.10247 5.39395 0.52556 type=4
  atom 3: -2.33038 4.29955 8.00585 type=4
  atom 4: -1.23824 8.59966 3.14850 type=3
ML HG_ev = 0.135146 eV
[CLIENT] POSDATA natoms=1191 config_type=101 n_mol=1
  atom 0: -0.25953 0.54720 3.74015 type=4
  atom 1: 5.03161 9.14630 4.79126 type=4
  atom 2: 7.10247 5.39395 0.52556 type=4
  atom 3: -2.33038 4.29955 8.00585 type=4
  atom 4: -1.23824 8.59966 3.14850 type=3
ML HG_ev = -0.294461 eV
[CLIENT] POSDATA natoms=1191 config_type=101 n_mol=1
  atom 0: -0.25953 0.54720 3.74015 type=4
  atom 1: 5.03161 9.14630 4.79126 type=4
  atom 2: 7.10247 5.39395 0.52556 type=4
  atom 3: -2.33038 4.29955 8.00585 type=4
  atom 4: -1.23824 8.59966 3.14850 type=3
ML HG_ev = 0.171834 eV
[CLIENT] POSDATA natoms=1191 config_type=101 n_mol=1
  atom 0: -0.25953 0.54720 3.74015 type=4
  atom 1: 5.03161 9.14630 4.79126 type=4
  atom 2: 7.10247 5.39395 0.52556 type=4
  atom 3: -2.33038 4.29955 8.00585 type=4
  atom 4: -1.23824 8.59966 3.14850 type=3
ML HG_ev = -0.347841 eV
[CLIENT] POSDATA natoms=1191 config_type=101 n_mol=1
  atom 0: -0.25953 0.54720 3.74015 type=4
  atom 1: 5.03161 9.14630 4.79126 type=4
  atom 2: 7.10247 5.39395 0.52556 type=4
  atom 3: -2.33038 4.29955 8.00585 type=4
  atom 4: -1.23824 8.59966 3.14850 type=3
ML HG_ev = -0.348374 eV
[CLIENT] POSDATA natoms=1191 config_type=101 n_mol=1
  atom 0: -0.25953 0.54720 3.74015 type=4
  atom 1: 5.03161 9.14630 4.79126 type=4
  atom 2: 7.10247 5.39395 0.52556 type=4
  atom 3: -2.33038 4.29955 8.00585 type=4
  atom 4: -1.23824 8.59966 3.14850 type=3
ML HG_ev = -0.260759 eV
[CLIENT] POSDATA natoms=1191 config_type=101 n_mol=1
  atom 0: -0.25953 0.54720 3.74015 type=4
  atom 1: 5.03161 9.14630 4.79126 type=4
  atom 2: 7.10247 5.39395 0.52556 type=4
  atom 3: -2.33038 4.29955 8.00585 type=4
  atom 4: -1.23824 8.59966 3.14850 type=3
ML HG_ev = -0.293539 eV
[CLIENT] POSDATA natoms=1191 config_type=101 n_mol=1
  atom 0: -0.25953 0.54720 3.74015 type=4
  atom 1: 5.03161 9.14630 4.79126 type=4
  atom 2: 7.10247 5.39395 0.52556 type=4
  atom 3: -2.33038 4.29955 8.00585 type=4
  atom 4: -1.23824 8.59966 3.14850 type=3
ML HG_ev = -0.059183 eV
[CLIENT] POSDATA natoms=1191 config_type=101 n_mol=1
  atom 0: -0.25953 0.54720 3.74015 type=4
  atom 1: 5.03161 9.14630 4.79126 type=4
  atom 2: 7.10247 5.39395 0.52556 type=4
  atom 3: -2.33038 4.29955 8.00585 type=4
  atom 4: -1.23824 8.59966 3.14850 type=3
ML HG_ev = -0.294441 eV
[CLIENT] POSDATA natoms=1191 config_type=101 n_mol=1
  atom 0: -0.25953 0.54720 3.74015 type=4
  atom 1: 5.03161 9.14630 4.79126 type=4
  atom 2: 7.10247 5.39395 0.52556 type=4
  atom 3: -2.33038 4.29955 8.00585 type=4
  atom 4: -1.23824 8.59966 3.14850 type=3
ML HG_ev = -0.279307 eV
[CLIENT] POSDATA natoms=1191 config_type=101 n_mol=1
  atom 0: -0.25953 0.54720 3.74015 type=4
  atom 1: 5.03161 9.14630 4.79126 type=4
  atom 2: 7.10247 5.39395 0.52556 type=4
  atom 3: -2.33038 4.29955 8.00585 type=4
  atom 4: -1.23824 8.59966 3.14850 type=3
ML HG_ev = -0.347939 eV
[CLIENT] POSDATA natoms=1191 config_type=101 n_mol=1
  atom 0: -0.25953 0.54720 3.74015 type=4
  atom 1: 5.03161 9.14630 4.79126 type=4
  atom 2: 7.10247 5.39395 0.52556 type=4
  atom 3: -2.33038 4.29955 8.00585 type=4
  atom 4: -1.23824 8.59966 3.14850 type=3
ML HG_ev = -0.293078 eV
[CLIENT] POSDATA natoms=1191 config_type=101 n_mol=1
  atom 0: -0.25953 0.54720 3.74015 type=4
  atom 1: 5.03161 9.14630 4.79126 type=4
  atom 2: 7.10247 5.39395 0.52556 type=4
  atom 3: -2.33038 4.29955 8.00585 type=4
  atom 4: -1.23824 8.59966 3.14850 type=3
ML HG_ev = 0.145188 eV
[CLIENT] POSDATA natoms=1191 config_type=101 n_mol=1
  atom 0: -0.25953 0.54720 3.74015 type=4
  atom 1: 5.03161 9.14630 4.79126 type=4
  atom 2: 7.10247 5.39395 0.52556 type=4
  atom 3: -2.33038 4.29955 8.00585 type=4
  atom 4: -1.23824 8.59966 3.14850 type=3
ML HG_ev = -0.347714 eV
[CLIENT] POSDATA natoms=1191 config_type=101 n_mol=1
  atom 0: -0.25953 0.54720 3.74015 type=4
  atom 1: 5.03161 9.14630 4.79126 type=4
  atom 2: 7.10247 5.39395 0.52556 type=4
  atom 3: -2.33038 4.29955 8.00585 type=4
  atom 4: -1.23824 8.59966 3.14850 type=3
ML HG_ev = -0.251647 eV
[CLIENT] POSDATA natoms=1191 config_type=101 n_mol=1
  atom 0: -0.25953 0.54720 3.74015 type=4
  atom 1: 5.03161 9.14630 4.79126 type=4
  atom 2: 7.10247 5.39395 0.52556 type=4
  atom 3: -2.33038 4.29955 8.00585 type=4
  atom 4: -1.23824 8.59966 3.14850 type=3
ML HG_ev = -0.347696 eV
[CLIENT] POSDATA natoms=1191 config_type=101 n_mol=1
  atom 0: -0.25953 0.54720 3.74015 type=4
  atom 1: 5.03161 9.14630 4.79126 type=4
  atom 2: 7.10247 5.39395 0.52556 type=4
  atom 3: -2.33038 4.29955 8.00585 type=4
  atom 4: -1.23824 8.59966 3.14850 type=3
ML HG_ev = -0.347663 eV
[CLIENT] POSDATA natoms=1191 config_type=101 n_mol=1
  atom 0: -0.25953 0.54720 3.74015 type=4
  atom 1: 5.03161 9.14630 4.79126 type=4
  atom 2: 7.10247 5.39395 0.52556 type=4
  atom 3: -2.33038 4.29955 8.00585 type=4
  atom 4: -1.23824 8.59966 3.14850 type=3
ML HG_ev = -0.244204 eV
[CLIENT] POSDATA natoms=1191 config_type=101 n_mol=1
  atom 0: -0.25953 0.54720 3.74015 type=4
  atom 1: 5.03161 9.14630 4.79126 type=4
  atom 2: 7.10247 5.39395 0.52556 type=4
  atom 3: -2.33038 4.29955 8.00585 type=4
  atom 4: -1.23824 8.59966 3.14850 type=3
ML HG_ev = -0.293756 eV
[CLIENT] POSDATA natoms=1191 config_type=101 n_mol=1
  atom 0: -0.25953 0.54720 3.74015 type=4
  atom 1: 5.03161 9.14630 4.79126 type=4
  atom 2: 7.10247 5.39395 0.52556 type=4
  atom 3: -2.33038 4.29955 8.00585 type=4
  atom 4: -1.23824 8.59966 3.14850 type=3
ML HG_ev = -0.233465 eV
[CLIENT] POSDATA natoms=1191 config_type=101 n_mol=1
  atom 0: -0.25953 0.54720 3.74015 type=4
  atom 1: 5.03161 9.14630 4.79126 type=4
  atom 2: 7.10247 5.39395 0.52556 type=4
  atom 3: -2.33038 4.29955 8.00585 type=4
  atom 4: -1.23824 8.59966 3.14850 type=3
ML HG_ev = -0.348069 eV
[CLIENT] POSDATA natoms=1191 config_type=101 n_mol=1
  atom 0: -0.25953 0.54720 3.74015 type=4
  atom 1: 5.03161 9.14630 4.79126 type=4
  atom 2: 7.10247 5.39395 0.52556 type=4
  atom 3: -2.33038 4.29955 8.00585 type=4
  atom 4: -1.23824 8.59966 3.14850 type=3
ML HG_ev = -0.263758 eV
[CLIENT] POSDATA natoms=1191 config_type=101 n_mol=1
  atom 0: -0.25953 0.54720 3.74015 type=4
  atom 1: 5.03161 9.14630 4.79126 type=4
  atom 2: 7.10247 5.39395 0.52556 type=4
  atom 3: -2.33038 4.29955 8.00585 type=4
  atom 4: -1.23824 8.59966 3.14850 type=3
ML HG_ev = -0.294125 eV
[CLIENT] POSDATA natoms=1191 config_type=101 n_mol=1
  atom 0: -0.25953 0.54720 3.74015 type=4
  atom 1: 5.03161 9.14630 4.79126 type=4
  atom 2: 7.10247 5.39395 0.52556 type=4
  atom 3: -2.33038 4.29955 8.00585 type=4
  atom 4: -1.23824 8.59966 3.14850 type=3
ML HG_ev = 1.422680 eV
[CLIENT] POSDATA natoms=1191 config_type=101 n_mol=1
  atom 0: -0.25953 0.54720 3.74015 type=4
  atom 1: 5.03161 9.14630 4.79126 type=4
  atom 2: 7.10247 5.39395 0.52556 type=4
  atom 3: -2.33038 4.29955 8.00585 type=4
  atom 4: -1.23824 8.59966 3.14850 type=3
ML HG_ev = -0.348079 eV
[CLIENT] POSDATA natoms=1191 config_type=101 n_mol=1
  atom 0: -0.25953 0.54720 3.74015 type=4
  atom 1: 5.03161 9.14630 4.79126 type=4
  atom 2: 7.10247 5.39395 0.52556 type=4
  atom 3: -2.33038 4.29955 8.00585 type=4
  atom 4: -1.23824 8.59966 3.14850 type=3
ML HG_ev = -0.264186 eV
[CLIENT] POSDATA natoms=1191 config_type=101 n_mol=1
  atom 0: -0.25953 0.54720 3.74015 type=4
  atom 1: 5.03161 9.14630 4.79126 type=4
  atom 2: 7.10247 5.39395 0.52556 type=4
  atom 3: -2.33038 4.29955 8.00585 type=4
  atom 4: -1.23824 8.59966 3.14850 type=3
ML HG_ev = -0.263884 eV
[CLIENT] POSDATA natoms=1191 config_type=101 n_mol=1
  atom 0: -0.25953 0.54720 3.74015 type=4
  atom 1: 5.03161 9.14630 4.79126 type=4
  atom 2: 7.10247 5.39395 0.52556 type=4
  atom 3: -2.33038 4.29955 8.00585 type=4
  atom 4: -1.23824 8.59966 3.14850 type=3
ML HG_ev = -0.348416 eV
[CLIENT] POSDATA natoms=1191 config_type=101 n_mol=1
  atom 0: -0.25953 0.54720 3.74015 type=4
  atom 1: 5.03161 9.14630 4.79126 type=4
  atom 2: 7.10247 5.39395 0.52556 type=4
  atom 3: -2.33038 4.29955 8.00585 type=4
  atom 4: -1.23824 8.59966 3.14850 type=3
ML HG_ev = -0.285191 eV
[CLIENT] POSDATA natoms=1191 config_type=101 n_mol=1
  atom 0: -0.25953 0.54720 3.74015 type=4
  atom 1: 5.03161 9.14630 4.79126 type=4
  atom 2: 7.10247 5.39395 0.52556 type=4
  atom 3: -2.33038 4.29955 8.00585 type=4
  atom 4: -1.23824 8.59966 3.14850 type=3
ML HG_ev = -0.264002 eV
[CLIENT] POSDATA natoms=1191 config_type=101 n_mol=1
  atom 0: -0.25953 0.54720 3.74015 type=4
  atom 1: 5.03161 9.14630 4.79126 type=4
  atom 2: 7.10247 5.39395 0.52556 type=4
  atom 3: -2.33038 4.29955 8.00585 type=4
  atom 4: -1.23824 8.59966 3.14850 type=3
ML HG_ev = -0.005052 eV
[CLIENT] POSDATA natoms=1191 config_type=101 n_mol=1
  atom 0: -0.25953 0.54720 3.74015 type=4
  atom 1: 5.03161 9.14630 4.79126 type=4
  atom 2: 7.10247 5.39395 0.52556 type=4
  atom 3: -2.33038 4.29955 8.00585 type=4
  atom 4: -1.23824 8.59966 3.14850 type=3
ML HG_ev = -0.347960 eV
[CLIENT] POSDATA natoms=1191 config_type=101 n_mol=1
  atom 0: -0.25953 0.54720 3.74015 type=4
  atom 1: 5.03161 9.14630 4.79126 type=4
  atom 2: 7.10247 5.39395 0.52556 type=4
  atom 3: -2.33038 4.29955 8.00585 type=4
  atom 4: -1.23824 8.59966 3.14850 type=3
ML HG_ev = -0.275531 eV
[CLIENT] POSDATA natoms=1191 config_type=101 n_mol=1
  atom 0: -0.25953 0.54720 3.74015 type=4
  atom 1: 5.03161 9.14630 4.79126 type=4
  atom 2: 7.10247 5.39395 0.52556 type=4
  atom 3: -2.33038 4.29955 8.00585 type=4
  atom 4: -1.23824 8.59966 3.14850 type=3
ML HG_ev = -0.284918 eV
[CLIENT] POSDATA natoms=1191 config_type=101 n_mol=1
  atom 0: -0.25953 0.54720 3.74015 type=4
  atom 1: 5.03161 9.14630 4.79126 type=4
  atom 2: 7.10247 5.39395 0.52556 type=4
  atom 3: -2.33038 4.29955 8.00585 type=4
  atom 4: -1.23824 8.59966 3.14850 type=3
ML HG_ev = 0.268964 eV
[CLIENT] POSDATA natoms=1191 config_type=101 n_mol=1
  atom 0: -0.25953 0.54720 3.74015 type=4
  atom 1: 5.03161 9.14630 4.79126 type=4
  atom 2: 7.10247 5.39395 0.52556 type=4
  atom 3: -2.33038 4.29955 8.00585 type=4
  atom 4: -1.23824 8.59966 3.14850 type=3
ML HG_ev = -0.275629 eV
[CLIENT] POSDATA natoms=1191 config_type=101 n_mol=1
  atom 0: -0.25953 0.54720 3.74015 type=4
  atom 1: 5.03161 9.14630 4.79126 type=4
  atom 2: 7.10247 5.39395 0.52556 type=4
  atom 3: -2.33038 4.29955 8.00585 type=4
  atom 4: -1.23824 8.59966 3.14850 type=3
ML HG_ev = 0.353167 eV
[CLIENT] POSDATA natoms=1191 config_type=101 n_mol=1
  atom 0: -0.25953 0.54720 3.74015 type=4
  atom 1: 5.03161 9.14630 4.79126 type=4
  atom 2: 7.10247 5.39395 0.52556 type=4
  atom 3: -2.33038 4.29955 8.00585 type=4
  atom 4: -1.23824 8.59966 3.14850 type=3
ML HG_ev = -0.274670 eV
[CLIENT] POSDATA natoms=1191 config_type=101 n_mol=1
  atom 0: -0.25953 0.54720 3.74015 type=4
  atom 1: 5.03161 9.14630 4.79126 type=4
  atom 2: 7.10247 5.39395 0.52556 type=4
  atom 3: -2.33038 4.29955 8.00585 type=4
  atom 4: -1.23824 8.59966 3.14850 type=3
ML HG_ev = -0.054388 eV
[CLIENT] POSDATA natoms=1191 config_type=101 n_mol=1
  atom 0: -0.25953 0.54720 3.74015 type=4
  atom 1: 5.03161 9.14630 4.79126 type=4
  atom 2: 7.10247 5.39395 0.52556 type=4
  atom 3: -2.33038 4.29955 8.00585 type=4
  atom 4: -1.23824 8.59966 3.14850 type=3
ML HG_ev = -0.275182 eV
[CLIENT] POSDATA natoms=1191 config_type=101 n_mol=1
  atom 0: -0.25953 0.54720 3.74015 type=4
  atom 1: 5.03161 9.14630 4.79126 type=4
  atom 2: 7.10247 5.39395 0.52556 type=4
  atom 3: -2.33038 4.29955 8.00585 type=4
  atom 4: -1.23824 8.59966 3.14850 type=3
ML HG_ev = 0.069739 eV
[CLIENT] POSDATA natoms=1191 config_type=101 n_mol=1
  atom 0: -0.25953 0.54720 3.74015 type=4
  atom 1: 5.03161 9.14630 4.79126 type=4
  atom 2: 7.10247 5.39395 0.52556 type=4
  atom 3: -2.33038 4.29955 8.00585 type=4
  atom 4: -1.23824 8.59966 3.14850 type=3
ML HG_ev = -0.274908 eV
[CLIENT] POSDATA natoms=1191 config_type=101 n_mol=1
  atom 0: -0.25953 0.54720 3.74015 type=4
  atom 1: 5.03161 9.14630 4.79126 type=4
  atom 2: 7.10247 5.39395 0.52556 type=4
  atom 3: -2.33038 4.29955 8.00585 type=4
  atom 4: -1.23824 8.59966 3.14850 type=3
ML HG_ev = -0.275952 eV
[CLIENT] POSDATA natoms=1191 config_type=101 n_mol=1
  atom 0: -0.25953 0.54720 3.74015 type=4
  atom 1: 5.03161 9.14630 4.79126 type=4
  atom 2: 7.10247 5.39395 0.52556 type=4
  atom 3: -2.33038 4.29955 8.00585 type=4
  atom 4: -1.23824 8.59966 3.14850 type=3
ML HG_ev = -0.330936 eV
[CLIENT] POSDATA natoms=1191 config_type=101 n_mol=1
  atom 0: -0.25953 0.54720 3.74015 type=4
  atom 1: 5.03161 9.14630 4.79126 type=4
  atom 2: 7.10247 5.39395 0.52556 type=4
  atom 3: -2.33038 4.29955 8.00585 type=4
  atom 4: -1.23824 8.59966 3.14850 type=3
ML HG_ev = -0.347851 eV
[CLIENT] POSDATA natoms=1191 config_type=101 n_mol=1
  atom 0: -0.25953 0.54720 3.74015 type=4
  atom 1: 5.03161 9.14630 4.79126 type=4
  atom 2: 7.10247 5.39395 0.52556 type=4
  atom 3: -2.33038 4.29955 8.00585 type=4
  atom 4: -1.23824 8.59966 3.14850 type=3
ML HG_ev = -0.285575 eV
[CLIENT] POSDATA natoms=1191 config_type=101 n_mol=1
  atom 0: -0.25953 0.54720 3.74015 type=4
  atom 1: 5.03161 9.14630 4.79126 type=4
  atom 2: 7.10247 5.39395 0.52556 type=4
  atom 3: -2.33038 4.29955 8.00585 type=4
  atom 4: -1.23824 8.59966 3.14850 type=3
ML HG_ev = -0.274703 eV
[CLIENT] POSDATA natoms=1191 config_type=101 n_mol=1
  atom 0: -0.25953 0.54720 3.74015 type=4
  atom 1: 5.03161 9.14630 4.79126 type=4
  atom 2: 7.10247 5.39395 0.52556 type=4
  atom 3: -2.33038 4.29955 8.00585 type=4
  atom 4: -1.23824 8.59966 3.14850 type=3
ML HG_ev = -0.320780 eV
[CLIENT] POSDATA natoms=1191 config_type=101 n_mol=1
  atom 0: -0.25953 0.54720 3.74015 type=4
  atom 1: 5.03161 9.14630 4.79126 type=4
  atom 2: 7.10247 5.39395 0.52556 type=4
  atom 3: -2.33038 4.29955 8.00585 type=4
  atom 4: -1.23824 8.59966 3.14850 type=3
ML HG_ev = -0.285445 eV
[CLIENT] POSDATA natoms=1191 config_type=101 n_mol=1
  atom 0: -0.25953 0.54720 3.74015 type=4
  atom 1: 5.03161 9.14630 4.79126 type=4
  atom 2: 7.10247 5.39395 0.52556 type=4
  atom 3: -2.33038 4.29955 8.00585 type=4
  atom 4: -1.23824 8.59966 3.14850 type=3
ML HG_ev = -0.331255 eV
[CLIENT] POSDATA natoms=1191 config_type=101 n_mol=1
  atom 0: -0.25953 0.54720 3.74015 type=4
  atom 1: 5.03161 9.14630 4.79126 type=4
  atom 2: 7.10247 5.39395 0.52556 type=4
  atom 3: -2.33038 4.29955 8.00585 type=4
  atom 4: -1.23824 8.59966 3.14850 type=3
ML HG_ev = 0.599644 eV
[CLIENT] POSDATA natoms=1191 config_type=101 n_mol=1
  atom 0: -0.25953 0.54720 3.74015 type=4
  atom 1: 5.03161 9.14630 4.79126 type=4
  atom 2: 7.10247 5.39395 0.52556 type=4
  atom 3: -2.33038 4.29955 8.00585 type=4
  atom 4: -1.23824 8.59966 3.14850 type=3
ML HG_ev = -0.331041 eV
[CLIENT] POSDATA natoms=1191 config_type=101 n_mol=1
  atom 0: -0.25953 0.54720 3.74015 type=4
  atom 1: 5.03161 9.14630 4.79126 type=4
  atom 2: 7.10247 5.39395 0.52556 type=4
  atom 3: -2.33038 4.29955 8.00585 type=4
  atom 4: -1.23824 8.59966 3.14850 type=3
ML HG_ev = -0.227082 eV
[CLIENT] POSDATA natoms=1191 config_type=101 n_mol=1
  atom 0: -0.25953 0.54720 3.74015 type=4
  atom 1: 5.03161 9.14630 4.79126 type=4
  atom 2: 7.10247 5.39395 0.52556 type=4
  atom 3: -2.33038 4.29955 8.00585 type=4
  atom 4: -1.23824 8.59966 3.14850 type=3
ML HG_ev = -0.331257 eV
[CLIENT] POSDATA natoms=1191 config_type=101 n_mol=1
  atom 0: -0.25953 0.54720 3.74015 type=4
  atom 1: 5.03161 9.14630 4.79126 type=4
  atom 2: 7.10247 5.39395 0.52556 type=4
  atom 3: -2.33038 4.29955 8.00585 type=4
  atom 4: -1.23824 8.59966 3.14850 type=3
ML HG_ev = 0.252270 eV
[CLIENT] POSDATA natoms=1191 config_type=101 n_mol=1
  atom 0: -0.25953 0.54720 3.74015 type=4
  atom 1: 5.03161 9.14630 4.79126 type=4
  atom 2: 7.10247 5.39395 0.52556 type=4
  atom 3: -2.33038 4.29955 8.00585 type=4
  atom 4: -1.23824 8.59966 3.14850 type=3
ML HG_ev = -0.331321 eV
[CLIENT] POSDATA natoms=1191 config_type=101 n_mol=1
  atom 0: -0.25953 0.54720 3.74015 type=4
  atom 1: 5.03161 9.14630 4.79126 type=4
  atom 2: 7.10247 5.39395 0.52556 type=4
  atom 3: -2.33038 4.29955 8.00585 type=4
  atom 4: -1.23824 8.59966 3.14850 type=3
ML HG_ev = 0.205871 eV
[CLIENT] POSDATA natoms=1191 config_type=101 n_mol=1
  atom 0: -0.25953 0.54720 3.74015 type=4
  atom 1: 5.03161 9.14630 4.79126 type=4
  atom 2: 7.10247 5.39395 0.52556 type=4
  atom 3: -2.33038 4.29955 8.00585 type=4
  atom 4: -1.23824 8.59966 3.14850 type=3
ML HG_ev = -0.330630 eV
[CLIENT] POSDATA natoms=1191 config_type=101 n_mol=1
  atom 0: -0.25953 0.54720 3.74015 type=4
  atom 1: 5.03161 9.14630 4.79126 type=4
  atom 2: 7.10247 5.39395 0.52556 type=4
  atom 3: -2.33038 4.29955 8.00585 type=4
  atom 4: -1.23824 8.59966 3.14850 type=3
ML HG_ev = -0.092132 eV
[CLIENT] POSDATA natoms=1191 config_type=101 n_mol=1
  atom 0: -0.25953 0.54720 3.74015 type=4
  atom 1: 5.03161 9.14630 4.79126 type=4
  atom 2: 7.10247 5.39395 0.52556 type=4
  atom 3: -2.33038 4.29955 8.00585 type=4
  atom 4: -1.23824 8.59966 3.14850 type=3
ML HG_ev = -0.320950 eV
[CLIENT] POSDATA natoms=1191 config_type=101 n_mol=1
  atom 0: -0.25953 0.54720 3.74015 type=4
  atom 1: 5.03161 9.14630 4.79126 type=4
  atom 2: 7.10247 5.39395 0.52556 type=4
  atom 3: -2.33038 4.29955 8.00585 type=4
  atom 4: -1.23824 8.59966 3.14850 type=3
ML HG_ev = 0.454748 eV
[CLIENT] POSDATA natoms=1191 config_type=101 n_mol=1
  atom 0: -0.25953 0.54720 3.74015 type=4
  atom 1: 5.03161 9.14630 4.79126 type=4
  atom 2: 7.10247 5.39395 0.52556 type=4
  atom 3: -2.33038 4.29955 8.00585 type=4
  atom 4: -1.23824 8.59966 3.14850 type=3
ML HG_ev = -0.321337 eV
[CLIENT] POSDATA natoms=1191 config_type=101 n_mol=1
  atom 0: -0.25953 0.54720 3.74015 type=4
  atom 1: 5.03161 9.14630 4.79126 type=4
  atom 2: 7.10247 5.39395 0.52556 type=4
  atom 3: -2.33038 4.29955 8.00585 type=4
  atom 4: -1.23824 8.59966 3.14850 type=3
ML HG_ev = -0.107724 eV
[CLIENT] POSDATA natoms=1191 config_type=101 n_mol=1
  atom 0: -0.25953 0.54720 3.74015 type=4
  atom 1: 5.03161 9.14630 4.79126 type=4
  atom 2: 7.10247 5.39395 0.52556 type=4
  atom 3: -2.33038 4.29955 8.00585 type=4
  atom 4: -1.23824 8.59966 3.14850 type=3
ML HG_ev = -0.331280 eV
[CLIENT] POSDATA natoms=1191 config_type=101 n_mol=1
  atom 0: -0.25953 0.54720 3.74015 type=4
  atom 1: 5.03161 9.14630 4.79126 type=4
  atom 2: 7.10247 5.39395 0.52556 type=4
  atom 3: -2.33038 4.29955 8.00585 type=4
  atom 4: -1.23824 8.59966 3.14850 type=3
ML HG_ev = 0.424251 eV
[CLIENT] POSDATA natoms=1191 config_type=101 n_mol=1
  atom 0: -0.25953 0.54720 3.74015 type=4
  atom 1: 5.03161 9.14630 4.79126 type=4
  atom 2: 7.10247 5.39395 0.52556 type=4
  atom 3: -2.33038 4.29955 8.00585 type=4
  atom 4: -1.23824 8.59966 3.14850 type=3
ML HG_ev = -0.320336 eV
[CLIENT] POSDATA natoms=1191 config_type=101 n_mol=1
  atom 0: -0.25953 0.54720 3.74015 type=4
  atom 1: 5.03161 9.14630 4.79126 type=4
  atom 2: 7.10247 5.39395 0.52556 type=4
  atom 3: -2.33038 4.29955 8.00585 type=4
  atom 4: -1.23824 8.59966 3.14850 type=3
ML HG_ev = 1.215011 eV
[CLIENT] POSDATA natoms=1191 config_type=101 n_mol=1
  atom 0: -0.25953 0.54720 3.74015 type=4
  atom 1: 5.03161 9.14630 4.79126 type=4
  atom 2: 7.10247 5.39395 0.52556 type=4
  atom 3: -2.33038 4.29955 8.00585 type=4
  atom 4: -1.23824 8.59966 3.14850 type=3
ML HG_ev = -0.330584 eV
[CLIENT] POSDATA natoms=1191 config_type=101 n_mol=1
  atom 0: -0.25953 0.54720 3.74015 type=4
  atom 1: 5.03161 9.14630 4.79126 type=4
  atom 2: 7.10247 5.39395 0.52556 type=4
  atom 3: -2.33038 4.29955 8.00585 type=4
  atom 4: -1.23824 8.59966 3.14850 type=3
ML HG_ev = 2.637829 eV
[CLIENT] POSDATA natoms=1191 config_type=101 n_mol=1
  atom 0: -0.25953 0.54720 3.74015 type=4
  atom 1: 5.03161 9.14630 4.79126 type=4
  atom 2: 7.10247 5.39395 0.52556 type=4
  atom 3: -2.33038 4.29955 8.00585 type=4
  atom 4: -1.23824 8.59966 3.14850 type=3
ML HG_ev = -0.331256 eV
[CLIENT] POSDATA natoms=1191 config_type=101 n_mol=1
  atom 0: -0.25953 0.54720 3.74015 type=4
  atom 1: 5.03161 9.14630 4.79126 type=4
  atom 2: 7.10247 5.39395 0.52556 type=4
  atom 3: -2.33038 4.29955 8.00585 type=4
  atom 4: -1.23824 8.59966 3.14850 type=3
ML HG_ev = -0.320399 eV
[CLIENT] POSDATA natoms=1191 config_type=101 n_mol=1
  atom 0: -0.25953 0.54720 3.74015 type=4
  atom 1: 5.03161 9.14630 4.79126 type=4
  atom 2: 7.10247 5.39395 0.52556 type=4
  atom 3: -2.33038 4.29955 8.00585 type=4
  atom 4: -1.23824 8.59966 3.14850 type=3
ML HG_ev = -0.143860 eV
[CLIENT] POSDATA natoms=1191 config_type=101 n_mol=1
  atom 0: -0.25953 0.54720 3.74015 type=4
  atom 1: 5.03161 9.14630 4.79126 type=4
  atom 2: 7.10247 5.39395 0.52556 type=4
  atom 3: -2.33038 4.29955 8.00585 type=4
  atom 4: -1.23824 8.59966 3.14850 type=3
ML HG_ev = -0.330816 eV
[CLIENT] POSDATA natoms=1191 config_type=101 n_mol=1
  atom 0: -0.25953 0.54720 3.74015 type=4
  atom 1: 5.03161 9.14630 4.79126 type=4
  atom 2: 7.10247 5.39395 0.52556 type=4
  atom 3: -2.33038 4.29955 8.00585 type=4
  atom 4: -1.23824 8.59966 3.14850 type=3
ML HG_ev = -0.365658 eV
[CLIENT] POSDATA natoms=1191 config_type=101 n_mol=1
  atom 0: -0.25953 0.54720 3.74015 type=4
  atom 1: 5.03161 9.14630 4.79126 type=4
  atom 2: 7.10247 5.39395 0.52556 type=4
  atom 3: -2.33038 4.29955 8.00585 type=4
  atom 4: -1.23824 8.59966 3.14850 type=3
ML HG_ev = -0.331681 eV
[CLIENT] POSDATA natoms=1191 config_type=101 n_mol=1
  atom 0: -0.25953 0.54720 3.74015 type=4
  atom 1: 5.03161 9.14630 4.79126 type=4
  atom 2: 7.10247 5.39395 0.52556 type=4
  atom 3: -2.33038 4.29955 8.00585 type=4
  atom 4: -1.23824 8.59966 3.14850 type=3
ML HG_ev = -0.302126 eV
[CLIENT] POSDATA natoms=1191 config_type=101 n_mol=1
  atom 0: -0.25953 0.54720 3.74015 type=4
  atom 1: 5.03161 9.14630 4.79126 type=4
  atom 2: 7.10247 5.39395 0.52556 type=4
  atom 3: -2.33038 4.29955 8.00585 type=4
  atom 4: -1.23824 8.59966 3.14850 type=3
ML HG_ev = -0.320767 eV
[CLIENT] POSDATA natoms=1191 config_type=101 n_mol=1
  atom 0: -0.25953 0.54720 3.74015 type=4
  atom 1: 5.03161 9.14630 4.79126 type=4
  atom 2: 7.10247 5.39395 0.52556 type=4
  atom 3: -2.33038 4.29955 8.00585 type=4
  atom 4: -1.23824 8.59966 3.14850 type=3
ML HG_ev = -0.302183 eV
[CLIENT] POSDATA natoms=1191 config_type=101 n_mol=1
  atom 0: -0.25953 0.54720 3.74015 type=4
  atom 1: 5.03161 9.14630 4.79126 type=4
  atom 2: 7.10247 5.39395 0.52556 type=4
  atom 3: -2.33038 4.29955 8.00585 type=4
  atom 4: -1.23824 8.59966 3.14850 type=3
ML HG_ev = -0.270947 eV
[CLIENT] POSDATA natoms=1191 config_type=101 n_mol=1
  atom 0: -0.25953 0.54720 3.74015 type=4
  atom 1: 5.03161 9.14630 4.79126 type=4
  atom 2: 7.10247 5.39395 0.52556 type=4
  atom 3: -2.33038 4.29955 8.00585 type=4
  atom 4: -1.23824 8.59966 3.14850 type=3
ML HG_ev = -0.301657 eV
[CLIENT] POSDATA natoms=1191 config_type=101 n_mol=1
  atom 0: -0.25953 0.54720 3.74015 type=4
  atom 1: 5.03161 9.14630 4.79126 type=4
  atom 2: 7.10247 5.39395 0.52556 type=4
  atom 3: -2.33038 4.29955 8.00585 type=4
  atom 4: -1.23824 8.59966 3.14850 type=3
ML HG_ev = -0.365607 eV
[CLIENT] POSDATA natoms=1191 config_type=101 n_mol=1
  atom 0: -0.25953 0.54720 3.74015 type=4
  atom 1: 5.03161 9.14630 4.79126 type=4
  atom 2: 7.10247 5.39395 0.52556 type=4
  atom 3: -2.33038 4.29955 8.00585 type=4
  atom 4: -1.23824 8.59966 3.14850 type=3
ML HG_ev = -0.364816 eV
[CLIENT] POSDATA natoms=1191 config_type=101 n_mol=1
  atom 0: -0.25953 0.54720 3.74015 type=4
  atom 1: 5.03161 9.14630 4.79126 type=4
  atom 2: 7.10247 5.39395 0.52556 type=4
  atom 3: -2.33038 4.29955 8.00585 type=4
  atom 4: -1.23824 8.59966 3.14850 type=3
ML HG_ev = -0.315929 eV
[CLIENT] POSDATA natoms=1191 config_type=101 n_mol=1
  atom 0: -0.25953 0.54720 3.74015 type=4
  atom 1: 5.03161 9.14630 4.79126 type=4
  atom 2: 7.10247 5.39395 0.52556 type=4
  atom 3: -2.33038 4.29955 8.00585 type=4
  atom 4: -1.23824 8.59966 3.14850 type=3
ML HG_ev = -0.366325 eV
[CLIENT] POSDATA natoms=1191 config_type=101 n_mol=1
  atom 0: -0.25953 0.54720 3.74015 type=4
  atom 1: 5.03161 9.14630 4.79126 type=4
  atom 2: 7.10247 5.39395 0.52556 type=4
  atom 3: -2.33038 4.29955 8.00585 type=4
  atom 4: -1.23824 8.59966 3.14850 type=3
ML HG_ev = -0.365873 eV
[CLIENT] POSDATA natoms=1191 config_type=101 n_mol=1
  atom 0: -0.25953 0.54720 3.74015 type=4
  atom 1: 5.03161 9.14630 4.79126 type=4
  atom 2: 7.10247 5.39395 0.52556 type=4
  atom 3: -2.33038 4.29955 8.00585 type=4
  atom 4: -1.23824 8.59966 3.14850 type=3
ML HG_ev = -0.277395 eV
[CLIENT] POSDATA natoms=1191 config_type=101 n_mol=1
  atom 0: -0.25953 0.54720 3.74015 type=4
  atom 1: 5.03161 9.14630 4.79126 type=4
  atom 2: 7.10247 5.39395 0.52556 type=4
  atom 3: -2.33038 4.29955 8.00585 type=4
  atom 4: -1.23824 8.59966 3.14850 type=3
ML HG_ev = -0.365796 eV
[CLIENT] POSDATA natoms=1191 config_type=101 n_mol=1
  atom 0: -0.25953 0.54720 3.74015 type=4
  atom 1: 5.03161 9.14630 4.79126 type=4
  atom 2: 7.10247 5.39395 0.52556 type=4
  atom 3: -2.33038 4.29955 8.00585 type=4
  atom 4: -1.23824 8.59966 3.14850 type=3
ML HG_ev = -0.110231 eV
[CLIENT] POSDATA natoms=1191 config_type=101 n_mol=1
  atom 0: -0.25953 0.54720 3.74015 type=4
  atom 1: 5.03161 9.14630 4.79126 type=4
  atom 2: 7.10247 5.39395 0.52556 type=4
  atom 3: -2.33038 4.29955 8.00585 type=4
  atom 4: -1.23824 8.59966 3.14850 type=3
ML HG_ev = -0.277012 eV
[CLIENT] POSDATA natoms=1191 config_type=101 n_mol=1
  atom 0: -0.25953 0.54720 3.74015 type=4
  atom 1: 5.03161 9.14630 4.79126 type=4
  atom 2: 7.10247 5.39395 0.52556 type=4
  atom 3: -2.33038 4.29955 8.00585 type=4
  atom 4: -1.23824 8.59966 3.14850 type=3
ML HG_ev = 0.527071 eV
[CLIENT] POSDATA natoms=1191 config_type=101 n_mol=1
  atom 0: -0.25953 0.54720 3.74015 type=4
  atom 1: 5.03161 9.14630 4.79126 type=4
  atom 2: 7.10247 5.39395 0.52556 type=4
  atom 3: -2.33038 4.29955 8.00585 type=4
  atom 4: -1.23824 8.59966 3.14850 type=3
ML HG_ev = -0.302493 eV
[CLIENT] POSDATA natoms=1191 config_type=101 n_mol=1
  atom 0: -0.25953 0.54720 3.74015 type=4
  atom 1: 5.03161 9.14630 4.79126 type=4
  atom 2: 7.10247 5.39395 0.52556 type=4
  atom 3: -2.33038 4.29955 8.00585 type=4
  atom 4: -1.23824 8.59966 3.14850 type=3
ML HG_ev = 0.523501 eV
[CLIENT] POSDATA natoms=1191 config_type=101 n_mol=1
  atom 0: -0.25953 0.54720 3.74015 type=4
  atom 1: 5.03161 9.14630 4.79126 type=4
  atom 2: 7.10247 5.39395 0.52556 type=4
  atom 3: -2.33038 4.29955 8.00585 type=4
  atom 4: -1.23824 8.59966 3.14850 type=3
ML HG_ev = -0.302390 eV
[CLIENT] POSDATA natoms=1191 config_type=101 n_mol=1
  atom 0: -0.25953 0.54720 3.74015 type=4
  atom 1: 5.03161 9.14630 4.79126 type=4
  atom 2: 7.10247 5.39395 0.52556 type=4
  atom 3: -2.33038 4.29955 8.00585 type=4
  atom 4: -1.23824 8.59966 3.14850 type=3
ML HG_ev = 0.731214 eV
[CLIENT] POSDATA natoms=1191 config_type=101 n_mol=1
  atom 0: -0.25953 0.54720 3.74015 type=4
  atom 1: 5.03161 9.14630 4.79126 type=4
  atom 2: 7.10247 5.39395 0.52556 type=4
  atom 3: -2.33038 4.29955 8.00585 type=4
  atom 4: -1.23824 8.59966 3.14850 type=3
ML HG_ev = -0.277271 eV
[CLIENT] POSDATA natoms=1191 config_type=101 n_mol=1
  atom 0: -0.25953 0.54720 3.74015 type=4
  atom 1: 5.03161 9.14630 4.79126 type=4
  atom 2: 7.10247 5.39395 0.52556 type=4
  atom 3: -2.33038 4.29955 8.00585 type=4
  atom 4: -1.23824 8.59966 3.14850 type=3
ML HG_ev = -0.277457 eV
[CLIENT] POSDATA natoms=1191 config_type=101 n_mol=1
  atom 0: -0.25953 0.54720 3.74015 type=4
  atom 1: 5.03161 9.14630 4.79126 type=4
  atom 2: 7.10247 5.39395 0.52556 type=4
  atom 3: -2.33038 4.29955 8.00585 type=4
  atom 4: -1.23824 8.59966 3.14850 type=3
ML HG_ev = 1.364480 eV
[CLIENT] POSDATA natoms=1191 config_type=101 n_mol=1
  atom 0: -0.25953 0.54720 3.74015 type=4
  atom 1: 5.03161 9.14630 4.79126 type=4
  atom 2: 7.10247 5.39395 0.52556 type=4
  atom 3: -2.33038 4.29955 8.00585 type=4
  atom 4: -1.23824 8.59966 3.14850 type=3
ML HG_ev = -0.277115 eV
[CLIENT] POSDATA natoms=1191 config_type=101 n_mol=1
  atom 0: -0.25953 0.54720 3.74015 type=4
  atom 1: 5.03161 9.14630 4.79126 type=4
  atom 2: 7.10247 5.39395 0.52556 type=4
  atom 3: -2.33038 4.29955 8.00585 type=4
  atom 4: -1.23824 8.59966 3.14850 type=3
ML HG_ev = 1.338765 eV
[CLIENT] POSDATA natoms=1191 config_type=101 n_mol=1
  atom 0: -0.25953 0.54720 3.74015 type=4
  atom 1: 5.03161 9.14630 4.79126 type=4
  atom 2: 7.10247 5.39395 0.52556 type=4
  atom 3: -2.33038 4.29955 8.00585 type=4
  atom 4: -1.23824 8.59966 3.14850 type=3
ML HG_ev = -0.302394 eV
[CLIENT] POSDATA natoms=1191 config_type=101 n_mol=1
  atom 0: -0.25953 0.54720 3.74015 type=4
  atom 1: 5.03161 9.14630 4.79126 type=4
  atom 2: 7.10247 5.39395 0.52556 type=4
  atom 3: -2.33038 4.29955 8.00585 type=4
  atom 4: -1.23824 8.59966 3.14850 type=3
ML HG_ev = -0.322671 eV
[CLIENT] POSDATA natoms=1191 config_type=101 n_mol=1
  atom 0: -0.25953 0.54720 3.74015 type=4
  atom 1: 5.03161 9.14630 4.79126 type=4
  atom 2: 7.10247 5.39395 0.52556 type=4
  atom 3: -2.33038 4.29955 8.00585 type=4
  atom 4: -1.23824 8.59966 3.14850 type=3
ML HG_ev = -0.302462 eV
[CLIENT] POSDATA natoms=1191 config_type=101 n_mol=1
  atom 0: -0.25953 0.54720 3.74015 type=4
  atom 1: 5.03161 9.14630 4.79126 type=4
  atom 2: 7.10247 5.39395 0.52556 type=4
  atom 3: -2.33038 4.29955 8.00585 type=4
  atom 4: -1.23824 8.59966 3.14850 type=3
ML HG_ev = 0.543524 eV
[CLIENT] POSDATA natoms=1191 config_type=101 n_mol=1
  atom 0: -0.25953 0.54720 3.74015 type=4
  atom 1: 5.03161 9.14630 4.79126 type=4
  atom 2: 7.10247 5.39395 0.52556 type=4
  atom 3: -2.33038 4.29955 8.00585 type=4
  atom 4: -1.23824 8.59966 3.14850 type=3
ML HG_ev = -0.276791 eV
[CLIENT] POSDATA natoms=1191 config_type=101 n_mol=1
  atom 0: -0.25953 0.54720 3.74015 type=4
  atom 1: 5.03161 9.14630 4.79126 type=4
  atom 2: 7.10247 5.39395 0.52556 type=4
  atom 3: -2.33038 4.29955 8.00585 type=4
  atom 4: -1.23824 8.59966 3.14850 type=3
ML HG_ev = -0.331758 eV
[CLIENT] POSDATA natoms=1191 config_type=101 n_mol=1
  atom 0: -0.25953 0.54720 3.74015 type=4
  atom 1: 5.03161 9.14630 4.79126 type=4
  atom 2: 7.10247 5.39395 0.52556 type=4
  atom 3: -2.33038 4.29955 8.00585 type=4
  atom 4: -1.23824 8.59966 3.14850 type=3
ML HG_ev = -0.277529 eV
[CLIENT] POSDATA natoms=1191 config_type=101 n_mol=1
  atom 0: -0.25953 0.54720 3.74015 type=4
  atom 1: 5.03161 9.14630 4.79126 type=4
  atom 2: 7.10247 5.39395 0.52556 type=4
  atom 3: -2.33038 4.29955 8.00585 type=4
  atom 4: -1.23824 8.59966 3.14850 type=3
ML HG_ev = 0.588266 eV
[CLIENT] POSDATA natoms=1191 config_type=101 n_mol=1
  atom 0: -0.25953 0.54720 3.74015 type=4
  atom 1: 5.03161 9.14630 4.79126 type=4
  atom 2: 7.10247 5.39395 0.52556 type=4
  atom 3: -2.33038 4.29955 8.00585 type=4
  atom 4: -1.23824 8.59966 3.14850 type=3
ML HG_ev = -0.331325 eV
[CLIENT] POSDATA natoms=1191 config_type=101 n_mol=1
  atom 0: -0.25953 0.54720 3.74015 type=4
  atom 1: 5.03161 9.14630 4.79126 type=4
  atom 2: 7.10247 5.39395 0.52556 type=4
  atom 3: -2.33038 4.29955 8.00585 type=4
  atom 4: -1.23824 8.59966 3.14850 type=3
ML HG_ev = 0.149380 eV
[CLIENT] POSDATA natoms=1191 config_type=101 n_mol=1
  atom 0: -0.25953 0.54720 3.74015 type=4
  atom 1: 5.03161 9.14630 4.79126 type=4
  atom 2: 7.10247 5.39395 0.52556 type=4
  atom 3: -2.33038 4.29955 8.00585 type=4
  atom 4: -1.23824 8.59966 3.14850 type=3
ML HG_ev = -0.322328 eV
[CLIENT] POSDATA natoms=1191 config_type=101 n_mol=1
  atom 0: -0.25953 0.54720 3.74015 type=4
  atom 1: 5.03161 9.14630 4.79126 type=4
  atom 2: 7.10247 5.39395 0.52556 type=4
  atom 3: -2.33038 4.29955 8.00585 type=4
  atom 4: -1.23824 8.59966 3.14850 type=3
ML HG_ev = 0.511810 eV
[CLIENT] POSDATA natoms=1191 config_type=101 n_mol=1
  atom 0: -0.25953 0.54720 3.74015 type=4
  atom 1: 5.03161 9.14630 4.79126 type=4
  atom 2: 7.10247 5.39395 0.52556 type=4
  atom 3: -2.33038 4.29955 8.00585 type=4
  atom 4: -1.23824 8.59966 3.14850 type=3
ML HG_ev = -0.331658 eV
[CLIENT] POSDATA natoms=1191 config_type=101 n_mol=1
  atom 0: -0.25953 0.54720 3.74015 type=4
  atom 1: 5.03161 9.14630 4.79126 type=4
  atom 2: 7.10247 5.39395 0.52556 type=4
  atom 3: -2.33038 4.29955 8.00585 type=4
  atom 4: -1.23824 8.59966 3.14850 type=3
ML HG_ev = -0.061678 eV
[CLIENT] POSDATA natoms=1191 config_type=101 n_mol=1
  atom 0: -0.25953 0.54720 3.74015 type=4
  atom 1: 5.03161 9.14630 4.79126 type=4
  atom 2: 7.10247 5.39395 0.52556 type=4
  atom 3: -2.33038 4.29955 8.00585 type=4
  atom 4: -1.23824 8.59966 3.14850 type=3
ML HG_ev = -0.331665 eV
[CLIENT] POSDATA natoms=1191 config_type=101 n_mol=1
  atom 0: -0.25953 0.54720 3.74015 type=4
  atom 1: 5.03161 9.14630 4.79126 type=4
  atom 2: 7.10247 5.39395 0.52556 type=4
  atom 3: -2.33038 4.29955 8.00585 type=4
  atom 4: -1.23824 8.59966 3.14850 type=3
ML HG_ev = -0.331604 eV
[CLIENT] POSDATA natoms=1191 config_type=101 n_mol=1
  atom 0: -0.25953 0.54720 3.74015 type=4
  atom 1: 5.03161 9.14630 4.79126 type=4
  atom 2: 7.10247 5.39395 0.52556 type=4
  atom 3: -2.33038 4.29955 8.00585 type=4
  atom 4: -1.23824 8.59966 3.14850 type=3
ML HG_ev = -0.318939 eV
[CLIENT] POSDATA natoms=1191 config_type=101 n_mol=1
  atom 0: -0.25953 0.54720 3.74015 type=4
  atom 1: 5.03161 9.14630 4.79126 type=4
  atom 2: 7.10247 5.39395 0.52556 type=4
  atom 3: -2.33038 4.29955 8.00585 type=4
  atom 4: -1.23824 8.59966 3.14850 type=3
ML HG_ev = -0.331627 eV
[CLIENT] POSDATA natoms=1191 config_type=101 n_mol=1
  atom 0: -0.25953 0.54720 3.74015 type=4
  atom 1: 5.03161 9.14630 4.79126 type=4
  atom 2: 7.10247 5.39395 0.52556 type=4
  atom 3: -2.33038 4.29955 8.00585 type=4
  atom 4: -1.23824 8.59966 3.14850 type=3
ML HG_ev = -0.272576 eV
[CLIENT] POSDATA natoms=1191 config_type=101 n_mol=1
  atom 0: -0.25953 0.54720 3.74015 type=4
  atom 1: 5.03161 9.14630 4.79126 type=4
  atom 2: 7.10247 5.39395 0.52556 type=4
  atom 3: -2.33038 4.29955 8.00585 type=4
  atom 4: -1.23824 8.59966 3.14850 type=3
ML HG_ev = -0.332199 eV
[CLIENT] POSDATA natoms=1191 config_type=101 n_mol=1
  atom 0: -0.25953 0.54720 3.74015 type=4
  atom 1: 5.03161 9.14630 4.79126 type=4
  atom 2: 7.10247 5.39395 0.52556 type=4
  atom 3: -2.33038 4.29955 8.00585 type=4
  atom 4: -1.23824 8.59966 3.14850 type=3
ML HG_ev = 0.353430 eV
[CLIENT] POSDATA natoms=1191 config_type=101 n_mol=1
  atom 0: -0.25953 0.54720 3.74015 type=4
  atom 1: 5.03161 9.14630 4.79126 type=4
  atom 2: 7.10247 5.39395 0.52556 type=4
  atom 3: -2.33038 4.29955 8.00585 type=4
  atom 4: -1.23824 8.59966 3.14850 type=3
ML HG_ev = -0.322752 eV
[CLIENT] POSDATA natoms=1191 config_type=101 n_mol=1
  atom 0: -0.25953 0.54720 3.74015 type=4
  atom 1: 5.03161 9.14630 4.79126 type=4
  atom 2: 7.10247 5.39395 0.52556 type=4
  atom 3: -2.33038 4.29955 8.00585 type=4
  atom 4: -1.23824 8.59966 3.14850 type=3
ML HG_ev = -0.138324 eV
[CLIENT] POSDATA natoms=1191 config_type=101 n_mol=1
  atom 0: -0.25953 0.54720 3.74015 type=4
  atom 1: 5.03161 9.14630 4.79126 type=4
  atom 2: 7.10247 5.39395 0.52556 type=4
  atom 3: -2.33038 4.29955 8.00585 type=4
  atom 4: -1.23824 8.59966 3.14850 type=3
ML HG_ev = -0.331543 eV
[CLIENT] POSDATA natoms=1191 config_type=101 n_mol=1
  atom 0: -0.25953 0.54720 3.74015 type=4
  atom 1: 5.03161 9.14630 4.79126 type=4
  atom 2: 7.10247 5.39395 0.52556 type=4
  atom 3: -2.33038 4.29955 8.00585 type=4
  atom 4: -1.23824 8.59966 3.14850 type=3
ML HG_ev = -0.322621 eV
[CLIENT] POSDATA natoms=1191 config_type=101 n_mol=1
  atom 0: -0.25953 0.54720 3.74015 type=4
  atom 1: 5.03161 9.14630 4.79126 type=4
  atom 2: 7.10247 5.39395 0.52556 type=4
  atom 3: -2.33038 4.29955 8.00585 type=4
  atom 4: -1.23824 8.59966 3.14850 type=3
ML HG_ev = -0.321732 eV
[CLIENT] POSDATA natoms=1191 config_type=101 n_mol=1
  atom 0: -0.25953 0.54720 3.74015 type=4
  atom 1: 5.03161 9.14630 4.79126 type=4
  atom 2: 7.10247 5.39395 0.52556 type=4
  atom 3: -2.33038 4.29955 8.00585 type=4
  atom 4: -1.23824 8.59966 3.14850 type=3
ML HG_ev = 0.295734 eV
[CLIENT] POSDATA natoms=1191 config_type=101 n_mol=1
  atom 0: -0.25953 0.54720 3.74015 type=4
  atom 1: 5.03161 9.14630 4.79126 type=4
  atom 2: 7.10247 5.39395 0.52556 type=4
  atom 3: -2.33038 4.29955 8.00585 type=4
  atom 4: -1.23824 8.59966 3.14850 type=3
ML HG_ev = -0.322336 eV
[CLIENT] POSDATA natoms=1191 config_type=101 n_mol=1
  atom 0: -0.25953 0.54720 3.74015 type=4
  atom 1: 5.03161 9.14630 4.79126 type=4
  atom 2: 7.10247 5.39395 0.52556 type=4
  atom 3: -2.33038 4.29955 8.00585 type=4
  atom 4: -1.23824 8.59966 3.14850 type=3
ML HG_ev = -0.339911 eV
[CLIENT] POSDATA natoms=1191 config_type=101 n_mol=1
  atom 0: -0.25953 0.54720 3.74015 type=4
  atom 1: 5.03161 9.14630 4.79126 type=4
  atom 2: 7.10247 5.39395 0.52556 type=4
  atom 3: -2.33038 4.29955 8.00585 type=4
  atom 4: -1.23824 8.59966 3.14850 type=3
ML HG_ev = -0.322123 eV
[CLIENT] POSDATA natoms=1191 config_type=101 n_mol=1
  atom 0: -0.25953 0.54720 3.74015 type=4
  atom 1: 5.03161 9.14630 4.79126 type=4
  atom 2: 7.10247 5.39395 0.52556 type=4
  atom 3: -2.33038 4.29955 8.00585 type=4
  atom 4: -1.23824 8.59966 3.14850 type=3
ML HG_ev = -0.243859 eV
[CLIENT] POSDATA natoms=1191 config_type=101 n_mol=1
  atom 0: -0.25953 0.54720 3.74015 type=4
  atom 1: 5.03161 9.14630 4.79126 type=4
  atom 2: 7.10247 5.39395 0.52556 type=4
  atom 3: -2.33038 4.29955 8.00585 type=4
  atom 4: -1.23824 8.59966 3.14850 type=3
ML HG_ev = -0.331505 eV
[CLIENT] POSDATA natoms=1191 config_type=101 n_mol=1
  atom 0: -0.25953 0.54720 3.74015 type=4
  atom 1: 5.03161 9.14630 4.79126 type=4
  atom 2: 7.10247 5.39395 0.52556 type=4
  atom 3: -2.33038 4.29955 8.00585 type=4
  atom 4: -1.23824 8.59966 3.14850 type=3
ML HG_ev = -0.172666 eV
[CLIENT] POSDATA natoms=1191 config_type=101 n_mol=1
  atom 0: -0.25953 0.54720 3.74015 type=4
  atom 1: 5.03161 9.14630 4.79126 type=4
  atom 2: 7.10247 5.39395 0.52556 type=4
  atom 3: -2.33038 4.29955 8.00585 type=4
  atom 4: -1.23824 8.59966 3.14850 type=3
ML HG_ev = -0.331597 eV
[CLIENT] POSDATA natoms=1191 config_type=101 n_mol=1
  atom 0: -0.25953 0.54720 3.74015 type=4
  atom 1: 5.03161 9.14630 4.79126 type=4
  atom 2: 7.10247 5.39395 0.52556 type=4
  atom 3: -2.33038 4.29955 8.00585 type=4
  atom 4: -1.23824 8.59966 3.14850 type=3
ML HG_ev = -0.226136 eV
[CLIENT] POSDATA natoms=1191 config_type=101 n_mol=1
  atom 0: -0.25953 0.54720 3.74015 type=4
  atom 1: 5.03161 9.14630 4.79126 type=4
  atom 2: 7.10247 5.39395 0.52556 type=4
  atom 3: -2.33038 4.29955 8.00585 type=4
  atom 4: -1.23824 8.59966 3.14850 type=3
ML HG_ev = -0.331480 eV
[CLIENT] POSDATA natoms=1191 config_type=101 n_mol=1
  atom 0: -0.25953 0.54720 3.74015 type=4
  atom 1: 5.03161 9.14630 4.79126 type=4
  atom 2: 7.10247 5.39395 0.52556 type=4
  atom 3: -2.33038 4.29955 8.00585 type=4
  atom 4: -1.23824 8.59966 3.14850 type=3
ML HG_ev = -0.340525 eV
[CLIENT] POSDATA natoms=1191 config_type=101 n_mol=1
  atom 0: -0.25953 0.54720 3.74015 type=4
  atom 1: 5.03161 9.14630 4.79126 type=4
  atom 2: 7.10247 5.39395 0.52556 type=4
  atom 3: -2.33038 4.29955 8.00585 type=4
  atom 4: -1.23824 8.59966 3.14850 type=3
ML HG_ev = -0.260048 eV
[CLIENT] POSDATA natoms=1191 config_type=101 n_mol=1
  atom 0: -0.25953 0.54720 3.74015 type=4
  atom 1: 5.03161 9.14630 4.79126 type=4
  atom 2: 7.10247 5.39395 0.52556 type=4
  atom 3: -2.33038 4.29955 8.00585 type=4
  atom 4: -1.23824 8.59966 3.14850 type=3
ML HG_ev = -0.331831 eV
[CLIENT] POSDATA natoms=1191 config_type=101 n_mol=1
  atom 0: -0.25953 0.54720 3.74015 type=4
  atom 1: 5.03161 9.14630 4.79126 type=4
  atom 2: 7.10247 5.39395 0.52556 type=4
  atom 3: -2.33038 4.29955 8.00585 type=4
  atom 4: -1.23824 8.59966 3.14850 type=3
ML HG_ev = -0.339947 eV
[CLIENT] POSDATA natoms=1191 config_type=101 n_mol=1
  atom 0: -0.25953 0.54720 3.74015 type=4
  atom 1: 5.03161 9.14630 4.79126 type=4
  atom 2: 7.10247 5.39395 0.52556 type=4
  atom 3: -2.33038 4.29955 8.00585 type=4
  atom 4: -1.23824 8.59966 3.14850 type=3
ML HG_ev = -0.331429 eV
[CLIENT] POSDATA natoms=1191 config_type=101 n_mol=1
  atom 0: -0.25953 0.54720 3.74015 type=4
  atom 1: 5.03161 9.14630 4.79126 type=4
  atom 2: 7.10247 5.39395 0.52556 type=4
  atom 3: -2.33038 4.29955 8.00585 type=4
  atom 4: -1.23824 8.59966 3.14850 type=3
ML HG_ev = -0.340066 eV
[CLIENT] POSDATA natoms=1191 config_type=101 n_mol=1
  atom 0: -0.25953 0.54720 3.74015 type=4
  atom 1: 5.03161 9.14630 4.79126 type=4
  atom 2: 7.10247 5.39395 0.52556 type=4
  atom 3: -2.33038 4.29955 8.00585 type=4
  atom 4: -1.23824 8.59966 3.14850 type=3
ML HG_ev = -0.339724 eV
[CLIENT] POSDATA natoms=1191 config_type=101 n_mol=1
  atom 0: -0.25953 0.54720 3.74015 type=4
  atom 1: 5.03161 9.14630 4.79126 type=4
  atom 2: 7.10247 5.39395 0.52556 type=4
  atom 3: -2.33038 4.29955 8.00585 type=4
  atom 4: -1.23824 8.59966 3.14850 type=3
ML HG_ev = -0.351875 eV
[CLIENT] POSDATA natoms=1191 config_type=101 n_mol=1
  atom 0: -0.25953 0.54720 3.74015 type=4
  atom 1: 5.03161 9.14630 4.79126 type=4
  atom 2: 7.10247 5.39395 0.52556 type=4
  atom 3: -2.33038 4.29955 8.00585 type=4
  atom 4: -1.23824 8.59966 3.14850 type=3
ML HG_ev = -0.340067 eV
[CLIENT] POSDATA natoms=1191 config_type=101 n_mol=1
  atom 0: -0.25953 0.54720 3.74015 type=4
  atom 1: 5.03161 9.14630 4.79126 type=4
  atom 2: 7.10247 5.39395 0.52556 type=4
  atom 3: -2.33038 4.29955 8.00585 type=4
  atom 4: -1.23824 8.59966 3.14850 type=3
ML HG_ev = -0.238492 eV
[CLIENT] POSDATA natoms=1191 config_type=101 n_mol=1
  atom 0: -0.25953 0.54720 3.74015 type=4
  atom 1: 5.03161 9.14630 4.79126 type=4
  atom 2: 7.10247 5.39395 0.52556 type=4
  atom 3: -2.33038 4.29955 8.00585 type=4
  atom 4: -1.23824 8.59966 3.14850 type=3
ML HG_ev = -0.331836 eV
[CLIENT] POSDATA natoms=1191 config_type=101 n_mol=1
  atom 0: -0.25953 0.54720 3.74015 type=4
  atom 1: 5.03161 9.14630 4.79126 type=4
  atom 2: 7.10247 5.39395 0.52556 type=4
  atom 3: -2.33038 4.29955 8.00585 type=4
  atom 4: -1.23824 8.59966 3.14850 type=3
ML HG_ev = -0.332242 eV
[CLIENT] POSDATA natoms=1191 config_type=101 n_mol=1
  atom 0: -0.25953 0.54720 3.74015 type=4
  atom 1: 5.03161 9.14630 4.79126 type=4
  atom 2: 7.10247 5.39395 0.52556 type=4
  atom 3: -2.33038 4.29955 8.00585 type=4
  atom 4: -1.23824 8.59966 3.14850 type=3
ML HG_ev = -0.333388 eV
[CLIENT] POSDATA natoms=1191 config_type=101 n_mol=1
  atom 0: -0.25953 0.54720 3.74015 type=4
  atom 1: 5.03161 9.14630 4.79126 type=4
  atom 2: 7.10247 5.39395 0.52556 type=4
  atom 3: -2.33038 4.29955 8.00585 type=4
  atom 4: -1.23824 8.59966 3.14850 type=3
ML HG_ev = -0.332039 eV
[CLIENT] POSDATA natoms=1191 config_type=101 n_mol=1
  atom 0: -0.25953 0.54720 3.74015 type=4
  atom 1: 5.03161 9.14630 4.79126 type=4
  atom 2: 7.10247 5.39395 0.52556 type=4
  atom 3: -2.33038 4.29955 8.00585 type=4
  atom 4: -1.23824 8.59966 3.14850 type=3
ML HG_ev = 2.141889 eV
[CLIENT] POSDATA natoms=1191 config_type=101 n_mol=1
  atom 0: -0.25953 0.54720 3.74015 type=4
  atom 1: 5.03161 9.14630 4.79126 type=4
  atom 2: 7.10247 5.39395 0.52556 type=4
  atom 3: -2.33038 4.29955 8.00585 type=4
  atom 4: -1.23824 8.59966 3.14850 type=3
ML HG_ev = -0.351686 eV
[CLIENT] POSDATA natoms=1191 config_type=101 n_mol=1
  atom 0: -0.25953 0.54720 3.74015 type=4
  atom 1: 5.03161 9.14630 4.79126 type=4
  atom 2: 7.10247 5.39395 0.52556 type=4
  atom 3: -2.33038 4.29955 8.00585 type=4
  atom 4: -1.23824 8.59966 3.14850 type=3
ML HG_ev = -0.338317 eV
[CLIENT] POSDATA natoms=1191 config_type=101 n_mol=1
  atom 0: -0.25953 0.54720 3.74015 type=4
  atom 1: 5.03161 9.14630 4.79126 type=4
  atom 2: 7.10247 5.39395 0.52556 type=4
  atom 3: -2.33038 4.29955 8.00585 type=4
  atom 4: -1.23824 8.59966 3.14850 type=3
ML HG_ev = -0.351008 eV
[CLIENT] POSDATA natoms=1191 config_type=101 n_mol=1
  atom 0: -0.25953 0.54720 3.74015 type=4
  atom 1: 5.03161 9.14630 4.79126 type=4
  atom 2: 7.10247 5.39395 0.52556 type=4
  atom 3: -2.33038 4.29955 8.00585 type=4
  atom 4: -1.23824 8.59966 3.14850 type=3
ML HG_ev = -0.351630 eV
[CLIENT] POSDATA natoms=1191 config_type=101 n_mol=1
  atom 0: -0.25953 0.54720 3.74015 type=4
  atom 1: 5.03161 9.14630 4.79126 type=4
  atom 2: 7.10247 5.39395 0.52556 type=4
  atom 3: -2.33038 4.29955 8.00585 type=4
  atom 4: -1.23824 8.59966 3.14850 type=3
ML HG_ev = -0.329968 eV
[CLIENT] POSDATA natoms=1191 config_type=101 n_mol=1
  atom 0: -0.25953 0.54720 3.74015 type=4
  atom 1: 5.03161 9.14630 4.79126 type=4
  atom 2: 7.10247 5.39395 0.52556 type=4
  atom 3: -2.33038 4.29955 8.00585 type=4
  atom 4: -1.23824 8.59966 3.14850 type=3
ML HG_ev = -0.351992 eV
[CLIENT] POSDATA natoms=1191 config_type=101 n_mol=1
  atom 0: -0.25953 0.54720 3.74015 type=4
  atom 1: 5.03161 9.14630 4.79126 type=4
  atom 2: 7.10247 5.39395 0.52556 type=4
  atom 3: -2.33038 4.29955 8.00585 type=4
  atom 4: -1.23824 8.59966 3.14850 type=3
ML HG_ev = -0.236967 eV
[CLIENT] POSDATA natoms=1191 config_type=101 n_mol=1
  atom 0: -0.25953 0.54720 3.74015 type=4
  atom 1: 5.03161 9.14630 4.79126 type=4
  atom 2: 7.10247 5.39395 0.52556 type=4
  atom 3: -2.33038 4.29955 8.00585 type=4
  atom 4: -1.23824 8.59966 3.14850 type=3
ML HG_ev = -0.332541 eV
[CLIENT] POSDATA natoms=1191 config_type=101 n_mol=1
  atom 0: -0.25953 0.54720 3.74015 type=4
  atom 1: 5.03161 9.14630 4.79126 type=4
  atom 2: 7.10247 5.39395 0.52556 type=4
  atom 3: -2.33038 4.29955 8.00585 type=4
  atom 4: -1.23824 8.59966 3.14850 type=3
ML HG_ev = -0.352132 eV
[CLIENT] POSDATA natoms=1191 config_type=101 n_mol=1
  atom 0: -0.25953 0.54720 3.74015 type=4
  atom 1: 5.03161 9.14630 4.79126 type=4
  atom 2: 7.10247 5.39395 0.52556 type=4
  atom 3: -2.33038 4.29955 8.00585 type=4
  atom 4: -1.23824 8.59966 3.14850 type=3
ML HG_ev = -0.333626 eV
[CLIENT] POSDATA natoms=1191 config_type=101 n_mol=1
  atom 0: -0.25953 0.54720 3.74015 type=4
  atom 1: 5.03161 9.14630 4.79126 type=4
  atom 2: 7.10247 5.39395 0.52556 type=4
  atom 3: -2.33038 4.29955 8.00585 type=4
  atom 4: -1.23824 8.59966 3.14850 type=3
ML HG_ev = 0.854367 eV
[CLIENT] POSDATA natoms=1191 config_type=101 n_mol=1
  atom 0: -0.25953 0.54720 3.74015 type=4
  atom 1: 5.03161 9.14630 4.79126 type=4
  atom 2: 7.10247 5.39395 0.52556 type=4
  atom 3: -2.33038 4.29955 8.00585 type=4
  atom 4: -1.23824 8.59966 3.14850 type=3
ML HG_ev = -0.330318 eV
[CLIENT] POSDATA natoms=1191 config_type=101 n_mol=1
  atom 0: -0.25953 0.54720 3.74015 type=4
  atom 1: 5.03161 9.14630 4.79126 type=4
  atom 2: 7.10247 5.39395 0.52556 type=4
  atom 3: -2.33038 4.29955 8.00585 type=4
  atom 4: -1.23824 8.59966 3.14850 type=3
ML HG_ev = -0.352036 eV
[CLIENT] POSDATA natoms=1191 config_type=101 n_mol=1
  atom 0: -0.25953 0.54720 3.74015 type=4
  atom 1: 5.03161 9.14630 4.79126 type=4
  atom 2: 7.10247 5.39395 0.52556 type=4
  atom 3: -2.33038 4.29955 8.00585 type=4
  atom 4: -1.23824 8.59966 3.14850 type=3
ML HG_ev = -0.260902 eV
[CLIENT] POSDATA natoms=1191 config_type=101 n_mol=1
  atom 0: -0.25953 0.54720 3.74015 type=4
  atom 1: 5.03161 9.14630 4.79126 type=4
  atom 2: 7.10247 5.39395 0.52556 type=4
  atom 3: -2.33038 4.29955 8.00585 type=4
  atom 4: -1.23824 8.59966 3.14850 type=3
PRODUCTION Cycle: 200, 2 Adsorbate Molecules, Total Energy: -6509.57506  ||  Component 0 [calf20_ddec_super.cif], 1 Molecules  ||  Component 1 [CO2], 2 Molecules  ||  
ML HG_ev = -0.351603 eV
[CLIENT] POSDATA natoms=1191 config_type=101 n_mol=1
  atom 0: -0.25953 0.54720 3.74015 type=4
  atom 1: 5.03161 9.14630 4.79126 type=4
  atom 2: 7.10247 5.39395 0.52556 type=4
  atom 3: -2.33038 4.29955 8.00585 type=4
  atom 4: -1.23824 8.59966 3.14850 type=3
ML HG_ev = 0.063757 eV
[CLIENT] POSDATA natoms=1191 config_type=101 n_mol=1
  atom 0: -0.25953 0.54720 3.74015 type=4
  atom 1: 5.03161 9.14630 4.79126 type=4
  atom 2: 7.10247 5.39395 0.52556 type=4
  atom 3: -2.33038 4.29955 8.00585 type=4
  atom 4: -1.23824 8.59966 3.14850 type=3
ML HG_ev = -0.351684 eV
[CLIENT] POSDATA natoms=1191 config_type=101 n_mol=1
  atom 0: -0.25953 0.54720 3.74015 type=4
  atom 1: 5.03161 9.14630 4.79126 type=4
  atom 2: 7.10247 5.39395 0.52556 type=4
  atom 3: -2.33038 4.29955 8.00585 type=4
  atom 4: -1.23824 8.59966 3.14850 type=3
ML HG_ev = 3.655193 eV
[CLIENT] POSDATA natoms=1191 config_type=101 n_mol=1
  atom 0: -0.25953 0.54720 3.74015 type=4
  atom 1: 5.03161 9.14630 4.79126 type=4
  atom 2: 7.10247 5.39395 0.52556 type=4
  atom 3: -2.33038 4.29955 8.00585 type=4
  atom 4: -1.23824 8.59966 3.14850 type=3
ML HG_ev = -0.351185 eV
[CLIENT] POSDATA natoms=1191 config_type=101 n_mol=1
  atom 0: -0.25953 0.54720 3.74015 type=4
  atom 1: 5.03161 9.14630 4.79126 type=4
  atom 2: 7.10247 5.39395 0.52556 type=4
  atom 3: -2.33038 4.29955 8.00585 type=4
  atom 4: -1.23824 8.59966 3.14850 type=3
ML HG_ev = -0.294924 eV
[CLIENT] POSDATA natoms=1191 config_type=101 n_mol=1
  atom 0: -0.25953 0.54720 3.74015 type=4
  atom 1: 5.03161 9.14630 4.79126 type=4
  atom 2: 7.10247 5.39395 0.52556 type=4
  atom 3: -2.33038 4.29955 8.00585 type=4
  atom 4: -1.23824 8.59966 3.14850 type=3
ML HG_ev = -0.330371 eV
[CLIENT] POSDATA natoms=1191 config_type=101 n_mol=1
  atom 0: -0.25953 0.54720 3.74015 type=4
  atom 1: 5.03161 9.14630 4.79126 type=4
  atom 2: 7.10247 5.39395 0.52556 type=4
  atom 3: -2.33038 4.29955 8.00585 type=4
  atom 4: -1.23824 8.59966 3.14850 type=3
ML HG_ev = 0.148773 eV
[CLIENT] POSDATA natoms=1191 config_type=101 n_mol=1
  atom 0: -0.25953 0.54720 3.74015 type=4
  atom 1: 5.03161 9.14630 4.79126 type=4
  atom 2: 7.10247 5.39395 0.52556 type=4
  atom 3: -2.33038 4.29955 8.00585 type=4
  atom 4: -1.23824 8.59966 3.14850 type=3
ML HG_ev = -0.350734 eV
[CLIENT] POSDATA natoms=1191 config_type=101 n_mol=1
  atom 0: -0.25953 0.54720 3.74015 type=4
  atom 1: 5.03161 9.14630 4.79126 type=4
  atom 2: 7.10247 5.39395 0.52556 type=4
  atom 3: -2.33038 4.29955 8.00585 type=4
  atom 4: -1.23824 8.59966 3.14850 type=3
ML HG_ev = 1.656162 eV
[CLIENT] POSDATA natoms=1191 config_type=101 n_mol=1
  atom 0: -0.25953 0.54720 3.74015 type=4
  atom 1: 5.03161 9.14630 4.79126 type=4
  atom 2: 7.10247 5.39395 0.52556 type=4
  atom 3: -2.33038 4.29955 8.00585 type=4
  atom 4: -1.23824 8.59966 3.14850 type=3
ML HG_ev = -0.294679 eV
[CLIENT] POSDATA natoms=1191 config_type=101 n_mol=1
  atom 0: -0.25953 0.54720 3.74015 type=4
  atom 1: 5.03161 9.14630 4.79126 type=4
  atom 2: 7.10247 5.39395 0.52556 type=4
  atom 3: -2.33038 4.29955 8.00585 type=4
  atom 4: -1.23824 8.59966 3.14850 type=3
ML HG_ev = -0.339992 eV
[CLIENT] POSDATA natoms=1191 config_type=101 n_mol=1
  atom 0: -0.25953 0.54720 3.74015 type=4
  atom 1: 5.03161 9.14630 4.79126 type=4
  atom 2: 7.10247 5.39395 0.52556 type=4
  atom 3: -2.33038 4.29955 8.00585 type=4
  atom 4: -1.23824 8.59966 3.14850 type=3
ML HG_ev = -0.350654 eV
[CLIENT] POSDATA natoms=1191 config_type=101 n_mol=1
  atom 0: -0.25953 0.54720 3.74015 type=4
  atom 1: 5.03161 9.14630 4.79126 type=4
  atom 2: 7.10247 5.39395 0.52556 type=4
  atom 3: -2.33038 4.29955 8.00585 type=4
  atom 4: -1.23824 8.59966 3.14850 type=3
ML HG_ev = 0.633958 eV
[CLIENT] POSDATA natoms=1191 config_type=101 n_mol=1
  atom 0: -0.25953 0.54720 3.74015 type=4
  atom 1: 5.03161 9.14630 4.79126 type=4
  atom 2: 7.10247 5.39395 0.52556 type=4
  atom 3: -2.33038 4.29955 8.00585 type=4
  atom 4: -1.23824 8.59966 3.14850 type=3
ML HG_ev = -0.295088 eV
[CLIENT] POSDATA natoms=1191 config_type=101 n_mol=1
  atom 0: -0.25953 0.54720 3.74015 type=4
  atom 1: 5.03161 9.14630 4.79126 type=4
  atom 2: 7.10247 5.39395 0.52556 type=4
  atom 3: -2.33038 4.29955 8.00585 type=4
  atom 4: -1.23824 8.59966 3.14850 type=3
ML HG_ev = -0.298164 eV
[CLIENT] POSDATA natoms=1191 config_type=101 n_mol=1
  atom 0: -0.25953 0.54720 3.74015 type=4
  atom 1: 5.03161 9.14630 4.79126 type=4
  atom 2: 7.10247 5.39395 0.52556 type=4
  atom 3: -2.33038 4.29955 8.00585 type=4
  atom 4: -1.23824 8.59966 3.14850 type=3
ML HG_ev = -0.295182 eV
[CLIENT] POSDATA natoms=1191 config_type=101 n_mol=1
  atom 0: -0.25953 0.54720 3.74015 type=4
  atom 1: 5.03161 9.14630 4.79126 type=4
  atom 2: 7.10247 5.39395 0.52556 type=4
  atom 3: -2.33038 4.29955 8.00585 type=4
  atom 4: -1.23824 8.59966 3.14850 type=3
ML HG_ev = -0.057608 eV
[CLIENT] POSDATA natoms=1191 config_type=101 n_mol=1
  atom 0: -0.25953 0.54720 3.74015 type=4
  atom 1: 5.03161 9.14630 4.79126 type=4
  atom 2: 7.10247 5.39395 0.52556 type=4
  atom 3: -2.33038 4.29955 8.00585 type=4
  atom 4: -1.23824 8.59966 3.14850 type=3
ML HG_ev = -0.351731 eV
[CLIENT] POSDATA natoms=1191 config_type=101 n_mol=1
  atom 0: -0.25953 0.54720 3.74015 type=4
  atom 1: 5.03161 9.14630 4.79126 type=4
  atom 2: 7.10247 5.39395 0.52556 type=4
  atom 3: -2.33038 4.29955 8.00585 type=4
  atom 4: -1.23824 8.59966 3.14850 type=3
ML HG_ev = -0.313429 eV
[CLIENT] POSDATA natoms=1191 config_type=101 n_mol=1
  atom 0: -0.25953 0.54720 3.74015 type=4
  atom 1: 5.03161 9.14630 4.79126 type=4
  atom 2: 7.10247 5.39395 0.52556 type=4
  atom 3: -2.33038 4.29955 8.00585 type=4
  atom 4: -1.23824 8.59966 3.14850 type=3
ML HG_ev = -0.351017 eV
[CLIENT] POSDATA natoms=1191 config_type=101 n_mol=1
  atom 0: -0.25953 0.54720 3.74015 type=4
  atom 1: 5.03161 9.14630 4.79126 type=4
  atom 2: 7.10247 5.39395 0.52556 type=4
  atom 3: -2.33038 4.29955 8.00585 type=4
  atom 4: -1.23824 8.59966 3.14850 type=3
ML HG_ev = 1.616829 eV
[CLIENT] POSDATA natoms=1191 config_type=101 n_mol=1
  atom 0: -0.25953 0.54720 3.74015 type=4
  atom 1: 5.03161 9.14630 4.79126 type=4
  atom 2: 7.10247 5.39395 0.52556 type=4
  atom 3: -2.33038 4.29955 8.00585 type=4
  atom 4: -1.23824 8.59966 3.14850 type=3
ML HG_ev = -0.351715 eV
[CLIENT] POSDATA natoms=1191 config_type=101 n_mol=1
  atom 0: -0.25953 0.54720 3.74015 type=4
  atom 1: 5.03161 9.14630 4.79126 type=4
  atom 2: 7.10247 5.39395 0.52556 type=4
  atom 3: -2.33038 4.29955 8.00585 type=4
  atom 4: -1.23824 8.59966 3.14850 type=3
ML HG_ev = -0.351311 eV
[CLIENT] POSDATA natoms=1191 config_type=101 n_mol=1
  atom 0: -0.25953 0.54720 3.74015 type=4
  atom 1: 5.03161 9.14630 4.79126 type=4
  atom 2: 7.10247 5.39395 0.52556 type=4
  atom 3: -2.33038 4.29955 8.00585 type=4
  atom 4: -1.23824 8.59966 3.14850 type=3
ML HG_ev = -0.351085 eV
[CLIENT] POSDATA natoms=1191 config_type=101 n_mol=1
  atom 0: -0.25953 0.54720 3.74015 type=4
  atom 1: 5.03161 9.14630 4.79126 type=4
  atom 2: 7.10247 5.39395 0.52556 type=4
  atom 3: -2.33038 4.29955 8.00585 type=4
  atom 4: -1.23824 8.59966 3.14850 type=3
ML HG_ev = -0.351695 eV
[CLIENT] POSDATA natoms=1191 config_type=101 n_mol=1
  atom 0: -0.25953 0.54720 3.74015 type=4
  atom 1: 5.03161 9.14630 4.79126 type=4
  atom 2: 7.10247 5.39395 0.52556 type=4
  atom 3: -2.33038 4.29955 8.00585 type=4
  atom 4: -1.23824 8.59966 3.14850 type=3
ML HG_ev = -0.018458 eV
[CLIENT] POSDATA natoms=1191 config_type=101 n_mol=1
  atom 0: -0.25953 0.54720 3.74015 type=4
  atom 1: 5.03161 9.14630 4.79126 type=4
  atom 2: 7.10247 5.39395 0.52556 type=4
  atom 3: -2.33038 4.29955 8.00585 type=4
  atom 4: -1.23824 8.59966 3.14850 type=3
ML HG_ev = -0.298399 eV
[CLIENT] POSDATA natoms=1191 config_type=101 n_mol=1
  atom 0: -0.25953 0.54720 3.74015 type=4
  atom 1: 5.03161 9.14630 4.79126 type=4
  atom 2: 7.10247 5.39395 0.52556 type=4
  atom 3: -2.33038 4.29955 8.00585 type=4
  atom 4: -1.23824 8.59966 3.14850 type=3
ML HG_ev = -0.157488 eV
[CLIENT] POSDATA natoms=1191 config_type=101 n_mol=1
  atom 0: -0.25953 0.54720 3.74015 type=4
  atom 1: 5.03161 9.14630 4.79126 type=4
  atom 2: 7.10247 5.39395 0.52556 type=4
  atom 3: -2.33038 4.29955 8.00585 type=4
  atom 4: -1.23824 8.59966 3.14850 type=3
ML HG_ev = -0.350996 eV
[CLIENT] POSDATA natoms=1191 config_type=101 n_mol=1
  atom 0: -0.25953 0.54720 3.74015 type=4
  atom 1: 5.03161 9.14630 4.79126 type=4
  atom 2: 7.10247 5.39395 0.52556 type=4
  atom 3: -2.33038 4.29955 8.00585 type=4
  atom 4: -1.23824 8.59966 3.14850 type=3
ML HG_ev = -0.323178 eV
[CLIENT] POSDATA natoms=1191 config_type=101 n_mol=1
  atom 0: -0.25953 0.54720 3.74015 type=4
  atom 1: 5.03161 9.14630 4.79126 type=4
  atom 2: 7.10247 5.39395 0.52556 type=4
  atom 3: -2.33038 4.29955 8.00585 type=4
  atom 4: -1.23824 8.59966 3.14850 type=3
ML HG_ev = -0.298269 eV
[CLIENT] POSDATA natoms=1191 config_type=101 n_mol=1
  atom 0: -0.25953 0.54720 3.74015 type=4
  atom 1: 5.03161 9.14630 4.79126 type=4
  atom 2: 7.10247 5.39395 0.52556 type=4
  atom 3: -2.33038 4.29955 8.00585 type=4
  atom 4: -1.23824 8.59966 3.14850 type=3
ML HG_ev = -0.339293 eV
[CLIENT] POSDATA natoms=1191 config_type=101 n_mol=1
  atom 0: -0.25953 0.54720 3.74015 type=4
  atom 1: 5.03161 9.14630 4.79126 type=4
  atom 2: 7.10247 5.39395 0.52556 type=4
  atom 3: -2.33038 4.29955 8.00585 type=4
  atom 4: -1.23824 8.59966 3.14850 type=3
ML HG_ev = -0.350835 eV
[CLIENT] POSDATA natoms=1191 config_type=101 n_mol=1
  atom 0: -0.25953 0.54720 3.74015 type=4
  atom 1: 5.03161 9.14630 4.79126 type=4
  atom 2: 7.10247 5.39395 0.52556 type=4
  atom 3: -2.33038 4.29955 8.00585 type=4
  atom 4: -1.23824 8.59966 3.14850 type=3
ML HG_ev = -0.133286 eV
[CLIENT] POSDATA natoms=1191 config_type=101 n_mol=1
  atom 0: -0.25953 0.54720 3.74015 type=4
  atom 1: 5.03161 9.14630 4.79126 type=4
  atom 2: 7.10247 5.39395 0.52556 type=4
  atom 3: -2.33038 4.29955 8.00585 type=4
  atom 4: -1.23824 8.59966 3.14850 type=3
ML HG_ev = -0.338598 eV
[CLIENT] POSDATA natoms=1191 config_type=101 n_mol=1
  atom 0: -0.25953 0.54720 3.74015 type=4
  atom 1: 5.03161 9.14630 4.79126 type=4
  atom 2: 7.10247 5.39395 0.52556 type=4
  atom 3: -2.33038 4.29955 8.00585 type=4
  atom 4: -1.23824 8.59966 3.14850 type=3
ML HG_ev = -0.266555 eV
[CLIENT] POSDATA natoms=1191 config_type=101 n_mol=1
  atom 0: -0.25953 0.54720 3.74015 type=4
  atom 1: 5.03161 9.14630 4.79126 type=4
  atom 2: 7.10247 5.39395 0.52556 type=4
  atom 3: -2.33038 4.29955 8.00585 type=4
  atom 4: -1.23824 8.59966 3.14850 type=3
ML HG_ev = -0.323157 eV
[CLIENT] POSDATA natoms=1191 config_type=101 n_mol=1
  atom 0: -0.25953 0.54720 3.74015 type=4
  atom 1: 5.03161 9.14630 4.79126 type=4
  atom 2: 7.10247 5.39395 0.52556 type=4
  atom 3: -2.33038 4.29955 8.00585 type=4
  atom 4: -1.23824 8.59966 3.14850 type=3
ML HG_ev = -0.182263 eV
[CLIENT] POSDATA natoms=1191 config_type=101 n_mol=1
  atom 0: -0.25953 0.54720 3.74015 type=4
  atom 1: 5.03161 9.14630 4.79126 type=4
  atom 2: 7.10247 5.39395 0.52556 type=4
  atom 3: -2.33038 4.29955 8.00585 type=4
  atom 4: -1.23824 8.59966 3.14850 type=3
ML HG_ev = -0.322836 eV
[CLIENT] POSDATA natoms=1191 config_type=101 n_mol=1
  atom 0: -0.25953 0.54720 3.74015 type=4
  atom 1: 5.03161 9.14630 4.79126 type=4
  atom 2: 7.10247 5.39395 0.52556 type=4
  atom 3: -2.33038 4.29955 8.00585 type=4
  atom 4: -1.23824 8.59966 3.14850 type=3
ML HG_ev = -0.352423 eV
[CLIENT] POSDATA natoms=1191 config_type=101 n_mol=1
  atom 0: -0.25953 0.54720 3.74015 type=4
  atom 1: 5.03161 9.14630 4.79126 type=4
  atom 2: 7.10247 5.39395 0.52556 type=4
  atom 3: -2.33038 4.29955 8.00585 type=4
  atom 4: -1.23824 8.59966 3.14850 type=3
ML HG_ev = -0.323700 eV
[CLIENT] POSDATA natoms=1191 config_type=101 n_mol=1
  atom 0: -0.25953 0.54720 3.74015 type=4
  atom 1: 5.03161 9.14630 4.79126 type=4
  atom 2: 7.10247 5.39395 0.52556 type=4
  atom 3: -2.33038 4.29955 8.00585 type=4
  atom 4: -1.23824 8.59966 3.14850 type=3
ML HG_ev = 0.836821 eV
[CLIENT] POSDATA natoms=1191 config_type=101 n_mol=1
  atom 0: -0.25953 0.54720 3.74015 type=4
  atom 1: 5.03161 9.14630 4.79126 type=4
  atom 2: 7.10247 5.39395 0.52556 type=4
  atom 3: -2.33038 4.29955 8.00585 type=4
  atom 4: -1.23824 8.59966 3.14850 type=3
ML HG_ev = -0.352869 eV
[CLIENT] POSDATA natoms=1191 config_type=101 n_mol=1
  atom 0: -0.25953 0.54720 3.74015 type=4
  atom 1: 5.03161 9.14630 4.79126 type=4
  atom 2: 7.10247 5.39395 0.52556 type=4
  atom 3: -2.33038 4.29955 8.00585 type=4
  atom 4: -1.23824 8.59966 3.14850 type=3
ML HG_ev = -0.354799 eV
[CLIENT] POSDATA natoms=1191 config_type=101 n_mol=1
  atom 0: -0.25953 0.54720 3.74015 type=4
  atom 1: 5.03161 9.14630 4.79126 type=4
  atom 2: 7.10247 5.39395 0.52556 type=4
  atom 3: -2.33038 4.29955 8.00585 type=4
  atom 4: -1.23824 8.59966 3.14850 type=3
ML HG_ev = -0.352465 eV
[CLIENT] POSDATA natoms=1191 config_type=101 n_mol=1
  atom 0: -0.25953 0.54720 3.74015 type=4
  atom 1: 5.03161 9.14630 4.79126 type=4
  atom 2: 7.10247 5.39395 0.52556 type=4
  atom 3: -2.33038 4.29955 8.00585 type=4
  atom 4: -1.23824 8.59966 3.14850 type=3
ML HG_ev = 1.517360 eV
[CLIENT] POSDATA natoms=1191 config_type=101 n_mol=1
  atom 0: -0.25953 0.54720 3.74015 type=4
  atom 1: 5.03161 9.14630 4.79126 type=4
  atom 2: 7.10247 5.39395 0.52556 type=4
  atom 3: -2.33038 4.29955 8.00585 type=4
  atom 4: -1.23824 8.59966 3.14850 type=3
ML HG_ev = -0.354789 eV
[CLIENT] POSDATA natoms=1191 config_type=101 n_mol=1
  atom 0: -0.25953 0.54720 3.74015 type=4
  atom 1: 5.03161 9.14630 4.79126 type=4
  atom 2: 7.10247 5.39395 0.52556 type=4
  atom 3: -2.33038 4.29955 8.00585 type=4
  atom 4: -1.23824 8.59966 3.14850 type=3
ML HG_ev = -0.353618 eV
[CLIENT] POSDATA natoms=1191 config_type=101 n_mol=1
  atom 0: -0.25953 0.54720 3.74015 type=4
  atom 1: 5.03161 9.14630 4.79126 type=4
  atom 2: 7.10247 5.39395 0.52556 type=4
  atom 3: -2.33038 4.29955 8.00585 type=4
  atom 4: -1.23824 8.59966 3.14850 type=3
ML HG_ev = 0.438188 eV
[CLIENT] POSDATA natoms=1191 config_type=101 n_mol=1
  atom 0: -0.25953 0.54720 3.74015 type=4
  atom 1: 5.03161 9.14630 4.79126 type=4
  atom 2: 7.10247 5.39395 0.52556 type=4
  atom 3: -2.33038 4.29955 8.00585 type=4
  atom 4: -1.23824 8.59966 3.14850 type=3
ML HG_ev = -0.120011 eV
[CLIENT] POSDATA natoms=1191 config_type=101 n_mol=1
  atom 0: -0.25953 0.54720 3.74015 type=4
  atom 1: 5.03161 9.14630 4.79126 type=4
  atom 2: 7.10247 5.39395 0.52556 type=4
  atom 3: -2.33038 4.29955 8.00585 type=4
  atom 4: -1.23824 8.59966 3.14850 type=3
ML HG_ev = -0.338917 eV
[CLIENT] POSDATA natoms=1191 config_type=101 n_mol=1
  atom 0: -0.25953 0.54720 3.74015 type=4
  atom 1: 5.03161 9.14630 4.79126 type=4
  atom 2: 7.10247 5.39395 0.52556 type=4
  atom 3: -2.33038 4.29955 8.00585 type=4
  atom 4: -1.23824 8.59966 3.14850 type=3
ML HG_ev = -0.347679 eV
[CLIENT] POSDATA natoms=1191 config_type=101 n_mol=1
  atom 0: -0.25953 0.54720 3.74015 type=4
  atom 1: 5.03161 9.14630 4.79126 type=4
  atom 2: 7.10247 5.39395 0.52556 type=4
  atom 3: -2.33038 4.29955 8.00585 type=4
  atom 4: -1.23824 8.59966 3.14850 type=3
ML HG_ev = -0.354682 eV
[CLIENT] POSDATA natoms=1191 config_type=101 n_mol=1
  atom 0: -0.25953 0.54720 3.74015 type=4
  atom 1: 5.03161 9.14630 4.79126 type=4
  atom 2: 7.10247 5.39395 0.52556 type=4
  atom 3: -2.33038 4.29955 8.00585 type=4
  atom 4: -1.23824 8.59966 3.14850 type=3
ML HG_ev = -0.352101 eV
[CLIENT] POSDATA natoms=1191 config_type=101 n_mol=1
  atom 0: -0.25953 0.54720 3.74015 type=4
  atom 1: 5.03161 9.14630 4.79126 type=4
  atom 2: 7.10247 5.39395 0.52556 type=4
  atom 3: -2.33038 4.29955 8.00585 type=4
  atom 4: -1.23824 8.59966 3.14850 type=3
ML HG_ev = -0.348319 eV
[CLIENT] POSDATA natoms=1191 config_type=101 n_mol=1
  atom 0: -0.25953 0.54720 3.74015 type=4
  atom 1: 5.03161 9.14630 4.79126 type=4
  atom 2: 7.10247 5.39395 0.52556 type=4
  atom 3: -2.33038 4.29955 8.00585 type=4
  atom 4: -1.23824 8.59966 3.14850 type=3
ML HG_ev = 1.226552 eV
[CLIENT] POSDATA natoms=1191 config_type=101 n_mol=1
  atom 0: -0.25953 0.54720 3.74015 type=4
  atom 1: 5.03161 9.14630 4.79126 type=4
  atom 2: 7.10247 5.39395 0.52556 type=4
  atom 3: -2.33038 4.29955 8.00585 type=4
  atom 4: -1.23824 8.59966 3.14850 type=3
ML HG_ev = -0.340055 eV
[CLIENT] POSDATA natoms=1191 config_type=101 n_mol=1
  atom 0: -0.25953 0.54720 3.74015 type=4
  atom 1: 5.03161 9.14630 4.79126 type=4
  atom 2: 7.10247 5.39395 0.52556 type=4
  atom 3: -2.33038 4.29955 8.00585 type=4
  atom 4: -1.23824 8.59966 3.14850 type=3
ML HG_ev = -0.087639 eV
[CLIENT] POSDATA natoms=1191 config_type=101 n_mol=1
  atom 0: -0.25953 0.54720 3.74015 type=4
  atom 1: 5.03161 9.14630 4.79126 type=4
  atom 2: 7.10247 5.39395 0.52556 type=4
  atom 3: -2.33038 4.29955 8.00585 type=4
  atom 4: -1.23824 8.59966 3.14850 type=3
ML HG_ev = -0.351690 eV
[CLIENT] POSDATA natoms=1191 config_type=101 n_mol=1
  atom 0: -0.25953 0.54720 3.74015 type=4
  atom 1: 5.03161 9.14630 4.79126 type=4
  atom 2: 7.10247 5.39395 0.52556 type=4
  atom 3: -2.33038 4.29955 8.00585 type=4
  atom 4: -1.23824 8.59966 3.14850 type=3
ML HG_ev = -0.351881 eV
[CLIENT] POSDATA natoms=1191 config_type=101 n_mol=1
  atom 0: -0.25953 0.54720 3.74015 type=4
  atom 1: 5.03161 9.14630 4.79126 type=4
  atom 2: 7.10247 5.39395 0.52556 type=4
  atom 3: -2.33038 4.29955 8.00585 type=4
  atom 4: -1.23824 8.59966 3.14850 type=3
ML HG_ev = 1.520112 eV
[CLIENT] POSDATA natoms=1191 config_type=101 n_mol=1
  atom 0: -0.25953 0.54720 3.74015 type=4
  atom 1: 5.03161 9.14630 4.79126 type=4
  atom 2: 7.10247 5.39395 0.52556 type=4
  atom 3: -2.33038 4.29955 8.00585 type=4
  atom 4: -1.23824 8.59966 3.14850 type=3
ML HG_ev = -0.338872 eV
[CLIENT] POSDATA natoms=1191 config_type=101 n_mol=1
  atom 0: -0.25953 0.54720 3.74015 type=4
  atom 1: 5.03161 9.14630 4.79126 type=4
  atom 2: 7.10247 5.39395 0.52556 type=4
  atom 3: -2.33038 4.29955 8.00585 type=4
  atom 4: -1.23824 8.59966 3.14850 type=3
ML HG_ev = -0.349561 eV
[CLIENT] POSDATA natoms=1191 config_type=101 n_mol=1
  atom 0: -0.25953 0.54720 3.74015 type=4
  atom 1: 5.03161 9.14630 4.79126 type=4
  atom 2: 7.10247 5.39395 0.52556 type=4
  atom 3: -2.33038 4.29955 8.00585 type=4
  atom 4: -1.23824 8.59966 3.14850 type=3
ML HG_ev = -0.351438 eV
[CLIENT] POSDATA natoms=1191 config_type=101 n_mol=1
  atom 0: -0.25953 0.54720 3.74015 type=4
  atom 1: 5.03161 9.14630 4.79126 type=4
  atom 2: 7.10247 5.39395 0.52556 type=4
  atom 3: -2.33038 4.29955 8.00585 type=4
  atom 4: -1.23824 8.59966 3.14850 type=3
ML HG_ev = -0.333832 eV
[CLIENT] POSDATA natoms=1191 config_type=101 n_mol=1
  atom 0: -0.25953 0.54720 3.74015 type=4
  atom 1: 5.03161 9.14630 4.79126 type=4
  atom 2: 7.10247 5.39395 0.52556 type=4
  atom 3: -2.33038 4.29955 8.00585 type=4
  atom 4: -1.23824 8.59966 3.14850 type=3
ML HG_ev = -0.339274 eV
[CLIENT] POSDATA natoms=1191 config_type=101 n_mol=1
  atom 0: -0.25953 0.54720 3.74015 type=4
  atom 1: 5.03161 9.14630 4.79126 type=4
  atom 2: 7.10247 5.39395 0.52556 type=4
  atom 3: -2.33038 4.29955 8.00585 type=4
  atom 4: -1.23824 8.59966 3.14850 type=3
ML HG_ev = 0.877348 eV
[CLIENT] POSDATA natoms=1191 config_type=101 n_mol=1
  atom 0: -0.25953 0.54720 3.74015 type=4
  atom 1: 5.03161 9.14630 4.79126 type=4
  atom 2: 7.10247 5.39395 0.52556 type=4
  atom 3: -2.33038 4.29955 8.00585 type=4
  atom 4: -1.23824 8.59966 3.14850 type=3
ML HG_ev = -0.333620 eV
[CLIENT] POSDATA natoms=1191 config_type=101 n_mol=1
  atom 0: -0.25953 0.54720 3.74015 type=4
  atom 1: 5.03161 9.14630 4.79126 type=4
  atom 2: 7.10247 5.39395 0.52556 type=4
  atom 3: -2.33038 4.29955 8.00585 type=4
  atom 4: -1.23824 8.59966 3.14850 type=3
ML HG_ev = -0.271137 eV
[CLIENT] POSDATA natoms=1191 config_type=101 n_mol=1
  atom 0: -0.25953 0.54720 3.74015 type=4
  atom 1: 5.03161 9.14630 4.79126 type=4
  atom 2: 7.10247 5.39395 0.52556 type=4
  atom 3: -2.33038 4.29955 8.00585 type=4
  atom 4: -1.23824 8.59966 3.14850 type=3
ML HG_ev = -0.351537 eV
[CLIENT] POSDATA natoms=1191 config_type=101 n_mol=1
  atom 0: -0.25953 0.54720 3.74015 type=4
  atom 1: 5.03161 9.14630 4.79126 type=4
  atom 2: 7.10247 5.39395 0.52556 type=4
  atom 3: -2.33038 4.29955 8.00585 type=4
  atom 4: -1.23824 8.59966 3.14850 type=3
ML HG_ev = -0.343626 eV
[CLIENT] POSDATA natoms=1191 config_type=101 n_mol=1
  atom 0: -0.25953 0.54720 3.74015 type=4
  atom 1: 5.03161 9.14630 4.79126 type=4
  atom 2: 7.10247 5.39395 0.52556 type=4
  atom 3: -2.33038 4.29955 8.00585 type=4
  atom 4: -1.23824 8.59966 3.14850 type=3
ML HG_ev = -0.333784 eV
[CLIENT] POSDATA natoms=1191 config_type=101 n_mol=1
  atom 0: -0.25953 0.54720 3.74015 type=4
  atom 1: 5.03161 9.14630 4.79126 type=4
  atom 2: 7.10247 5.39395 0.52556 type=4
  atom 3: -2.33038 4.29955 8.00585 type=4
  atom 4: -1.23824 8.59966 3.14850 type=3
ML HG_ev = 0.307031 eV
[CLIENT] POSDATA natoms=1191 config_type=101 n_mol=1
  atom 0: -0.25953 0.54720 3.74015 type=4
  atom 1: 5.03161 9.14630 4.79126 type=4
  atom 2: 7.10247 5.39395 0.52556 type=4
  atom 3: -2.33038 4.29955 8.00585 type=4
  atom 4: -1.23824 8.59966 3.14850 type=3
ML HG_ev = -0.351642 eV
[CLIENT] POSDATA natoms=1191 config_type=101 n_mol=1
  atom 0: -0.25953 0.54720 3.74015 type=4
  atom 1: 5.03161 9.14630 4.79126 type=4
  atom 2: 7.10247 5.39395 0.52556 type=4
  atom 3: -2.33038 4.29955 8.00585 type=4
  atom 4: -1.23824 8.59966 3.14850 type=3
ML HG_ev = -0.155787 eV
[CLIENT] POSDATA natoms=1191 config_type=101 n_mol=1
  atom 0: -0.25953 0.54720 3.74015 type=4
  atom 1: 5.03161 9.14630 4.79126 type=4
  atom 2: 7.10247 5.39395 0.52556 type=4
  atom 3: -2.33038 4.29955 8.00585 type=4
  atom 4: -1.23824 8.59966 3.14850 type=3
ML HG_ev = -0.351722 eV
[CLIENT] POSDATA natoms=1191 config_type=101 n_mol=1
  atom 0: -0.25953 0.54720 3.74015 type=4
  atom 1: 5.03161 9.14630 4.79126 type=4
  atom 2: 7.10247 5.39395 0.52556 type=4
  atom 3: -2.33038 4.29955 8.00585 type=4
  atom 4: -1.23824 8.59966 3.14850 type=3
ML HG_ev = -0.343840 eV
[CLIENT] POSDATA natoms=1191 config_type=101 n_mol=1
  atom 0: -0.25953 0.54720 3.74015 type=4
  atom 1: 5.03161 9.14630 4.79126 type=4
  atom 2: 7.10247 5.39395 0.52556 type=4
  atom 3: -2.33038 4.29955 8.00585 type=4
  atom 4: -1.23824 8.59966 3.14850 type=3
ML HG_ev = 2.218595 eV
[CLIENT] POSDATA natoms=1191 config_type=101 n_mol=1
  atom 0: -0.25953 0.54720 3.74015 type=4
  atom 1: 5.03161 9.14630 4.79126 type=4
  atom 2: 7.10247 5.39395 0.52556 type=4
  atom 3: -2.33038 4.29955 8.00585 type=4
  atom 4: -1.23824 8.59966 3.14850 type=3
ML HG_ev = -0.343436 eV
[CLIENT] POSDATA natoms=1191 config_type=101 n_mol=1
  atom 0: -0.25953 0.54720 3.74015 type=4
  atom 1: 5.03161 9.14630 4.79126 type=4
  atom 2: 7.10247 5.39395 0.52556 type=4
  atom 3: -2.33038 4.29955 8.00585 type=4
  atom 4: -1.23824 8.59966 3.14850 type=3
ML HG_ev = -0.353770 eV
[CLIENT] POSDATA natoms=1191 config_type=101 n_mol=1
  atom 0: -0.25953 0.54720 3.74015 type=4
  atom 1: 5.03161 9.14630 4.79126 type=4
  atom 2: 7.10247 5.39395 0.52556 type=4
  atom 3: -2.33038 4.29955 8.00585 type=4
  atom 4: -1.23824 8.59966 3.14850 type=3
ML HG_ev = -0.351864 eV
[CLIENT] POSDATA natoms=1191 config_type=101 n_mol=1
  atom 0: -0.25953 0.54720 3.74015 type=4
  atom 1: 5.03161 9.14630 4.79126 type=4
  atom 2: 7.10247 5.39395 0.52556 type=4
  atom 3: -2.33038 4.29955 8.00585 type=4
  atom 4: -1.23824 8.59966 3.14850 type=3
ML HG_ev = -0.261072 eV
[CLIENT] POSDATA natoms=1191 config_type=101 n_mol=1
  atom 0: -0.25953 0.54720 3.74015 type=4
  atom 1: 5.03161 9.14630 4.79126 type=4
  atom 2: 7.10247 5.39395 0.52556 type=4
  atom 3: -2.33038 4.29955 8.00585 type=4
  atom 4: -1.23824 8.59966 3.14850 type=3
ML HG_ev = -0.352689 eV
[CLIENT] POSDATA natoms=1191 config_type=101 n_mol=1
  atom 0: -0.25953 0.54720 3.74015 type=4
  atom 1: 5.03161 9.14630 4.79126 type=4
  atom 2: 7.10247 5.39395 0.52556 type=4
  atom 3: -2.33038 4.29955 8.00585 type=4
  atom 4: -1.23824 8.59966 3.14850 type=3
ML HG_ev = -0.352947 eV
[CLIENT] POSDATA natoms=1191 config_type=101 n_mol=1
  atom 0: -0.25953 0.54720 3.74015 type=4
  atom 1: 5.03161 9.14630 4.79126 type=4
  atom 2: 7.10247 5.39395 0.52556 type=4
  atom 3: -2.33038 4.29955 8.00585 type=4
  atom 4: -1.23824 8.59966 3.14850 type=3
ML HG_ev = -0.352342 eV
[CLIENT] POSDATA natoms=1191 config_type=101 n_mol=1
  atom 0: -0.25953 0.54720 3.74015 type=4
  atom 1: 5.03161 9.14630 4.79126 type=4
  atom 2: 7.10247 5.39395 0.52556 type=4
  atom 3: -2.33038 4.29955 8.00585 type=4
  atom 4: -1.23824 8.59966 3.14850 type=3
ML HG_ev = -0.352955 eV
[CLIENT] POSDATA natoms=1191 config_type=101 n_mol=1
  atom 0: -0.25953 0.54720 3.74015 type=4
  atom 1: 5.03161 9.14630 4.79126 type=4
  atom 2: 7.10247 5.39395 0.52556 type=4
  atom 3: -2.33038 4.29955 8.00585 type=4
  atom 4: -1.23824 8.59966 3.14850 type=3
ML HG_ev = -0.353508 eV
[CLIENT] POSDATA natoms=1191 config_type=101 n_mol=1
  atom 0: -0.25953 0.54720 3.74015 type=4
  atom 1: 5.03161 9.14630 4.79126 type=4
  atom 2: 7.10247 5.39395 0.52556 type=4
  atom 3: -2.33038 4.29955 8.00585 type=4
  atom 4: -1.23824 8.59966 3.14850 type=3
ML HG_ev = 1.344633 eV
[CLIENT] POSDATA natoms=1191 config_type=101 n_mol=1
  atom 0: -0.25953 0.54720 3.74015 type=4
  atom 1: 5.03161 9.14630 4.79126 type=4
  atom 2: 7.10247 5.39395 0.52556 type=4
  atom 3: -2.33038 4.29955 8.00585 type=4
  atom 4: -1.23824 8.59966 3.14850 type=3
ML HG_ev = 1.345884 eV
[CLIENT] POSDATA natoms=1191 config_type=101 n_mol=1
  atom 0: -0.25953 0.54720 3.74015 type=4
  atom 1: 5.03161 9.14630 4.79126 type=4
  atom 2: 7.10247 5.39395 0.52556 type=4
  atom 3: -2.33038 4.29955 8.00585 type=4
  atom 4: -1.23824 8.59966 3.14850 type=3
ML HG_ev = -0.353577 eV
[CLIENT] POSDATA natoms=1191 config_type=101 n_mol=1
  atom 0: -0.25953 0.54720 3.74015 type=4
  atom 1: 5.03161 9.14630 4.79126 type=4
  atom 2: 7.10247 5.39395 0.52556 type=4
  atom 3: -2.33038 4.29955 8.00585 type=4
  atom 4: -1.23824 8.59966 3.14850 type=3
ML HG_ev = 2.497016 eV
[CLIENT] POSDATA natoms=1191 config_type=101 n_mol=1
  atom 0: -0.25953 0.54720 3.74015 type=4
  atom 1: 5.03161 9.14630 4.79126 type=4
  atom 2: 7.10247 5.39395 0.52556 type=4
  atom 3: -2.33038 4.29955 8.00585 type=4
  atom 4: -1.23824 8.59966 3.14850 type=3
ML HG_ev = -0.343241 eV
[CLIENT] POSDATA natoms=1191 config_type=101 n_mol=1
  atom 0: -0.25953 0.54720 3.74015 type=4
  atom 1: 5.03161 9.14630 4.79126 type=4
  atom 2: 7.10247 5.39395 0.52556 type=4
  atom 3: -2.33038 4.29955 8.00585 type=4
  atom 4: -1.23824 8.59966 3.14850 type=3
ML HG_ev = -0.274609 eV
[CLIENT] POSDATA natoms=1191 config_type=101 n_mol=1
  atom 0: -0.25953 0.54720 3.74015 type=4
  atom 1: 5.03161 9.14630 4.79126 type=4
  atom 2: 7.10247 5.39395 0.52556 type=4
  atom 3: -2.33038 4.29955 8.00585 type=4
  atom 4: -1.23824 8.59966 3.14850 type=3
ML HG_ev = -0.343626 eV
[CLIENT] POSDATA natoms=1191 config_type=101 n_mol=1
  atom 0: -0.25953 0.54720 3.74015 type=4
  atom 1: 5.03161 9.14630 4.79126 type=4
  atom 2: 7.10247 5.39395 0.52556 type=4
  atom 3: -2.33038 4.29955 8.00585 type=4
  atom 4: -1.23824 8.59966 3.14850 type=3
ML HG_ev = -0.352781 eV
[CLIENT] POSDATA natoms=1191 config_type=101 n_mol=1
  atom 0: -0.25953 0.54720 3.74015 type=4
  atom 1: 5.03161 9.14630 4.79126 type=4
  atom 2: 7.10247 5.39395 0.52556 type=4
  atom 3: -2.33038 4.29955 8.00585 type=4
  atom 4: -1.23824 8.59966 3.14850 type=3
ML HG_ev = -0.343559 eV
[CLIENT] POSDATA natoms=1191 config_type=101 n_mol=1
  atom 0: -0.25953 0.54720 3.74015 type=4
  atom 1: 5.03161 9.14630 4.79126 type=4
  atom 2: 7.10247 5.39395 0.52556 type=4
  atom 3: -2.33038 4.29955 8.00585 type=4
  atom 4: -1.23824 8.59966 3.14850 type=3
ML HG_ev = -0.317504 eV
[CLIENT] POSDATA natoms=1191 config_type=101 n_mol=1
  atom 0: -0.25953 0.54720 3.74015 type=4
  atom 1: 5.03161 9.14630 4.79126 type=4
  atom 2: 7.10247 5.39395 0.52556 type=4
  atom 3: -2.33038 4.29955 8.00585 type=4
  atom 4: -1.23824 8.59966 3.14850 type=3
ML HG_ev = -0.352688 eV
[CLIENT] POSDATA natoms=1191 config_type=101 n_mol=1
  atom 0: -0.25953 0.54720 3.74015 type=4
  atom 1: 5.03161 9.14630 4.79126 type=4
  atom 2: 7.10247 5.39395 0.52556 type=4
  atom 3: -2.33038 4.29955 8.00585 type=4
  atom 4: -1.23824 8.59966 3.14850 type=3
ML HG_ev = -0.262590 eV
[CLIENT] POSDATA natoms=1191 config_type=101 n_mol=1
  atom 0: -0.25953 0.54720 3.74015 type=4
  atom 1: 5.03161 9.14630 4.79126 type=4
  atom 2: 7.10247 5.39395 0.52556 type=4
  atom 3: -2.33038 4.29955 8.00585 type=4
  atom 4: -1.23824 8.59966 3.14850 type=3
ML HG_ev = -0.317147 eV
[CLIENT] POSDATA natoms=1191 config_type=101 n_mol=1
  atom 0: -0.25953 0.54720 3.74015 type=4
  atom 1: 5.03161 9.14630 4.79126 type=4
  atom 2: 7.10247 5.39395 0.52556 type=4
  atom 3: -2.33038 4.29955 8.00585 type=4
  atom 4: -1.23824 8.59966 3.14850 type=3
ML HG_ev = -0.343706 eV
[CLIENT] POSDATA natoms=1191 config_type=101 n_mol=1
  atom 0: -0.25953 0.54720 3.74015 type=4
  atom 1: 5.03161 9.14630 4.79126 type=4
  atom 2: 7.10247 5.39395 0.52556 type=4
  atom 3: -2.33038 4.29955 8.00585 type=4
  atom 4: -1.23824 8.59966 3.14850 type=3
ML HG_ev = -0.184285 eV
[CLIENT] POSDATA natoms=1191 config_type=101 n_mol=1
  atom 0: -0.25953 0.54720 3.74015 type=4
  atom 1: 5.03161 9.14630 4.79126 type=4
  atom 2: 7.10247 5.39395 0.52556 type=4
  atom 3: -2.33038 4.29955 8.00585 type=4
  atom 4: -1.23824 8.59966 3.14850 type=3
ML HG_ev = -0.317330 eV
[CLIENT] POSDATA natoms=1191 config_type=101 n_mol=1
  atom 0: -0.25953 0.54720 3.74015 type=4
  atom 1: 5.03161 9.14630 4.79126 type=4
  atom 2: 7.10247 5.39395 0.52556 type=4
  atom 3: -2.33038 4.29955 8.00585 type=4
  atom 4: -1.23824 8.59966 3.14850 type=3
ML HG_ev = -0.352863 eV
[CLIENT] POSDATA natoms=1191 config_type=101 n_mol=1
  atom 0: -0.25953 0.54720 3.74015 type=4
  atom 1: 5.03161 9.14630 4.79126 type=4
  atom 2: 7.10247 5.39395 0.52556 type=4
  atom 3: -2.33038 4.29955 8.00585 type=4
  atom 4: -1.23824 8.59966 3.14850 type=3
ML HG_ev = -0.343562 eV
[CLIENT] POSDATA natoms=1191 config_type=101 n_mol=1
  atom 0: -0.25953 0.54720 3.74015 type=4
  atom 1: 5.03161 9.14630 4.79126 type=4
  atom 2: 7.10247 5.39395 0.52556 type=4
  atom 3: -2.33038 4.29955 8.00585 type=4
  atom 4: -1.23824 8.59966 3.14850 type=3
ML HG_ev = -0.317734 eV
[CLIENT] POSDATA natoms=1191 config_type=101 n_mol=1
  atom 0: -0.25953 0.54720 3.74015 type=4
  atom 1: 5.03161 9.14630 4.79126 type=4
  atom 2: 7.10247 5.39395 0.52556 type=4
  atom 3: -2.33038 4.29955 8.00585 type=4
  atom 4: -1.23824 8.59966 3.14850 type=3
ML HG_ev = -0.352963 eV
[CLIENT] POSDATA natoms=1191 config_type=101 n_mol=1
  atom 0: -0.25953 0.54720 3.74015 type=4
  atom 1: 5.03161 9.14630 4.79126 type=4
  atom 2: 7.10247 5.39395 0.52556 type=4
  atom 3: -2.33038 4.29955 8.00585 type=4
  atom 4: -1.23824 8.59966 3.14850 type=3
ML HG_ev = -0.353643 eV
[CLIENT] POSDATA natoms=1191 config_type=101 n_mol=1
  atom 0: -0.25953 0.54720 3.74015 type=4
  atom 1: 5.03161 9.14630 4.79126 type=4
  atom 2: 7.10247 5.39395 0.52556 type=4
  atom 3: -2.33038 4.29955 8.00585 type=4
  atom 4: -1.23824 8.59966 3.14850 type=3
ML HG_ev = -0.133428 eV
[CLIENT] POSDATA natoms=1191 config_type=101 n_mol=1
  atom 0: -0.25953 0.54720 3.74015 type=4
  atom 1: 5.03161 9.14630 4.79126 type=4
  atom 2: 7.10247 5.39395 0.52556 type=4
  atom 3: -2.33038 4.29955 8.00585 type=4
  atom 4: -1.23824 8.59966 3.14850 type=3
ML HG_ev = -0.318120 eV
[CLIENT] POSDATA natoms=1191 config_type=101 n_mol=1
  atom 0: -0.25953 0.54720 3.74015 type=4
  atom 1: 5.03161 9.14630 4.79126 type=4
  atom 2: 7.10247 5.39395 0.52556 type=4
  atom 3: -2.33038 4.29955 8.00585 type=4
  atom 4: -1.23824 8.59966 3.14850 type=3
ML HG_ev = -0.351535 eV
[CLIENT] POSDATA natoms=1191 config_type=101 n_mol=1
  atom 0: -0.25953 0.54720 3.74015 type=4
  atom 1: 5.03161 9.14630 4.79126 type=4
  atom 2: 7.10247 5.39395 0.52556 type=4
  atom 3: -2.33038 4.29955 8.00585 type=4
  atom 4: -1.23824 8.59966 3.14850 type=3
ML HG_ev = -0.353006 eV
[CLIENT] POSDATA natoms=1191 config_type=101 n_mol=1
  atom 0: -0.25953 0.54720 3.74015 type=4
  atom 1: 5.03161 9.14630 4.79126 type=4
  atom 2: 7.10247 5.39395 0.52556 type=4
  atom 3: -2.33038 4.29955 8.00585 type=4
  atom 4: -1.23824 8.59966 3.14850 type=3
ML HG_ev = -0.057463 eV
[CLIENT] POSDATA natoms=1191 config_type=101 n_mol=1
  atom 0: -0.25953 0.54720 3.74015 type=4
  atom 1: 5.03161 9.14630 4.79126 type=4
  atom 2: 7.10247 5.39395 0.52556 type=4
  atom 3: -2.33038 4.29955 8.00585 type=4
  atom 4: -1.23824 8.59966 3.14850 type=3
ML HG_ev = -0.352108 eV
[CLIENT] POSDATA natoms=1191 config_type=101 n_mol=1
  atom 0: -0.25953 0.54720 3.74015 type=4
  atom 1: 5.03161 9.14630 4.79126 type=4
  atom 2: 7.10247 5.39395 0.52556 type=4
  atom 3: -2.33038 4.29955 8.00585 type=4
  atom 4: -1.23824 8.59966 3.14850 type=3
ML HG_ev = -0.309851 eV
[CLIENT] POSDATA natoms=1191 config_type=101 n_mol=1
  atom 0: -0.25953 0.54720 3.74015 type=4
  atom 1: 5.03161 9.14630 4.79126 type=4
  atom 2: 7.10247 5.39395 0.52556 type=4
  atom 3: -2.33038 4.29955 8.00585 type=4
  atom 4: -1.23824 8.59966 3.14850 type=3
ML HG_ev = -0.317426 eV
[CLIENT] POSDATA natoms=1191 config_type=101 n_mol=1
  atom 0: -0.25953 0.54720 3.74015 type=4
  atom 1: 5.03161 9.14630 4.79126 type=4
  atom 2: 7.10247 5.39395 0.52556 type=4
  atom 3: -2.33038 4.29955 8.00585 type=4
  atom 4: -1.23824 8.59966 3.14850 type=3
ML HG_ev = -0.309624 eV
[CLIENT] POSDATA natoms=1191 config_type=101 n_mol=1
  atom 0: -0.25953 0.54720 3.74015 type=4
  atom 1: 5.03161 9.14630 4.79126 type=4
  atom 2: 7.10247 5.39395 0.52556 type=4
  atom 3: -2.33038 4.29955 8.00585 type=4
  atom 4: -1.23824 8.59966 3.14850 type=3
ML HG_ev = 0.662412 eV
[CLIENT] POSDATA natoms=1191 config_type=101 n_mol=1
  atom 0: -0.25953 0.54720 3.74015 type=4
  atom 1: 5.03161 9.14630 4.79126 type=4
  atom 2: 7.10247 5.39395 0.52556 type=4
  atom 3: -2.33038 4.29955 8.00585 type=4
  atom 4: -1.23824 8.59966 3.14850 type=3
ML HG_ev = -0.310061 eV
[CLIENT] POSDATA natoms=1191 config_type=101 n_mol=1
  atom 0: -0.25953 0.54720 3.74015 type=4
  atom 1: 5.03161 9.14630 4.79126 type=4
  atom 2: 7.10247 5.39395 0.52556 type=4
  atom 3: -2.33038 4.29955 8.00585 type=4
  atom 4: -1.23824 8.59966 3.14850 type=3
ML HG_ev = 0.283185 eV
[CLIENT] POSDATA natoms=1191 config_type=101 n_mol=1
  atom 0: -0.25953 0.54720 3.74015 type=4
  atom 1: 5.03161 9.14630 4.79126 type=4
  atom 2: 7.10247 5.39395 0.52556 type=4
  atom 3: -2.33038 4.29955 8.00585 type=4
  atom 4: -1.23824 8.59966 3.14850 type=3
ML HG_ev = -0.351945 eV
[CLIENT] POSDATA natoms=1191 config_type=101 n_mol=1
  atom 0: -0.25953 0.54720 3.74015 type=4
  atom 1: 5.03161 9.14630 4.79126 type=4
  atom 2: 7.10247 5.39395 0.52556 type=4
  atom 3: -2.33038 4.29955 8.00585 type=4
  atom 4: -1.23824 8.59966 3.14850 type=3
ML HG_ev = 2.186228 eV
[CLIENT] POSDATA natoms=1191 config_type=101 n_mol=1
  atom 0: -0.25953 0.54720 3.74015 type=4
  atom 1: 5.03161 9.14630 4.79126 type=4
  atom 2: 7.10247 5.39395 0.52556 type=4
  atom 3: -2.33038 4.29955 8.00585 type=4
  atom 4: -1.23824 8.59966 3.14850 type=3
ML HG_ev = -0.069620 eV
[CLIENT] POSDATA natoms=1191 config_type=101 n_mol=1
  atom 0: -0.25953 0.54720 3.74015 type=4
  atom 1: 5.03161 9.14630 4.79126 type=4
  atom 2: 7.10247 5.39395 0.52556 type=4
  atom 3: -2.33038 4.29955 8.00585 type=4
  atom 4: -1.23824 8.59966 3.14850 type=3
ML HG_ev = -0.309815 eV
[CLIENT] POSDATA natoms=1191 config_type=101 n_mol=1
  atom 0: -0.25953 0.54720 3.74015 type=4
  atom 1: 5.03161 9.14630 4.79126 type=4
  atom 2: 7.10247 5.39395 0.52556 type=4
  atom 3: -2.33038 4.29955 8.00585 type=4
  atom 4: -1.23824 8.59966 3.14850 type=3
ML HG_ev = -0.289857 eV
[CLIENT] POSDATA natoms=1191 config_type=101 n_mol=1
  atom 0: -0.25953 0.54720 3.74015 type=4
  atom 1: 5.03161 9.14630 4.79126 type=4
  atom 2: 7.10247 5.39395 0.52556 type=4
  atom 3: -2.33038 4.29955 8.00585 type=4
  atom 4: -1.23824 8.59966 3.14850 type=3
ML HG_ev = -0.309626 eV
[CLIENT] POSDATA natoms=1191 config_type=101 n_mol=1
  atom 0: -0.25953 0.54720 3.74015 type=4
  atom 1: 5.03161 9.14630 4.79126 type=4
  atom 2: 7.10247 5.39395 0.52556 type=4
  atom 3: -2.33038 4.29955 8.00585 type=4
  atom 4: -1.23824 8.59966 3.14850 type=3
ML HG_ev = -0.340828 eV
[CLIENT] POSDATA natoms=1191 config_type=101 n_mol=1
  atom 0: -0.25953 0.54720 3.74015 type=4
  atom 1: 5.03161 9.14630 4.79126 type=4
  atom 2: 7.10247 5.39395 0.52556 type=4
  atom 3: -2.33038 4.29955 8.00585 type=4
  atom 4: -1.23824 8.59966 3.14850 type=3
ML HG_ev = -0.309953 eV
[CLIENT] POSDATA natoms=1191 config_type=101 n_mol=1
  atom 0: -0.25953 0.54720 3.74015 type=4
  atom 1: 5.03161 9.14630 4.79126 type=4
  atom 2: 7.10247 5.39395 0.52556 type=4
  atom 3: -2.33038 4.29955 8.00585 type=4
  atom 4: -1.23824 8.59966 3.14850 type=3
ML HG_ev = 2.078110 eV
[CLIENT] POSDATA natoms=1191 config_type=101 n_mol=1
  atom 0: -0.25953 0.54720 3.74015 type=4
  atom 1: 5.03161 9.14630 4.79126 type=4
  atom 2: 7.10247 5.39395 0.52556 type=4
  atom 3: -2.33038 4.29955 8.00585 type=4
  atom 4: -1.23824 8.59966 3.14850 type=3
ML HG_ev = -0.351925 eV
[CLIENT] POSDATA natoms=1191 config_type=101 n_mol=1
  atom 0: -0.25953 0.54720 3.74015 type=4
  atom 1: 5.03161 9.14630 4.79126 type=4
  atom 2: 7.10247 5.39395 0.52556 type=4
  atom 3: -2.33038 4.29955 8.00585 type=4
  atom 4: -1.23824 8.59966 3.14850 type=3
ML HG_ev = -0.236468 eV
[CLIENT] POSDATA natoms=1191 config_type=101 n_mol=1
  atom 0: -0.25953 0.54720 3.74015 type=4
  atom 1: 5.03161 9.14630 4.79126 type=4
  atom 2: 7.10247 5.39395 0.52556 type=4
  atom 3: -2.33038 4.29955 8.00585 type=4
  atom 4: -1.23824 8.59966 3.14850 type=3
ML HG_ev = -0.351319 eV
[CLIENT] POSDATA natoms=1191 config_type=101 n_mol=1
  atom 0: -0.25953 0.54720 3.74015 type=4
  atom 1: 5.03161 9.14630 4.79126 type=4
  atom 2: 7.10247 5.39395 0.52556 type=4
  atom 3: -2.33038 4.29955 8.00585 type=4
  atom 4: -1.23824 8.59966 3.14850 type=3
ML HG_ev = -0.321467 eV
[CLIENT] POSDATA natoms=1191 config_type=101 n_mol=1
  atom 0: -0.25953 0.54720 3.74015 type=4
  atom 1: 5.03161 9.14630 4.79126 type=4
  atom 2: 7.10247 5.39395 0.52556 type=4
  atom 3: -2.33038 4.29955 8.00585 type=4
  atom 4: -1.23824 8.59966 3.14850 type=3
ML HG_ev = -0.352071 eV
[CLIENT] POSDATA natoms=1191 config_type=101 n_mol=1
  atom 0: -0.25953 0.54720 3.74015 type=4
  atom 1: 5.03161 9.14630 4.79126 type=4
  atom 2: 7.10247 5.39395 0.52556 type=4
  atom 3: -2.33038 4.29955 8.00585 type=4
  atom 4: -1.23824 8.59966 3.14850 type=3
ML HG_ev = -0.341170 eV
[CLIENT] POSDATA natoms=1191 config_type=101 n_mol=1
  atom 0: -0.25953 0.54720 3.74015 type=4
  atom 1: 5.03161 9.14630 4.79126 type=4
  atom 2: 7.10247 5.39395 0.52556 type=4
  atom 3: -2.33038 4.29955 8.00585 type=4
  atom 4: -1.23824 8.59966 3.14850 type=3
ML HG_ev = 2.142296 eV
[CLIENT] POSDATA natoms=1191 config_type=101 n_mol=1
  atom 0: -0.25953 0.54720 3.74015 type=4
  atom 1: 5.03161 9.14630 4.79126 type=4
  atom 2: 7.10247 5.39395 0.52556 type=4
  atom 3: -2.33038 4.29955 8.00585 type=4
  atom 4: -1.23824 8.59966 3.14850 type=3
ML HG_ev = -0.351342 eV
[CLIENT] POSDATA natoms=1191 config_type=101 n_mol=1
  atom 0: -0.25953 0.54720 3.74015 type=4
  atom 1: 5.03161 9.14630 4.79126 type=4
  atom 2: 7.10247 5.39395 0.52556 type=4
  atom 3: -2.33038 4.29955 8.00585 type=4
  atom 4: -1.23824 8.59966 3.14850 type=3
ML HG_ev = -0.356016 eV
[CLIENT] POSDATA natoms=1191 config_type=101 n_mol=1
  atom 0: -0.25953 0.54720 3.74015 type=4
  atom 1: 5.03161 9.14630 4.79126 type=4
  atom 2: 7.10247 5.39395 0.52556 type=4
  atom 3: -2.33038 4.29955 8.00585 type=4
  atom 4: -1.23824 8.59966 3.14850 type=3
ML HG_ev = -0.352392 eV
[CLIENT] POSDATA natoms=1191 config_type=101 n_mol=1
  atom 0: -0.25953 0.54720 3.74015 type=4
  atom 1: 5.03161 9.14630 4.79126 type=4
  atom 2: 7.10247 5.39395 0.52556 type=4
  atom 3: -2.33038 4.29955 8.00585 type=4
  atom 4: -1.23824 8.59966 3.14850 type=3
ML HG_ev = -0.355217 eV
[CLIENT] POSDATA natoms=1191 config_type=101 n_mol=1
  atom 0: -0.25953 0.54720 3.74015 type=4
  atom 1: 5.03161 9.14630 4.79126 type=4
  atom 2: 7.10247 5.39395 0.52556 type=4
  atom 3: -2.33038 4.29955 8.00585 type=4
  atom 4: -1.23824 8.59966 3.14850 type=3
ML HG_ev = -0.333268 eV
[CLIENT] POSDATA natoms=1191 config_type=101 n_mol=1
  atom 0: -0.25953 0.54720 3.74015 type=4
  atom 1: 5.03161 9.14630 4.79126 type=4
  atom 2: 7.10247 5.39395 0.52556 type=4
  atom 3: -2.33038 4.29955 8.00585 type=4
  atom 4: -1.23824 8.59966 3.14850 type=3
ML HG_ev = -0.340446 eV
[CLIENT] POSDATA natoms=1191 config_type=101 n_mol=1
  atom 0: -0.25953 0.54720 3.74015 type=4
  atom 1: 5.03161 9.14630 4.79126 type=4
  atom 2: 7.10247 5.39395 0.52556 type=4
  atom 3: -2.33038 4.29955 8.00585 type=4
  atom 4: -1.23824 8.59966 3.14850 type=3
ML HG_ev = -0.360480 eV
[CLIENT] POSDATA natoms=1191 config_type=101 n_mol=1
  atom 0: -0.25953 0.54720 3.74015 type=4
  atom 1: 5.03161 9.14630 4.79126 type=4
  atom 2: 7.10247 5.39395 0.52556 type=4
  atom 3: -2.33038 4.29955 8.00585 type=4
  atom 4: -1.23824 8.59966 3.14850 type=3
ML HG_ev = -0.355461 eV
[CLIENT] POSDATA natoms=1191 config_type=101 n_mol=1
  atom 0: -0.25953 0.54720 3.74015 type=4
  atom 1: 5.03161 9.14630 4.79126 type=4
  atom 2: 7.10247 5.39395 0.52556 type=4
  atom 3: -2.33038 4.29955 8.00585 type=4
  atom 4: -1.23824 8.59966 3.14850 type=3
ML HG_ev = -0.360919 eV
[CLIENT] POSDATA natoms=1191 config_type=101 n_mol=1
  atom 0: -0.25953 0.54720 3.74015 type=4
  atom 1: 5.03161 9.14630 4.79126 type=4
  atom 2: 7.10247 5.39395 0.52556 type=4
  atom 3: -2.33038 4.29955 8.00585 type=4
  atom 4: -1.23824 8.59966 3.14850 type=3
ML HG_ev = -0.332918 eV
[CLIENT] POSDATA natoms=1191 config_type=101 n_mol=1
  atom 0: -0.25953 0.54720 3.74015 type=4
  atom 1: 5.03161 9.14630 4.79126 type=4
  atom 2: 7.10247 5.39395 0.52556 type=4
  atom 3: -2.33038 4.29955 8.00585 type=4
  atom 4: -1.23824 8.59966 3.14850 type=3
ML HG_ev = -0.320368 eV
[CLIENT] POSDATA natoms=1191 config_type=101 n_mol=1
  atom 0: -0.25953 0.54720 3.74015 type=4
  atom 1: 5.03161 9.14630 4.79126 type=4
  atom 2: 7.10247 5.39395 0.52556 type=4
  atom 3: -2.33038 4.29955 8.00585 type=4
  atom 4: -1.23824 8.59966 3.14850 type=3
ML HG_ev = -0.361066 eV
[CLIENT] POSDATA natoms=1191 config_type=101 n_mol=1
  atom 0: -0.25953 0.54720 3.74015 type=4
  atom 1: 5.03161 9.14630 4.79126 type=4
  atom 2: 7.10247 5.39395 0.52556 type=4
  atom 3: -2.33038 4.29955 8.00585 type=4
  atom 4: -1.23824 8.59966 3.14850 type=3
ML HG_ev = 0.279129 eV
[CLIENT] POSDATA natoms=1191 config_type=101 n_mol=1
  atom 0: -0.25953 0.54720 3.74015 type=4
  atom 1: 5.03161 9.14630 4.79126 type=4
  atom 2: 7.10247 5.39395 0.52556 type=4
  atom 3: -2.33038 4.29955 8.00585 type=4
  atom 4: -1.23824 8.59966 3.14850 type=3
ML HG_ev = -0.333294 eV
[CLIENT] POSDATA natoms=1191 config_type=101 n_mol=1
  atom 0: -0.25953 0.54720 3.74015 type=4
  atom 1: 5.03161 9.14630 4.79126 type=4
  atom 2: 7.10247 5.39395 0.52556 type=4
  atom 3: -2.33038 4.29955 8.00585 type=4
  atom 4: -1.23824 8.59966 3.14850 type=3
ML HG_ev = 0.293529 eV
[CLIENT] POSDATA natoms=1191 config_type=101 n_mol=1
  atom 0: -0.25953 0.54720 3.74015 type=4
  atom 1: 5.03161 9.14630 4.79126 type=4
  atom 2: 7.10247 5.39395 0.52556 type=4
  atom 3: -2.33038 4.29955 8.00585 type=4
  atom 4: -1.23824 8.59966 3.14850 type=3
ML HG_ev = -0.361274 eV
[CLIENT] POSDATA natoms=1191 config_type=101 n_mol=1
  atom 0: -0.25953 0.54720 3.74015 type=4
  atom 1: 5.03161 9.14630 4.79126 type=4
  atom 2: 7.10247 5.39395 0.52556 type=4
  atom 3: -2.33038 4.29955 8.00585 type=4
  atom 4: -1.23824 8.59966 3.14850 type=3
ML HG_ev = -0.333322 eV
[CLIENT] POSDATA natoms=1191 config_type=101 n_mol=1
  atom 0: -0.25953 0.54720 3.74015 type=4
  atom 1: 5.03161 9.14630 4.79126 type=4
  atom 2: 7.10247 5.39395 0.52556 type=4
  atom 3: -2.33038 4.29955 8.00585 type=4
  atom 4: -1.23824 8.59966 3.14850 type=3
ML HG_ev = -0.294677 eV
[CLIENT] POSDATA natoms=1191 config_type=101 n_mol=1
  atom 0: -0.25953 0.54720 3.74015 type=4
  atom 1: 5.03161 9.14630 4.79126 type=4
  atom 2: 7.10247 5.39395 0.52556 type=4
  atom 3: -2.33038 4.29955 8.00585 type=4
  atom 4: -1.23824 8.59966 3.14850 type=3
ML HG_ev = -0.360471 eV
[CLIENT] POSDATA natoms=1191 config_type=101 n_mol=1
  atom 0: -0.25953 0.54720 3.74015 type=4
  atom 1: 5.03161 9.14630 4.79126 type=4
  atom 2: 7.10247 5.39395 0.52556 type=4
  atom 3: -2.33038 4.29955 8.00585 type=4
  atom 4: -1.23824 8.59966 3.14850 type=3
ML HG_ev = -0.359032 eV
[CLIENT] POSDATA natoms=1191 config_type=101 n_mol=1
  atom 0: -0.25953 0.54720 3.74015 type=4
  atom 1: 5.03161 9.14630 4.79126 type=4
  atom 2: 7.10247 5.39395 0.52556 type=4
  atom 3: -2.33038 4.29955 8.00585 type=4
  atom 4: -1.23824 8.59966 3.14850 type=3
ML HG_ev = -0.361507 eV
[CLIENT] POSDATA natoms=1191 config_type=101 n_mol=1
  atom 0: -0.25953 0.54720 3.74015 type=4
  atom 1: 5.03161 9.14630 4.79126 type=4
  atom 2: 7.10247 5.39395 0.52556 type=4
  atom 3: -2.33038 4.29955 8.00585 type=4
  atom 4: -1.23824 8.59966 3.14850 type=3
ML HG_ev = 0.174844 eV
[CLIENT] POSDATA natoms=1191 config_type=101 n_mol=1
  atom 0: -0.25953 0.54720 3.74015 type=4
  atom 1: 5.03161 9.14630 4.79126 type=4
  atom 2: 7.10247 5.39395 0.52556 type=4
  atom 3: -2.33038 4.29955 8.00585 type=4
  atom 4: -1.23824 8.59966 3.14850 type=3
ML HG_ev = -0.333186 eV
[CLIENT] POSDATA natoms=1191 config_type=101 n_mol=1
  atom 0: -0.25953 0.54720 3.74015 type=4
  atom 1: 5.03161 9.14630 4.79126 type=4
  atom 2: 7.10247 5.39395 0.52556 type=4
  atom 3: -2.33038 4.29955 8.00585 type=4
  atom 4: -1.23824 8.59966 3.14850 type=3
ML HG_ev = -0.319277 eV
[CLIENT] POSDATA natoms=1191 config_type=101 n_mol=1
  atom 0: -0.25953 0.54720 3.74015 type=4
  atom 1: 5.03161 9.14630 4.79126 type=4
  atom 2: 7.10247 5.39395 0.52556 type=4
  atom 3: -2.33038 4.29955 8.00585 type=4
  atom 4: -1.23824 8.59966 3.14850 type=3
ML HG_ev = -0.332822 eV
[CLIENT] POSDATA natoms=1191 config_type=101 n_mol=1
  atom 0: -0.25953 0.54720 3.74015 type=4
  atom 1: 5.03161 9.14630 4.79126 type=4
  atom 2: 7.10247 5.39395 0.52556 type=4
  atom 3: -2.33038 4.29955 8.00585 type=4
  atom 4: -1.23824 8.59966 3.14850 type=3
ML HG_ev = -0.265686 eV
[CLIENT] POSDATA natoms=1191 config_type=101 n_mol=1
  atom 0: -0.25953 0.54720 3.74015 type=4
  atom 1: 5.03161 9.14630 4.79126 type=4
  atom 2: 7.10247 5.39395 0.52556 type=4
  atom 3: -2.33038 4.29955 8.00585 type=4
  atom 4: -1.23824 8.59966 3.14850 type=3
ML HG_ev = -0.320060 eV
[CLIENT] POSDATA natoms=1191 config_type=101 n_mol=1
  atom 0: -0.25953 0.54720 3.74015 type=4
  atom 1: 5.03161 9.14630 4.79126 type=4
  atom 2: 7.10247 5.39395 0.52556 type=4
  atom 3: -2.33038 4.29955 8.00585 type=4
  atom 4: -1.23824 8.59966 3.14850 type=3
ML HG_ev = -0.172289 eV
[CLIENT] POSDATA natoms=1191 config_type=101 n_mol=1
  atom 0: -0.25953 0.54720 3.74015 type=4
  atom 1: 5.03161 9.14630 4.79126 type=4
  atom 2: 7.10247 5.39395 0.52556 type=4
  atom 3: -2.33038 4.29955 8.00585 type=4
  atom 4: -1.23824 8.59966 3.14850 type=3
ML HG_ev = -0.319609 eV
[CLIENT] POSDATA natoms=1191 config_type=101 n_mol=1
  atom 0: -0.25953 0.54720 3.74015 type=4
  atom 1: 5.03161 9.14630 4.79126 type=4
  atom 2: 7.10247 5.39395 0.52556 type=4
  atom 3: -2.33038 4.29955 8.00585 type=4
  atom 4: -1.23824 8.59966 3.14850 type=3
ML HG_ev = 0.767838 eV
[CLIENT] POSDATA natoms=1191 config_type=101 n_mol=1
  atom 0: -0.25953 0.54720 3.74015 type=4
  atom 1: 5.03161 9.14630 4.79126 type=4
  atom 2: 7.10247 5.39395 0.52556 type=4
  atom 3: -2.33038 4.29955 8.00585 type=4
  atom 4: -1.23824 8.59966 3.14850 type=3
ML HG_ev = -0.327598 eV
[CLIENT] POSDATA natoms=1191 config_type=101 n_mol=1
  atom 0: -0.25953 0.54720 3.74015 type=4
  atom 1: 5.03161 9.14630 4.79126 type=4
  atom 2: 7.10247 5.39395 0.52556 type=4
  atom 3: -2.33038 4.29955 8.00585 type=4
  atom 4: -1.23824 8.59966 3.14850 type=3
ML HG_ev = -0.320381 eV
[CLIENT] POSDATA natoms=1191 config_type=101 n_mol=1
  atom 0: -0.25953 0.54720 3.74015 type=4
  atom 1: 5.03161 9.14630 4.79126 type=4
  atom 2: 7.10247 5.39395 0.52556 type=4
  atom 3: -2.33038 4.29955 8.00585 type=4
  atom 4: -1.23824 8.59966 3.14850 type=3
ML HG_ev = -0.244978 eV
[CLIENT] POSDATA natoms=1191 config_type=101 n_mol=1
  atom 0: -0.25953 0.54720 3.74015 type=4
  atom 1: 5.03161 9.14630 4.79126 type=4
  atom 2: 7.10247 5.39395 0.52556 type=4
  atom 3: -2.33038 4.29955 8.00585 type=4
  atom 4: -1.23824 8.59966 3.14850 type=3
ML HG_ev = -0.328074 eV
[CLIENT] POSDATA natoms=1191 config_type=101 n_mol=1
  atom 0: -0.25953 0.54720 3.74015 type=4
  atom 1: 5.03161 9.14630 4.79126 type=4
  atom 2: 7.10247 5.39395 0.52556 type=4
  atom 3: -2.33038 4.29955 8.00585 type=4
  atom 4: -1.23824 8.59966 3.14850 type=3
ML HG_ev = -0.352503 eV
[CLIENT] POSDATA natoms=1191 config_type=101 n_mol=1
  atom 0: -0.25953 0.54720 3.74015 type=4
  atom 1: 5.03161 9.14630 4.79126 type=4
  atom 2: 7.10247 5.39395 0.52556 type=4
  atom 3: -2.33038 4.29955 8.00585 type=4
  atom 4: -1.23824 8.59966 3.14850 type=3
ML HG_ev = -0.358315 eV
[CLIENT] POSDATA natoms=1191 config_type=101 n_mol=1
  atom 0: -0.25953 0.54720 3.74015 type=4
  atom 1: 5.03161 9.14630 4.79126 type=4
  atom 2: 7.10247 5.39395 0.52556 type=4
  atom 3: -2.33038 4.29955 8.00585 type=4
  atom 4: -1.23824 8.59966 3.14850 type=3
ML HG_ev = -0.346737 eV
[CLIENT] POSDATA natoms=1191 config_type=101 n_mol=1
  atom 0: -0.25953 0.54720 3.74015 type=4
  atom 1: 5.03161 9.14630 4.79126 type=4
  atom 2: 7.10247 5.39395 0.52556 type=4
  atom 3: -2.33038 4.29955 8.00585 type=4
  atom 4: -1.23824 8.59966 3.14850 type=3
ML HG_ev = -0.352509 eV
[CLIENT] POSDATA natoms=1191 config_type=101 n_mol=1
  atom 0: -0.25953 0.54720 3.74015 type=4
  atom 1: 5.03161 9.14630 4.79126 type=4
  atom 2: 7.10247 5.39395 0.52556 type=4
  atom 3: -2.33038 4.29955 8.00585 type=4
  atom 4: -1.23824 8.59966 3.14850 type=3
ML HG_ev = -0.327595 eV
[CLIENT] POSDATA natoms=1191 config_type=101 n_mol=1
  atom 0: -0.25953 0.54720 3.74015 type=4
  atom 1: 5.03161 9.14630 4.79126 type=4
  atom 2: 7.10247 5.39395 0.52556 type=4
  atom 3: -2.33038 4.29955 8.00585 type=4
  atom 4: -1.23824 8.59966 3.14850 type=3
ML HG_ev = -0.225650 eV
[CLIENT] POSDATA natoms=1191 config_type=101 n_mol=1
  atom 0: -0.25953 0.54720 3.74015 type=4
  atom 1: 5.03161 9.14630 4.79126 type=4
  atom 2: 7.10247 5.39395 0.52556 type=4
  atom 3: -2.33038 4.29955 8.00585 type=4
  atom 4: -1.23824 8.59966 3.14850 type=3
ML HG_ev = -0.328254 eV
[CLIENT] POSDATA natoms=1191 config_type=101 n_mol=1
  atom 0: -0.25953 0.54720 3.74015 type=4
  atom 1: 5.03161 9.14630 4.79126 type=4
  atom 2: 7.10247 5.39395 0.52556 type=4
  atom 3: -2.33038 4.29955 8.00585 type=4
  atom 4: -1.23824 8.59966 3.14850 type=3
ML HG_ev = -0.305692 eV
[CLIENT] POSDATA natoms=1191 config_type=101 n_mol=1
  atom 0: -0.25953 0.54720 3.74015 type=4
  atom 1: 5.03161 9.14630 4.79126 type=4
  atom 2: 7.10247 5.39395 0.52556 type=4
  atom 3: -2.33038 4.29955 8.00585 type=4
  atom 4: -1.23824 8.59966 3.14850 type=3
ML HG_ev = -0.346578 eV
[CLIENT] POSDATA natoms=1191 config_type=101 n_mol=1
  atom 0: -0.25953 0.54720 3.74015 type=4
  atom 1: 5.03161 9.14630 4.79126 type=4
  atom 2: 7.10247 5.39395 0.52556 type=4
  atom 3: -2.33038 4.29955 8.00585 type=4
  atom 4: -1.23824 8.59966 3.14850 type=3
ML HG_ev = 1.258374 eV
[CLIENT] POSDATA natoms=1191 config_type=101 n_mol=1
  atom 0: -0.25953 0.54720 3.74015 type=4
  atom 1: 5.03161 9.14630 4.79126 type=4
  atom 2: 7.10247 5.39395 0.52556 type=4
  atom 3: -2.33038 4.29955 8.00585 type=4
  atom 4: -1.23824 8.59966 3.14850 type=3
ML HG_ev = -0.327704 eV
[CLIENT] POSDATA natoms=1191 config_type=101 n_mol=1
  atom 0: -0.25953 0.54720 3.74015 type=4
  atom 1: 5.03161 9.14630 4.79126 type=4
  atom 2: 7.10247 5.39395 0.52556 type=4
  atom 3: -2.33038 4.29955 8.00585 type=4
  atom 4: -1.23824 8.59966 3.14850 type=3
ML HG_ev = -0.308946 eV
[CLIENT] POSDATA natoms=1191 config_type=101 n_mol=1
  atom 0: -0.25953 0.54720 3.74015 type=4
  atom 1: 5.03161 9.14630 4.79126 type=4
  atom 2: 7.10247 5.39395 0.52556 type=4
  atom 3: -2.33038 4.29955 8.00585 type=4
  atom 4: -1.23824 8.59966 3.14850 type=3
ML HG_ev = -0.327882 eV
[CLIENT] POSDATA natoms=1191 config_type=101 n_mol=1
  atom 0: -0.25953 0.54720 3.74015 type=4
  atom 1: 5.03161 9.14630 4.79126 type=4
  atom 2: 7.10247 5.39395 0.52556 type=4
  atom 3: -2.33038 4.29955 8.00585 type=4
  atom 4: -1.23824 8.59966 3.14850 type=3
ML HG_ev = -0.346716 eV
[CLIENT] POSDATA natoms=1191 config_type=101 n_mol=1
  atom 0: -0.25953 0.54720 3.74015 type=4
  atom 1: 5.03161 9.14630 4.79126 type=4
  atom 2: 7.10247 5.39395 0.52556 type=4
  atom 3: -2.33038 4.29955 8.00585 type=4
  atom 4: -1.23824 8.59966 3.14850 type=3
ML HG_ev = 0.057071 eV
[CLIENT] POSDATA natoms=1191 config_type=101 n_mol=1
  atom 0: -0.25953 0.54720 3.74015 type=4
  atom 1: 5.03161 9.14630 4.79126 type=4
  atom 2: 7.10247 5.39395 0.52556 type=4
  atom 3: -2.33038 4.29955 8.00585 type=4
  atom 4: -1.23824 8.59966 3.14850 type=3
ML HG_ev = -0.347530 eV
[CLIENT] POSDATA natoms=1191 config_type=101 n_mol=1
  atom 0: -0.25953 0.54720 3.74015 type=4
  atom 1: 5.03161 9.14630 4.79126 type=4
  atom 2: 7.10247 5.39395 0.52556 type=4
  atom 3: -2.33038 4.29955 8.00585 type=4
  atom 4: -1.23824 8.59966 3.14850 type=3
ML HG_ev = 3.314455 eV
[CLIENT] POSDATA natoms=1191 config_type=101 n_mol=1
  atom 0: -0.25953 0.54720 3.74015 type=4
  atom 1: 5.03161 9.14630 4.79126 type=4
  atom 2: 7.10247 5.39395 0.52556 type=4
  atom 3: -2.33038 4.29955 8.00585 type=4
  atom 4: -1.23824 8.59966 3.14850 type=3
ML HG_ev = -0.347187 eV
[CLIENT] POSDATA natoms=1191 config_type=101 n_mol=1
  atom 0: -0.25953 0.54720 3.74015 type=4
  atom 1: 5.03161 9.14630 4.79126 type=4
  atom 2: 7.10247 5.39395 0.52556 type=4
  atom 3: -2.33038 4.29955 8.00585 type=4
  atom 4: -1.23824 8.59966 3.14850 type=3
ML HG_ev = 0.172571 eV
[CLIENT] POSDATA natoms=1191 config_type=101 n_mol=1
  atom 0: -0.25953 0.54720 3.74015 type=4
  atom 1: 5.03161 9.14630 4.79126 type=4
  atom 2: 7.10247 5.39395 0.52556 type=4
  atom 3: -2.33038 4.29955 8.00585 type=4
  atom 4: -1.23824 8.59966 3.14850 type=3
ML HG_ev = -0.346810 eV
[CLIENT] POSDATA natoms=1191 config_type=101 n_mol=1
  atom 0: -0.25953 0.54720 3.74015 type=4
  atom 1: 5.03161 9.14630 4.79126 type=4
  atom 2: 7.10247 5.39395 0.52556 type=4
  atom 3: -2.33038 4.29955 8.00585 type=4
  atom 4: -1.23824 8.59966 3.14850 type=3
ML HG_ev = -0.346871 eV
[CLIENT] POSDATA natoms=1191 config_type=101 n_mol=1
  atom 0: -0.25953 0.54720 3.74015 type=4
  atom 1: 5.03161 9.14630 4.79126 type=4
  atom 2: 7.10247 5.39395 0.52556 type=4
  atom 3: -2.33038 4.29955 8.00585 type=4
  atom 4: -1.23824 8.59966 3.14850 type=3
ML HG_ev = -0.347180 eV
[CLIENT] POSDATA natoms=1191 config_type=101 n_mol=1
  atom 0: -0.25953 0.54720 3.74015 type=4
  atom 1: 5.03161 9.14630 4.79126 type=4
  atom 2: 7.10247 5.39395 0.52556 type=4
  atom 3: -2.33038 4.29955 8.00585 type=4
  atom 4: -1.23824 8.59966 3.14850 type=3
ML HG_ev = -0.352882 eV
[CLIENT] POSDATA natoms=1191 config_type=101 n_mol=1
  atom 0: -0.25953 0.54720 3.74015 type=4
  atom 1: 5.03161 9.14630 4.79126 type=4
  atom 2: 7.10247 5.39395 0.52556 type=4
  atom 3: -2.33038 4.29955 8.00585 type=4
  atom 4: -1.23824 8.59966 3.14850 type=3
ML HG_ev = -0.346463 eV
[CLIENT] POSDATA natoms=1191 config_type=101 n_mol=1
  atom 0: -0.25953 0.54720 3.74015 type=4
  atom 1: 5.03161 9.14630 4.79126 type=4
  atom 2: 7.10247 5.39395 0.52556 type=4
  atom 3: -2.33038 4.29955 8.00585 type=4
  atom 4: -1.23824 8.59966 3.14850 type=3
ML HG_ev = -0.309028 eV
[CLIENT] POSDATA natoms=1191 config_type=101 n_mol=1
  atom 0: -0.25953 0.54720 3.74015 type=4
  atom 1: 5.03161 9.14630 4.79126 type=4
  atom 2: 7.10247 5.39395 0.52556 type=4
  atom 3: -2.33038 4.29955 8.00585 type=4
  atom 4: -1.23824 8.59966 3.14850 type=3
ML HG_ev = -0.037091 eV
[CLIENT] POSDATA natoms=1191 config_type=101 n_mol=1
  atom 0: -0.25953 0.54720 3.74015 type=4
  atom 1: 5.03161 9.14630 4.79126 type=4
  atom 2: 7.10247 5.39395 0.52556 type=4
  atom 3: -2.33038 4.29955 8.00585 type=4
  atom 4: -1.23824 8.59966 3.14850 type=3
ML HG_ev = -0.308615 eV
[CLIENT] POSDATA natoms=1191 config_type=101 n_mol=1
  atom 0: -0.25953 0.54720 3.74015 type=4
  atom 1: 5.03161 9.14630 4.79126 type=4
  atom 2: 7.10247 5.39395 0.52556 type=4
  atom 3: -2.33038 4.29955 8.00585 type=4
  atom 4: -1.23824 8.59966 3.14850 type=3
ML HG_ev = -0.329430 eV
[CLIENT] POSDATA natoms=1191 config_type=101 n_mol=1
  atom 0: -0.25953 0.54720 3.74015 type=4
  atom 1: 5.03161 9.14630 4.79126 type=4
  atom 2: 7.10247 5.39395 0.52556 type=4
  atom 3: -2.33038 4.29955 8.00585 type=4
  atom 4: -1.23824 8.59966 3.14850 type=3
ML HG_ev = -0.309005 eV
[CLIENT] POSDATA natoms=1191 config_type=101 n_mol=1
  atom 0: -0.25953 0.54720 3.74015 type=4
  atom 1: 5.03161 9.14630 4.79126 type=4
  atom 2: 7.10247 5.39395 0.52556 type=4
  atom 3: -2.33038 4.29955 8.00585 type=4
  atom 4: -1.23824 8.59966 3.14850 type=3
ML HG_ev = -0.355134 eV
[CLIENT] POSDATA natoms=1191 config_type=101 n_mol=1
  atom 0: -0.25953 0.54720 3.74015 type=4
  atom 1: 5.03161 9.14630 4.79126 type=4
  atom 2: 7.10247 5.39395 0.52556 type=4
  atom 3: -2.33038 4.29955 8.00585 type=4
  atom 4: -1.23824 8.59966 3.14850 type=3
ML HG_ev = -0.353684 eV
[CLIENT] POSDATA natoms=1191 config_type=101 n_mol=1
  atom 0: -0.25953 0.54720 3.74015 type=4
  atom 1: 5.03161 9.14630 4.79126 type=4
  atom 2: 7.10247 5.39395 0.52556 type=4
  atom 3: -2.33038 4.29955 8.00585 type=4
  atom 4: -1.23824 8.59966 3.14850 type=3
ML HG_ev = -0.352355 eV
[CLIENT] POSDATA natoms=1191 config_type=101 n_mol=1
  atom 0: -0.25953 0.54720 3.74015 type=4
  atom 1: 5.03161 9.14630 4.79126 type=4
  atom 2: 7.10247 5.39395 0.52556 type=4
  atom 3: -2.33038 4.29955 8.00585 type=4
  atom 4: -1.23824 8.59966 3.14850 type=3
ML HG_ev = -0.354643 eV
[CLIENT] POSDATA natoms=1191 config_type=101 n_mol=1
  atom 0: -0.25953 0.54720 3.74015 type=4
  atom 1: 5.03161 9.14630 4.79126 type=4
  atom 2: 7.10247 5.39395 0.52556 type=4
  atom 3: -2.33038 4.29955 8.00585 type=4
  atom 4: -1.23824 8.59966 3.14850 type=3
ML HG_ev = 2.015222 eV
[CLIENT] POSDATA natoms=1191 config_type=101 n_mol=1
  atom 0: -0.25953 0.54720 3.74015 type=4
  atom 1: 5.03161 9.14630 4.79126 type=4
  atom 2: 7.10247 5.39395 0.52556 type=4
  atom 3: -2.33038 4.29955 8.00585 type=4
  atom 4: -1.23824 8.59966 3.14850 type=3
ML HG_ev = -0.352627 eV
[CLIENT] POSDATA natoms=1191 config_type=101 n_mol=1
  atom 0: -0.25953 0.54720 3.74015 type=4
  atom 1: 5.03161 9.14630 4.79126 type=4
  atom 2: 7.10247 5.39395 0.52556 type=4
  atom 3: -2.33038 4.29955 8.00585 type=4
  atom 4: -1.23824 8.59966 3.14850 type=3
ML HG_ev = -0.329016 eV
[CLIENT] POSDATA natoms=1191 config_type=101 n_mol=1
  atom 0: -0.25953 0.54720 3.74015 type=4
  atom 1: 5.03161 9.14630 4.79126 type=4
  atom 2: 7.10247 5.39395 0.52556 type=4
  atom 3: -2.33038 4.29955 8.00585 type=4
  atom 4: -1.23824 8.59966 3.14850 type=3
ML HG_ev = -0.307967 eV
[CLIENT] POSDATA natoms=1191 config_type=101 n_mol=1
  atom 0: -0.25953 0.54720 3.74015 type=4
  atom 1: 5.03161 9.14630 4.79126 type=4
  atom 2: 7.10247 5.39395 0.52556 type=4
  atom 3: -2.33038 4.29955 8.00585 type=4
  atom 4: -1.23824 8.59966 3.14850 type=3
ML HG_ev = -0.352855 eV
[CLIENT] POSDATA natoms=1191 config_type=101 n_mol=1
  atom 0: -0.25953 0.54720 3.74015 type=4
  atom 1: 5.03161 9.14630 4.79126 type=4
  atom 2: 7.10247 5.39395 0.52556 type=4
  atom 3: -2.33038 4.29955 8.00585 type=4
  atom 4: -1.23824 8.59966 3.14850 type=3
ML HG_ev = -0.248978 eV
[CLIENT] POSDATA natoms=1191 config_type=101 n_mol=1
  atom 0: -0.25953 0.54720 3.74015 type=4
  atom 1: 5.03161 9.14630 4.79126 type=4
  atom 2: 7.10247 5.39395 0.52556 type=4
  atom 3: -2.33038 4.29955 8.00585 type=4
  atom 4: -1.23824 8.59966 3.14850 type=3
ML HG_ev = -0.328586 eV
[CLIENT] POSDATA natoms=1191 config_type=101 n_mol=1
  atom 0: -0.25953 0.54720 3.74015 type=4
  atom 1: 5.03161 9.14630 4.79126 type=4
  atom 2: 7.10247 5.39395 0.52556 type=4
  atom 3: -2.33038 4.29955 8.00585 type=4
  atom 4: -1.23824 8.59966 3.14850 type=3
ML HG_ev = -0.192374 eV
[CLIENT] POSDATA natoms=1191 config_type=101 n_mol=1
  atom 0: -0.25953 0.54720 3.74015 type=4
  atom 1: 5.03161 9.14630 4.79126 type=4
  atom 2: 7.10247 5.39395 0.52556 type=4
  atom 3: -2.33038 4.29955 8.00585 type=4
  atom 4: -1.23824 8.59966 3.14850 type=3
ML HG_ev = -0.328610 eV
[CLIENT] POSDATA natoms=1191 config_type=101 n_mol=1
  atom 0: -0.25953 0.54720 3.74015 type=4
  atom 1: 5.03161 9.14630 4.79126 type=4
  atom 2: 7.10247 5.39395 0.52556 type=4
  atom 3: -2.33038 4.29955 8.00585 type=4
  atom 4: -1.23824 8.59966 3.14850 type=3
ML HG_ev = -0.003827 eV
[CLIENT] POSDATA natoms=1191 config_type=101 n_mol=1
  atom 0: -0.25953 0.54720 3.74015 type=4
  atom 1: 5.03161 9.14630 4.79126 type=4
  atom 2: 7.10247 5.39395 0.52556 type=4
  atom 3: -2.33038 4.29955 8.00585 type=4
  atom 4: -1.23824 8.59966 3.14850 type=3
ML HG_ev = -0.328860 eV
[CLIENT] POSDATA natoms=1191 config_type=101 n_mol=1
  atom 0: -0.25953 0.54720 3.74015 type=4
  atom 1: 5.03161 9.14630 4.79126 type=4
  atom 2: 7.10247 5.39395 0.52556 type=4
  atom 3: -2.33038 4.29955 8.00585 type=4
  atom 4: -1.23824 8.59966 3.14850 type=3
ML HG_ev = -0.313389 eV
[CLIENT] POSDATA natoms=1191 config_type=101 n_mol=1
  atom 0: -0.25953 0.54720 3.74015 type=4
  atom 1: 5.03161 9.14630 4.79126 type=4
  atom 2: 7.10247 5.39395 0.52556 type=4
  atom 3: -2.33038 4.29955 8.00585 type=4
  atom 4: -1.23824 8.59966 3.14850 type=3
ML HG_ev = -0.352931 eV
[CLIENT] POSDATA natoms=1191 config_type=101 n_mol=1
  atom 0: -0.25953 0.54720 3.74015 type=4
  atom 1: 5.03161 9.14630 4.79126 type=4
  atom 2: 7.10247 5.39395 0.52556 type=4
  atom 3: -2.33038 4.29955 8.00585 type=4
  atom 4: -1.23824 8.59966 3.14850 type=3
ML HG_ev = 0.033509 eV
[CLIENT] POSDATA natoms=1191 config_type=101 n_mol=1
  atom 0: -0.25953 0.54720 3.74015 type=4
  atom 1: 5.03161 9.14630 4.79126 type=4
  atom 2: 7.10247 5.39395 0.52556 type=4
  atom 3: -2.33038 4.29955 8.00585 type=4
  atom 4: -1.23824 8.59966 3.14850 type=3
ML HG_ev = -0.353187 eV
[CLIENT] POSDATA natoms=1191 config_type=101 n_mol=1
  atom 0: -0.25953 0.54720 3.74015 type=4
  atom 1: 5.03161 9.14630 4.79126 type=4
  atom 2: 7.10247 5.39395 0.52556 type=4
  atom 3: -2.33038 4.29955 8.00585 type=4
  atom 4: -1.23824 8.59966 3.14850 type=3
ML HG_ev = -0.072695 eV
[CLIENT] POSDATA natoms=1191 config_type=101 n_mol=1
  atom 0: -0.25953 0.54720 3.74015 type=4
  atom 1: 5.03161 9.14630 4.79126 type=4
  atom 2: 7.10247 5.39395 0.52556 type=4
  atom 3: -2.33038 4.29955 8.00585 type=4
  atom 4: -1.23824 8.59966 3.14850 type=3
ML HG_ev = -0.353007 eV
[CLIENT] POSDATA natoms=1191 config_type=101 n_mol=1
  atom 0: -0.25953 0.54720 3.74015 type=4
  atom 1: 5.03161 9.14630 4.79126 type=4
  atom 2: 7.10247 5.39395 0.52556 type=4
  atom 3: -2.33038 4.29955 8.00585 type=4
  atom 4: -1.23824 8.59966 3.14850 type=3
ML HG_ev = -0.128097 eV
[CLIENT] POSDATA natoms=1191 config_type=101 n_mol=1
  atom 0: -0.25953 0.54720 3.74015 type=4
  atom 1: 5.03161 9.14630 4.79126 type=4
  atom 2: 7.10247 5.39395 0.52556 type=4
  atom 3: -2.33038 4.29955 8.00585 type=4
  atom 4: -1.23824 8.59966 3.14850 type=3
ML HG_ev = -0.352911 eV
[CLIENT] POSDATA natoms=1191 config_type=101 n_mol=1
  atom 0: -0.25953 0.54720 3.74015 type=4
  atom 1: 5.03161 9.14630 4.79126 type=4
  atom 2: 7.10247 5.39395 0.52556 type=4
  atom 3: -2.33038 4.29955 8.00585 type=4
  atom 4: -1.23824 8.59966 3.14850 type=3
ML HG_ev = 0.230625 eV
[CLIENT] POSDATA natoms=1191 config_type=101 n_mol=1
  atom 0: -0.25953 0.54720 3.74015 type=4
  atom 1: 5.03161 9.14630 4.79126 type=4
  atom 2: 7.10247 5.39395 0.52556 type=4
  atom 3: -2.33038 4.29955 8.00585 type=4
  atom 4: -1.23824 8.59966 3.14850 type=3
ML HG_ev = -0.328628 eV
[CLIENT] POSDATA natoms=1191 config_type=101 n_mol=1
  atom 0: -0.25953 0.54720 3.74015 type=4
  atom 1: 5.03161 9.14630 4.79126 type=4
  atom 2: 7.10247 5.39395 0.52556 type=4
  atom 3: -2.33038 4.29955 8.00585 type=4
  atom 4: -1.23824 8.59966 3.14850 type=3
ML HG_ev = 0.542714 eV
[CLIENT] POSDATA natoms=1191 config_type=101 n_mol=1
  atom 0: -0.25953 0.54720 3.74015 type=4
  atom 1: 5.03161 9.14630 4.79126 type=4
  atom 2: 7.10247 5.39395 0.52556 type=4
  atom 3: -2.33038 4.29955 8.00585 type=4
  atom 4: -1.23824 8.59966 3.14850 type=3
ML HG_ev = -0.352795 eV
[CLIENT] POSDATA natoms=1191 config_type=101 n_mol=1
  atom 0: -0.25953 0.54720 3.74015 type=4
  atom 1: 5.03161 9.14630 4.79126 type=4
  atom 2: 7.10247 5.39395 0.52556 type=4
  atom 3: -2.33038 4.29955 8.00585 type=4
  atom 4: -1.23824 8.59966 3.14850 type=3
ML HG_ev = -0.339738 eV
[CLIENT] POSDATA natoms=1191 config_type=101 n_mol=1
  atom 0: -0.25953 0.54720 3.74015 type=4
  atom 1: 5.03161 9.14630 4.79126 type=4
  atom 2: 7.10247 5.39395 0.52556 type=4
  atom 3: -2.33038 4.29955 8.00585 type=4
  atom 4: -1.23824 8.59966 3.14850 type=3
ML HG_ev = -0.329529 eV
[CLIENT] POSDATA natoms=1191 config_type=101 n_mol=1
  atom 0: -0.25953 0.54720 3.74015 type=4
  atom 1: 5.03161 9.14630 4.79126 type=4
  atom 2: 7.10247 5.39395 0.52556 type=4
  atom 3: -2.33038 4.29955 8.00585 type=4
  atom 4: -1.23824 8.59966 3.14850 type=3
ML HG_ev = -0.365086 eV
[CLIENT] POSDATA natoms=1191 config_type=101 n_mol=1
  atom 0: -0.25953 0.54720 3.74015 type=4
  atom 1: 5.03161 9.14630 4.79126 type=4
  atom 2: 7.10247 5.39395 0.52556 type=4
  atom 3: -2.33038 4.29955 8.00585 type=4
  atom 4: -1.23824 8.59966 3.14850 type=3
ML HG_ev = -0.352830 eV
[CLIENT] POSDATA natoms=1191 config_type=101 n_mol=1
  atom 0: -0.25953 0.54720 3.74015 type=4
  atom 1: 5.03161 9.14630 4.79126 type=4
  atom 2: 7.10247 5.39395 0.52556 type=4
  atom 3: -2.33038 4.29955 8.00585 type=4
  atom 4: -1.23824 8.59966 3.14850 type=3
ML HG_ev = 3.502275 eV
[CLIENT] POSDATA natoms=1191 config_type=101 n_mol=1
  atom 0: -0.25953 0.54720 3.74015 type=4
  atom 1: 5.03161 9.14630 4.79126 type=4
  atom 2: 7.10247 5.39395 0.52556 type=4
  atom 3: -2.33038 4.29955 8.00585 type=4
  atom 4: -1.23824 8.59966 3.14850 type=3
ML HG_ev = -0.340256 eV
[CLIENT] POSDATA natoms=1191 config_type=101 n_mol=1
  atom 0: -0.25953 0.54720 3.74015 type=4
  atom 1: 5.03161 9.14630 4.79126 type=4
  atom 2: 7.10247 5.39395 0.52556 type=4
  atom 3: -2.33038 4.29955 8.00585 type=4
  atom 4: -1.23824 8.59966 3.14850 type=3
ML HG_ev = -0.336386 eV
[CLIENT] POSDATA natoms=1191 config_type=101 n_mol=1
  atom 0: -0.25953 0.54720 3.74015 type=4
  atom 1: 5.03161 9.14630 4.79126 type=4
  atom 2: 7.10247 5.39395 0.52556 type=4
  atom 3: -2.33038 4.29955 8.00585 type=4
  atom 4: -1.23824 8.59966 3.14850 type=3
ML HG_ev = -0.340096 eV
[CLIENT] POSDATA natoms=1191 config_type=101 n_mol=1
  atom 0: -0.25953 0.54720 3.74015 type=4
  atom 1: 5.03161 9.14630 4.79126 type=4
  atom 2: 7.10247 5.39395 0.52556 type=4
  atom 3: -2.33038 4.29955 8.00585 type=4
  atom 4: -1.23824 8.59966 3.14850 type=3
ML HG_ev = -0.360967 eV
[CLIENT] POSDATA natoms=1191 config_type=101 n_mol=1
  atom 0: -0.25953 0.54720 3.74015 type=4
  atom 1: 5.03161 9.14630 4.79126 type=4
  atom 2: 7.10247 5.39395 0.52556 type=4
  atom 3: -2.33038 4.29955 8.00585 type=4
  atom 4: -1.23824 8.59966 3.14850 type=3
ML HG_ev = -0.366472 eV
[CLIENT] POSDATA natoms=1191 config_type=101 n_mol=1
  atom 0: -0.25953 0.54720 3.74015 type=4
  atom 1: 5.03161 9.14630 4.79126 type=4
  atom 2: 7.10247 5.39395 0.52556 type=4
  atom 3: -2.33038 4.29955 8.00585 type=4
  atom 4: -1.23824 8.59966 3.14850 type=3
ML HG_ev = 1.578259 eV
[CLIENT] POSDATA natoms=1191 config_type=101 n_mol=1
  atom 0: -0.25953 0.54720 3.74015 type=4
  atom 1: 5.03161 9.14630 4.79126 type=4
  atom 2: 7.10247 5.39395 0.52556 type=4
  atom 3: -2.33038 4.29955 8.00585 type=4
  atom 4: -1.23824 8.59966 3.14850 type=3
ML HG_ev = -0.360789 eV
[CLIENT] POSDATA natoms=1191 config_type=101 n_mol=1
  atom 0: -0.25953 0.54720 3.74015 type=4
  atom 1: 5.03161 9.14630 4.79126 type=4
  atom 2: 7.10247 5.39395 0.52556 type=4
  atom 3: -2.33038 4.29955 8.00585 type=4
  atom 4: -1.23824 8.59966 3.14850 type=3
ML HG_ev = 0.510300 eV
[CLIENT] POSDATA natoms=1191 config_type=101 n_mol=1
  atom 0: -0.25953 0.54720 3.74015 type=4
  atom 1: 5.03161 9.14630 4.79126 type=4
  atom 2: 7.10247 5.39395 0.52556 type=4
  atom 3: -2.33038 4.29955 8.00585 type=4
  atom 4: -1.23824 8.59966 3.14850 type=3
ML HG_ev = -0.360160 eV
[CLIENT] POSDATA natoms=1191 config_type=101 n_mol=1
  atom 0: -0.25953 0.54720 3.74015 type=4
  atom 1: 5.03161 9.14630 4.79126 type=4
  atom 2: 7.10247 5.39395 0.52556 type=4
  atom 3: -2.33038 4.29955 8.00585 type=4
  atom 4: -1.23824 8.59966 3.14850 type=3
ML HG_ev = -0.362660 eV
[CLIENT] POSDATA natoms=1191 config_type=101 n_mol=1
  atom 0: -0.25953 0.54720 3.74015 type=4
  atom 1: 5.03161 9.14630 4.79126 type=4
  atom 2: 7.10247 5.39395 0.52556 type=4
  atom 3: -2.33038 4.29955 8.00585 type=4
  atom 4: -1.23824 8.59966 3.14850 type=3
ML HG_ev = -0.361084 eV
[CLIENT] POSDATA natoms=1191 config_type=101 n_mol=1
  atom 0: -0.25953 0.54720 3.74015 type=4
  atom 1: 5.03161 9.14630 4.79126 type=4
  atom 2: 7.10247 5.39395 0.52556 type=4
  atom 3: -2.33038 4.29955 8.00585 type=4
  atom 4: -1.23824 8.59966 3.14850 type=3
ML HG_ev = -0.362683 eV
[CLIENT] POSDATA natoms=1191 config_type=101 n_mol=1
  atom 0: -0.25953 0.54720 3.74015 type=4
  atom 1: 5.03161 9.14630 4.79126 type=4
  atom 2: 7.10247 5.39395 0.52556 type=4
  atom 3: -2.33038 4.29955 8.00585 type=4
  atom 4: -1.23824 8.59966 3.14850 type=3
ML HG_ev = -0.323629 eV
[CLIENT] POSDATA natoms=1191 config_type=101 n_mol=1
  atom 0: -0.25953 0.54720 3.74015 type=4
  atom 1: 5.03161 9.14630 4.79126 type=4
  atom 2: 7.10247 5.39395 0.52556 type=4
  atom 3: -2.33038 4.29955 8.00585 type=4
  atom 4: -1.23824 8.59966 3.14850 type=3
ML HG_ev = -0.362885 eV
[CLIENT] POSDATA natoms=1191 config_type=101 n_mol=1
  atom 0: -0.25953 0.54720 3.74015 type=4
  atom 1: 5.03161 9.14630 4.79126 type=4
  atom 2: 7.10247 5.39395 0.52556 type=4
  atom 3: -2.33038 4.29955 8.00585 type=4
  atom 4: -1.23824 8.59966 3.14850 type=3
ML HG_ev = -0.363129 eV
[CLIENT] POSDATA natoms=1191 config_type=101 n_mol=1
  atom 0: -0.25953 0.54720 3.74015 type=4
  atom 1: 5.03161 9.14630 4.79126 type=4
  atom 2: 7.10247 5.39395 0.52556 type=4
  atom 3: -2.33038 4.29955 8.00585 type=4
  atom 4: -1.23824 8.59966 3.14850 type=3
ML HG_ev = -0.356405 eV
[CLIENT] POSDATA natoms=1191 config_type=101 n_mol=1
  atom 0: -0.25953 0.54720 3.74015 type=4
  atom 1: 5.03161 9.14630 4.79126 type=4
  atom 2: 7.10247 5.39395 0.52556 type=4
  atom 3: -2.33038 4.29955 8.00585 type=4
  atom 4: -1.23824 8.59966 3.14850 type=3
PRODUCTION Cycle: 400, 2 Adsorbate Molecules, Total Energy: -6565.57507  ||  Component 0 [calf20_ddec_super.cif], 1 Molecules  ||  Component 1 [CO2], 2 Molecules  ||  
ML HG_ev = -0.362672 eV
[CLIENT] POSDATA natoms=1191 config_type=101 n_mol=1
  atom 0: -0.25953 0.54720 3.74015 type=4
  atom 1: 5.03161 9.14630 4.79126 type=4
  atom 2: 7.10247 5.39395 0.52556 type=4
  atom 3: -2.33038 4.29955 8.00585 type=4
  atom 4: -1.23824 8.59966 3.14850 type=3
ML HG_ev = -0.353879 eV
[CLIENT] POSDATA natoms=1191 config_type=101 n_mol=1
  atom 0: -0.25953 0.54720 3.74015 type=4
  atom 1: 5.03161 9.14630 4.79126 type=4
  atom 2: 7.10247 5.39395 0.52556 type=4
  atom 3: -2.33038 4.29955 8.00585 type=4
  atom 4: -1.23824 8.59966 3.14850 type=3
ML HG_ev = -0.355750 eV
[CLIENT] POSDATA natoms=1191 config_type=101 n_mol=1
  atom 0: -0.25953 0.54720 3.74015 type=4
  atom 1: 5.03161 9.14630 4.79126 type=4
  atom 2: 7.10247 5.39395 0.52556 type=4
  atom 3: -2.33038 4.29955 8.00585 type=4
  atom 4: -1.23824 8.59966 3.14850 type=3
ML HG_ev = -0.206396 eV
[CLIENT] POSDATA natoms=1191 config_type=101 n_mol=1
  atom 0: -0.25953 0.54720 3.74015 type=4
  atom 1: 5.03161 9.14630 4.79126 type=4
  atom 2: 7.10247 5.39395 0.52556 type=4
  atom 3: -2.33038 4.29955 8.00585 type=4
  atom 4: -1.23824 8.59966 3.14850 type=3
ML HG_ev = -0.335575 eV
[CLIENT] POSDATA natoms=1191 config_type=101 n_mol=1
  atom 0: -0.25953 0.54720 3.74015 type=4
  atom 1: 5.03161 9.14630 4.79126 type=4
  atom 2: 7.10247 5.39395 0.52556 type=4
  atom 3: -2.33038 4.29955 8.00585 type=4
  atom 4: -1.23824 8.59966 3.14850 type=3
ML HG_ev = -0.353449 eV
[CLIENT] POSDATA natoms=1191 config_type=101 n_mol=1
  atom 0: -0.25953 0.54720 3.74015 type=4
  atom 1: 5.03161 9.14630 4.79126 type=4
  atom 2: 7.10247 5.39395 0.52556 type=4
  atom 3: -2.33038 4.29955 8.00585 type=4
  atom 4: -1.23824 8.59966 3.14850 type=3
ML HG_ev = -0.335928 eV
[CLIENT] POSDATA natoms=1191 config_type=101 n_mol=1
  atom 0: -0.25953 0.54720 3.74015 type=4
  atom 1: 5.03161 9.14630 4.79126 type=4
  atom 2: 7.10247 5.39395 0.52556 type=4
  atom 3: -2.33038 4.29955 8.00585 type=4
  atom 4: -1.23824 8.59966 3.14850 type=3
ML HG_ev = 0.554342 eV
[CLIENT] POSDATA natoms=1191 config_type=101 n_mol=1
  atom 0: -0.25953 0.54720 3.74015 type=4
  atom 1: 5.03161 9.14630 4.79126 type=4
  atom 2: 7.10247 5.39395 0.52556 type=4
  atom 3: -2.33038 4.29955 8.00585 type=4
  atom 4: -1.23824 8.59966 3.14850 type=3
ML HG_ev = -0.335642 eV
[CLIENT] POSDATA natoms=1191 config_type=101 n_mol=1
  atom 0: -0.25953 0.54720 3.74015 type=4
  atom 1: 5.03161 9.14630 4.79126 type=4
  atom 2: 7.10247 5.39395 0.52556 type=4
  atom 3: -2.33038 4.29955 8.00585 type=4
  atom 4: -1.23824 8.59966 3.14850 type=3
ML HG_ev = -0.007382 eV
[CLIENT] POSDATA natoms=1191 config_type=101 n_mol=1
  atom 0: -0.25953 0.54720 3.74015 type=4
  atom 1: 5.03161 9.14630 4.79126 type=4
  atom 2: 7.10247 5.39395 0.52556 type=4
  atom 3: -2.33038 4.29955 8.00585 type=4
  atom 4: -1.23824 8.59966 3.14850 type=3
ML HG_ev = -0.335863 eV
[CLIENT] POSDATA natoms=1191 config_type=101 n_mol=1
  atom 0: -0.25953 0.54720 3.74015 type=4
  atom 1: 5.03161 9.14630 4.79126 type=4
  atom 2: 7.10247 5.39395 0.52556 type=4
  atom 3: -2.33038 4.29955 8.00585 type=4
  atom 4: -1.23824 8.59966 3.14850 type=3
ML HG_ev = -0.296186 eV
[CLIENT] POSDATA natoms=1191 config_type=101 n_mol=1
  atom 0: -0.25953 0.54720 3.74015 type=4
  atom 1: 5.03161 9.14630 4.79126 type=4
  atom 2: 7.10247 5.39395 0.52556 type=4
  atom 3: -2.33038 4.29955 8.00585 type=4
  atom 4: -1.23824 8.59966 3.14850 type=3
ML HG_ev = -0.335801 eV
[CLIENT] POSDATA natoms=1191 config_type=101 n_mol=1
  atom 0: -0.25953 0.54720 3.74015 type=4
  atom 1: 5.03161 9.14630 4.79126 type=4
  atom 2: 7.10247 5.39395 0.52556 type=4
  atom 3: -2.33038 4.29955 8.00585 type=4
  atom 4: -1.23824 8.59966 3.14850 type=3
ML HG_ev = -0.312401 eV
[CLIENT] POSDATA natoms=1191 config_type=101 n_mol=1
  atom 0: -0.25953 0.54720 3.74015 type=4
  atom 1: 5.03161 9.14630 4.79126 type=4
  atom 2: 7.10247 5.39395 0.52556 type=4
  atom 3: -2.33038 4.29955 8.00585 type=4
  atom 4: -1.23824 8.59966 3.14850 type=3
ML HG_ev = -0.335632 eV
[CLIENT] POSDATA natoms=1191 config_type=101 n_mol=1
  atom 0: -0.25953 0.54720 3.74015 type=4
  atom 1: 5.03161 9.14630 4.79126 type=4
  atom 2: 7.10247 5.39395 0.52556 type=4
  atom 3: -2.33038 4.29955 8.00585 type=4
  atom 4: -1.23824 8.59966 3.14850 type=3
ML HG_ev = 0.009085 eV
[CLIENT] POSDATA natoms=1191 config_type=101 n_mol=1
  atom 0: -0.25953 0.54720 3.74015 type=4
  atom 1: 5.03161 9.14630 4.79126 type=4
  atom 2: 7.10247 5.39395 0.52556 type=4
  atom 3: -2.33038 4.29955 8.00585 type=4
  atom 4: -1.23824 8.59966 3.14850 type=3
ML HG_ev = -0.313234 eV
[CLIENT] POSDATA natoms=1191 config_type=101 n_mol=1
  atom 0: -0.25953 0.54720 3.74015 type=4
  atom 1: 5.03161 9.14630 4.79126 type=4
  atom 2: 7.10247 5.39395 0.52556 type=4
  atom 3: -2.33038 4.29955 8.00585 type=4
  atom 4: -1.23824 8.59966 3.14850 type=3
ML HG_ev = -0.352763 eV
[CLIENT] POSDATA natoms=1191 config_type=101 n_mol=1
  atom 0: -0.25953 0.54720 3.74015 type=4
  atom 1: 5.03161 9.14630 4.79126 type=4
  atom 2: 7.10247 5.39395 0.52556 type=4
  atom 3: -2.33038 4.29955 8.00585 type=4
  atom 4: -1.23824 8.59966 3.14850 type=3
ML HG_ev = -0.326408 eV
[CLIENT] POSDATA natoms=1191 config_type=101 n_mol=1
  atom 0: -0.25953 0.54720 3.74015 type=4
  atom 1: 5.03161 9.14630 4.79126 type=4
  atom 2: 7.10247 5.39395 0.52556 type=4
  atom 3: -2.33038 4.29955 8.00585 type=4
  atom 4: -1.23824 8.59966 3.14850 type=3
ML HG_ev = -0.352866 eV
[CLIENT] POSDATA natoms=1191 config_type=101 n_mol=1
  atom 0: -0.25953 0.54720 3.74015 type=4
  atom 1: 5.03161 9.14630 4.79126 type=4
  atom 2: 7.10247 5.39395 0.52556 type=4
  atom 3: -2.33038 4.29955 8.00585 type=4
  atom 4: -1.23824 8.59966 3.14850 type=3
ML HG_ev = 0.391279 eV
[CLIENT] POSDATA natoms=1191 config_type=101 n_mol=1
  atom 0: -0.25953 0.54720 3.74015 type=4
  atom 1: 5.03161 9.14630 4.79126 type=4
  atom 2: 7.10247 5.39395 0.52556 type=4
  atom 3: -2.33038 4.29955 8.00585 type=4
  atom 4: -1.23824 8.59966 3.14850 type=3
ML HG_ev = -0.353195 eV
[CLIENT] POSDATA natoms=1191 config_type=101 n_mol=1
  atom 0: -0.25953 0.54720 3.74015 type=4
  atom 1: 5.03161 9.14630 4.79126 type=4
  atom 2: 7.10247 5.39395 0.52556 type=4
  atom 3: -2.33038 4.29955 8.00585 type=4
  atom 4: -1.23824 8.59966 3.14850 type=3
ML HG_ev = 2.318611 eV
[CLIENT] POSDATA natoms=1191 config_type=101 n_mol=1
  atom 0: -0.25953 0.54720 3.74015 type=4
  atom 1: 5.03161 9.14630 4.79126 type=4
  atom 2: 7.10247 5.39395 0.52556 type=4
  atom 3: -2.33038 4.29955 8.00585 type=4
  atom 4: -1.23824 8.59966 3.14850 type=3
ML HG_ev = -0.353550 eV
[CLIENT] POSDATA natoms=1191 config_type=101 n_mol=1
  atom 0: -0.25953 0.54720 3.74015 type=4
  atom 1: 5.03161 9.14630 4.79126 type=4
  atom 2: 7.10247 5.39395 0.52556 type=4
  atom 3: -2.33038 4.29955 8.00585 type=4
  atom 4: -1.23824 8.59966 3.14850 type=3
ML HG_ev = 0.433401 eV
[CLIENT] POSDATA natoms=1191 config_type=101 n_mol=1
  atom 0: -0.25953 0.54720 3.74015 type=4
  atom 1: 5.03161 9.14630 4.79126 type=4
  atom 2: 7.10247 5.39395 0.52556 type=4
  atom 3: -2.33038 4.29955 8.00585 type=4
  atom 4: -1.23824 8.59966 3.14850 type=3
ML HG_ev = -0.312497 eV
[CLIENT] POSDATA natoms=1191 config_type=101 n_mol=1
  atom 0: -0.25953 0.54720 3.74015 type=4
  atom 1: 5.03161 9.14630 4.79126 type=4
  atom 2: 7.10247 5.39395 0.52556 type=4
  atom 3: -2.33038 4.29955 8.00585 type=4
  atom 4: -1.23824 8.59966 3.14850 type=3
ML HG_ev = -0.202406 eV
[CLIENT] POSDATA natoms=1191 config_type=101 n_mol=1
  atom 0: -0.25953 0.54720 3.74015 type=4
  atom 1: 5.03161 9.14630 4.79126 type=4
  atom 2: 7.10247 5.39395 0.52556 type=4
  atom 3: -2.33038 4.29955 8.00585 type=4
  atom 4: -1.23824 8.59966 3.14850 type=3
ML HG_ev = -0.313606 eV
[CLIENT] POSDATA natoms=1191 config_type=101 n_mol=1
  atom 0: -0.25953 0.54720 3.74015 type=4
  atom 1: 5.03161 9.14630 4.79126 type=4
  atom 2: 7.10247 5.39395 0.52556 type=4
  atom 3: -2.33038 4.29955 8.00585 type=4
  atom 4: -1.23824 8.59966 3.14850 type=3
ML HG_ev = 1.983805 eV
[CLIENT] POSDATA natoms=1191 config_type=101 n_mol=1
  atom 0: -0.25953 0.54720 3.74015 type=4
  atom 1: 5.03161 9.14630 4.79126 type=4
  atom 2: 7.10247 5.39395 0.52556 type=4
  atom 3: -2.33038 4.29955 8.00585 type=4
  atom 4: -1.23824 8.59966 3.14850 type=3
ML HG_ev = 1.048660 eV
[CLIENT] POSDATA natoms=1191 config_type=101 n_mol=1
  atom 0: -0.25953 0.54720 3.74015 type=4
  atom 1: 5.03161 9.14630 4.79126 type=4
  atom 2: 7.10247 5.39395 0.52556 type=4
  atom 3: -2.33038 4.29955 8.00585 type=4
  atom 4: -1.23824 8.59966 3.14850 type=3
ML HG_ev = -0.312544 eV
[CLIENT] POSDATA natoms=1191 config_type=101 n_mol=1
  atom 0: -0.25953 0.54720 3.74015 type=4
  atom 1: 5.03161 9.14630 4.79126 type=4
  atom 2: 7.10247 5.39395 0.52556 type=4
  atom 3: -2.33038 4.29955 8.00585 type=4
  atom 4: -1.23824 8.59966 3.14850 type=3
ML HG_ev = -0.313123 eV
[CLIENT] POSDATA natoms=1191 config_type=101 n_mol=1
  atom 0: -0.25953 0.54720 3.74015 type=4
  atom 1: 5.03161 9.14630 4.79126 type=4
  atom 2: 7.10247 5.39395 0.52556 type=4
  atom 3: -2.33038 4.29955 8.00585 type=4
  atom 4: -1.23824 8.59966 3.14850 type=3
ML HG_ev = -0.351835 eV
[CLIENT] POSDATA natoms=1191 config_type=101 n_mol=1
  atom 0: -0.25953 0.54720 3.74015 type=4
  atom 1: 5.03161 9.14630 4.79126 type=4
  atom 2: 7.10247 5.39395 0.52556 type=4
  atom 3: -2.33038 4.29955 8.00585 type=4
  atom 4: -1.23824 8.59966 3.14850 type=3
ML HG_ev = -0.353469 eV
[CLIENT] POSDATA natoms=1191 config_type=101 n_mol=1
  atom 0: -0.25953 0.54720 3.74015 type=4
  atom 1: 5.03161 9.14630 4.79126 type=4
  atom 2: 7.10247 5.39395 0.52556 type=4
  atom 3: -2.33038 4.29955 8.00585 type=4
  atom 4: -1.23824 8.59966 3.14850 type=3
ML HG_ev = 0.045612 eV
[CLIENT] POSDATA natoms=1191 config_type=101 n_mol=1
  atom 0: -0.25953 0.54720 3.74015 type=4
  atom 1: 5.03161 9.14630 4.79126 type=4
  atom 2: 7.10247 5.39395 0.52556 type=4
  atom 3: -2.33038 4.29955 8.00585 type=4
  atom 4: -1.23824 8.59966 3.14850 type=3
ML HG_ev = -0.313138 eV
[CLIENT] POSDATA natoms=1191 config_type=101 n_mol=1
  atom 0: -0.25953 0.54720 3.74015 type=4
  atom 1: 5.03161 9.14630 4.79126 type=4
  atom 2: 7.10247 5.39395 0.52556 type=4
  atom 3: -2.33038 4.29955 8.00585 type=4
  atom 4: -1.23824 8.59966 3.14850 type=3
ML HG_ev = -0.351834 eV
[CLIENT] POSDATA natoms=1191 config_type=101 n_mol=1
  atom 0: -0.25953 0.54720 3.74015 type=4
  atom 1: 5.03161 9.14630 4.79126 type=4
  atom 2: 7.10247 5.39395 0.52556 type=4
  atom 3: -2.33038 4.29955 8.00585 type=4
  atom 4: -1.23824 8.59966 3.14850 type=3
ML HG_ev = -0.313652 eV
[CLIENT] POSDATA natoms=1191 config_type=101 n_mol=1
  atom 0: -0.25953 0.54720 3.74015 type=4
  atom 1: 5.03161 9.14630 4.79126 type=4
  atom 2: 7.10247 5.39395 0.52556 type=4
  atom 3: -2.33038 4.29955 8.00585 type=4
  atom 4: -1.23824 8.59966 3.14850 type=3
ML HG_ev = -0.015971 eV
[CLIENT] POSDATA natoms=1191 config_type=101 n_mol=1
  atom 0: -0.25953 0.54720 3.74015 type=4
  atom 1: 5.03161 9.14630 4.79126 type=4
  atom 2: 7.10247 5.39395 0.52556 type=4
  atom 3: -2.33038 4.29955 8.00585 type=4
  atom 4: -1.23824 8.59966 3.14850 type=3
ML HG_ev = -0.351873 eV
[CLIENT] POSDATA natoms=1191 config_type=101 n_mol=1
  atom 0: -0.25953 0.54720 3.74015 type=4
  atom 1: 5.03161 9.14630 4.79126 type=4
  atom 2: 7.10247 5.39395 0.52556 type=4
  atom 3: -2.33038 4.29955 8.00585 type=4
  atom 4: -1.23824 8.59966 3.14850 type=3
ML HG_ev = -0.263232 eV
[CLIENT] POSDATA natoms=1191 config_type=101 n_mol=1
  atom 0: -0.25953 0.54720 3.74015 type=4
  atom 1: 5.03161 9.14630 4.79126 type=4
  atom 2: 7.10247 5.39395 0.52556 type=4
  atom 3: -2.33038 4.29955 8.00585 type=4
  atom 4: -1.23824 8.59966 3.14850 type=3
ML HG_ev = -0.352910 eV
[CLIENT] POSDATA natoms=1191 config_type=101 n_mol=1
  atom 0: -0.25953 0.54720 3.74015 type=4
  atom 1: 5.03161 9.14630 4.79126 type=4
  atom 2: 7.10247 5.39395 0.52556 type=4
  atom 3: -2.33038 4.29955 8.00585 type=4
  atom 4: -1.23824 8.59966 3.14850 type=3
ML HG_ev = 0.859620 eV
[CLIENT] POSDATA natoms=1191 config_type=101 n_mol=1
  atom 0: -0.25953 0.54720 3.74015 type=4
  atom 1: 5.03161 9.14630 4.79126 type=4
  atom 2: 7.10247 5.39395 0.52556 type=4
  atom 3: -2.33038 4.29955 8.00585 type=4
  atom 4: -1.23824 8.59966 3.14850 type=3
ML HG_ev = -0.351888 eV
[CLIENT] POSDATA natoms=1191 config_type=101 n_mol=1
  atom 0: -0.25953 0.54720 3.74015 type=4
  atom 1: 5.03161 9.14630 4.79126 type=4
  atom 2: 7.10247 5.39395 0.52556 type=4
  atom 3: -2.33038 4.29955 8.00585 type=4
  atom 4: -1.23824 8.59966 3.14850 type=3
ML HG_ev = 1.274993 eV
[CLIENT] POSDATA natoms=1191 config_type=101 n_mol=1
  atom 0: -0.25953 0.54720 3.74015 type=4
  atom 1: 5.03161 9.14630 4.79126 type=4
  atom 2: 7.10247 5.39395 0.52556 type=4
  atom 3: -2.33038 4.29955 8.00585 type=4
  atom 4: -1.23824 8.59966 3.14850 type=3
ML HG_ev = -0.312553 eV
[CLIENT] POSDATA natoms=1191 config_type=101 n_mol=1
  atom 0: -0.25953 0.54720 3.74015 type=4
  atom 1: 5.03161 9.14630 4.79126 type=4
  atom 2: 7.10247 5.39395 0.52556 type=4
  atom 3: -2.33038 4.29955 8.00585 type=4
  atom 4: -1.23824 8.59966 3.14850 type=3
ML HG_ev = -0.332573 eV
[CLIENT] POSDATA natoms=1191 config_type=101 n_mol=1
  atom 0: -0.25953 0.54720 3.74015 type=4
  atom 1: 5.03161 9.14630 4.79126 type=4
  atom 2: 7.10247 5.39395 0.52556 type=4
  atom 3: -2.33038 4.29955 8.00585 type=4
  atom 4: -1.23824 8.59966 3.14850 type=3
ML HG_ev = -0.313580 eV
[CLIENT] POSDATA natoms=1191 config_type=101 n_mol=1
  atom 0: -0.25953 0.54720 3.74015 type=4
  atom 1: 5.03161 9.14630 4.79126 type=4
  atom 2: 7.10247 5.39395 0.52556 type=4
  atom 3: -2.33038 4.29955 8.00585 type=4
  atom 4: -1.23824 8.59966 3.14850 type=3
ML HG_ev = -0.269958 eV
[CLIENT] POSDATA natoms=1191 config_type=101 n_mol=1
  atom 0: -0.25953 0.54720 3.74015 type=4
  atom 1: 5.03161 9.14630 4.79126 type=4
  atom 2: 7.10247 5.39395 0.52556 type=4
  atom 3: -2.33038 4.29955 8.00585 type=4
  atom 4: -1.23824 8.59966 3.14850 type=3
ML HG_ev = -0.351534 eV
[CLIENT] POSDATA natoms=1191 config_type=101 n_mol=1
  atom 0: -0.25953 0.54720 3.74015 type=4
  atom 1: 5.03161 9.14630 4.79126 type=4
  atom 2: 7.10247 5.39395 0.52556 type=4
  atom 3: -2.33038 4.29955 8.00585 type=4
  atom 4: -1.23824 8.59966 3.14850 type=3
ML HG_ev = 0.988721 eV
[CLIENT] POSDATA natoms=1191 config_type=101 n_mol=1
  atom 0: -0.25953 0.54720 3.74015 type=4
  atom 1: 5.03161 9.14630 4.79126 type=4
  atom 2: 7.10247 5.39395 0.52556 type=4
  atom 3: -2.33038 4.29955 8.00585 type=4
  atom 4: -1.23824 8.59966 3.14850 type=3
ML HG_ev = -0.313066 eV
[CLIENT] POSDATA natoms=1191 config_type=101 n_mol=1
  atom 0: -0.25953 0.54720 3.74015 type=4
  atom 1: 5.03161 9.14630 4.79126 type=4
  atom 2: 7.10247 5.39395 0.52556 type=4
  atom 3: -2.33038 4.29955 8.00585 type=4
  atom 4: -1.23824 8.59966 3.14850 type=3
ML HG_ev = -0.300121 eV
[CLIENT] POSDATA natoms=1191 config_type=101 n_mol=1
  atom 0: -0.25953 0.54720 3.74015 type=4
  atom 1: 5.03161 9.14630 4.79126 type=4
  atom 2: 7.10247 5.39395 0.52556 type=4
  atom 3: -2.33038 4.29955 8.00585 type=4
  atom 4: -1.23824 8.59966 3.14850 type=3
ML HG_ev = -0.312121 eV
[CLIENT] POSDATA natoms=1191 config_type=101 n_mol=1
  atom 0: -0.25953 0.54720 3.74015 type=4
  atom 1: 5.03161 9.14630 4.79126 type=4
  atom 2: 7.10247 5.39395 0.52556 type=4
  atom 3: -2.33038 4.29955 8.00585 type=4
  atom 4: -1.23824 8.59966 3.14850 type=3
ML HG_ev = -0.036119 eV
[CLIENT] POSDATA natoms=1191 config_type=101 n_mol=1
  atom 0: -0.25953 0.54720 3.74015 type=4
  atom 1: 5.03161 9.14630 4.79126 type=4
  atom 2: 7.10247 5.39395 0.52556 type=4
  atom 3: -2.33038 4.29955 8.00585 type=4
  atom 4: -1.23824 8.59966 3.14850 type=3
ML HG_ev = -0.351408 eV
[CLIENT] POSDATA natoms=1191 config_type=101 n_mol=1
  atom 0: -0.25953 0.54720 3.74015 type=4
  atom 1: 5.03161 9.14630 4.79126 type=4
  atom 2: 7.10247 5.39395 0.52556 type=4
  atom 3: -2.33038 4.29955 8.00585 type=4
  atom 4: -1.23824 8.59966 3.14850 type=3
ML HG_ev = -0.218415 eV
[CLIENT] POSDATA natoms=1191 config_type=101 n_mol=1
  atom 0: -0.25953 0.54720 3.74015 type=4
  atom 1: 5.03161 9.14630 4.79126 type=4
  atom 2: 7.10247 5.39395 0.52556 type=4
  atom 3: -2.33038 4.29955 8.00585 type=4
  atom 4: -1.23824 8.59966 3.14850 type=3
ML HG_ev = -0.312970 eV
[CLIENT] POSDATA natoms=1191 config_type=101 n_mol=1
  atom 0: -0.25953 0.54720 3.74015 type=4
  atom 1: 5.03161 9.14630 4.79126 type=4
  atom 2: 7.10247 5.39395 0.52556 type=4
  atom 3: -2.33038 4.29955 8.00585 type=4
  atom 4: -1.23824 8.59966 3.14850 type=3
ML HG_ev = -0.175250 eV
[CLIENT] POSDATA natoms=1191 config_type=101 n_mol=1
  atom 0: -0.25953 0.54720 3.74015 type=4
  atom 1: 5.03161 9.14630 4.79126 type=4
  atom 2: 7.10247 5.39395 0.52556 type=4
  atom 3: -2.33038 4.29955 8.00585 type=4
  atom 4: -1.23824 8.59966 3.14850 type=3
ML HG_ev = -0.313012 eV
[CLIENT] POSDATA natoms=1191 config_type=101 n_mol=1
  atom 0: -0.25953 0.54720 3.74015 type=4
  atom 1: 5.03161 9.14630 4.79126 type=4
  atom 2: 7.10247 5.39395 0.52556 type=4
  atom 3: -2.33038 4.29955 8.00585 type=4
  atom 4: -1.23824 8.59966 3.14850 type=3
ML HG_ev = -0.351977 eV
[CLIENT] POSDATA natoms=1191 config_type=101 n_mol=1
  atom 0: -0.25953 0.54720 3.74015 type=4
  atom 1: 5.03161 9.14630 4.79126 type=4
  atom 2: 7.10247 5.39395 0.52556 type=4
  atom 3: -2.33038 4.29955 8.00585 type=4
  atom 4: -1.23824 8.59966 3.14850 type=3
ML HG_ev = -0.282728 eV
[CLIENT] POSDATA natoms=1191 config_type=101 n_mol=1
  atom 0: -0.25953 0.54720 3.74015 type=4
  atom 1: 5.03161 9.14630 4.79126 type=4
  atom 2: 7.10247 5.39395 0.52556 type=4
  atom 3: -2.33038 4.29955 8.00585 type=4
  atom 4: -1.23824 8.59966 3.14850 type=3
ML HG_ev = -0.311767 eV
[CLIENT] POSDATA natoms=1191 config_type=101 n_mol=1
  atom 0: -0.25953 0.54720 3.74015 type=4
  atom 1: 5.03161 9.14630 4.79126 type=4
  atom 2: 7.10247 5.39395 0.52556 type=4
  atom 3: -2.33038 4.29955 8.00585 type=4
  atom 4: -1.23824 8.59966 3.14850 type=3
ML HG_ev = -0.348615 eV
[CLIENT] POSDATA natoms=1191 config_type=101 n_mol=1
  atom 0: -0.25953 0.54720 3.74015 type=4
  atom 1: 5.03161 9.14630 4.79126 type=4
  atom 2: 7.10247 5.39395 0.52556 type=4
  atom 3: -2.33038 4.29955 8.00585 type=4
  atom 4: -1.23824 8.59966 3.14850 type=3
ML HG_ev = -0.351390 eV
[CLIENT] POSDATA natoms=1191 config_type=101 n_mol=1
  atom 0: -0.25953 0.54720 3.74015 type=4
  atom 1: 5.03161 9.14630 4.79126 type=4
  atom 2: 7.10247 5.39395 0.52556 type=4
  atom 3: -2.33038 4.29955 8.00585 type=4
  atom 4: -1.23824 8.59966 3.14850 type=3
ML HG_ev = -0.224449 eV
[CLIENT] POSDATA natoms=1191 config_type=101 n_mol=1
  atom 0: -0.25953 0.54720 3.74015 type=4
  atom 1: 5.03161 9.14630 4.79126 type=4
  atom 2: 7.10247 5.39395 0.52556 type=4
  atom 3: -2.33038 4.29955 8.00585 type=4
  atom 4: -1.23824 8.59966 3.14850 type=3
ML HG_ev = -0.347216 eV
[CLIENT] POSDATA natoms=1191 config_type=101 n_mol=1
  atom 0: -0.25953 0.54720 3.74015 type=4
  atom 1: 5.03161 9.14630 4.79126 type=4
  atom 2: 7.10247 5.39395 0.52556 type=4
  atom 3: -2.33038 4.29955 8.00585 type=4
  atom 4: -1.23824 8.59966 3.14850 type=3
ML HG_ev = -0.105457 eV
[CLIENT] POSDATA natoms=1191 config_type=101 n_mol=1
  atom 0: -0.25953 0.54720 3.74015 type=4
  atom 1: 5.03161 9.14630 4.79126 type=4
  atom 2: 7.10247 5.39395 0.52556 type=4
  atom 3: -2.33038 4.29955 8.00585 type=4
  atom 4: -1.23824 8.59966 3.14850 type=3
ML HG_ev = -0.313775 eV
[CLIENT] POSDATA natoms=1191 config_type=101 n_mol=1
  atom 0: -0.25953 0.54720 3.74015 type=4
  atom 1: 5.03161 9.14630 4.79126 type=4
  atom 2: 7.10247 5.39395 0.52556 type=4
  atom 3: -2.33038 4.29955 8.00585 type=4
  atom 4: -1.23824 8.59966 3.14850 type=3
ML HG_ev = -0.356942 eV
[CLIENT] POSDATA natoms=1191 config_type=101 n_mol=1
  atom 0: -0.25953 0.54720 3.74015 type=4
  atom 1: 5.03161 9.14630 4.79126 type=4
  atom 2: 7.10247 5.39395 0.52556 type=4
  atom 3: -2.33038 4.29955 8.00585 type=4
  atom 4: -1.23824 8.59966 3.14850 type=3
ML HG_ev = -0.348072 eV
[CLIENT] POSDATA natoms=1191 config_type=101 n_mol=1
  atom 0: -0.25953 0.54720 3.74015 type=4
  atom 1: 5.03161 9.14630 4.79126 type=4
  atom 2: 7.10247 5.39395 0.52556 type=4
  atom 3: -2.33038 4.29955 8.00585 type=4
  atom 4: -1.23824 8.59966 3.14850 type=3
ML HG_ev = 0.204335 eV
[CLIENT] POSDATA natoms=1191 config_type=101 n_mol=1
  atom 0: -0.25953 0.54720 3.74015 type=4
  atom 1: 5.03161 9.14630 4.79126 type=4
  atom 2: 7.10247 5.39395 0.52556 type=4
  atom 3: -2.33038 4.29955 8.00585 type=4
  atom 4: -1.23824 8.59966 3.14850 type=3
ML HG_ev = -0.357606 eV
[CLIENT] POSDATA natoms=1191 config_type=101 n_mol=1
  atom 0: -0.25953 0.54720 3.74015 type=4
  atom 1: 5.03161 9.14630 4.79126 type=4
  atom 2: 7.10247 5.39395 0.52556 type=4
  atom 3: -2.33038 4.29955 8.00585 type=4
  atom 4: -1.23824 8.59966 3.14850 type=3
ML HG_ev = 0.118387 eV
[CLIENT] POSDATA natoms=1191 config_type=101 n_mol=1
  atom 0: -0.25953 0.54720 3.74015 type=4
  atom 1: 5.03161 9.14630 4.79126 type=4
  atom 2: 7.10247 5.39395 0.52556 type=4
  atom 3: -2.33038 4.29955 8.00585 type=4
  atom 4: -1.23824 8.59966 3.14850 type=3
ML HG_ev = -0.238786 eV
[CLIENT] POSDATA natoms=1191 config_type=101 n_mol=1
  atom 0: -0.25953 0.54720 3.74015 type=4
  atom 1: 5.03161 9.14630 4.79126 type=4
  atom 2: 7.10247 5.39395 0.52556 type=4
  atom 3: -2.33038 4.29955 8.00585 type=4
  atom 4: -1.23824 8.59966 3.14850 type=3
ML HG_ev = -0.356940 eV
[CLIENT] POSDATA natoms=1191 config_type=101 n_mol=1
  atom 0: -0.25953 0.54720 3.74015 type=4
  atom 1: 5.03161 9.14630 4.79126 type=4
  atom 2: 7.10247 5.39395 0.52556 type=4
  atom 3: -2.33038 4.29955 8.00585 type=4
  atom 4: -1.23824 8.59966 3.14850 type=3
ML HG_ev = 0.792036 eV
[CLIENT] POSDATA natoms=1191 config_type=101 n_mol=1
  atom 0: -0.25953 0.54720 3.74015 type=4
  atom 1: 5.03161 9.14630 4.79126 type=4
  atom 2: 7.10247 5.39395 0.52556 type=4
  atom 3: -2.33038 4.29955 8.00585 type=4
  atom 4: -1.23824 8.59966 3.14850 type=3
ML HG_ev = -0.313148 eV
[CLIENT] POSDATA natoms=1191 config_type=101 n_mol=1
  atom 0: -0.25953 0.54720 3.74015 type=4
  atom 1: 5.03161 9.14630 4.79126 type=4
  atom 2: 7.10247 5.39395 0.52556 type=4
  atom 3: -2.33038 4.29955 8.00585 type=4
  atom 4: -1.23824 8.59966 3.14850 type=3
ML HG_ev = -0.320740 eV
[CLIENT] POSDATA natoms=1191 config_type=101 n_mol=1
  atom 0: -0.25953 0.54720 3.74015 type=4
  atom 1: 5.03161 9.14630 4.79126 type=4
  atom 2: 7.10247 5.39395 0.52556 type=4
  atom 3: -2.33038 4.29955 8.00585 type=4
  atom 4: -1.23824 8.59966 3.14850 type=3
ML HG_ev = -0.357515 eV
[CLIENT] POSDATA natoms=1191 config_type=101 n_mol=1
  atom 0: -0.25953 0.54720 3.74015 type=4
  atom 1: 5.03161 9.14630 4.79126 type=4
  atom 2: 7.10247 5.39395 0.52556 type=4
  atom 3: -2.33038 4.29955 8.00585 type=4
  atom 4: -1.23824 8.59966 3.14850 type=3
ML HG_ev = 0.270409 eV
[CLIENT] POSDATA natoms=1191 config_type=101 n_mol=1
  atom 0: -0.25953 0.54720 3.74015 type=4
  atom 1: 5.03161 9.14630 4.79126 type=4
  atom 2: 7.10247 5.39395 0.52556 type=4
  atom 3: -2.33038 4.29955 8.00585 type=4
  atom 4: -1.23824 8.59966 3.14850 type=3
ML HG_ev = -0.313195 eV
[CLIENT] POSDATA natoms=1191 config_type=101 n_mol=1
  atom 0: -0.25953 0.54720 3.74015 type=4
  atom 1: 5.03161 9.14630 4.79126 type=4
  atom 2: 7.10247 5.39395 0.52556 type=4
  atom 3: -2.33038 4.29955 8.00585 type=4
  atom 4: -1.23824 8.59966 3.14850 type=3
ML HG_ev = 0.721314 eV
[CLIENT] POSDATA natoms=1191 config_type=101 n_mol=1
  atom 0: -0.25953 0.54720 3.74015 type=4
  atom 1: 5.03161 9.14630 4.79126 type=4
  atom 2: 7.10247 5.39395 0.52556 type=4
  atom 3: -2.33038 4.29955 8.00585 type=4
  atom 4: -1.23824 8.59966 3.14850 type=3
ML HG_ev = -0.312946 eV
[CLIENT] POSDATA natoms=1191 config_type=101 n_mol=1
  atom 0: -0.25953 0.54720 3.74015 type=4
  atom 1: 5.03161 9.14630 4.79126 type=4
  atom 2: 7.10247 5.39395 0.52556 type=4
  atom 3: -2.33038 4.29955 8.00585 type=4
  atom 4: -1.23824 8.59966 3.14850 type=3
ML HG_ev = -0.251134 eV
[CLIENT] POSDATA natoms=1191 config_type=101 n_mol=1
  atom 0: -0.25953 0.54720 3.74015 type=4
  atom 1: 5.03161 9.14630 4.79126 type=4
  atom 2: 7.10247 5.39395 0.52556 type=4
  atom 3: -2.33038 4.29955 8.00585 type=4
  atom 4: -1.23824 8.59966 3.14850 type=3
ML HG_ev = -0.313221 eV
[CLIENT] POSDATA natoms=1191 config_type=101 n_mol=1
  atom 0: -0.25953 0.54720 3.74015 type=4
  atom 1: 5.03161 9.14630 4.79126 type=4
  atom 2: 7.10247 5.39395 0.52556 type=4
  atom 3: -2.33038 4.29955 8.00585 type=4
  atom 4: -1.23824 8.59966 3.14850 type=3
ML HG_ev = 3.860219 eV
[CLIENT] POSDATA natoms=1191 config_type=101 n_mol=1
  atom 0: -0.25953 0.54720 3.74015 type=4
  atom 1: 5.03161 9.14630 4.79126 type=4
  atom 2: 7.10247 5.39395 0.52556 type=4
  atom 3: -2.33038 4.29955 8.00585 type=4
  atom 4: -1.23824 8.59966 3.14850 type=3
ML HG_ev = -0.313216 eV
[CLIENT] POSDATA natoms=1191 config_type=101 n_mol=1
  atom 0: -0.25953 0.54720 3.74015 type=4
  atom 1: 5.03161 9.14630 4.79126 type=4
  atom 2: 7.10247 5.39395 0.52556 type=4
  atom 3: -2.33038 4.29955 8.00585 type=4
  atom 4: -1.23824 8.59966 3.14850 type=3
ML HG_ev = 1.489772 eV
[CLIENT] POSDATA natoms=1191 config_type=101 n_mol=1
  atom 0: -0.25953 0.54720 3.74015 type=4
  atom 1: 5.03161 9.14630 4.79126 type=4
  atom 2: 7.10247 5.39395 0.52556 type=4
  atom 3: -2.33038 4.29955 8.00585 type=4
  atom 4: -1.23824 8.59966 3.14850 type=3
ML HG_ev = -0.321765 eV
[CLIENT] POSDATA natoms=1191 config_type=101 n_mol=1
  atom 0: -0.25953 0.54720 3.74015 type=4
  atom 1: 5.03161 9.14630 4.79126 type=4
  atom 2: 7.10247 5.39395 0.52556 type=4
  atom 3: -2.33038 4.29955 8.00585 type=4
  atom 4: -1.23824 8.59966 3.14850 type=3
ML HG_ev = -0.320696 eV
[CLIENT] POSDATA natoms=1191 config_type=101 n_mol=1
  atom 0: -0.25953 0.54720 3.74015 type=4
  atom 1: 5.03161 9.14630 4.79126 type=4
  atom 2: 7.10247 5.39395 0.52556 type=4
  atom 3: -2.33038 4.29955 8.00585 type=4
  atom 4: -1.23824 8.59966 3.14850 type=3
ML HG_ev = 0.593879 eV
[CLIENT] POSDATA natoms=1191 config_type=101 n_mol=1
  atom 0: -0.25953 0.54720 3.74015 type=4
  atom 1: 5.03161 9.14630 4.79126 type=4
  atom 2: 7.10247 5.39395 0.52556 type=4
  atom 3: -2.33038 4.29955 8.00585 type=4
  atom 4: -1.23824 8.59966 3.14850 type=3
ML HG_ev = -0.320711 eV
[CLIENT] POSDATA natoms=1191 config_type=101 n_mol=1
  atom 0: -0.25953 0.54720 3.74015 type=4
  atom 1: 5.03161 9.14630 4.79126 type=4
  atom 2: 7.10247 5.39395 0.52556 type=4
  atom 3: -2.33038 4.29955 8.00585 type=4
  atom 4: -1.23824 8.59966 3.14850 type=3
ML HG_ev = -0.320965 eV
[CLIENT] POSDATA natoms=1191 config_type=101 n_mol=1
  atom 0: -0.25953 0.54720 3.74015 type=4
  atom 1: 5.03161 9.14630 4.79126 type=4
  atom 2: 7.10247 5.39395 0.52556 type=4
  atom 3: -2.33038 4.29955 8.00585 type=4
  atom 4: -1.23824 8.59966 3.14850 type=3
ML HG_ev = -0.280396 eV
[CLIENT] POSDATA natoms=1191 config_type=101 n_mol=1
  atom 0: -0.25953 0.54720 3.74015 type=4
  atom 1: 5.03161 9.14630 4.79126 type=4
  atom 2: 7.10247 5.39395 0.52556 type=4
  atom 3: -2.33038 4.29955 8.00585 type=4
  atom 4: -1.23824 8.59966 3.14850 type=3
ML HG_ev = -0.312975 eV
[CLIENT] POSDATA natoms=1191 config_type=101 n_mol=1
  atom 0: -0.25953 0.54720 3.74015 type=4
  atom 1: 5.03161 9.14630 4.79126 type=4
  atom 2: 7.10247 5.39395 0.52556 type=4
  atom 3: -2.33038 4.29955 8.00585 type=4
  atom 4: -1.23824 8.59966 3.14850 type=3
ML HG_ev = -0.164776 eV
[CLIENT] POSDATA natoms=1191 config_type=101 n_mol=1
  atom 0: -0.25953 0.54720 3.74015 type=4
  atom 1: 5.03161 9.14630 4.79126 type=4
  atom 2: 7.10247 5.39395 0.52556 type=4
  atom 3: -2.33038 4.29955 8.00585 type=4
  atom 4: -1.23824 8.59966 3.14850 type=3
ML HG_ev = -0.321090 eV
[CLIENT] POSDATA natoms=1191 config_type=101 n_mol=1
  atom 0: -0.25953 0.54720 3.74015 type=4
  atom 1: 5.03161 9.14630 4.79126 type=4
  atom 2: 7.10247 5.39395 0.52556 type=4
  atom 3: -2.33038 4.29955 8.00585 type=4
  atom 4: -1.23824 8.59966 3.14850 type=3
ML HG_ev = 0.054291 eV
[CLIENT] POSDATA natoms=1191 config_type=101 n_mol=1
  atom 0: -0.25953 0.54720 3.74015 type=4
  atom 1: 5.03161 9.14630 4.79126 type=4
  atom 2: 7.10247 5.39395 0.52556 type=4
  atom 3: -2.33038 4.29955 8.00585 type=4
  atom 4: -1.23824 8.59966 3.14850 type=3
ML HG_ev = -0.321446 eV
[CLIENT] POSDATA natoms=1191 config_type=101 n_mol=1
  atom 0: -0.25953 0.54720 3.74015 type=4
  atom 1: 5.03161 9.14630 4.79126 type=4
  atom 2: 7.10247 5.39395 0.52556 type=4
  atom 3: -2.33038 4.29955 8.00585 type=4
  atom 4: -1.23824 8.59966 3.14850 type=3
ML HG_ev = -0.313923 eV
[CLIENT] POSDATA natoms=1191 config_type=101 n_mol=1
  atom 0: -0.25953 0.54720 3.74015 type=4
  atom 1: 5.03161 9.14630 4.79126 type=4
  atom 2: 7.10247 5.39395 0.52556 type=4
  atom 3: -2.33038 4.29955 8.00585 type=4
  atom 4: -1.23824 8.59966 3.14850 type=3
ML HG_ev = -0.312529 eV
[CLIENT] POSDATA natoms=1191 config_type=101 n_mol=1
  atom 0: -0.25953 0.54720 3.74015 type=4
  atom 1: 5.03161 9.14630 4.79126 type=4
  atom 2: 7.10247 5.39395 0.52556 type=4
  atom 3: -2.33038 4.29955 8.00585 type=4
  atom 4: -1.23824 8.59966 3.14850 type=3
ML HG_ev = 1.527628 eV
[CLIENT] POSDATA natoms=1191 config_type=101 n_mol=1
  atom 0: -0.25953 0.54720 3.74015 type=4
  atom 1: 5.03161 9.14630 4.79126 type=4
  atom 2: 7.10247 5.39395 0.52556 type=4
  atom 3: -2.33038 4.29955 8.00585 type=4
  atom 4: -1.23824 8.59966 3.14850 type=3
ML HG_ev = -0.313468 eV
[CLIENT] POSDATA natoms=1191 config_type=101 n_mol=1
  atom 0: -0.25953 0.54720 3.74015 type=4
  atom 1: 5.03161 9.14630 4.79126 type=4
  atom 2: 7.10247 5.39395 0.52556 type=4
  atom 3: -2.33038 4.29955 8.00585 type=4
  atom 4: -1.23824 8.59966 3.14850 type=3
ML HG_ev = -0.320890 eV
[CLIENT] POSDATA natoms=1191 config_type=101 n_mol=1
  atom 0: -0.25953 0.54720 3.74015 type=4
  atom 1: 5.03161 9.14630 4.79126 type=4
  atom 2: 7.10247 5.39395 0.52556 type=4
  atom 3: -2.33038 4.29955 8.00585 type=4
  atom 4: -1.23824 8.59966 3.14850 type=3
ML HG_ev = -0.252279 eV
[CLIENT] POSDATA natoms=1191 config_type=101 n_mol=1
  atom 0: -0.25953 0.54720 3.74015 type=4
  atom 1: 5.03161 9.14630 4.79126 type=4
  atom 2: 7.10247 5.39395 0.52556 type=4
  atom 3: -2.33038 4.29955 8.00585 type=4
  atom 4: -1.23824 8.59966 3.14850 type=3
ML HG_ev = -0.321148 eV
[CLIENT] POSDATA natoms=1191 config_type=101 n_mol=1
  atom 0: -0.25953 0.54720 3.74015 type=4
  atom 1: 5.03161 9.14630 4.79126 type=4
  atom 2: 7.10247 5.39395 0.52556 type=4
  atom 3: -2.33038 4.29955 8.00585 type=4
  atom 4: -1.23824 8.59966 3.14850 type=3
ML HG_ev = 0.300933 eV
[CLIENT] POSDATA natoms=1191 config_type=101 n_mol=1
  atom 0: -0.25953 0.54720 3.74015 type=4
  atom 1: 5.03161 9.14630 4.79126 type=4
  atom 2: 7.10247 5.39395 0.52556 type=4
  atom 3: -2.33038 4.29955 8.00585 type=4
  atom 4: -1.23824 8.59966 3.14850 type=3
ML HG_ev = -0.313529 eV
[CLIENT] POSDATA natoms=1191 config_type=101 n_mol=1
  atom 0: -0.25953 0.54720 3.74015 type=4
  atom 1: 5.03161 9.14630 4.79126 type=4
  atom 2: 7.10247 5.39395 0.52556 type=4
  atom 3: -2.33038 4.29955 8.00585 type=4
  atom 4: -1.23824 8.59966 3.14850 type=3
ML HG_ev = -0.276720 eV
[CLIENT] POSDATA natoms=1191 config_type=101 n_mol=1
  atom 0: -0.25953 0.54720 3.74015 type=4
  atom 1: 5.03161 9.14630 4.79126 type=4
  atom 2: 7.10247 5.39395 0.52556 type=4
  atom 3: -2.33038 4.29955 8.00585 type=4
  atom 4: -1.23824 8.59966 3.14850 type=3
ML HG_ev = -0.320798 eV
[CLIENT] POSDATA natoms=1191 config_type=101 n_mol=1
  atom 0: -0.25953 0.54720 3.74015 type=4
  atom 1: 5.03161 9.14630 4.79126 type=4
  atom 2: 7.10247 5.39395 0.52556 type=4
  atom 3: -2.33038 4.29955 8.00585 type=4
  atom 4: -1.23824 8.59966 3.14850 type=3
ML HG_ev = -0.323976 eV
[CLIENT] POSDATA natoms=1191 config_type=101 n_mol=1
  atom 0: -0.25953 0.54720 3.74015 type=4
  atom 1: 5.03161 9.14630 4.79126 type=4
  atom 2: 7.10247 5.39395 0.52556 type=4
  atom 3: -2.33038 4.29955 8.00585 type=4
  atom 4: -1.23824 8.59966 3.14850 type=3
ML HG_ev = -0.321368 eV
[CLIENT] POSDATA natoms=1191 config_type=101 n_mol=1
  atom 0: -0.25953 0.54720 3.74015 type=4
  atom 1: 5.03161 9.14630 4.79126 type=4
  atom 2: 7.10247 5.39395 0.52556 type=4
  atom 3: -2.33038 4.29955 8.00585 type=4
  atom 4: -1.23824 8.59966 3.14850 type=3
ML HG_ev = -0.314068 eV
[CLIENT] POSDATA natoms=1191 config_type=101 n_mol=1
  atom 0: -0.25953 0.54720 3.74015 type=4
  atom 1: 5.03161 9.14630 4.79126 type=4
  atom 2: 7.10247 5.39395 0.52556 type=4
  atom 3: -2.33038 4.29955 8.00585 type=4
  atom 4: -1.23824 8.59966 3.14850 type=3
ML HG_ev = -0.313686 eV
[CLIENT] POSDATA natoms=1191 config_type=101 n_mol=1
  atom 0: -0.25953 0.54720 3.74015 type=4
  atom 1: 5.03161 9.14630 4.79126 type=4
  atom 2: 7.10247 5.39395 0.52556 type=4
  atom 3: -2.33038 4.29955 8.00585 type=4
  atom 4: -1.23824 8.59966 3.14850 type=3
ML HG_ev = -0.326137 eV
[CLIENT] POSDATA natoms=1191 config_type=101 n_mol=1
  atom 0: -0.25953 0.54720 3.74015 type=4
  atom 1: 5.03161 9.14630 4.79126 type=4
  atom 2: 7.10247 5.39395 0.52556 type=4
  atom 3: -2.33038 4.29955 8.00585 type=4
  atom 4: -1.23824 8.59966 3.14850 type=3
ML HG_ev = -0.313707 eV
[CLIENT] POSDATA natoms=1191 config_type=101 n_mol=1
  atom 0: -0.25953 0.54720 3.74015 type=4
  atom 1: 5.03161 9.14630 4.79126 type=4
  atom 2: 7.10247 5.39395 0.52556 type=4
  atom 3: -2.33038 4.29955 8.00585 type=4
  atom 4: -1.23824 8.59966 3.14850 type=3
ML HG_ev = -0.314084 eV
[CLIENT] POSDATA natoms=1191 config_type=101 n_mol=1
  atom 0: -0.25953 0.54720 3.74015 type=4
  atom 1: 5.03161 9.14630 4.79126 type=4
  atom 2: 7.10247 5.39395 0.52556 type=4
  atom 3: -2.33038 4.29955 8.00585 type=4
  atom 4: -1.23824 8.59966 3.14850 type=3
ML HG_ev = -0.326924 eV
[CLIENT] POSDATA natoms=1191 config_type=101 n_mol=1
  atom 0: -0.25953 0.54720 3.74015 type=4
  atom 1: 5.03161 9.14630 4.79126 type=4
  atom 2: 7.10247 5.39395 0.52556 type=4
  atom 3: -2.33038 4.29955 8.00585 type=4
  atom 4: -1.23824 8.59966 3.14850 type=3
ML HG_ev = 1.278508 eV
[CLIENT] POSDATA natoms=1191 config_type=101 n_mol=1
  atom 0: -0.25953 0.54720 3.74015 type=4
  atom 1: 5.03161 9.14630 4.79126 type=4
  atom 2: 7.10247 5.39395 0.52556 type=4
  atom 3: -2.33038 4.29955 8.00585 type=4
  atom 4: -1.23824 8.59966 3.14850 type=3
ML HG_ev = -0.324622 eV
[CLIENT] POSDATA natoms=1191 config_type=101 n_mol=1
  atom 0: -0.25953 0.54720 3.74015 type=4
  atom 1: 5.03161 9.14630 4.79126 type=4
  atom 2: 7.10247 5.39395 0.52556 type=4
  atom 3: -2.33038 4.29955 8.00585 type=4
  atom 4: -1.23824 8.59966 3.14850 type=3
ML HG_ev = -0.313889 eV
[CLIENT] POSDATA natoms=1191 config_type=101 n_mol=1
  atom 0: -0.25953 0.54720 3.74015 type=4
  atom 1: 5.03161 9.14630 4.79126 type=4
  atom 2: 7.10247 5.39395 0.52556 type=4
  atom 3: -2.33038 4.29955 8.00585 type=4
  atom 4: -1.23824 8.59966 3.14850 type=3
ML HG_ev = -0.295306 eV
[CLIENT] POSDATA natoms=1191 config_type=101 n_mol=1
  atom 0: -0.25953 0.54720 3.74015 type=4
  atom 1: 5.03161 9.14630 4.79126 type=4
  atom 2: 7.10247 5.39395 0.52556 type=4
  atom 3: -2.33038 4.29955 8.00585 type=4
  atom 4: -1.23824 8.59966 3.14850 type=3
ML HG_ev = -0.313399 eV
[CLIENT] POSDATA natoms=1191 config_type=101 n_mol=1
  atom 0: -0.25953 0.54720 3.74015 type=4
  atom 1: 5.03161 9.14630 4.79126 type=4
  atom 2: 7.10247 5.39395 0.52556 type=4
  atom 3: -2.33038 4.29955 8.00585 type=4
  atom 4: -1.23824 8.59966 3.14850 type=3
ML HG_ev = 0.908601 eV
[CLIENT] POSDATA natoms=1191 config_type=101 n_mol=1
  atom 0: -0.25953 0.54720 3.74015 type=4
  atom 1: 5.03161 9.14630 4.79126 type=4
  atom 2: 7.10247 5.39395 0.52556 type=4
  atom 3: -2.33038 4.29955 8.00585 type=4
  atom 4: -1.23824 8.59966 3.14850 type=3
ML HG_ev = -0.324349 eV
[CLIENT] POSDATA natoms=1191 config_type=101 n_mol=1
  atom 0: -0.25953 0.54720 3.74015 type=4
  atom 1: 5.03161 9.14630 4.79126 type=4
  atom 2: 7.10247 5.39395 0.52556 type=4
  atom 3: -2.33038 4.29955 8.00585 type=4
  atom 4: -1.23824 8.59966 3.14850 type=3
ML HG_ev = -0.352608 eV
[CLIENT] POSDATA natoms=1191 config_type=101 n_mol=1
  atom 0: -0.25953 0.54720 3.74015 type=4
  atom 1: 5.03161 9.14630 4.79126 type=4
  atom 2: 7.10247 5.39395 0.52556 type=4
  atom 3: -2.33038 4.29955 8.00585 type=4
  atom 4: -1.23824 8.59966 3.14850 type=3
ML HG_ev = -0.324334 eV
[CLIENT] POSDATA natoms=1191 config_type=101 n_mol=1
  atom 0: -0.25953 0.54720 3.74015 type=4
  atom 1: 5.03161 9.14630 4.79126 type=4
  atom 2: 7.10247 5.39395 0.52556 type=4
  atom 3: -2.33038 4.29955 8.00585 type=4
  atom 4: -1.23824 8.59966 3.14850 type=3
ML HG_ev = 0.186619 eV
[CLIENT] POSDATA natoms=1191 config_type=101 n_mol=1
  atom 0: -0.25953 0.54720 3.74015 type=4
  atom 1: 5.03161 9.14630 4.79126 type=4
  atom 2: 7.10247 5.39395 0.52556 type=4
  atom 3: -2.33038 4.29955 8.00585 type=4
  atom 4: -1.23824 8.59966 3.14850 type=3
ML HG_ev = -0.313780 eV
[CLIENT] POSDATA natoms=1191 config_type=101 n_mol=1
  atom 0: -0.25953 0.54720 3.74015 type=4
  atom 1: 5.03161 9.14630 4.79126 type=4
  atom 2: 7.10247 5.39395 0.52556 type=4
  atom 3: -2.33038 4.29955 8.00585 type=4
  atom 4: -1.23824 8.59966 3.14850 type=3
ML HG_ev = -0.323966 eV
[CLIENT] POSDATA natoms=1191 config_type=101 n_mol=1
  atom 0: -0.25953 0.54720 3.74015 type=4
  atom 1: 5.03161 9.14630 4.79126 type=4
  atom 2: 7.10247 5.39395 0.52556 type=4
  atom 3: -2.33038 4.29955 8.00585 type=4
  atom 4: -1.23824 8.59966 3.14850 type=3
ML HG_ev = -0.359257 eV
[CLIENT] POSDATA natoms=1191 config_type=101 n_mol=1
  atom 0: -0.25953 0.54720 3.74015 type=4
  atom 1: 5.03161 9.14630 4.79126 type=4
  atom 2: 7.10247 5.39395 0.52556 type=4
  atom 3: -2.33038 4.29955 8.00585 type=4
  atom 4: -1.23824 8.59966 3.14850 type=3
ML HG_ev = -0.324153 eV
[CLIENT] POSDATA natoms=1191 config_type=101 n_mol=1
  atom 0: -0.25953 0.54720 3.74015 type=4
  atom 1: 5.03161 9.14630 4.79126 type=4
  atom 2: 7.10247 5.39395 0.52556 type=4
  atom 3: -2.33038 4.29955 8.00585 type=4
  atom 4: -1.23824 8.59966 3.14850 type=3
ML HG_ev = -0.281201 eV
[CLIENT] POSDATA natoms=1191 config_type=101 n_mol=1
  atom 0: -0.25953 0.54720 3.74015 type=4
  atom 1: 5.03161 9.14630 4.79126 type=4
  atom 2: 7.10247 5.39395 0.52556 type=4
  atom 3: -2.33038 4.29955 8.00585 type=4
  atom 4: -1.23824 8.59966 3.14850 type=3
ML HG_ev = -0.313948 eV
[CLIENT] POSDATA natoms=1191 config_type=101 n_mol=1
  atom 0: -0.25953 0.54720 3.74015 type=4
  atom 1: 5.03161 9.14630 4.79126 type=4
  atom 2: 7.10247 5.39395 0.52556 type=4
  atom 3: -2.33038 4.29955 8.00585 type=4
  atom 4: -1.23824 8.59966 3.14850 type=3
ML HG_ev = -0.313552 eV
[CLIENT] POSDATA natoms=1191 config_type=101 n_mol=1
  atom 0: -0.25953 0.54720 3.74015 type=4
  atom 1: 5.03161 9.14630 4.79126 type=4
  atom 2: 7.10247 5.39395 0.52556 type=4
  atom 3: -2.33038 4.29955 8.00585 type=4
  atom 4: -1.23824 8.59966 3.14850 type=3
ML HG_ev = 1.881103 eV
[CLIENT] POSDATA natoms=1191 config_type=101 n_mol=1
  atom 0: -0.25953 0.54720 3.74015 type=4
  atom 1: 5.03161 9.14630 4.79126 type=4
  atom 2: 7.10247 5.39395 0.52556 type=4
  atom 3: -2.33038 4.29955 8.00585 type=4
  atom 4: -1.23824 8.59966 3.14850 type=3
ML HG_ev = -0.314857 eV
[CLIENT] POSDATA natoms=1191 config_type=101 n_mol=1
  atom 0: -0.25953 0.54720 3.74015 type=4
  atom 1: 5.03161 9.14630 4.79126 type=4
  atom 2: 7.10247 5.39395 0.52556 type=4
  atom 3: -2.33038 4.29955 8.00585 type=4
  atom 4: -1.23824 8.59966 3.14850 type=3
ML HG_ev = -0.304863 eV
[CLIENT] POSDATA natoms=1191 config_type=101 n_mol=1
  atom 0: -0.25953 0.54720 3.74015 type=4
  atom 1: 5.03161 9.14630 4.79126 type=4
  atom 2: 7.10247 5.39395 0.52556 type=4
  atom 3: -2.33038 4.29955 8.00585 type=4
  atom 4: -1.23824 8.59966 3.14850 type=3
ML HG_ev = -0.359305 eV
[CLIENT] POSDATA natoms=1191 config_type=101 n_mol=1
  atom 0: -0.25953 0.54720 3.74015 type=4
  atom 1: 5.03161 9.14630 4.79126 type=4
  atom 2: 7.10247 5.39395 0.52556 type=4
  atom 3: -2.33038 4.29955 8.00585 type=4
  atom 4: -1.23824 8.59966 3.14850 type=3
ML HG_ev = -0.352479 eV
[CLIENT] POSDATA natoms=1191 config_type=101 n_mol=1
  atom 0: -0.25953 0.54720 3.74015 type=4
  atom 1: 5.03161 9.14630 4.79126 type=4
  atom 2: 7.10247 5.39395 0.52556 type=4
  atom 3: -2.33038 4.29955 8.00585 type=4
  atom 4: -1.23824 8.59966 3.14850 type=3
ML HG_ev = -0.359564 eV
[CLIENT] POSDATA natoms=1191 config_type=101 n_mol=1
  atom 0: -0.25953 0.54720 3.74015 type=4
  atom 1: 5.03161 9.14630 4.79126 type=4
  atom 2: 7.10247 5.39395 0.52556 type=4
  atom 3: -2.33038 4.29955 8.00585 type=4
  atom 4: -1.23824 8.59966 3.14850 type=3
ML HG_ev = -0.352462 eV
[CLIENT] POSDATA natoms=1191 config_type=101 n_mol=1
  atom 0: -0.25953 0.54720 3.74015 type=4
  atom 1: 5.03161 9.14630 4.79126 type=4
  atom 2: 7.10247 5.39395 0.52556 type=4
  atom 3: -2.33038 4.29955 8.00585 type=4
  atom 4: -1.23824 8.59966 3.14850 type=3
ML HG_ev = 0.040662 eV
[CLIENT] POSDATA natoms=1191 config_type=101 n_mol=1
  atom 0: -0.25953 0.54720 3.74015 type=4
  atom 1: 5.03161 9.14630 4.79126 type=4
  atom 2: 7.10247 5.39395 0.52556 type=4
  atom 3: -2.33038 4.29955 8.00585 type=4
  atom 4: -1.23824 8.59966 3.14850 type=3
ML HG_ev = -0.314365 eV
[CLIENT] POSDATA natoms=1191 config_type=101 n_mol=1
  atom 0: -0.25953 0.54720 3.74015 type=4
  atom 1: 5.03161 9.14630 4.79126 type=4
  atom 2: 7.10247 5.39395 0.52556 type=4
  atom 3: -2.33038 4.29955 8.00585 type=4
  atom 4: -1.23824 8.59966 3.14850 type=3
ML HG_ev = -0.352746 eV
[CLIENT] POSDATA natoms=1191 config_type=101 n_mol=1
  atom 0: -0.25953 0.54720 3.74015 type=4
  atom 1: 5.03161 9.14630 4.79126 type=4
  atom 2: 7.10247 5.39395 0.52556 type=4
  atom 3: -2.33038 4.29955 8.00585 type=4
  atom 4: -1.23824 8.59966 3.14850 type=3
ML HG_ev = -0.351957 eV
[CLIENT] POSDATA natoms=1191 config_type=101 n_mol=1
  atom 0: -0.25953 0.54720 3.74015 type=4
  atom 1: 5.03161 9.14630 4.79126 type=4
  atom 2: 7.10247 5.39395 0.52556 type=4
  atom 3: -2.33038 4.29955 8.00585 type=4
  atom 4: -1.23824 8.59966 3.14850 type=3
ML HG_ev = 0.824538 eV
[CLIENT] POSDATA natoms=1191 config_type=101 n_mol=1
  atom 0: -0.25953 0.54720 3.74015 type=4
  atom 1: 5.03161 9.14630 4.79126 type=4
  atom 2: 7.10247 5.39395 0.52556 type=4
  atom 3: -2.33038 4.29955 8.00585 type=4
  atom 4: -1.23824 8.59966 3.14850 type=3
ML HG_ev = -0.352114 eV
[CLIENT] POSDATA natoms=1191 config_type=101 n_mol=1
  atom 0: -0.25953 0.54720 3.74015 type=4
  atom 1: 5.03161 9.14630 4.79126 type=4
  atom 2: 7.10247 5.39395 0.52556 type=4
  atom 3: -2.33038 4.29955 8.00585 type=4
  atom 4: -1.23824 8.59966 3.14850 type=3
ML HG_ev = -0.322492 eV
[CLIENT] POSDATA natoms=1191 config_type=101 n_mol=1
  atom 0: -0.25953 0.54720 3.74015 type=4
  atom 1: 5.03161 9.14630 4.79126 type=4
  atom 2: 7.10247 5.39395 0.52556 type=4
  atom 3: -2.33038 4.29955 8.00585 type=4
  atom 4: -1.23824 8.59966 3.14850 type=3
ML HG_ev = -0.313466 eV
[CLIENT] POSDATA natoms=1191 config_type=101 n_mol=1
  atom 0: -0.25953 0.54720 3.74015 type=4
  atom 1: 5.03161 9.14630 4.79126 type=4
  atom 2: 7.10247 5.39395 0.52556 type=4
  atom 3: -2.33038 4.29955 8.00585 type=4
  atom 4: -1.23824 8.59966 3.14850 type=3
ML HG_ev = 1.416008 eV
[CLIENT] POSDATA natoms=1191 config_type=101 n_mol=1
  atom 0: -0.25953 0.54720 3.74015 type=4
  atom 1: 5.03161 9.14630 4.79126 type=4
  atom 2: 7.10247 5.39395 0.52556 type=4
  atom 3: -2.33038 4.29955 8.00585 type=4
  atom 4: -1.23824 8.59966 3.14850 type=3
ML HG_ev = -0.322231 eV
[CLIENT] POSDATA natoms=1191 config_type=101 n_mol=1
  atom 0: -0.25953 0.54720 3.74015 type=4
  atom 1: 5.03161 9.14630 4.79126 type=4
  atom 2: 7.10247 5.39395 0.52556 type=4
  atom 3: -2.33038 4.29955 8.00585 type=4
  atom 4: -1.23824 8.59966 3.14850 type=3
ML HG_ev = 1.722359 eV
[CLIENT] POSDATA natoms=1191 config_type=101 n_mol=1
  atom 0: -0.25953 0.54720 3.74015 type=4
  atom 1: 5.03161 9.14630 4.79126 type=4
  atom 2: 7.10247 5.39395 0.52556 type=4
  atom 3: -2.33038 4.29955 8.00585 type=4
  atom 4: -1.23824 8.59966 3.14850 type=3
ML HG_ev = -0.352799 eV
[CLIENT] POSDATA natoms=1191 config_type=101 n_mol=1
  atom 0: -0.25953 0.54720 3.74015 type=4
  atom 1: 5.03161 9.14630 4.79126 type=4
  atom 2: 7.10247 5.39395 0.52556 type=4
  atom 3: -2.33038 4.29955 8.00585 type=4
  atom 4: -1.23824 8.59966 3.14850 type=3
ML HG_ev = -0.352731 eV
[CLIENT] POSDATA natoms=1191 config_type=101 n_mol=1
  atom 0: -0.25953 0.54720 3.74015 type=4
  atom 1: 5.03161 9.14630 4.79126 type=4
  atom 2: 7.10247 5.39395 0.52556 type=4
  atom 3: -2.33038 4.29955 8.00585 type=4
  atom 4: -1.23824 8.59966 3.14850 type=3
ML HG_ev = 0.568699 eV
[CLIENT] POSDATA natoms=1191 config_type=101 n_mol=1
  atom 0: -0.25953 0.54720 3.74015 type=4
  atom 1: 5.03161 9.14630 4.79126 type=4
  atom 2: 7.10247 5.39395 0.52556 type=4
  atom 3: -2.33038 4.29955 8.00585 type=4
  atom 4: -1.23824 8.59966 3.14850 type=3
ML HG_ev = -0.321971 eV
[CLIENT] POSDATA natoms=1191 config_type=101 n_mol=1
  atom 0: -0.25953 0.54720 3.74015 type=4
  atom 1: 5.03161 9.14630 4.79126 type=4
  atom 2: 7.10247 5.39395 0.52556 type=4
  atom 3: -2.33038 4.29955 8.00585 type=4
  atom 4: -1.23824 8.59966 3.14850 type=3
ML HG_ev = -0.225150 eV
[CLIENT] POSDATA natoms=1191 config_type=101 n_mol=1
  atom 0: -0.25953 0.54720 3.74015 type=4
  atom 1: 5.03161 9.14630 4.79126 type=4
  atom 2: 7.10247 5.39395 0.52556 type=4
  atom 3: -2.33038 4.29955 8.00585 type=4
  atom 4: -1.23824 8.59966 3.14850 type=3
ML HG_ev = -0.322442 eV
[CLIENT] POSDATA natoms=1191 config_type=101 n_mol=1
  atom 0: -0.25953 0.54720 3.74015 type=4
  atom 1: 5.03161 9.14630 4.79126 type=4
  atom 2: 7.10247 5.39395 0.52556 type=4
  atom 3: -2.33038 4.29955 8.00585 type=4
  atom 4: -1.23824 8.59966 3.14850 type=3
ML HG_ev = 0.327449 eV
[CLIENT] POSDATA natoms=1191 config_type=101 n_mol=1
  atom 0: -0.25953 0.54720 3.74015 type=4
  atom 1: 5.03161 9.14630 4.79126 type=4
  atom 2: 7.10247 5.39395 0.52556 type=4
  atom 3: -2.33038 4.29955 8.00585 type=4
  atom 4: -1.23824 8.59966 3.14850 type=3
ML HG_ev = -0.352716 eV
[CLIENT] POSDATA natoms=1191 config_type=101 n_mol=1
  atom 0: -0.25953 0.54720 3.74015 type=4
  atom 1: 5.03161 9.14630 4.79126 type=4
  atom 2: 7.10247 5.39395 0.52556 type=4
  atom 3: -2.33038 4.29955 8.00585 type=4
  atom 4: -1.23824 8.59966 3.14850 type=3
ML HG_ev = -0.245449 eV
[CLIENT] POSDATA natoms=1191 config_type=101 n_mol=1
  atom 0: -0.25953 0.54720 3.74015 type=4
  atom 1: 5.03161 9.14630 4.79126 type=4
  atom 2: 7.10247 5.39395 0.52556 type=4
  atom 3: -2.33038 4.29955 8.00585 type=4
  atom 4: -1.23824 8.59966 3.14850 type=3
ML HG_ev = -0.322051 eV
[CLIENT] POSDATA natoms=1191 config_type=101 n_mol=1
  atom 0: -0.25953 0.54720 3.74015 type=4
  atom 1: 5.03161 9.14630 4.79126 type=4
  atom 2: 7.10247 5.39395 0.52556 type=4
  atom 3: -2.33038 4.29955 8.00585 type=4
  atom 4: -1.23824 8.59966 3.14850 type=3
ML HG_ev = -0.322134 eV
[CLIENT] POSDATA natoms=1191 config_type=101 n_mol=1
  atom 0: -0.25953 0.54720 3.74015 type=4
  atom 1: 5.03161 9.14630 4.79126 type=4
  atom 2: 7.10247 5.39395 0.52556 type=4
  atom 3: -2.33038 4.29955 8.00585 type=4
  atom 4: -1.23824 8.59966 3.14850 type=3
ML HG_ev = -0.350867 eV
[CLIENT] POSDATA natoms=1191 config_type=101 n_mol=1
  atom 0: -0.25953 0.54720 3.74015 type=4
  atom 1: 5.03161 9.14630 4.79126 type=4
  atom 2: 7.10247 5.39395 0.52556 type=4
  atom 3: -2.33038 4.29955 8.00585 type=4
  atom 4: -1.23824 8.59966 3.14850 type=3
ML HG_ev = -0.352344 eV
[CLIENT] POSDATA natoms=1191 config_type=101 n_mol=1
  atom 0: -0.25953 0.54720 3.74015 type=4
  atom 1: 5.03161 9.14630 4.79126 type=4
  atom 2: 7.10247 5.39395 0.52556 type=4
  atom 3: -2.33038 4.29955 8.00585 type=4
  atom 4: -1.23824 8.59966 3.14850 type=3
ML HG_ev = 0.834195 eV
[CLIENT] POSDATA natoms=1191 config_type=101 n_mol=1
  atom 0: -0.25953 0.54720 3.74015 type=4
  atom 1: 5.03161 9.14630 4.79126 type=4
  atom 2: 7.10247 5.39395 0.52556 type=4
  atom 3: -2.33038 4.29955 8.00585 type=4
  atom 4: -1.23824 8.59966 3.14850 type=3
ML HG_ev = -0.350474 eV
[CLIENT] POSDATA natoms=1191 config_type=101 n_mol=1
  atom 0: -0.25953 0.54720 3.74015 type=4
  atom 1: 5.03161 9.14630 4.79126 type=4
  atom 2: 7.10247 5.39395 0.52556 type=4
  atom 3: -2.33038 4.29955 8.00585 type=4
  atom 4: -1.23824 8.59966 3.14850 type=3
ML HG_ev = 0.602920 eV
[CLIENT] POSDATA natoms=1191 config_type=101 n_mol=1
  atom 0: -0.25953 0.54720 3.74015 type=4
  atom 1: 5.03161 9.14630 4.79126 type=4
  atom 2: 7.10247 5.39395 0.52556 type=4
  atom 3: -2.33038 4.29955 8.00585 type=4
  atom 4: -1.23824 8.59966 3.14850 type=3
ML HG_ev = -0.322192 eV
[CLIENT] POSDATA natoms=1191 config_type=101 n_mol=1
  atom 0: -0.25953 0.54720 3.74015 type=4
  atom 1: 5.03161 9.14630 4.79126 type=4
  atom 2: 7.10247 5.39395 0.52556 type=4
  atom 3: -2.33038 4.29955 8.00585 type=4
  atom 4: -1.23824 8.59966 3.14850 type=3
ML HG_ev = -0.322082 eV
[CLIENT] POSDATA natoms=1191 config_type=101 n_mol=1
  atom 0: -0.25953 0.54720 3.74015 type=4
  atom 1: 5.03161 9.14630 4.79126 type=4
  atom 2: 7.10247 5.39395 0.52556 type=4
  atom 3: -2.33038 4.29955 8.00585 type=4
  atom 4: -1.23824 8.59966 3.14850 type=3
ML HG_ev = -0.322089 eV
[CLIENT] POSDATA natoms=1191 config_type=101 n_mol=1
  atom 0: -0.25953 0.54720 3.74015 type=4
  atom 1: 5.03161 9.14630 4.79126 type=4
  atom 2: 7.10247 5.39395 0.52556 type=4
  atom 3: -2.33038 4.29955 8.00585 type=4
  atom 4: -1.23824 8.59966 3.14850 type=3
ML HG_ev = 0.692749 eV
[CLIENT] POSDATA natoms=1191 config_type=101 n_mol=1
  atom 0: -0.25953 0.54720 3.74015 type=4
  atom 1: 5.03161 9.14630 4.79126 type=4
  atom 2: 7.10247 5.39395 0.52556 type=4
  atom 3: -2.33038 4.29955 8.00585 type=4
  atom 4: -1.23824 8.59966 3.14850 type=3
ML HG_ev = -0.350745 eV
[CLIENT] POSDATA natoms=1191 config_type=101 n_mol=1
  atom 0: -0.25953 0.54720 3.74015 type=4
  atom 1: 5.03161 9.14630 4.79126 type=4
  atom 2: 7.10247 5.39395 0.52556 type=4
  atom 3: -2.33038 4.29955 8.00585 type=4
  atom 4: -1.23824 8.59966 3.14850 type=3
ML HG_ev = 0.914372 eV
[CLIENT] POSDATA natoms=1191 config_type=101 n_mol=1
  atom 0: -0.25953 0.54720 3.74015 type=4
  atom 1: 5.03161 9.14630 4.79126 type=4
  atom 2: 7.10247 5.39395 0.52556 type=4
  atom 3: -2.33038 4.29955 8.00585 type=4
  atom 4: -1.23824 8.59966 3.14850 type=3
ML HG_ev = -0.321800 eV
[CLIENT] POSDATA natoms=1191 config_type=101 n_mol=1
  atom 0: -0.25953 0.54720 3.74015 type=4
  atom 1: 5.03161 9.14630 4.79126 type=4
  atom 2: 7.10247 5.39395 0.52556 type=4
  atom 3: -2.33038 4.29955 8.00585 type=4
  atom 4: -1.23824 8.59966 3.14850 type=3
ML HG_ev = -0.105686 eV
[CLIENT] POSDATA natoms=1191 config_type=101 n_mol=1
  atom 0: -0.25953 0.54720 3.74015 type=4
  atom 1: 5.03161 9.14630 4.79126 type=4
  atom 2: 7.10247 5.39395 0.52556 type=4
  atom 3: -2.33038 4.29955 8.00585 type=4
  atom 4: -1.23824 8.59966 3.14850 type=3
ML HG_ev = -0.321517 eV
[CLIENT] POSDATA natoms=1191 config_type=101 n_mol=1
  atom 0: -0.25953 0.54720 3.74015 type=4
  atom 1: 5.03161 9.14630 4.79126 type=4
  atom 2: 7.10247 5.39395 0.52556 type=4
  atom 3: -2.33038 4.29955 8.00585 type=4
  atom 4: -1.23824 8.59966 3.14850 type=3
ML HG_ev = -0.265396 eV
[CLIENT] POSDATA natoms=1191 config_type=101 n_mol=1
  atom 0: -0.25953 0.54720 3.74015 type=4
  atom 1: 5.03161 9.14630 4.79126 type=4
  atom 2: 7.10247 5.39395 0.52556 type=4
  atom 3: -2.33038 4.29955 8.00585 type=4
  atom 4: -1.23824 8.59966 3.14850 type=3
ML HG_ev = -0.350899 eV
[CLIENT] POSDATA natoms=1191 config_type=101 n_mol=1
  atom 0: -0.25953 0.54720 3.74015 type=4
  atom 1: 5.03161 9.14630 4.79126 type=4
  atom 2: 7.10247 5.39395 0.52556 type=4
  atom 3: -2.33038 4.29955 8.00585 type=4
  atom 4: -1.23824 8.59966 3.14850 type=3
ML HG_ev = -0.322112 eV
[CLIENT] POSDATA natoms=1191 config_type=101 n_mol=1
  atom 0: -0.25953 0.54720 3.74015 type=4
  atom 1: 5.03161 9.14630 4.79126 type=4
  atom 2: 7.10247 5.39395 0.52556 type=4
  atom 3: -2.33038 4.29955 8.00585 type=4
  atom 4: -1.23824 8.59966 3.14850 type=3
ML HG_ev = 0.067317 eV
[CLIENT] POSDATA natoms=1191 config_type=101 n_mol=1
  atom 0: -0.25953 0.54720 3.74015 type=4
  atom 1: 5.03161 9.14630 4.79126 type=4
  atom 2: 7.10247 5.39395 0.52556 type=4
  atom 3: -2.33038 4.29955 8.00585 type=4
  atom 4: -1.23824 8.59966 3.14850 type=3
ML HG_ev = -0.321696 eV
[CLIENT] POSDATA natoms=1191 config_type=101 n_mol=1
  atom 0: -0.25953 0.54720 3.74015 type=4
  atom 1: 5.03161 9.14630 4.79126 type=4
  atom 2: 7.10247 5.39395 0.52556 type=4
  atom 3: -2.33038 4.29955 8.00585 type=4
  atom 4: -1.23824 8.59966 3.14850 type=3
ML HG_ev = -0.279459 eV
[CLIENT] POSDATA natoms=1191 config_type=101 n_mol=1
  atom 0: -0.25953 0.54720 3.74015 type=4
  atom 1: 5.03161 9.14630 4.79126 type=4
  atom 2: 7.10247 5.39395 0.52556 type=4
  atom 3: -2.33038 4.29955 8.00585 type=4
  atom 4: -1.23824 8.59966 3.14850 type=3
ML HG_ev = -0.321702 eV
[CLIENT] POSDATA natoms=1191 config_type=101 n_mol=1
  atom 0: -0.25953 0.54720 3.74015 type=4
  atom 1: 5.03161 9.14630 4.79126 type=4
  atom 2: 7.10247 5.39395 0.52556 type=4
  atom 3: -2.33038 4.29955 8.00585 type=4
  atom 4: -1.23824 8.59966 3.14850 type=3
ML HG_ev = 2.033171 eV
[CLIENT] POSDATA natoms=1191 config_type=101 n_mol=1
  atom 0: -0.25953 0.54720 3.74015 type=4
  atom 1: 5.03161 9.14630 4.79126 type=4
  atom 2: 7.10247 5.39395 0.52556 type=4
  atom 3: -2.33038 4.29955 8.00585 type=4
  atom 4: -1.23824 8.59966 3.14850 type=3
ML HG_ev = -0.302270 eV
[CLIENT] POSDATA natoms=1191 config_type=101 n_mol=1
  atom 0: -0.25953 0.54720 3.74015 type=4
  atom 1: 5.03161 9.14630 4.79126 type=4
  atom 2: 7.10247 5.39395 0.52556 type=4
  atom 3: -2.33038 4.29955 8.00585 type=4
  atom 4: -1.23824 8.59966 3.14850 type=3
ML HG_ev = -0.322516 eV
[CLIENT] POSDATA natoms=1191 config_type=101 n_mol=1
  atom 0: -0.25953 0.54720 3.74015 type=4
  atom 1: 5.03161 9.14630 4.79126 type=4
  atom 2: 7.10247 5.39395 0.52556 type=4
  atom 3: -2.33038 4.29955 8.00585 type=4
  atom 4: -1.23824 8.59966 3.14850 type=3
ML HG_ev = -0.000966 eV
[CLIENT] POSDATA natoms=1191 config_type=101 n_mol=1
  atom 0: -0.25953 0.54720 3.74015 type=4
  atom 1: 5.03161 9.14630 4.79126 type=4
  atom 2: 7.10247 5.39395 0.52556 type=4
  atom 3: -2.33038 4.29955 8.00585 type=4
  atom 4: -1.23824 8.59966 3.14850 type=3
ML HG_ev = -0.321819 eV
[CLIENT] POSDATA natoms=1191 config_type=101 n_mol=1
  atom 0: -0.25953 0.54720 3.74015 type=4
  atom 1: 5.03161 9.14630 4.79126 type=4
  atom 2: 7.10247 5.39395 0.52556 type=4
  atom 3: -2.33038 4.29955 8.00585 type=4
  atom 4: -1.23824 8.59966 3.14850 type=3
ML HG_ev = -0.022364 eV
[CLIENT] POSDATA natoms=1191 config_type=101 n_mol=1
  atom 0: -0.25953 0.54720 3.74015 type=4
  atom 1: 5.03161 9.14630 4.79126 type=4
  atom 2: 7.10247 5.39395 0.52556 type=4
  atom 3: -2.33038 4.29955 8.00585 type=4
  atom 4: -1.23824 8.59966 3.14850 type=3
ML HG_ev = -0.350673 eV
[CLIENT] POSDATA natoms=1191 config_type=101 n_mol=1
  atom 0: -0.25953 0.54720 3.74015 type=4
  atom 1: 5.03161 9.14630 4.79126 type=4
  atom 2: 7.10247 5.39395 0.52556 type=4
  atom 3: -2.33038 4.29955 8.00585 type=4
  atom 4: -1.23824 8.59966 3.14850 type=3
ML HG_ev = -0.296802 eV
[CLIENT] POSDATA natoms=1191 config_type=101 n_mol=1
  atom 0: -0.25953 0.54720 3.74015 type=4
  atom 1: 5.03161 9.14630 4.79126 type=4
  atom 2: 7.10247 5.39395 0.52556 type=4
  atom 3: -2.33038 4.29955 8.00585 type=4
  atom 4: -1.23824 8.59966 3.14850 type=3
ML HG_ev = -0.322024 eV
[CLIENT] POSDATA natoms=1191 config_type=101 n_mol=1
  atom 0: -0.25953 0.54720 3.74015 type=4
  atom 1: 5.03161 9.14630 4.79126 type=4
  atom 2: 7.10247 5.39395 0.52556 type=4
  atom 3: -2.33038 4.29955 8.00585 type=4
  atom 4: -1.23824 8.59966 3.14850 type=3
ML HG_ev = -0.340930 eV
[CLIENT] POSDATA natoms=1191 config_type=101 n_mol=1
  atom 0: -0.25953 0.54720 3.74015 type=4
  atom 1: 5.03161 9.14630 4.79126 type=4
  atom 2: 7.10247 5.39395 0.52556 type=4
  atom 3: -2.33038 4.29955 8.00585 type=4
  atom 4: -1.23824 8.59966 3.14850 type=3
ML HG_ev = -0.351255 eV
[CLIENT] POSDATA natoms=1191 config_type=101 n_mol=1
  atom 0: -0.25953 0.54720 3.74015 type=4
  atom 1: 5.03161 9.14630 4.79126 type=4
  atom 2: 7.10247 5.39395 0.52556 type=4
  atom 3: -2.33038 4.29955 8.00585 type=4
  atom 4: -1.23824 8.59966 3.14850 type=3
ML HG_ev = -0.350568 eV
[CLIENT] POSDATA natoms=1191 config_type=101 n_mol=1
  atom 0: -0.25953 0.54720 3.74015 type=4
  atom 1: 5.03161 9.14630 4.79126 type=4
  atom 2: 7.10247 5.39395 0.52556 type=4
  atom 3: -2.33038 4.29955 8.00585 type=4
  atom 4: -1.23824 8.59966 3.14850 type=3
ML HG_ev = -0.277788 eV
[CLIENT] POSDATA natoms=1191 config_type=101 n_mol=1
  atom 0: -0.25953 0.54720 3.74015 type=4
  atom 1: 5.03161 9.14630 4.79126 type=4
  atom 2: 7.10247 5.39395 0.52556 type=4
  atom 3: -2.33038 4.29955 8.00585 type=4
  atom 4: -1.23824 8.59966 3.14850 type=3
ML HG_ev = -0.321991 eV
[CLIENT] POSDATA natoms=1191 config_type=101 n_mol=1
  atom 0: -0.25953 0.54720 3.74015 type=4
  atom 1: 5.03161 9.14630 4.79126 type=4
  atom 2: 7.10247 5.39395 0.52556 type=4
  atom 3: -2.33038 4.29955 8.00585 type=4
  atom 4: -1.23824 8.59966 3.14850 type=3
ML HG_ev = -0.232957 eV
[CLIENT] POSDATA natoms=1191 config_type=101 n_mol=1
  atom 0: -0.25953 0.54720 3.74015 type=4
  atom 1: 5.03161 9.14630 4.79126 type=4
  atom 2: 7.10247 5.39395 0.52556 type=4
  atom 3: -2.33038 4.29955 8.00585 type=4
  atom 4: -1.23824 8.59966 3.14850 type=3
ML HG_ev = -0.350611 eV
[CLIENT] POSDATA natoms=1191 config_type=101 n_mol=1
  atom 0: -0.25953 0.54720 3.74015 type=4
  atom 1: 5.03161 9.14630 4.79126 type=4
  atom 2: 7.10247 5.39395 0.52556 type=4
  atom 3: -2.33038 4.29955 8.00585 type=4
  atom 4: -1.23824 8.59966 3.14850 type=3
ML HG_ev = -0.257837 eV
[CLIENT] POSDATA natoms=1191 config_type=101 n_mol=1
  atom 0: -0.25953 0.54720 3.74015 type=4
  atom 1: 5.03161 9.14630 4.79126 type=4
  atom 2: 7.10247 5.39395 0.52556 type=4
  atom 3: -2.33038 4.29955 8.00585 type=4
  atom 4: -1.23824 8.59966 3.14850 type=3
ML HG_ev = -0.350699 eV
[CLIENT] POSDATA natoms=1191 config_type=101 n_mol=1
  atom 0: -0.25953 0.54720 3.74015 type=4
  atom 1: 5.03161 9.14630 4.79126 type=4
  atom 2: 7.10247 5.39395 0.52556 type=4
  atom 3: -2.33038 4.29955 8.00585 type=4
  atom 4: -1.23824 8.59966 3.14850 type=3
ML HG_ev = -0.359522 eV
[CLIENT] POSDATA natoms=1191 config_type=101 n_mol=1
  atom 0: -0.25953 0.54720 3.74015 type=4
  atom 1: 5.03161 9.14630 4.79126 type=4
  atom 2: 7.10247 5.39395 0.52556 type=4
  atom 3: -2.33038 4.29955 8.00585 type=4
  atom 4: -1.23824 8.59966 3.14850 type=3
ML HG_ev = -0.350728 eV
[CLIENT] POSDATA natoms=1191 config_type=101 n_mol=1
  atom 0: -0.25953 0.54720 3.74015 type=4
  atom 1: 5.03161 9.14630 4.79126 type=4
  atom 2: 7.10247 5.39395 0.52556 type=4
  atom 3: -2.33038 4.29955 8.00585 type=4
  atom 4: -1.23824 8.59966 3.14850 type=3
ML HG_ev = -0.355777 eV
[CLIENT] POSDATA natoms=1191 config_type=101 n_mol=1
  atom 0: -0.25953 0.54720 3.74015 type=4
  atom 1: 5.03161 9.14630 4.79126 type=4
  atom 2: 7.10247 5.39395 0.52556 type=4
  atom 3: -2.33038 4.29955 8.00585 type=4
  atom 4: -1.23824 8.59966 3.14850 type=3
ML HG_ev = -0.359789 eV
[CLIENT] POSDATA natoms=1191 config_type=101 n_mol=1
  atom 0: -0.25953 0.54720 3.74015 type=4
  atom 1: 5.03161 9.14630 4.79126 type=4
  atom 2: 7.10247 5.39395 0.52556 type=4
  atom 3: -2.33038 4.29955 8.00585 type=4
  atom 4: -1.23824 8.59966 3.14850 type=3
ML HG_ev = -0.117821 eV
[CLIENT] POSDATA natoms=1191 config_type=101 n_mol=1
  atom 0: -0.25953 0.54720 3.74015 type=4
  atom 1: 5.03161 9.14630 4.79126 type=4
  atom 2: 7.10247 5.39395 0.52556 type=4
  atom 3: -2.33038 4.29955 8.00585 type=4
  atom 4: -1.23824 8.59966 3.14850 type=3
ML HG_ev = -0.278417 eV
[CLIENT] POSDATA natoms=1191 config_type=101 n_mol=1
  atom 0: -0.25953 0.54720 3.74015 type=4
  atom 1: 5.03161 9.14630 4.79126 type=4
  atom 2: 7.10247 5.39395 0.52556 type=4
  atom 3: -2.33038 4.29955 8.00585 type=4
  atom 4: -1.23824 8.59966 3.14850 type=3
ML HG_ev = -0.120439 eV
[CLIENT] POSDATA natoms=1191 config_type=101 n_mol=1
  atom 0: -0.25953 0.54720 3.74015 type=4
  atom 1: 5.03161 9.14630 4.79126 type=4
  atom 2: 7.10247 5.39395 0.52556 type=4
  atom 3: -2.33038 4.29955 8.00585 type=4
  atom 4: -1.23824 8.59966 3.14850 type=3
ML HG_ev = -0.278481 eV
[CLIENT] POSDATA natoms=1191 config_type=101 n_mol=1
  atom 0: -0.25953 0.54720 3.74015 type=4
  atom 1: 5.03161 9.14630 4.79126 type=4
  atom 2: 7.10247 5.39395 0.52556 type=4
  atom 3: -2.33038 4.29955 8.00585 type=4
  atom 4: -1.23824 8.59966 3.14850 type=3
ML HG_ev = -0.292205 eV
[CLIENT] POSDATA natoms=1191 config_type=101 n_mol=1
  atom 0: -0.25953 0.54720 3.74015 type=4
  atom 1: 5.03161 9.14630 4.79126 type=4
  atom 2: 7.10247 5.39395 0.52556 type=4
  atom 3: -2.33038 4.29955 8.00585 type=4
  atom 4: -1.23824 8.59966 3.14850 type=3
ML HG_ev = -0.278400 eV
[CLIENT] POSDATA natoms=1191 config_type=101 n_mol=1
  atom 0: -0.25953 0.54720 3.74015 type=4
  atom 1: 5.03161 9.14630 4.79126 type=4
  atom 2: 7.10247 5.39395 0.52556 type=4
  atom 3: -2.33038 4.29955 8.00585 type=4
  atom 4: -1.23824 8.59966 3.14850 type=3
ML HG_ev = -0.359930 eV
[CLIENT] POSDATA natoms=1191 config_type=101 n_mol=1
  atom 0: -0.25953 0.54720 3.74015 type=4
  atom 1: 5.03161 9.14630 4.79126 type=4
  atom 2: 7.10247 5.39395 0.52556 type=4
  atom 3: -2.33038 4.29955 8.00585 type=4
  atom 4: -1.23824 8.59966 3.14850 type=3
ML HG_ev = -0.360436 eV
[CLIENT] POSDATA natoms=1191 config_type=101 n_mol=1
  atom 0: -0.25953 0.54720 3.74015 type=4
  atom 1: 5.03161 9.14630 4.79126 type=4
  atom 2: 7.10247 5.39395 0.52556 type=4
  atom 3: -2.33038 4.29955 8.00585 type=4
  atom 4: -1.23824 8.59966 3.14850 type=3
ML HG_ev = -0.047105 eV
[CLIENT] POSDATA natoms=1191 config_type=101 n_mol=1
  atom 0: -0.25953 0.54720 3.74015 type=4
  atom 1: 5.03161 9.14630 4.79126 type=4
  atom 2: 7.10247 5.39395 0.52556 type=4
  atom 3: -2.33038 4.29955 8.00585 type=4
  atom 4: -1.23824 8.59966 3.14850 type=3
ML HG_ev = -0.359829 eV
[CLIENT] POSDATA natoms=1191 config_type=101 n_mol=1
  atom 0: -0.25953 0.54720 3.74015 type=4
  atom 1: 5.03161 9.14630 4.79126 type=4
  atom 2: 7.10247 5.39395 0.52556 type=4
  atom 3: -2.33038 4.29955 8.00585 type=4
  atom 4: -1.23824 8.59966 3.14850 type=3
ML HG_ev = 0.865505 eV
[CLIENT] POSDATA natoms=1191 config_type=101 n_mol=1
  atom 0: -0.25953 0.54720 3.74015 type=4
  atom 1: 5.03161 9.14630 4.79126 type=4
  atom 2: 7.10247 5.39395 0.52556 type=4
  atom 3: -2.33038 4.29955 8.00585 type=4
  atom 4: -1.23824 8.59966 3.14850 type=3
ML HG_ev = -0.292561 eV
[CLIENT] POSDATA natoms=1191 config_type=101 n_mol=1
  atom 0: -0.25953 0.54720 3.74015 type=4
  atom 1: 5.03161 9.14630 4.79126 type=4
  atom 2: 7.10247 5.39395 0.52556 type=4
  atom 3: -2.33038 4.29955 8.00585 type=4
  atom 4: -1.23824 8.59966 3.14850 type=3
ML HG_ev = -0.314834 eV
[CLIENT] POSDATA natoms=1191 config_type=101 n_mol=1
  atom 0: -0.25953 0.54720 3.74015 type=4
  atom 1: 5.03161 9.14630 4.79126 type=4
  atom 2: 7.10247 5.39395 0.52556 type=4
  atom 3: -2.33038 4.29955 8.00585 type=4
  atom 4: -1.23824 8.59966 3.14850 type=3
ML HG_ev = -0.292079 eV
[CLIENT] POSDATA natoms=1191 config_type=101 n_mol=1
  atom 0: -0.25953 0.54720 3.74015 type=4
  atom 1: 5.03161 9.14630 4.79126 type=4
  atom 2: 7.10247 5.39395 0.52556 type=4
  atom 3: -2.33038 4.29955 8.00585 type=4
  atom 4: -1.23824 8.59966 3.14850 type=3
ML HG_ev = -0.147614 eV
[CLIENT] POSDATA natoms=1191 config_type=101 n_mol=1
  atom 0: -0.25953 0.54720 3.74015 type=4
  atom 1: 5.03161 9.14630 4.79126 type=4
  atom 2: 7.10247 5.39395 0.52556 type=4
  atom 3: -2.33038 4.29955 8.00585 type=4
  atom 4: -1.23824 8.59966 3.14850 type=3
ML HG_ev = -0.314327 eV
[CLIENT] POSDATA natoms=1191 config_type=101 n_mol=1
  atom 0: -0.25953 0.54720 3.74015 type=4
  atom 1: 5.03161 9.14630 4.79126 type=4
  atom 2: 7.10247 5.39395 0.52556 type=4
  atom 3: -2.33038 4.29955 8.00585 type=4
  atom 4: -1.23824 8.59966 3.14850 type=3
ML HG_ev = 0.366584 eV
[CLIENT] POSDATA natoms=1191 config_type=101 n_mol=1
  atom 0: -0.25953 0.54720 3.74015 type=4
  atom 1: 5.03161 9.14630 4.79126 type=4
  atom 2: 7.10247 5.39395 0.52556 type=4
  atom 3: -2.33038 4.29955 8.00585 type=4
  atom 4: -1.23824 8.59966 3.14850 type=3
ML HG_ev = -0.359692 eV
[CLIENT] POSDATA natoms=1191 config_type=101 n_mol=1
  atom 0: -0.25953 0.54720 3.74015 type=4
  atom 1: 5.03161 9.14630 4.79126 type=4
  atom 2: 7.10247 5.39395 0.52556 type=4
  atom 3: -2.33038 4.29955 8.00585 type=4
  atom 4: -1.23824 8.59966 3.14850 type=3
ML HG_ev = -0.214516 eV
[CLIENT] POSDATA natoms=1191 config_type=101 n_mol=1
  atom 0: -0.25953 0.54720 3.74015 type=4
  atom 1: 5.03161 9.14630 4.79126 type=4
  atom 2: 7.10247 5.39395 0.52556 type=4
  atom 3: -2.33038 4.29955 8.00585 type=4
  atom 4: -1.23824 8.59966 3.14850 type=3
ML HG_ev = -0.314556 eV
[CLIENT] POSDATA natoms=1191 config_type=101 n_mol=1
  atom 0: -0.25953 0.54720 3.74015 type=4
  atom 1: 5.03161 9.14630 4.79126 type=4
  atom 2: 7.10247 5.39395 0.52556 type=4
  atom 3: -2.33038 4.29955 8.00585 type=4
  atom 4: -1.23824 8.59966 3.14850 type=3
ML HG_ev = -0.289605 eV
[CLIENT] POSDATA natoms=1191 config_type=101 n_mol=1
  atom 0: -0.25953 0.54720 3.74015 type=4
  atom 1: 5.03161 9.14630 4.79126 type=4
  atom 2: 7.10247 5.39395 0.52556 type=4
  atom 3: -2.33038 4.29955 8.00585 type=4
  atom 4: -1.23824 8.59966 3.14850 type=3
ML HG_ev = -0.314031 eV
[CLIENT] POSDATA natoms=1191 config_type=101 n_mol=1
  atom 0: -0.25953 0.54720 3.74015 type=4
  atom 1: 5.03161 9.14630 4.79126 type=4
  atom 2: 7.10247 5.39395 0.52556 type=4
  atom 3: -2.33038 4.29955 8.00585 type=4
  atom 4: -1.23824 8.59966 3.14850 type=3
ML HG_ev = -0.359880 eV
[CLIENT] POSDATA natoms=1191 config_type=101 n_mol=1
  atom 0: -0.25953 0.54720 3.74015 type=4
  atom 1: 5.03161 9.14630 4.79126 type=4
  atom 2: 7.10247 5.39395 0.52556 type=4
  atom 3: -2.33038 4.29955 8.00585 type=4
  atom 4: -1.23824 8.59966 3.14850 type=3
ML HG_ev = -0.265104 eV
[CLIENT] POSDATA natoms=1191 config_type=101 n_mol=1
  atom 0: -0.25953 0.54720 3.74015 type=4
  atom 1: 5.03161 9.14630 4.79126 type=4
  atom 2: 7.10247 5.39395 0.52556 type=4
  atom 3: -2.33038 4.29955 8.00585 type=4
  atom 4: -1.23824 8.59966 3.14850 type=3
ML HG_ev = -0.359791 eV
[CLIENT] POSDATA natoms=1191 config_type=101 n_mol=1
  atom 0: -0.25953 0.54720 3.74015 type=4
  atom 1: 5.03161 9.14630 4.79126 type=4
  atom 2: 7.10247 5.39395 0.52556 type=4
  atom 3: -2.33038 4.29955 8.00585 type=4
  atom 4: -1.23824 8.59966 3.14850 type=3
ML HG_ev = -0.289536 eV
[CLIENT] POSDATA natoms=1191 config_type=101 n_mol=1
  atom 0: -0.25953 0.54720 3.74015 type=4
  atom 1: 5.03161 9.14630 4.79126 type=4
  atom 2: 7.10247 5.39395 0.52556 type=4
  atom 3: -2.33038 4.29955 8.00585 type=4
  atom 4: -1.23824 8.59966 3.14850 type=3
ML HG_ev = -0.290434 eV
[CLIENT] POSDATA natoms=1191 config_type=101 n_mol=1
  atom 0: -0.25953 0.54720 3.74015 type=4
  atom 1: 5.03161 9.14630 4.79126 type=4
  atom 2: 7.10247 5.39395 0.52556 type=4
  atom 3: -2.33038 4.29955 8.00585 type=4
  atom 4: -1.23824 8.59966 3.14850 type=3
ML HG_ev = 1.981217 eV
[CLIENT] POSDATA natoms=1191 config_type=101 n_mol=1
  atom 0: -0.25953 0.54720 3.74015 type=4
  atom 1: 5.03161 9.14630 4.79126 type=4
  atom 2: 7.10247 5.39395 0.52556 type=4
  atom 3: -2.33038 4.29955 8.00585 type=4
  atom 4: -1.23824 8.59966 3.14850 type=3
ML HG_ev = -0.359686 eV
[CLIENT] POSDATA natoms=1191 config_type=101 n_mol=1
  atom 0: -0.25953 0.54720 3.74015 type=4
  atom 1: 5.03161 9.14630 4.79126 type=4
  atom 2: 7.10247 5.39395 0.52556 type=4
  atom 3: -2.33038 4.29955 8.00585 type=4
  atom 4: -1.23824 8.59966 3.14850 type=3
ML HG_ev = -0.328324 eV
[CLIENT] POSDATA natoms=1191 config_type=101 n_mol=1
  atom 0: -0.25953 0.54720 3.74015 type=4
  atom 1: 5.03161 9.14630 4.79126 type=4
  atom 2: 7.10247 5.39395 0.52556 type=4
  atom 3: -2.33038 4.29955 8.00585 type=4
  atom 4: -1.23824 8.59966 3.14850 type=3
ML HG_ev = -0.290301 eV
[CLIENT] POSDATA natoms=1191 config_type=101 n_mol=1
  atom 0: -0.25953 0.54720 3.74015 type=4
  atom 1: 5.03161 9.14630 4.79126 type=4
  atom 2: 7.10247 5.39395 0.52556 type=4
  atom 3: -2.33038 4.29955 8.00585 type=4
  atom 4: -1.23824 8.59966 3.14850 type=3
ML HG_ev = -0.321918 eV
[CLIENT] POSDATA natoms=1191 config_type=101 n_mol=1
  atom 0: -0.25953 0.54720 3.74015 type=4
  atom 1: 5.03161 9.14630 4.79126 type=4
  atom 2: 7.10247 5.39395 0.52556 type=4
  atom 3: -2.33038 4.29955 8.00585 type=4
  atom 4: -1.23824 8.59966 3.14850 type=3
ML HG_ev = -0.360303 eV
[CLIENT] POSDATA natoms=1191 config_type=101 n_mol=1
  atom 0: -0.25953 0.54720 3.74015 type=4
  atom 1: 5.03161 9.14630 4.79126 type=4
  atom 2: 7.10247 5.39395 0.52556 type=4
  atom 3: -2.33038 4.29955 8.00585 type=4
  atom 4: -1.23824 8.59966 3.14850 type=3
ML HG_ev = 1.652349 eV
[CLIENT] POSDATA natoms=1191 config_type=101 n_mol=1
  atom 0: -0.25953 0.54720 3.74015 type=4
  atom 1: 5.03161 9.14630 4.79126 type=4
  atom 2: 7.10247 5.39395 0.52556 type=4
  atom 3: -2.33038 4.29955 8.00585 type=4
  atom 4: -1.23824 8.59966 3.14850 type=3
ML HG_ev = -0.328304 eV
[CLIENT] POSDATA natoms=1191 config_type=101 n_mol=1
  atom 0: -0.25953 0.54720 3.74015 type=4
  atom 1: 5.03161 9.14630 4.79126 type=4
  atom 2: 7.10247 5.39395 0.52556 type=4
  atom 3: -2.33038 4.29955 8.00585 type=4
  atom 4: -1.23824 8.59966 3.14850 type=3
ML HG_ev = -0.339947 eV
[CLIENT] POSDATA natoms=1191 config_type=101 n_mol=1
  atom 0: -0.25953 0.54720 3.74015 type=4
  atom 1: 5.03161 9.14630 4.79126 type=4
  atom 2: 7.10247 5.39395 0.52556 type=4
  atom 3: -2.33038 4.29955 8.00585 type=4
  atom 4: -1.23824 8.59966 3.14850 type=3
ML HG_ev = -0.322178 eV
[CLIENT] POSDATA natoms=1191 config_type=101 n_mol=1
  atom 0: -0.25953 0.54720 3.74015 type=4
  atom 1: 5.03161 9.14630 4.79126 type=4
  atom 2: 7.10247 5.39395 0.52556 type=4
  atom 3: -2.33038 4.29955 8.00585 type=4
  atom 4: -1.23824 8.59966 3.14850 type=3
ML HG_ev = -0.317419 eV
[CLIENT] POSDATA natoms=1191 config_type=101 n_mol=1
  atom 0: -0.25953 0.54720 3.74015 type=4
  atom 1: 5.03161 9.14630 4.79126 type=4
  atom 2: 7.10247 5.39395 0.52556 type=4
  atom 3: -2.33038 4.29955 8.00585 type=4
  atom 4: -1.23824 8.59966 3.14850 type=3
ML HG_ev = -0.340695 eV
[CLIENT] POSDATA natoms=1191 config_type=101 n_mol=1
  atom 0: -0.25953 0.54720 3.74015 type=4
  atom 1: 5.03161 9.14630 4.79126 type=4
  atom 2: 7.10247 5.39395 0.52556 type=4
  atom 3: -2.33038 4.29955 8.00585 type=4
  atom 4: -1.23824 8.59966 3.14850 type=3
ML HG_ev = -0.327641 eV
[CLIENT] POSDATA natoms=1191 config_type=101 n_mol=1
  atom 0: -0.25953 0.54720 3.74015 type=4
  atom 1: 5.03161 9.14630 4.79126 type=4
  atom 2: 7.10247 5.39395 0.52556 type=4
  atom 3: -2.33038 4.29955 8.00585 type=4
  atom 4: -1.23824 8.59966 3.14850 type=3
ML HG_ev = 1.077604 eV
[CLIENT] POSDATA natoms=1191 config_type=101 n_mol=1
  atom 0: -0.25953 0.54720 3.74015 type=4
  atom 1: 5.03161 9.14630 4.79126 type=4
  atom 2: 7.10247 5.39395 0.52556 type=4
  atom 3: -2.33038 4.29955 8.00585 type=4
  atom 4: -1.23824 8.59966 3.14850 type=3
ML HG_ev = -0.317050 eV
[CLIENT] POSDATA natoms=1191 config_type=101 n_mol=1
  atom 0: -0.25953 0.54720 3.74015 type=4
  atom 1: 5.03161 9.14630 4.79126 type=4
  atom 2: 7.10247 5.39395 0.52556 type=4
  atom 3: -2.33038 4.29955 8.00585 type=4
  atom 4: -1.23824 8.59966 3.14850 type=3
ML HG_ev = 0.010715 eV
[CLIENT] POSDATA natoms=1191 config_type=101 n_mol=1
  atom 0: -0.25953 0.54720 3.74015 type=4
  atom 1: 5.03161 9.14630 4.79126 type=4
  atom 2: 7.10247 5.39395 0.52556 type=4
  atom 3: -2.33038 4.29955 8.00585 type=4
  atom 4: -1.23824 8.59966 3.14850 type=3
ML HG_ev = -0.317626 eV
[CLIENT] POSDATA natoms=1191 config_type=101 n_mol=1
  atom 0: -0.25953 0.54720 3.74015 type=4
  atom 1: 5.03161 9.14630 4.79126 type=4
  atom 2: 7.10247 5.39395 0.52556 type=4
  atom 3: -2.33038 4.29955 8.00585 type=4
  atom 4: -1.23824 8.59966 3.14850 type=3
ML HG_ev = -0.280471 eV
[CLIENT] POSDATA natoms=1191 config_type=101 n_mol=1
  atom 0: -0.25953 0.54720 3.74015 type=4
  atom 1: 5.03161 9.14630 4.79126 type=4
  atom 2: 7.10247 5.39395 0.52556 type=4
  atom 3: -2.33038 4.29955 8.00585 type=4
  atom 4: -1.23824 8.59966 3.14850 type=3
ML HG_ev = -0.328270 eV
[CLIENT] POSDATA natoms=1191 config_type=101 n_mol=1
  atom 0: -0.25953 0.54720 3.74015 type=4
  atom 1: 5.03161 9.14630 4.79126 type=4
  atom 2: 7.10247 5.39395 0.52556 type=4
  atom 3: -2.33038 4.29955 8.00585 type=4
  atom 4: -1.23824 8.59966 3.14850 type=3
ML HG_ev = -0.317419 eV
[CLIENT] POSDATA natoms=1191 config_type=101 n_mol=1
  atom 0: -0.25953 0.54720 3.74015 type=4
  atom 1: 5.03161 9.14630 4.79126 type=4
  atom 2: 7.10247 5.39395 0.52556 type=4
  atom 3: -2.33038 4.29955 8.00585 type=4
  atom 4: -1.23824 8.59966 3.14850 type=3
ML HG_ev = -0.327904 eV
[CLIENT] POSDATA natoms=1191 config_type=101 n_mol=1
  atom 0: -0.25953 0.54720 3.74015 type=4
  atom 1: 5.03161 9.14630 4.79126 type=4
  atom 2: 7.10247 5.39395 0.52556 type=4
  atom 3: -2.33038 4.29955 8.00585 type=4
  atom 4: -1.23824 8.59966 3.14850 type=3
PRODUCTION Cycle: 600, 2 Adsorbate Molecules, Total Energy: -6119.23308  ||  Component 0 [calf20_ddec_super.cif], 1 Molecules  ||  Component 1 [CO2], 2 Molecules  ||  
ML HG_ev = -0.316629 eV
[CLIENT] POSDATA natoms=1191 config_type=101 n_mol=1
  atom 0: -0.25953 0.54720 3.74015 type=4
  atom 1: 5.03161 9.14630 4.79126 type=4
  atom 2: 7.10247 5.39395 0.52556 type=4
  atom 3: -2.33038 4.29955 8.00585 type=4
  atom 4: -1.23824 8.59966 3.14850 type=3
ML HG_ev = -0.328383 eV
[CLIENT] POSDATA natoms=1191 config_type=101 n_mol=1
  atom 0: -0.25953 0.54720 3.74015 type=4
  atom 1: 5.03161 9.14630 4.79126 type=4
  atom 2: 7.10247 5.39395 0.52556 type=4
  atom 3: -2.33038 4.29955 8.00585 type=4
  atom 4: -1.23824 8.59966 3.14850 type=3
ML HG_ev = -0.328396 eV
[CLIENT] POSDATA natoms=1191 config_type=101 n_mol=1
  atom 0: -0.25953 0.54720 3.74015 type=4
  atom 1: 5.03161 9.14630 4.79126 type=4
  atom 2: 7.10247 5.39395 0.52556 type=4
  atom 3: -2.33038 4.29955 8.00585 type=4
  atom 4: -1.23824 8.59966 3.14850 type=3
ML HG_ev = -0.327895 eV
[CLIENT] POSDATA natoms=1191 config_type=101 n_mol=1
  atom 0: -0.25953 0.54720 3.74015 type=4
  atom 1: 5.03161 9.14630 4.79126 type=4
  atom 2: 7.10247 5.39395 0.52556 type=4
  atom 3: -2.33038 4.29955 8.00585 type=4
  atom 4: -1.23824 8.59966 3.14850 type=3
ML HG_ev = -0.311402 eV
[CLIENT] POSDATA natoms=1191 config_type=101 n_mol=1
  atom 0: -0.25953 0.54720 3.74015 type=4
  atom 1: 5.03161 9.14630 4.79126 type=4
  atom 2: 7.10247 5.39395 0.52556 type=4
  atom 3: -2.33038 4.29955 8.00585 type=4
  atom 4: -1.23824 8.59966 3.14850 type=3
ML HG_ev = -0.328312 eV
[CLIENT] POSDATA natoms=1191 config_type=101 n_mol=1
  atom 0: -0.25953 0.54720 3.74015 type=4
  atom 1: 5.03161 9.14630 4.79126 type=4
  atom 2: 7.10247 5.39395 0.52556 type=4
  atom 3: -2.33038 4.29955 8.00585 type=4
  atom 4: -1.23824 8.59966 3.14850 type=3
ML HG_ev = -0.302627 eV
[CLIENT] POSDATA natoms=1191 config_type=101 n_mol=1
  atom 0: -0.25953 0.54720 3.74015 type=4
  atom 1: 5.03161 9.14630 4.79126 type=4
  atom 2: 7.10247 5.39395 0.52556 type=4
  atom 3: -2.33038 4.29955 8.00585 type=4
  atom 4: -1.23824 8.59966 3.14850 type=3
ML HG_ev = -0.328222 eV
[CLIENT] POSDATA natoms=1191 config_type=101 n_mol=1
  atom 0: -0.25953 0.54720 3.74015 type=4
  atom 1: 5.03161 9.14630 4.79126 type=4
  atom 2: 7.10247 5.39395 0.52556 type=4
  atom 3: -2.33038 4.29955 8.00585 type=4
  atom 4: -1.23824 8.59966 3.14850 type=3
ML HG_ev = -0.313097 eV
[CLIENT] POSDATA natoms=1191 config_type=101 n_mol=1
  atom 0: -0.25953 0.54720 3.74015 type=4
  atom 1: 5.03161 9.14630 4.79126 type=4
  atom 2: 7.10247 5.39395 0.52556 type=4
  atom 3: -2.33038 4.29955 8.00585 type=4
  atom 4: -1.23824 8.59966 3.14850 type=3
ML HG_ev = -0.316578 eV
[CLIENT] POSDATA natoms=1191 config_type=101 n_mol=1
  atom 0: -0.25953 0.54720 3.74015 type=4
  atom 1: 5.03161 9.14630 4.79126 type=4
  atom 2: 7.10247 5.39395 0.52556 type=4
  atom 3: -2.33038 4.29955 8.00585 type=4
  atom 4: -1.23824 8.59966 3.14850 type=3
ML HG_ev = 2.095301 eV
[CLIENT] POSDATA natoms=1191 config_type=101 n_mol=1
  atom 0: -0.25953 0.54720 3.74015 type=4
  atom 1: 5.03161 9.14630 4.79126 type=4
  atom 2: 7.10247 5.39395 0.52556 type=4
  atom 3: -2.33038 4.29955 8.00585 type=4
  atom 4: -1.23824 8.59966 3.14850 type=3
ML HG_ev = -0.302025 eV
[CLIENT] POSDATA natoms=1191 config_type=101 n_mol=1
  atom 0: -0.25953 0.54720 3.74015 type=4
  atom 1: 5.03161 9.14630 4.79126 type=4
  atom 2: 7.10247 5.39395 0.52556 type=4
  atom 3: -2.33038 4.29955 8.00585 type=4
  atom 4: -1.23824 8.59966 3.14850 type=3
ML HG_ev = -0.344710 eV
[CLIENT] POSDATA natoms=1191 config_type=101 n_mol=1
  atom 0: -0.25953 0.54720 3.74015 type=4
  atom 1: 5.03161 9.14630 4.79126 type=4
  atom 2: 7.10247 5.39395 0.52556 type=4
  atom 3: -2.33038 4.29955 8.00585 type=4
  atom 4: -1.23824 8.59966 3.14850 type=3
ML HG_ev = -0.311539 eV
[CLIENT] POSDATA natoms=1191 config_type=101 n_mol=1
  atom 0: -0.25953 0.54720 3.74015 type=4
  atom 1: 5.03161 9.14630 4.79126 type=4
  atom 2: 7.10247 5.39395 0.52556 type=4
  atom 3: -2.33038 4.29955 8.00585 type=4
  atom 4: -1.23824 8.59966 3.14850 type=3
ML HG_ev = -0.351626 eV
[CLIENT] POSDATA natoms=1191 config_type=101 n_mol=1
  atom 0: -0.25953 0.54720 3.74015 type=4
  atom 1: 5.03161 9.14630 4.79126 type=4
  atom 2: 7.10247 5.39395 0.52556 type=4
  atom 3: -2.33038 4.29955 8.00585 type=4
  atom 4: -1.23824 8.59966 3.14850 type=3
ML HG_ev = -0.345958 eV
[CLIENT] POSDATA natoms=1191 config_type=101 n_mol=1
  atom 0: -0.25953 0.54720 3.74015 type=4
  atom 1: 5.03161 9.14630 4.79126 type=4
  atom 2: 7.10247 5.39395 0.52556 type=4
  atom 3: -2.33038 4.29955 8.00585 type=4
  atom 4: -1.23824 8.59966 3.14850 type=3
ML HG_ev = -0.228100 eV
[CLIENT] POSDATA natoms=1191 config_type=101 n_mol=1
  atom 0: -0.25953 0.54720 3.74015 type=4
  atom 1: 5.03161 9.14630 4.79126 type=4
  atom 2: 7.10247 5.39395 0.52556 type=4
  atom 3: -2.33038 4.29955 8.00585 type=4
  atom 4: -1.23824 8.59966 3.14850 type=3
ML HG_ev = -0.302544 eV
[CLIENT] POSDATA natoms=1191 config_type=101 n_mol=1
  atom 0: -0.25953 0.54720 3.74015 type=4
  atom 1: 5.03161 9.14630 4.79126 type=4
  atom 2: 7.10247 5.39395 0.52556 type=4
  atom 3: -2.33038 4.29955 8.00585 type=4
  atom 4: -1.23824 8.59966 3.14850 type=3
ML HG_ev = -0.083768 eV
[CLIENT] POSDATA natoms=1191 config_type=101 n_mol=1
  atom 0: -0.25953 0.54720 3.74015 type=4
  atom 1: 5.03161 9.14630 4.79126 type=4
  atom 2: 7.10247 5.39395 0.52556 type=4
  atom 3: -2.33038 4.29955 8.00585 type=4
  atom 4: -1.23824 8.59966 3.14850 type=3
ML HG_ev = -0.227788 eV
[CLIENT] POSDATA natoms=1191 config_type=101 n_mol=1
  atom 0: -0.25953 0.54720 3.74015 type=4
  atom 1: 5.03161 9.14630 4.79126 type=4
  atom 2: 7.10247 5.39395 0.52556 type=4
  atom 3: -2.33038 4.29955 8.00585 type=4
  atom 4: -1.23824 8.59966 3.14850 type=3
ML HG_ev = -0.139593 eV
[CLIENT] POSDATA natoms=1191 config_type=101 n_mol=1
  atom 0: -0.25953 0.54720 3.74015 type=4
  atom 1: 5.03161 9.14630 4.79126 type=4
  atom 2: 7.10247 5.39395 0.52556 type=4
  atom 3: -2.33038 4.29955 8.00585 type=4
  atom 4: -1.23824 8.59966 3.14850 type=3
ML HG_ev = -0.227711 eV
[CLIENT] POSDATA natoms=1191 config_type=101 n_mol=1
  atom 0: -0.25953 0.54720 3.74015 type=4
  atom 1: 5.03161 9.14630 4.79126 type=4
  atom 2: 7.10247 5.39395 0.52556 type=4
  atom 3: -2.33038 4.29955 8.00585 type=4
  atom 4: -1.23824 8.59966 3.14850 type=3
ML HG_ev = 0.032810 eV
[CLIENT] POSDATA natoms=1191 config_type=101 n_mol=1
  atom 0: -0.25953 0.54720 3.74015 type=4
  atom 1: 5.03161 9.14630 4.79126 type=4
  atom 2: 7.10247 5.39395 0.52556 type=4
  atom 3: -2.33038 4.29955 8.00585 type=4
  atom 4: -1.23824 8.59966 3.14850 type=3
ML HG_ev = -0.227345 eV
[CLIENT] POSDATA natoms=1191 config_type=101 n_mol=1
  atom 0: -0.25953 0.54720 3.74015 type=4
  atom 1: 5.03161 9.14630 4.79126 type=4
  atom 2: 7.10247 5.39395 0.52556 type=4
  atom 3: -2.33038 4.29955 8.00585 type=4
  atom 4: -1.23824 8.59966 3.14850 type=3
ML HG_ev = -0.226500 eV
[CLIENT] POSDATA natoms=1191 config_type=101 n_mol=1
  atom 0: -0.25953 0.54720 3.74015 type=4
  atom 1: 5.03161 9.14630 4.79126 type=4
  atom 2: 7.10247 5.39395 0.52556 type=4
  atom 3: -2.33038 4.29955 8.00585 type=4
  atom 4: -1.23824 8.59966 3.14850 type=3
ML HG_ev = -0.227701 eV
[CLIENT] POSDATA natoms=1191 config_type=101 n_mol=1
  atom 0: -0.25953 0.54720 3.74015 type=4
  atom 1: 5.03161 9.14630 4.79126 type=4
  atom 2: 7.10247 5.39395 0.52556 type=4
  atom 3: -2.33038 4.29955 8.00585 type=4
  atom 4: -1.23824 8.59966 3.14850 type=3
ML HG_ev = -0.352037 eV
[CLIENT] POSDATA natoms=1191 config_type=101 n_mol=1
  atom 0: -0.25953 0.54720 3.74015 type=4
  atom 1: 5.03161 9.14630 4.79126 type=4
  atom 2: 7.10247 5.39395 0.52556 type=4
  atom 3: -2.33038 4.29955 8.00585 type=4
  atom 4: -1.23824 8.59966 3.14850 type=3
ML HG_ev = 0.023252 eV
[CLIENT] POSDATA natoms=1191 config_type=101 n_mol=1
  atom 0: -0.25953 0.54720 3.74015 type=4
  atom 1: 5.03161 9.14630 4.79126 type=4
  atom 2: 7.10247 5.39395 0.52556 type=4
  atom 3: -2.33038 4.29955 8.00585 type=4
  atom 4: -1.23824 8.59966 3.14850 type=3
ML HG_ev = -0.225773 eV
[CLIENT] POSDATA natoms=1191 config_type=101 n_mol=1
  atom 0: -0.25953 0.54720 3.74015 type=4
  atom 1: 5.03161 9.14630 4.79126 type=4
  atom 2: 7.10247 5.39395 0.52556 type=4
  atom 3: -2.33038 4.29955 8.00585 type=4
  atom 4: -1.23824 8.59966 3.14850 type=3
ML HG_ev = 0.889126 eV
[CLIENT] POSDATA natoms=1191 config_type=101 n_mol=1
  atom 0: -0.25953 0.54720 3.74015 type=4
  atom 1: 5.03161 9.14630 4.79126 type=4
  atom 2: 7.10247 5.39395 0.52556 type=4
  atom 3: -2.33038 4.29955 8.00585 type=4
  atom 4: -1.23824 8.59966 3.14850 type=3
ML HG_ev = -0.226294 eV
[CLIENT] POSDATA natoms=1191 config_type=101 n_mol=1
  atom 0: -0.25953 0.54720 3.74015 type=4
  atom 1: 5.03161 9.14630 4.79126 type=4
  atom 2: 7.10247 5.39395 0.52556 type=4
  atom 3: -2.33038 4.29955 8.00585 type=4
  atom 4: -1.23824 8.59966 3.14850 type=3
ML HG_ev = -0.094871 eV
[CLIENT] POSDATA natoms=1191 config_type=101 n_mol=1
  atom 0: -0.25953 0.54720 3.74015 type=4
  atom 1: 5.03161 9.14630 4.79126 type=4
  atom 2: 7.10247 5.39395 0.52556 type=4
  atom 3: -2.33038 4.29955 8.00585 type=4
  atom 4: -1.23824 8.59966 3.14850 type=3
ML HG_ev = -0.226758 eV
[CLIENT] POSDATA natoms=1191 config_type=101 n_mol=1
  atom 0: -0.25953 0.54720 3.74015 type=4
  atom 1: 5.03161 9.14630 4.79126 type=4
  atom 2: 7.10247 5.39395 0.52556 type=4
  atom 3: -2.33038 4.29955 8.00585 type=4
  atom 4: -1.23824 8.59966 3.14850 type=3
ML HG_ev = -0.172459 eV
[CLIENT] POSDATA natoms=1191 config_type=101 n_mol=1
  atom 0: -0.25953 0.54720 3.74015 type=4
  atom 1: 5.03161 9.14630 4.79126 type=4
  atom 2: 7.10247 5.39395 0.52556 type=4
  atom 3: -2.33038 4.29955 8.00585 type=4
  atom 4: -1.23824 8.59966 3.14850 type=3
ML HG_ev = -0.226623 eV
[CLIENT] POSDATA natoms=1191 config_type=101 n_mol=1
  atom 0: -0.25953 0.54720 3.74015 type=4
  atom 1: 5.03161 9.14630 4.79126 type=4
  atom 2: 7.10247 5.39395 0.52556 type=4
  atom 3: -2.33038 4.29955 8.00585 type=4
  atom 4: -1.23824 8.59966 3.14850 type=3
ML HG_ev = -0.327666 eV
[CLIENT] POSDATA natoms=1191 config_type=101 n_mol=1
  atom 0: -0.25953 0.54720 3.74015 type=4
  atom 1: 5.03161 9.14630 4.79126 type=4
  atom 2: 7.10247 5.39395 0.52556 type=4
  atom 3: -2.33038 4.29955 8.00585 type=4
  atom 4: -1.23824 8.59966 3.14850 type=3
ML HG_ev = -0.351723 eV
[CLIENT] POSDATA natoms=1191 config_type=101 n_mol=1
  atom 0: -0.25953 0.54720 3.74015 type=4
  atom 1: 5.03161 9.14630 4.79126 type=4
  atom 2: 7.10247 5.39395 0.52556 type=4
  atom 3: -2.33038 4.29955 8.00585 type=4
  atom 4: -1.23824 8.59966 3.14850 type=3
ML HG_ev = -0.229528 eV
[CLIENT] POSDATA natoms=1191 config_type=101 n_mol=1
  atom 0: -0.25953 0.54720 3.74015 type=4
  atom 1: 5.03161 9.14630 4.79126 type=4
  atom 2: 7.10247 5.39395 0.52556 type=4
  atom 3: -2.33038 4.29955 8.00585 type=4
  atom 4: -1.23824 8.59966 3.14850 type=3
ML HG_ev = -0.226148 eV
[CLIENT] POSDATA natoms=1191 config_type=101 n_mol=1
  atom 0: -0.25953 0.54720 3.74015 type=4
  atom 1: 5.03161 9.14630 4.79126 type=4
  atom 2: 7.10247 5.39395 0.52556 type=4
  atom 3: -2.33038 4.29955 8.00585 type=4
  atom 4: -1.23824 8.59966 3.14850 type=3
ML HG_ev = -0.272804 eV
[CLIENT] POSDATA natoms=1191 config_type=101 n_mol=1
  atom 0: -0.25953 0.54720 3.74015 type=4
  atom 1: 5.03161 9.14630 4.79126 type=4
  atom 2: 7.10247 5.39395 0.52556 type=4
  atom 3: -2.33038 4.29955 8.00585 type=4
  atom 4: -1.23824 8.59966 3.14850 type=3
ML HG_ev = -0.328174 eV
[CLIENT] POSDATA natoms=1191 config_type=101 n_mol=1
  atom 0: -0.25953 0.54720 3.74015 type=4
  atom 1: 5.03161 9.14630 4.79126 type=4
  atom 2: 7.10247 5.39395 0.52556 type=4
  atom 3: -2.33038 4.29955 8.00585 type=4
  atom 4: -1.23824 8.59966 3.14850 type=3
ML HG_ev = -0.295151 eV
[CLIENT] POSDATA natoms=1191 config_type=101 n_mol=1
  atom 0: -0.25953 0.54720 3.74015 type=4
  atom 1: 5.03161 9.14630 4.79126 type=4
  atom 2: 7.10247 5.39395 0.52556 type=4
  atom 3: -2.33038 4.29955 8.00585 type=4
  atom 4: -1.23824 8.59966 3.14850 type=3
ML HG_ev = -0.271959 eV
[CLIENT] POSDATA natoms=1191 config_type=101 n_mol=1
  atom 0: -0.25953 0.54720 3.74015 type=4
  atom 1: 5.03161 9.14630 4.79126 type=4
  atom 2: 7.10247 5.39395 0.52556 type=4
  atom 3: -2.33038 4.29955 8.00585 type=4
  atom 4: -1.23824 8.59966 3.14850 type=3
ML HG_ev = -0.357291 eV
[CLIENT] POSDATA natoms=1191 config_type=101 n_mol=1
  atom 0: -0.25953 0.54720 3.74015 type=4
  atom 1: 5.03161 9.14630 4.79126 type=4
  atom 2: 7.10247 5.39395 0.52556 type=4
  atom 3: -2.33038 4.29955 8.00585 type=4
  atom 4: -1.23824 8.59966 3.14850 type=3
ML HG_ev = -0.272461 eV
[CLIENT] POSDATA natoms=1191 config_type=101 n_mol=1
  atom 0: -0.25953 0.54720 3.74015 type=4
  atom 1: 5.03161 9.14630 4.79126 type=4
  atom 2: 7.10247 5.39395 0.52556 type=4
  atom 3: -2.33038 4.29955 8.00585 type=4
  atom 4: -1.23824 8.59966 3.14850 type=3
ML HG_ev = -0.362249 eV
[CLIENT] POSDATA natoms=1191 config_type=101 n_mol=1
  atom 0: -0.25953 0.54720 3.74015 type=4
  atom 1: 5.03161 9.14630 4.79126 type=4
  atom 2: 7.10247 5.39395 0.52556 type=4
  atom 3: -2.33038 4.29955 8.00585 type=4
  atom 4: -1.23824 8.59966 3.14850 type=3
ML HG_ev = -0.358107 eV
[CLIENT] POSDATA natoms=1191 config_type=101 n_mol=1
  atom 0: -0.25953 0.54720 3.74015 type=4
  atom 1: 5.03161 9.14630 4.79126 type=4
  atom 2: 7.10247 5.39395 0.52556 type=4
  atom 3: -2.33038 4.29955 8.00585 type=4
  atom 4: -1.23824 8.59966 3.14850 type=3
ML HG_ev = 0.670701 eV
[CLIENT] POSDATA natoms=1191 config_type=101 n_mol=1
  atom 0: -0.25953 0.54720 3.74015 type=4
  atom 1: 5.03161 9.14630 4.79126 type=4
  atom 2: 7.10247 5.39395 0.52556 type=4
  atom 3: -2.33038 4.29955 8.00585 type=4
  atom 4: -1.23824 8.59966 3.14850 type=3
ML HG_ev = -0.226400 eV
[CLIENT] POSDATA natoms=1191 config_type=101 n_mol=1
  atom 0: -0.25953 0.54720 3.74015 type=4
  atom 1: 5.03161 9.14630 4.79126 type=4
  atom 2: 7.10247 5.39395 0.52556 type=4
  atom 3: -2.33038 4.29955 8.00585 type=4
  atom 4: -1.23824 8.59966 3.14850 type=3
ML HG_ev = 0.421966 eV
[CLIENT] POSDATA natoms=1191 config_type=101 n_mol=1
  atom 0: -0.25953 0.54720 3.74015 type=4
  atom 1: 5.03161 9.14630 4.79126 type=4
  atom 2: 7.10247 5.39395 0.52556 type=4
  atom 3: -2.33038 4.29955 8.00585 type=4
  atom 4: -1.23824 8.59966 3.14850 type=3
ML HG_ev = -0.227147 eV
[CLIENT] POSDATA natoms=1191 config_type=101 n_mol=1
  atom 0: -0.25953 0.54720 3.74015 type=4
  atom 1: 5.03161 9.14630 4.79126 type=4
  atom 2: 7.10247 5.39395 0.52556 type=4
  atom 3: -2.33038 4.29955 8.00585 type=4
  atom 4: -1.23824 8.59966 3.14850 type=3
ML HG_ev = 1.088091 eV
[CLIENT] POSDATA natoms=1191 config_type=101 n_mol=1
  atom 0: -0.25953 0.54720 3.74015 type=4
  atom 1: 5.03161 9.14630 4.79126 type=4
  atom 2: 7.10247 5.39395 0.52556 type=4
  atom 3: -2.33038 4.29955 8.00585 type=4
  atom 4: -1.23824 8.59966 3.14850 type=3
ML HG_ev = -0.362361 eV
[CLIENT] POSDATA natoms=1191 config_type=101 n_mol=1
  atom 0: -0.25953 0.54720 3.74015 type=4
  atom 1: 5.03161 9.14630 4.79126 type=4
  atom 2: 7.10247 5.39395 0.52556 type=4
  atom 3: -2.33038 4.29955 8.00585 type=4
  atom 4: -1.23824 8.59966 3.14850 type=3
ML HG_ev = -0.357064 eV
[CLIENT] POSDATA natoms=1191 config_type=101 n_mol=1
  atom 0: -0.25953 0.54720 3.74015 type=4
  atom 1: 5.03161 9.14630 4.79126 type=4
  atom 2: 7.10247 5.39395 0.52556 type=4
  atom 3: -2.33038 4.29955 8.00585 type=4
  atom 4: -1.23824 8.59966 3.14850 type=3
ML HG_ev = -0.362206 eV
[CLIENT] POSDATA natoms=1191 config_type=101 n_mol=1
  atom 0: -0.25953 0.54720 3.74015 type=4
  atom 1: 5.03161 9.14630 4.79126 type=4
  atom 2: 7.10247 5.39395 0.52556 type=4
  atom 3: -2.33038 4.29955 8.00585 type=4
  atom 4: -1.23824 8.59966 3.14850 type=3
ML HG_ev = -0.226667 eV
[CLIENT] POSDATA natoms=1191 config_type=101 n_mol=1
  atom 0: -0.25953 0.54720 3.74015 type=4
  atom 1: 5.03161 9.14630 4.79126 type=4
  atom 2: 7.10247 5.39395 0.52556 type=4
  atom 3: -2.33038 4.29955 8.00585 type=4
  atom 4: -1.23824 8.59966 3.14850 type=3
ML HG_ev = 0.137824 eV
[CLIENT] POSDATA natoms=1191 config_type=101 n_mol=1
  atom 0: -0.25953 0.54720 3.74015 type=4
  atom 1: 5.03161 9.14630 4.79126 type=4
  atom 2: 7.10247 5.39395 0.52556 type=4
  atom 3: -2.33038 4.29955 8.00585 type=4
  atom 4: -1.23824 8.59966 3.14850 type=3
ML HG_ev = -0.226741 eV
[CLIENT] POSDATA natoms=1191 config_type=101 n_mol=1
  atom 0: -0.25953 0.54720 3.74015 type=4
  atom 1: 5.03161 9.14630 4.79126 type=4
  atom 2: 7.10247 5.39395 0.52556 type=4
  atom 3: -2.33038 4.29955 8.00585 type=4
  atom 4: -1.23824 8.59966 3.14850 type=3
ML HG_ev = 0.244140 eV
[CLIENT] POSDATA natoms=1191 config_type=101 n_mol=1
  atom 0: -0.25953 0.54720 3.74015 type=4
  atom 1: 5.03161 9.14630 4.79126 type=4
  atom 2: 7.10247 5.39395 0.52556 type=4
  atom 3: -2.33038 4.29955 8.00585 type=4
  atom 4: -1.23824 8.59966 3.14850 type=3
ML HG_ev = -0.226782 eV
[CLIENT] POSDATA natoms=1191 config_type=101 n_mol=1
  atom 0: -0.25953 0.54720 3.74015 type=4
  atom 1: 5.03161 9.14630 4.79126 type=4
  atom 2: 7.10247 5.39395 0.52556 type=4
  atom 3: -2.33038 4.29955 8.00585 type=4
  atom 4: -1.23824 8.59966 3.14850 type=3
ML HG_ev = 0.679835 eV
[CLIENT] POSDATA natoms=1191 config_type=101 n_mol=1
  atom 0: -0.25953 0.54720 3.74015 type=4
  atom 1: 5.03161 9.14630 4.79126 type=4
  atom 2: 7.10247 5.39395 0.52556 type=4
  atom 3: -2.33038 4.29955 8.00585 type=4
  atom 4: -1.23824 8.59966 3.14850 type=3
ML HG_ev = -0.357466 eV
[CLIENT] POSDATA natoms=1191 config_type=101 n_mol=1
  atom 0: -0.25953 0.54720 3.74015 type=4
  atom 1: 5.03161 9.14630 4.79126 type=4
  atom 2: 7.10247 5.39395 0.52556 type=4
  atom 3: -2.33038 4.29955 8.00585 type=4
  atom 4: -1.23824 8.59966 3.14850 type=3
ML HG_ev = 0.235094 eV
[CLIENT] POSDATA natoms=1191 config_type=101 n_mol=1
  atom 0: -0.25953 0.54720 3.74015 type=4
  atom 1: 5.03161 9.14630 4.79126 type=4
  atom 2: 7.10247 5.39395 0.52556 type=4
  atom 3: -2.33038 4.29955 8.00585 type=4
  atom 4: -1.23824 8.59966 3.14850 type=3
ML HG_ev = -0.225996 eV
[CLIENT] POSDATA natoms=1191 config_type=101 n_mol=1
  atom 0: -0.25953 0.54720 3.74015 type=4
  atom 1: 5.03161 9.14630 4.79126 type=4
  atom 2: 7.10247 5.39395 0.52556 type=4
  atom 3: -2.33038 4.29955 8.00585 type=4
  atom 4: -1.23824 8.59966 3.14850 type=3
ML HG_ev = -0.357077 eV
[CLIENT] POSDATA natoms=1191 config_type=101 n_mol=1
  atom 0: -0.25953 0.54720 3.74015 type=4
  atom 1: 5.03161 9.14630 4.79126 type=4
  atom 2: 7.10247 5.39395 0.52556 type=4
  atom 3: -2.33038 4.29955 8.00585 type=4
  atom 4: -1.23824 8.59966 3.14850 type=3
ML HG_ev = 0.881749 eV
[CLIENT] POSDATA natoms=1191 config_type=101 n_mol=1
  atom 0: -0.25953 0.54720 3.74015 type=4
  atom 1: 5.03161 9.14630 4.79126 type=4
  atom 2: 7.10247 5.39395 0.52556 type=4
  atom 3: -2.33038 4.29955 8.00585 type=4
  atom 4: -1.23824 8.59966 3.14850 type=3
ML HG_ev = -0.357304 eV
[CLIENT] POSDATA natoms=1191 config_type=101 n_mol=1
  atom 0: -0.25953 0.54720 3.74015 type=4
  atom 1: 5.03161 9.14630 4.79126 type=4
  atom 2: 7.10247 5.39395 0.52556 type=4
  atom 3: -2.33038 4.29955 8.00585 type=4
  atom 4: -1.23824 8.59966 3.14850 type=3
ML HG_ev = -0.320155 eV
[CLIENT] POSDATA natoms=1191 config_type=101 n_mol=1
  atom 0: -0.25953 0.54720 3.74015 type=4
  atom 1: 5.03161 9.14630 4.79126 type=4
  atom 2: 7.10247 5.39395 0.52556 type=4
  atom 3: -2.33038 4.29955 8.00585 type=4
  atom 4: -1.23824 8.59966 3.14850 type=3
ML HG_ev = -0.357992 eV
[CLIENT] POSDATA natoms=1191 config_type=101 n_mol=1
  atom 0: -0.25953 0.54720 3.74015 type=4
  atom 1: 5.03161 9.14630 4.79126 type=4
  atom 2: 7.10247 5.39395 0.52556 type=4
  atom 3: -2.33038 4.29955 8.00585 type=4
  atom 4: -1.23824 8.59966 3.14850 type=3
ML HG_ev = -0.360074 eV
[CLIENT] POSDATA natoms=1191 config_type=101 n_mol=1
  atom 0: -0.25953 0.54720 3.74015 type=4
  atom 1: 5.03161 9.14630 4.79126 type=4
  atom 2: 7.10247 5.39395 0.52556 type=4
  atom 3: -2.33038 4.29955 8.00585 type=4
  atom 4: -1.23824 8.59966 3.14850 type=3
ML HG_ev = -0.357624 eV
[CLIENT] POSDATA natoms=1191 config_type=101 n_mol=1
  atom 0: -0.25953 0.54720 3.74015 type=4
  atom 1: 5.03161 9.14630 4.79126 type=4
  atom 2: 7.10247 5.39395 0.52556 type=4
  atom 3: -2.33038 4.29955 8.00585 type=4
  atom 4: -1.23824 8.59966 3.14850 type=3
ML HG_ev = -0.136030 eV
[CLIENT] POSDATA natoms=1191 config_type=101 n_mol=1
  atom 0: -0.25953 0.54720 3.74015 type=4
  atom 1: 5.03161 9.14630 4.79126 type=4
  atom 2: 7.10247 5.39395 0.52556 type=4
  atom 3: -2.33038 4.29955 8.00585 type=4
  atom 4: -1.23824 8.59966 3.14850 type=3
ML HG_ev = -0.359915 eV
[CLIENT] POSDATA natoms=1191 config_type=101 n_mol=1
  atom 0: -0.25953 0.54720 3.74015 type=4
  atom 1: 5.03161 9.14630 4.79126 type=4
  atom 2: 7.10247 5.39395 0.52556 type=4
  atom 3: -2.33038 4.29955 8.00585 type=4
  atom 4: -1.23824 8.59966 3.14850 type=3
ML HG_ev = -0.300709 eV
[CLIENT] POSDATA natoms=1191 config_type=101 n_mol=1
  atom 0: -0.25953 0.54720 3.74015 type=4
  atom 1: 5.03161 9.14630 4.79126 type=4
  atom 2: 7.10247 5.39395 0.52556 type=4
  atom 3: -2.33038 4.29955 8.00585 type=4
  atom 4: -1.23824 8.59966 3.14850 type=3
ML HG_ev = -0.360109 eV
[CLIENT] POSDATA natoms=1191 config_type=101 n_mol=1
  atom 0: -0.25953 0.54720 3.74015 type=4
  atom 1: 5.03161 9.14630 4.79126 type=4
  atom 2: 7.10247 5.39395 0.52556 type=4
  atom 3: -2.33038 4.29955 8.00585 type=4
  atom 4: -1.23824 8.59966 3.14850 type=3
ML HG_ev = -0.360370 eV
[CLIENT] POSDATA natoms=1191 config_type=101 n_mol=1
  atom 0: -0.25953 0.54720 3.74015 type=4
  atom 1: 5.03161 9.14630 4.79126 type=4
  atom 2: 7.10247 5.39395 0.52556 type=4
  atom 3: -2.33038 4.29955 8.00585 type=4
  atom 4: -1.23824 8.59966 3.14850 type=3
ML HG_ev = -0.359868 eV
[CLIENT] POSDATA natoms=1191 config_type=101 n_mol=1
  atom 0: -0.25953 0.54720 3.74015 type=4
  atom 1: 5.03161 9.14630 4.79126 type=4
  atom 2: 7.10247 5.39395 0.52556 type=4
  atom 3: -2.33038 4.29955 8.00585 type=4
  atom 4: -1.23824 8.59966 3.14850 type=3
ML HG_ev = -0.226873 eV
[CLIENT] POSDATA natoms=1191 config_type=101 n_mol=1
  atom 0: -0.25953 0.54720 3.74015 type=4
  atom 1: 5.03161 9.14630 4.79126 type=4
  atom 2: 7.10247 5.39395 0.52556 type=4
  atom 3: -2.33038 4.29955 8.00585 type=4
  atom 4: -1.23824 8.59966 3.14850 type=3
ML HG_ev = -0.314287 eV
[CLIENT] POSDATA natoms=1191 config_type=101 n_mol=1
  atom 0: -0.25953 0.54720 3.74015 type=4
  atom 1: 5.03161 9.14630 4.79126 type=4
  atom 2: 7.10247 5.39395 0.52556 type=4
  atom 3: -2.33038 4.29955 8.00585 type=4
  atom 4: -1.23824 8.59966 3.14850 type=3
ML HG_ev = -0.360751 eV
[CLIENT] POSDATA natoms=1191 config_type=101 n_mol=1
  atom 0: -0.25953 0.54720 3.74015 type=4
  atom 1: 5.03161 9.14630 4.79126 type=4
  atom 2: 7.10247 5.39395 0.52556 type=4
  atom 3: -2.33038 4.29955 8.00585 type=4
  atom 4: -1.23824 8.59966 3.14850 type=3
ML HG_ev = -0.360883 eV
[CLIENT] POSDATA natoms=1191 config_type=101 n_mol=1
  atom 0: -0.25953 0.54720 3.74015 type=4
  atom 1: 5.03161 9.14630 4.79126 type=4
  atom 2: 7.10247 5.39395 0.52556 type=4
  atom 3: -2.33038 4.29955 8.00585 type=4
  atom 4: -1.23824 8.59966 3.14850 type=3
ML HG_ev = -0.226612 eV
[CLIENT] POSDATA natoms=1191 config_type=101 n_mol=1
  atom 0: -0.25953 0.54720 3.74015 type=4
  atom 1: 5.03161 9.14630 4.79126 type=4
  atom 2: 7.10247 5.39395 0.52556 type=4
  atom 3: -2.33038 4.29955 8.00585 type=4
  atom 4: -1.23824 8.59966 3.14850 type=3
ML HG_ev = -0.347191 eV
[CLIENT] POSDATA natoms=1191 config_type=101 n_mol=1
  atom 0: -0.25953 0.54720 3.74015 type=4
  atom 1: 5.03161 9.14630 4.79126 type=4
  atom 2: 7.10247 5.39395 0.52556 type=4
  atom 3: -2.33038 4.29955 8.00585 type=4
  atom 4: -1.23824 8.59966 3.14850 type=3
ML HG_ev = -0.360237 eV
[CLIENT] POSDATA natoms=1191 config_type=101 n_mol=1
  atom 0: -0.25953 0.54720 3.74015 type=4
  atom 1: 5.03161 9.14630 4.79126 type=4
  atom 2: 7.10247 5.39395 0.52556 type=4
  atom 3: -2.33038 4.29955 8.00585 type=4
  atom 4: -1.23824 8.59966 3.14850 type=3
ML HG_ev = -0.360525 eV
[CLIENT] POSDATA natoms=1191 config_type=101 n_mol=1
  atom 0: -0.25953 0.54720 3.74015 type=4
  atom 1: 5.03161 9.14630 4.79126 type=4
  atom 2: 7.10247 5.39395 0.52556 type=4
  atom 3: -2.33038 4.29955 8.00585 type=4
  atom 4: -1.23824 8.59966 3.14850 type=3
ML HG_ev = 0.167020 eV
[CLIENT] POSDATA natoms=1191 config_type=101 n_mol=1
  atom 0: -0.25953 0.54720 3.74015 type=4
  atom 1: 5.03161 9.14630 4.79126 type=4
  atom 2: 7.10247 5.39395 0.52556 type=4
  atom 3: -2.33038 4.29955 8.00585 type=4
  atom 4: -1.23824 8.59966 3.14850 type=3
ML HG_ev = -0.361024 eV
[CLIENT] POSDATA natoms=1191 config_type=101 n_mol=1
  atom 0: -0.25953 0.54720 3.74015 type=4
  atom 1: 5.03161 9.14630 4.79126 type=4
  atom 2: 7.10247 5.39395 0.52556 type=4
  atom 3: -2.33038 4.29955 8.00585 type=4
  atom 4: -1.23824 8.59966 3.14850 type=3
ML HG_ev = -0.361133 eV
[CLIENT] POSDATA natoms=1191 config_type=101 n_mol=1
  atom 0: -0.25953 0.54720 3.74015 type=4
  atom 1: 5.03161 9.14630 4.79126 type=4
  atom 2: 7.10247 5.39395 0.52556 type=4
  atom 3: -2.33038 4.29955 8.00585 type=4
  atom 4: -1.23824 8.59966 3.14850 type=3
ML HG_ev = -0.339630 eV
[CLIENT] POSDATA natoms=1191 config_type=101 n_mol=1
  atom 0: -0.25953 0.54720 3.74015 type=4
  atom 1: 5.03161 9.14630 4.79126 type=4
  atom 2: 7.10247 5.39395 0.52556 type=4
  atom 3: -2.33038 4.29955 8.00585 type=4
  atom 4: -1.23824 8.59966 3.14850 type=3
ML HG_ev = -0.362108 eV
[CLIENT] POSDATA natoms=1191 config_type=101 n_mol=1
  atom 0: -0.25953 0.54720 3.74015 type=4
  atom 1: 5.03161 9.14630 4.79126 type=4
  atom 2: 7.10247 5.39395 0.52556 type=4
  atom 3: -2.33038 4.29955 8.00585 type=4
  atom 4: -1.23824 8.59966 3.14850 type=3
ML HG_ev = -0.226196 eV
[CLIENT] POSDATA natoms=1191 config_type=101 n_mol=1
  atom 0: -0.25953 0.54720 3.74015 type=4
  atom 1: 5.03161 9.14630 4.79126 type=4
  atom 2: 7.10247 5.39395 0.52556 type=4
  atom 3: -2.33038 4.29955 8.00585 type=4
  atom 4: -1.23824 8.59966 3.14850 type=3
ML HG_ev = 2.237835 eV
[CLIENT] POSDATA natoms=1191 config_type=101 n_mol=1
  atom 0: -0.25953 0.54720 3.74015 type=4
  atom 1: 5.03161 9.14630 4.79126 type=4
  atom 2: 7.10247 5.39395 0.52556 type=4
  atom 3: -2.33038 4.29955 8.00585 type=4
  atom 4: -1.23824 8.59966 3.14850 type=3
ML HG_ev = -0.226529 eV
[CLIENT] POSDATA natoms=1191 config_type=101 n_mol=1
  atom 0: -0.25953 0.54720 3.74015 type=4
  atom 1: 5.03161 9.14630 4.79126 type=4
  atom 2: 7.10247 5.39395 0.52556 type=4
  atom 3: -2.33038 4.29955 8.00585 type=4
  atom 4: -1.23824 8.59966 3.14850 type=3
ML HG_ev = -0.338290 eV
[CLIENT] POSDATA natoms=1191 config_type=101 n_mol=1
  atom 0: -0.25953 0.54720 3.74015 type=4
  atom 1: 5.03161 9.14630 4.79126 type=4
  atom 2: 7.10247 5.39395 0.52556 type=4
  atom 3: -2.33038 4.29955 8.00585 type=4
  atom 4: -1.23824 8.59966 3.14850 type=3
ML HG_ev = -0.107315 eV
[CLIENT] POSDATA natoms=1191 config_type=101 n_mol=1
  atom 0: -0.25953 0.54720 3.74015 type=4
  atom 1: 5.03161 9.14630 4.79126 type=4
  atom 2: 7.10247 5.39395 0.52556 type=4
  atom 3: -2.33038 4.29955 8.00585 type=4
  atom 4: -1.23824 8.59966 3.14850 type=3
ML HG_ev = -0.226932 eV
[CLIENT] POSDATA natoms=1191 config_type=101 n_mol=1
  atom 0: -0.25953 0.54720 3.74015 type=4
  atom 1: 5.03161 9.14630 4.79126 type=4
  atom 2: 7.10247 5.39395 0.52556 type=4
  atom 3: -2.33038 4.29955 8.00585 type=4
  atom 4: -1.23824 8.59966 3.14850 type=3
ML HG_ev = 0.115856 eV
[CLIENT] POSDATA natoms=1191 config_type=101 n_mol=1
  atom 0: -0.25953 0.54720 3.74015 type=4
  atom 1: 5.03161 9.14630 4.79126 type=4
  atom 2: 7.10247 5.39395 0.52556 type=4
  atom 3: -2.33038 4.29955 8.00585 type=4
  atom 4: -1.23824 8.59966 3.14850 type=3
ML HG_ev = -0.226475 eV
[CLIENT] POSDATA natoms=1191 config_type=101 n_mol=1
  atom 0: -0.25953 0.54720 3.74015 type=4
  atom 1: 5.03161 9.14630 4.79126 type=4
  atom 2: 7.10247 5.39395 0.52556 type=4
  atom 3: -2.33038 4.29955 8.00585 type=4
  atom 4: -1.23824 8.59966 3.14850 type=3
ML HG_ev = -0.112195 eV
[CLIENT] POSDATA natoms=1191 config_type=101 n_mol=1
  atom 0: -0.25953 0.54720 3.74015 type=4
  atom 1: 5.03161 9.14630 4.79126 type=4
  atom 2: 7.10247 5.39395 0.52556 type=4
  atom 3: -2.33038 4.29955 8.00585 type=4
  atom 4: -1.23824 8.59966 3.14850 type=3
ML HG_ev = -0.226752 eV
[CLIENT] POSDATA natoms=1191 config_type=101 n_mol=1
  atom 0: -0.25953 0.54720 3.74015 type=4
  atom 1: 5.03161 9.14630 4.79126 type=4
  atom 2: 7.10247 5.39395 0.52556 type=4
  atom 3: -2.33038 4.29955 8.00585 type=4
  atom 4: -1.23824 8.59966 3.14850 type=3
ML HG_ev = 0.498849 eV
[CLIENT] POSDATA natoms=1191 config_type=101 n_mol=1
  atom 0: -0.25953 0.54720 3.74015 type=4
  atom 1: 5.03161 9.14630 4.79126 type=4
  atom 2: 7.10247 5.39395 0.52556 type=4
  atom 3: -2.33038 4.29955 8.00585 type=4
  atom 4: -1.23824 8.59966 3.14850 type=3
ML HG_ev = -0.215114 eV
[CLIENT] POSDATA natoms=1191 config_type=101 n_mol=1
  atom 0: -0.25953 0.54720 3.74015 type=4
  atom 1: 5.03161 9.14630 4.79126 type=4
  atom 2: 7.10247 5.39395 0.52556 type=4
  atom 3: -2.33038 4.29955 8.00585 type=4
  atom 4: -1.23824 8.59966 3.14850 type=3
ML HG_ev = -0.226253 eV
[CLIENT] POSDATA natoms=1191 config_type=101 n_mol=1
  atom 0: -0.25953 0.54720 3.74015 type=4
  atom 1: 5.03161 9.14630 4.79126 type=4
  atom 2: 7.10247 5.39395 0.52556 type=4
  atom 3: -2.33038 4.29955 8.00585 type=4
  atom 4: -1.23824 8.59966 3.14850 type=3
ML HG_ev = 0.776405 eV
[CLIENT] POSDATA natoms=1191 config_type=101 n_mol=1
  atom 0: -0.25953 0.54720 3.74015 type=4
  atom 1: 5.03161 9.14630 4.79126 type=4
  atom 2: 7.10247 5.39395 0.52556 type=4
  atom 3: -2.33038 4.29955 8.00585 type=4
  atom 4: -1.23824 8.59966 3.14850 type=3
ML HG_ev = -0.226390 eV
[CLIENT] POSDATA natoms=1191 config_type=101 n_mol=1
  atom 0: -0.25953 0.54720 3.74015 type=4
  atom 1: 5.03161 9.14630 4.79126 type=4
  atom 2: 7.10247 5.39395 0.52556 type=4
  atom 3: -2.33038 4.29955 8.00585 type=4
  atom 4: -1.23824 8.59966 3.14850 type=3
ML HG_ev = -0.141838 eV
[CLIENT] POSDATA natoms=1191 config_type=101 n_mol=1
  atom 0: -0.25953 0.54720 3.74015 type=4
  atom 1: 5.03161 9.14630 4.79126 type=4
  atom 2: 7.10247 5.39395 0.52556 type=4
  atom 3: -2.33038 4.29955 8.00585 type=4
  atom 4: -1.23824 8.59966 3.14850 type=3
ML HG_ev = -0.226011 eV
[CLIENT] POSDATA natoms=1191 config_type=101 n_mol=1
  atom 0: -0.25953 0.54720 3.74015 type=4
  atom 1: 5.03161 9.14630 4.79126 type=4
  atom 2: 7.10247 5.39395 0.52556 type=4
  atom 3: -2.33038 4.29955 8.00585 type=4
  atom 4: -1.23824 8.59966 3.14850 type=3
ML HG_ev = -0.141687 eV
[CLIENT] POSDATA natoms=1191 config_type=101 n_mol=1
  atom 0: -0.25953 0.54720 3.74015 type=4
  atom 1: 5.03161 9.14630 4.79126 type=4
  atom 2: 7.10247 5.39395 0.52556 type=4
  atom 3: -2.33038 4.29955 8.00585 type=4
  atom 4: -1.23824 8.59966 3.14850 type=3
ML HG_ev = 0.042453 eV
[CLIENT] POSDATA natoms=1191 config_type=101 n_mol=1
  atom 0: -0.25953 0.54720 3.74015 type=4
  atom 1: 5.03161 9.14630 4.79126 type=4
  atom 2: 7.10247 5.39395 0.52556 type=4
  atom 3: -2.33038 4.29955 8.00585 type=4
  atom 4: -1.23824 8.59966 3.14850 type=3
ML HG_ev = -0.338929 eV
[CLIENT] POSDATA natoms=1191 config_type=101 n_mol=1
  atom 0: -0.25953 0.54720 3.74015 type=4
  atom 1: 5.03161 9.14630 4.79126 type=4
  atom 2: 7.10247 5.39395 0.52556 type=4
  atom 3: -2.33038 4.29955 8.00585 type=4
  atom 4: -1.23824 8.59966 3.14850 type=3
ML HG_ev = 0.226641 eV
[CLIENT] POSDATA natoms=1191 config_type=101 n_mol=1
  atom 0: -0.25953 0.54720 3.74015 type=4
  atom 1: 5.03161 9.14630 4.79126 type=4
  atom 2: 7.10247 5.39395 0.52556 type=4
  atom 3: -2.33038 4.29955 8.00585 type=4
  atom 4: -1.23824 8.59966 3.14850 type=3
ML HG_ev = -0.338970 eV
[CLIENT] POSDATA natoms=1191 config_type=101 n_mol=1
  atom 0: -0.25953 0.54720 3.74015 type=4
  atom 1: 5.03161 9.14630 4.79126 type=4
  atom 2: 7.10247 5.39395 0.52556 type=4
  atom 3: -2.33038 4.29955 8.00585 type=4
  atom 4: -1.23824 8.59966 3.14850 type=3
ML HG_ev = -0.141047 eV
[CLIENT] POSDATA natoms=1191 config_type=101 n_mol=1
  atom 0: -0.25953 0.54720 3.74015 type=4
  atom 1: 5.03161 9.14630 4.79126 type=4
  atom 2: 7.10247 5.39395 0.52556 type=4
  atom 3: -2.33038 4.29955 8.00585 type=4
  atom 4: -1.23824 8.59966 3.14850 type=3
ML HG_ev = -0.105175 eV
[CLIENT] POSDATA natoms=1191 config_type=101 n_mol=1
  atom 0: -0.25953 0.54720 3.74015 type=4
  atom 1: 5.03161 9.14630 4.79126 type=4
  atom 2: 7.10247 5.39395 0.52556 type=4
  atom 3: -2.33038 4.29955 8.00585 type=4
  atom 4: -1.23824 8.59966 3.14850 type=3
ML HG_ev = -0.142313 eV
[CLIENT] POSDATA natoms=1191 config_type=101 n_mol=1
  atom 0: -0.25953 0.54720 3.74015 type=4
  atom 1: 5.03161 9.14630 4.79126 type=4
  atom 2: 7.10247 5.39395 0.52556 type=4
  atom 3: -2.33038 4.29955 8.00585 type=4
  atom 4: -1.23824 8.59966 3.14850 type=3
ML HG_ev = 0.716667 eV
[CLIENT] POSDATA natoms=1191 config_type=101 n_mol=1
  atom 0: -0.25953 0.54720 3.74015 type=4
  atom 1: 5.03161 9.14630 4.79126 type=4
  atom 2: 7.10247 5.39395 0.52556 type=4
  atom 3: -2.33038 4.29955 8.00585 type=4
  atom 4: -1.23824 8.59966 3.14850 type=3
ML HG_ev = -0.338981 eV
[CLIENT] POSDATA natoms=1191 config_type=101 n_mol=1
  atom 0: -0.25953 0.54720 3.74015 type=4
  atom 1: 5.03161 9.14630 4.79126 type=4
  atom 2: 7.10247 5.39395 0.52556 type=4
  atom 3: -2.33038 4.29955 8.00585 type=4
  atom 4: -1.23824 8.59966 3.14850 type=3
ML HG_ev = 0.085168 eV
[CLIENT] POSDATA natoms=1191 config_type=101 n_mol=1
  atom 0: -0.25953 0.54720 3.74015 type=4
  atom 1: 5.03161 9.14630 4.79126 type=4
  atom 2: 7.10247 5.39395 0.52556 type=4
  atom 3: -2.33038 4.29955 8.00585 type=4
  atom 4: -1.23824 8.59966 3.14850 type=3
ML HG_ev = -0.141395 eV
[CLIENT] POSDATA natoms=1191 config_type=101 n_mol=1
  atom 0: -0.25953 0.54720 3.74015 type=4
  atom 1: 5.03161 9.14630 4.79126 type=4
  atom 2: 7.10247 5.39395 0.52556 type=4
  atom 3: -2.33038 4.29955 8.00585 type=4
  atom 4: -1.23824 8.59966 3.14850 type=3
ML HG_ev = 0.845534 eV
[CLIENT] POSDATA natoms=1191 config_type=101 n_mol=1
  atom 0: -0.25953 0.54720 3.74015 type=4
  atom 1: 5.03161 9.14630 4.79126 type=4
  atom 2: 7.10247 5.39395 0.52556 type=4
  atom 3: -2.33038 4.29955 8.00585 type=4
  atom 4: -1.23824 8.59966 3.14850 type=3
ML HG_ev = -0.141316 eV
[CLIENT] POSDATA natoms=1191 config_type=101 n_mol=1
  atom 0: -0.25953 0.54720 3.74015 type=4
  atom 1: 5.03161 9.14630 4.79126 type=4
  atom 2: 7.10247 5.39395 0.52556 type=4
  atom 3: -2.33038 4.29955 8.00585 type=4
  atom 4: -1.23824 8.59966 3.14850 type=3
ML HG_ev = -0.350222 eV
[CLIENT] POSDATA natoms=1191 config_type=101 n_mol=1
  atom 0: -0.25953 0.54720 3.74015 type=4
  atom 1: 5.03161 9.14630 4.79126 type=4
  atom 2: 7.10247 5.39395 0.52556 type=4
  atom 3: -2.33038 4.29955 8.00585 type=4
  atom 4: -1.23824 8.59966 3.14850 type=3
ML HG_ev = -0.339416 eV
[CLIENT] POSDATA natoms=1191 config_type=101 n_mol=1
  atom 0: -0.25953 0.54720 3.74015 type=4
  atom 1: 5.03161 9.14630 4.79126 type=4
  atom 2: 7.10247 5.39395 0.52556 type=4
  atom 3: -2.33038 4.29955 8.00585 type=4
  atom 4: -1.23824 8.59966 3.14850 type=3
ML HG_ev = 0.321957 eV
[CLIENT] POSDATA natoms=1191 config_type=101 n_mol=1
  atom 0: -0.25953 0.54720 3.74015 type=4
  atom 1: 5.03161 9.14630 4.79126 type=4
  atom 2: 7.10247 5.39395 0.52556 type=4
  atom 3: -2.33038 4.29955 8.00585 type=4
  atom 4: -1.23824 8.59966 3.14850 type=3
ML HG_ev = -0.349797 eV
[CLIENT] POSDATA natoms=1191 config_type=101 n_mol=1
  atom 0: -0.25953 0.54720 3.74015 type=4
  atom 1: 5.03161 9.14630 4.79126 type=4
  atom 2: 7.10247 5.39395 0.52556 type=4
  atom 3: -2.33038 4.29955 8.00585 type=4
  atom 4: -1.23824 8.59966 3.14850 type=3
ML HG_ev = -0.113970 eV
[CLIENT] POSDATA natoms=1191 config_type=101 n_mol=1
  atom 0: -0.25953 0.54720 3.74015 type=4
  atom 1: 5.03161 9.14630 4.79126 type=4
  atom 2: 7.10247 5.39395 0.52556 type=4
  atom 3: -2.33038 4.29955 8.00585 type=4
  atom 4: -1.23824 8.59966 3.14850 type=3
ML HG_ev = -0.141792 eV
[CLIENT] POSDATA natoms=1191 config_type=101 n_mol=1
  atom 0: -0.25953 0.54720 3.74015 type=4
  atom 1: 5.03161 9.14630 4.79126 type=4
  atom 2: 7.10247 5.39395 0.52556 type=4
  atom 3: -2.33038 4.29955 8.00585 type=4
  atom 4: -1.23824 8.59966 3.14850 type=3
ML HG_ev = 0.331882 eV
[CLIENT] POSDATA natoms=1191 config_type=101 n_mol=1
  atom 0: -0.25953 0.54720 3.74015 type=4
  atom 1: 5.03161 9.14630 4.79126 type=4
  atom 2: 7.10247 5.39395 0.52556 type=4
  atom 3: -2.33038 4.29955 8.00585 type=4
  atom 4: -1.23824 8.59966 3.14850 type=3
ML HG_ev = -0.141280 eV
[CLIENT] POSDATA natoms=1191 config_type=101 n_mol=1
  atom 0: -0.25953 0.54720 3.74015 type=4
  atom 1: 5.03161 9.14630 4.79126 type=4
  atom 2: 7.10247 5.39395 0.52556 type=4
  atom 3: -2.33038 4.29955 8.00585 type=4
  atom 4: -1.23824 8.59966 3.14850 type=3
ML HG_ev = -0.141615 eV
[CLIENT] POSDATA natoms=1191 config_type=101 n_mol=1
  atom 0: -0.25953 0.54720 3.74015 type=4
  atom 1: 5.03161 9.14630 4.79126 type=4
  atom 2: 7.10247 5.39395 0.52556 type=4
  atom 3: -2.33038 4.29955 8.00585 type=4
  atom 4: -1.23824 8.59966 3.14850 type=3
ML HG_ev = -0.107208 eV
[CLIENT] POSDATA natoms=1191 config_type=101 n_mol=1
  atom 0: -0.25953 0.54720 3.74015 type=4
  atom 1: 5.03161 9.14630 4.79126 type=4
  atom 2: 7.10247 5.39395 0.52556 type=4
  atom 3: -2.33038 4.29955 8.00585 type=4
  atom 4: -1.23824 8.59966 3.14850 type=3
ML HG_ev = -0.142068 eV
[CLIENT] POSDATA natoms=1191 config_type=101 n_mol=1
  atom 0: -0.25953 0.54720 3.74015 type=4
  atom 1: 5.03161 9.14630 4.79126 type=4
  atom 2: 7.10247 5.39395 0.52556 type=4
  atom 3: -2.33038 4.29955 8.00585 type=4
  atom 4: -1.23824 8.59966 3.14850 type=3
ML HG_ev = 2.669665 eV
[CLIENT] POSDATA natoms=1191 config_type=101 n_mol=1
  atom 0: -0.25953 0.54720 3.74015 type=4
  atom 1: 5.03161 9.14630 4.79126 type=4
  atom 2: 7.10247 5.39395 0.52556 type=4
  atom 3: -2.33038 4.29955 8.00585 type=4
  atom 4: -1.23824 8.59966 3.14850 type=3
ML HG_ev = -0.351028 eV
[CLIENT] POSDATA natoms=1191 config_type=101 n_mol=1
  atom 0: -0.25953 0.54720 3.74015 type=4
  atom 1: 5.03161 9.14630 4.79126 type=4
  atom 2: 7.10247 5.39395 0.52556 type=4
  atom 3: -2.33038 4.29955 8.00585 type=4
  atom 4: -1.23824 8.59966 3.14850 type=3
ML HG_ev = -0.321795 eV
[CLIENT] POSDATA natoms=1191 config_type=101 n_mol=1
  atom 0: -0.25953 0.54720 3.74015 type=4
  atom 1: 5.03161 9.14630 4.79126 type=4
  atom 2: 7.10247 5.39395 0.52556 type=4
  atom 3: -2.33038 4.29955 8.00585 type=4
  atom 4: -1.23824 8.59966 3.14850 type=3
ML HG_ev = -0.141582 eV
[CLIENT] POSDATA natoms=1191 config_type=101 n_mol=1
  atom 0: -0.25953 0.54720 3.74015 type=4
  atom 1: 5.03161 9.14630 4.79126 type=4
  atom 2: 7.10247 5.39395 0.52556 type=4
  atom 3: -2.33038 4.29955 8.00585 type=4
  atom 4: -1.23824 8.59966 3.14850 type=3
ML HG_ev = -0.344473 eV
[CLIENT] POSDATA natoms=1191 config_type=101 n_mol=1
  atom 0: -0.25953 0.54720 3.74015 type=4
  atom 1: 5.03161 9.14630 4.79126 type=4
  atom 2: 7.10247 5.39395 0.52556 type=4
  atom 3: -2.33038 4.29955 8.00585 type=4
  atom 4: -1.23824 8.59966 3.14850 type=3
ML HG_ev = -0.350857 eV
[CLIENT] POSDATA natoms=1191 config_type=101 n_mol=1
  atom 0: -0.25953 0.54720 3.74015 type=4
  atom 1: 5.03161 9.14630 4.79126 type=4
  atom 2: 7.10247 5.39395 0.52556 type=4
  atom 3: -2.33038 4.29955 8.00585 type=4
  atom 4: -1.23824 8.59966 3.14850 type=3
ML HG_ev = 0.219961 eV
[CLIENT] POSDATA natoms=1191 config_type=101 n_mol=1
  atom 0: -0.25953 0.54720 3.74015 type=4
  atom 1: 5.03161 9.14630 4.79126 type=4
  atom 2: 7.10247 5.39395 0.52556 type=4
  atom 3: -2.33038 4.29955 8.00585 type=4
  atom 4: -1.23824 8.59966 3.14850 type=3
ML HG_ev = -0.141603 eV
[CLIENT] POSDATA natoms=1191 config_type=101 n_mol=1
  atom 0: -0.25953 0.54720 3.74015 type=4
  atom 1: 5.03161 9.14630 4.79126 type=4
  atom 2: 7.10247 5.39395 0.52556 type=4
  atom 3: -2.33038 4.29955 8.00585 type=4
  atom 4: -1.23824 8.59966 3.14850 type=3
ML HG_ev = -0.349894 eV
[CLIENT] POSDATA natoms=1191 config_type=101 n_mol=1
  atom 0: -0.25953 0.54720 3.74015 type=4
  atom 1: 5.03161 9.14630 4.79126 type=4
  atom 2: 7.10247 5.39395 0.52556 type=4
  atom 3: -2.33038 4.29955 8.00585 type=4
  atom 4: -1.23824 8.59966 3.14850 type=3
ML HG_ev = 3.827270 eV
[CLIENT] POSDATA natoms=1191 config_type=101 n_mol=1
  atom 0: -0.25953 0.54720 3.74015 type=4
  atom 1: 5.03161 9.14630 4.79126 type=4
  atom 2: 7.10247 5.39395 0.52556 type=4
  atom 3: -2.33038 4.29955 8.00585 type=4
  atom 4: -1.23824 8.59966 3.14850 type=3
ML HG_ev = -0.091434 eV
[CLIENT] POSDATA natoms=1191 config_type=101 n_mol=1
  atom 0: -0.25953 0.54720 3.74015 type=4
  atom 1: 5.03161 9.14630 4.79126 type=4
  atom 2: 7.10247 5.39395 0.52556 type=4
  atom 3: -2.33038 4.29955 8.00585 type=4
  atom 4: -1.23824 8.59966 3.14850 type=3
ML HG_ev = -0.142254 eV
[CLIENT] POSDATA natoms=1191 config_type=101 n_mol=1
  atom 0: -0.25953 0.54720 3.74015 type=4
  atom 1: 5.03161 9.14630 4.79126 type=4
  atom 2: 7.10247 5.39395 0.52556 type=4
  atom 3: -2.33038 4.29955 8.00585 type=4
  atom 4: -1.23824 8.59966 3.14850 type=3
ML HG_ev = -0.336993 eV
[CLIENT] POSDATA natoms=1191 config_type=101 n_mol=1
  atom 0: -0.25953 0.54720 3.74015 type=4
  atom 1: 5.03161 9.14630 4.79126 type=4
  atom 2: 7.10247 5.39395 0.52556 type=4
  atom 3: -2.33038 4.29955 8.00585 type=4
  atom 4: -1.23824 8.59966 3.14850 type=3
ML HG_ev = -0.350867 eV
[CLIENT] POSDATA natoms=1191 config_type=101 n_mol=1
  atom 0: -0.25953 0.54720 3.74015 type=4
  atom 1: 5.03161 9.14630 4.79126 type=4
  atom 2: 7.10247 5.39395 0.52556 type=4
  atom 3: -2.33038 4.29955 8.00585 type=4
  atom 4: -1.23824 8.59966 3.14850 type=3
ML HG_ev = -0.047612 eV
[CLIENT] POSDATA natoms=1191 config_type=101 n_mol=1
  atom 0: -0.25953 0.54720 3.74015 type=4
  atom 1: 5.03161 9.14630 4.79126 type=4
  atom 2: 7.10247 5.39395 0.52556 type=4
  atom 3: -2.33038 4.29955 8.00585 type=4
  atom 4: -1.23824 8.59966 3.14850 type=3
ML HG_ev = -0.357881 eV
[CLIENT] POSDATA natoms=1191 config_type=101 n_mol=1
  atom 0: -0.25953 0.54720 3.74015 type=4
  atom 1: 5.03161 9.14630 4.79126 type=4
  atom 2: 7.10247 5.39395 0.52556 type=4
  atom 3: -2.33038 4.29955 8.00585 type=4
  atom 4: -1.23824 8.59966 3.14850 type=3
ML HG_ev = -0.349644 eV
[CLIENT] POSDATA natoms=1191 config_type=101 n_mol=1
  atom 0: -0.25953 0.54720 3.74015 type=4
  atom 1: 5.03161 9.14630 4.79126 type=4
  atom 2: 7.10247 5.39395 0.52556 type=4
  atom 3: -2.33038 4.29955 8.00585 type=4
  atom 4: -1.23824 8.59966 3.14850 type=3
ML HG_ev = -0.053144 eV
[CLIENT] POSDATA natoms=1191 config_type=101 n_mol=1
  atom 0: -0.25953 0.54720 3.74015 type=4
  atom 1: 5.03161 9.14630 4.79126 type=4
  atom 2: 7.10247 5.39395 0.52556 type=4
  atom 3: -2.33038 4.29955 8.00585 type=4
  atom 4: -1.23824 8.59966 3.14850 type=3
ML HG_ev = -0.358083 eV
[CLIENT] POSDATA natoms=1191 config_type=101 n_mol=1
  atom 0: -0.25953 0.54720 3.74015 type=4
  atom 1: 5.03161 9.14630 4.79126 type=4
  atom 2: 7.10247 5.39395 0.52556 type=4
  atom 3: -2.33038 4.29955 8.00585 type=4
  atom 4: -1.23824 8.59966 3.14850 type=3
ML HG_ev = 1.549175 eV
[CLIENT] POSDATA natoms=1191 config_type=101 n_mol=1
  atom 0: -0.25953 0.54720 3.74015 type=4
  atom 1: 5.03161 9.14630 4.79126 type=4
  atom 2: 7.10247 5.39395 0.52556 type=4
  atom 3: -2.33038 4.29955 8.00585 type=4
  atom 4: -1.23824 8.59966 3.14850 type=3
ML HG_ev = -0.358992 eV
[CLIENT] POSDATA natoms=1191 config_type=101 n_mol=1
  atom 0: -0.25953 0.54720 3.74015 type=4
  atom 1: 5.03161 9.14630 4.79126 type=4
  atom 2: 7.10247 5.39395 0.52556 type=4
  atom 3: -2.33038 4.29955 8.00585 type=4
  atom 4: -1.23824 8.59966 3.14850 type=3
ML HG_ev = 1.791551 eV
[CLIENT] POSDATA natoms=1191 config_type=101 n_mol=1
  atom 0: -0.25953 0.54720 3.74015 type=4
  atom 1: 5.03161 9.14630 4.79126 type=4
  atom 2: 7.10247 5.39395 0.52556 type=4
  atom 3: -2.33038 4.29955 8.00585 type=4
  atom 4: -1.23824 8.59966 3.14850 type=3
ML HG_ev = -0.141284 eV
[CLIENT] POSDATA natoms=1191 config_type=101 n_mol=1
  atom 0: -0.25953 0.54720 3.74015 type=4
  atom 1: 5.03161 9.14630 4.79126 type=4
  atom 2: 7.10247 5.39395 0.52556 type=4
  atom 3: -2.33038 4.29955 8.00585 type=4
  atom 4: -1.23824 8.59966 3.14850 type=3
ML HG_ev = -0.008455 eV
[CLIENT] POSDATA natoms=1191 config_type=101 n_mol=1
  atom 0: -0.25953 0.54720 3.74015 type=4
  atom 1: 5.03161 9.14630 4.79126 type=4
  atom 2: 7.10247 5.39395 0.52556 type=4
  atom 3: -2.33038 4.29955 8.00585 type=4
  atom 4: -1.23824 8.59966 3.14850 type=3
ML HG_ev = -0.358544 eV
[CLIENT] POSDATA natoms=1191 config_type=101 n_mol=1
  atom 0: -0.25953 0.54720 3.74015 type=4
  atom 1: 5.03161 9.14630 4.79126 type=4
  atom 2: 7.10247 5.39395 0.52556 type=4
  atom 3: -2.33038 4.29955 8.00585 type=4
  atom 4: -1.23824 8.59966 3.14850 type=3
ML HG_ev = 1.244749 eV
[CLIENT] POSDATA natoms=1191 config_type=101 n_mol=1
  atom 0: -0.25953 0.54720 3.74015 type=4
  atom 1: 5.03161 9.14630 4.79126 type=4
  atom 2: 7.10247 5.39395 0.52556 type=4
  atom 3: -2.33038 4.29955 8.00585 type=4
  atom 4: -1.23824 8.59966 3.14850 type=3
ML HG_ev = -0.358518 eV
[CLIENT] POSDATA natoms=1191 config_type=101 n_mol=1
  atom 0: -0.25953 0.54720 3.74015 type=4
  atom 1: 5.03161 9.14630 4.79126 type=4
  atom 2: 7.10247 5.39395 0.52556 type=4
  atom 3: -2.33038 4.29955 8.00585 type=4
  atom 4: -1.23824 8.59966 3.14850 type=3
ML HG_ev = 0.035182 eV
[CLIENT] POSDATA natoms=1191 config_type=101 n_mol=1
  atom 0: -0.25953 0.54720 3.74015 type=4
  atom 1: 5.03161 9.14630 4.79126 type=4
  atom 2: 7.10247 5.39395 0.52556 type=4
  atom 3: -2.33038 4.29955 8.00585 type=4
  atom 4: -1.23824 8.59966 3.14850 type=3
ML HG_ev = -0.357944 eV
[CLIENT] POSDATA natoms=1191 config_type=101 n_mol=1
  atom 0: -0.25953 0.54720 3.74015 type=4
  atom 1: 5.03161 9.14630 4.79126 type=4
  atom 2: 7.10247 5.39395 0.52556 type=4
  atom 3: -2.33038 4.29955 8.00585 type=4
  atom 4: -1.23824 8.59966 3.14850 type=3
ML HG_ev = -0.174582 eV
[CLIENT] POSDATA natoms=1191 config_type=101 n_mol=1
  atom 0: -0.25953 0.54720 3.74015 type=4
  atom 1: 5.03161 9.14630 4.79126 type=4
  atom 2: 7.10247 5.39395 0.52556 type=4
  atom 3: -2.33038 4.29955 8.00585 type=4
  atom 4: -1.23824 8.59966 3.14850 type=3
ML HG_ev = -0.141126 eV
[CLIENT] POSDATA natoms=1191 config_type=101 n_mol=1
  atom 0: -0.25953 0.54720 3.74015 type=4
  atom 1: 5.03161 9.14630 4.79126 type=4
  atom 2: 7.10247 5.39395 0.52556 type=4
  atom 3: -2.33038 4.29955 8.00585 type=4
  atom 4: -1.23824 8.59966 3.14850 type=3
ML HG_ev = 0.207864 eV
[CLIENT] POSDATA natoms=1191 config_type=101 n_mol=1
  atom 0: -0.25953 0.54720 3.74015 type=4
  atom 1: 5.03161 9.14630 4.79126 type=4
  atom 2: 7.10247 5.39395 0.52556 type=4
  atom 3: -2.33038 4.29955 8.00585 type=4
  atom 4: -1.23824 8.59966 3.14850 type=3
ML HG_ev = -0.173923 eV
[CLIENT] POSDATA natoms=1191 config_type=101 n_mol=1
  atom 0: -0.25953 0.54720 3.74015 type=4
  atom 1: 5.03161 9.14630 4.79126 type=4
  atom 2: 7.10247 5.39395 0.52556 type=4
  atom 3: -2.33038 4.29955 8.00585 type=4
  atom 4: -1.23824 8.59966 3.14850 type=3
ML HG_ev = 0.083927 eV
[CLIENT] POSDATA natoms=1191 config_type=101 n_mol=1
  atom 0: -0.25953 0.54720 3.74015 type=4
  atom 1: 5.03161 9.14630 4.79126 type=4
  atom 2: 7.10247 5.39395 0.52556 type=4
  atom 3: -2.33038 4.29955 8.00585 type=4
  atom 4: -1.23824 8.59966 3.14850 type=3
ML HG_ev = -0.173430 eV
[CLIENT] POSDATA natoms=1191 config_type=101 n_mol=1
  atom 0: -0.25953 0.54720 3.74015 type=4
  atom 1: 5.03161 9.14630 4.79126 type=4
  atom 2: 7.10247 5.39395 0.52556 type=4
  atom 3: -2.33038 4.29955 8.00585 type=4
  atom 4: -1.23824 8.59966 3.14850 type=3
ML HG_ev = 2.006807 eV
[CLIENT] POSDATA natoms=1191 config_type=101 n_mol=1
  atom 0: -0.25953 0.54720 3.74015 type=4
  atom 1: 5.03161 9.14630 4.79126 type=4
  atom 2: 7.10247 5.39395 0.52556 type=4
  atom 3: -2.33038 4.29955 8.00585 type=4
  atom 4: -1.23824 8.59966 3.14850 type=3
ML HG_ev = -0.174234 eV
[CLIENT] POSDATA natoms=1191 config_type=101 n_mol=1
  atom 0: -0.25953 0.54720 3.74015 type=4
  atom 1: 5.03161 9.14630 4.79126 type=4
  atom 2: 7.10247 5.39395 0.52556 type=4
  atom 3: -2.33038 4.29955 8.00585 type=4
  atom 4: -1.23824 8.59966 3.14850 type=3
ML HG_ev = 0.156903 eV
[CLIENT] POSDATA natoms=1191 config_type=101 n_mol=1
  atom 0: -0.25953 0.54720 3.74015 type=4
  atom 1: 5.03161 9.14630 4.79126 type=4
  atom 2: 7.10247 5.39395 0.52556 type=4
  atom 3: -2.33038 4.29955 8.00585 type=4
  atom 4: -1.23824 8.59966 3.14850 type=3
ML HG_ev = 0.065982 eV
[CLIENT] POSDATA natoms=1191 config_type=101 n_mol=1
  atom 0: -0.25953 0.54720 3.74015 type=4
  atom 1: 5.03161 9.14630 4.79126 type=4
  atom 2: 7.10247 5.39395 0.52556 type=4
  atom 3: -2.33038 4.29955 8.00585 type=4
  atom 4: -1.23824 8.59966 3.14850 type=3
ML HG_ev = -0.173450 eV
[CLIENT] POSDATA natoms=1191 config_type=101 n_mol=1
  atom 0: -0.25953 0.54720 3.74015 type=4
  atom 1: 5.03161 9.14630 4.79126 type=4
  atom 2: 7.10247 5.39395 0.52556 type=4
  atom 3: -2.33038 4.29955 8.00585 type=4
  atom 4: -1.23824 8.59966 3.14850 type=3
ML HG_ev = -0.350652 eV
[CLIENT] POSDATA natoms=1191 config_type=101 n_mol=1
  atom 0: -0.25953 0.54720 3.74015 type=4
  atom 1: 5.03161 9.14630 4.79126 type=4
  atom 2: 7.10247 5.39395 0.52556 type=4
  atom 3: -2.33038 4.29955 8.00585 type=4
  atom 4: -1.23824 8.59966 3.14850 type=3
ML HG_ev = -0.357938 eV
[CLIENT] POSDATA natoms=1191 config_type=101 n_mol=1
  atom 0: -0.25953 0.54720 3.74015 type=4
  atom 1: 5.03161 9.14630 4.79126 type=4
  atom 2: 7.10247 5.39395 0.52556 type=4
  atom 3: -2.33038 4.29955 8.00585 type=4
  atom 4: -1.23824 8.59966 3.14850 type=3
ML HG_ev = 0.352641 eV
[CLIENT] POSDATA natoms=1191 config_type=101 n_mol=1
  atom 0: -0.25953 0.54720 3.74015 type=4
  atom 1: 5.03161 9.14630 4.79126 type=4
  atom 2: 7.10247 5.39395 0.52556 type=4
  atom 3: -2.33038 4.29955 8.00585 type=4
  atom 4: -1.23824 8.59966 3.14850 type=3
ML HG_ev = -0.047524 eV
[CLIENT] POSDATA natoms=1191 config_type=101 n_mol=1
  atom 0: -0.25953 0.54720 3.74015 type=4
  atom 1: 5.03161 9.14630 4.79126 type=4
  atom 2: 7.10247 5.39395 0.52556 type=4
  atom 3: -2.33038 4.29955 8.00585 type=4
  atom 4: -1.23824 8.59966 3.14850 type=3
ML HG_ev = -0.225140 eV
[CLIENT] POSDATA natoms=1191 config_type=101 n_mol=1
  atom 0: -0.25953 0.54720 3.74015 type=4
  atom 1: 5.03161 9.14630 4.79126 type=4
  atom 2: 7.10247 5.39395 0.52556 type=4
  atom 3: -2.33038 4.29955 8.00585 type=4
  atom 4: -1.23824 8.59966 3.14850 type=3
ML HG_ev = -0.047255 eV
[CLIENT] POSDATA natoms=1191 config_type=101 n_mol=1
  atom 0: -0.25953 0.54720 3.74015 type=4
  atom 1: 5.03161 9.14630 4.79126 type=4
  atom 2: 7.10247 5.39395 0.52556 type=4
  atom 3: -2.33038 4.29955 8.00585 type=4
  atom 4: -1.23824 8.59966 3.14850 type=3
ML HG_ev = 1.031386 eV
[CLIENT] POSDATA natoms=1191 config_type=101 n_mol=1
  atom 0: -0.25953 0.54720 3.74015 type=4
  atom 1: 5.03161 9.14630 4.79126 type=4
  atom 2: 7.10247 5.39395 0.52556 type=4
  atom 3: -2.33038 4.29955 8.00585 type=4
  atom 4: -1.23824 8.59966 3.14850 type=3
ML HG_ev = -0.171878 eV
[CLIENT] POSDATA natoms=1191 config_type=101 n_mol=1
  atom 0: -0.25953 0.54720 3.74015 type=4
  atom 1: 5.03161 9.14630 4.79126 type=4
  atom 2: 7.10247 5.39395 0.52556 type=4
  atom 3: -2.33038 4.29955 8.00585 type=4
  atom 4: -1.23824 8.59966 3.14850 type=3
ML HG_ev = -0.225902 eV
[CLIENT] POSDATA natoms=1191 config_type=101 n_mol=1
  atom 0: -0.25953 0.54720 3.74015 type=4
  atom 1: 5.03161 9.14630 4.79126 type=4
  atom 2: 7.10247 5.39395 0.52556 type=4
  atom 3: -2.33038 4.29955 8.00585 type=4
  atom 4: -1.23824 8.59966 3.14850 type=3
ML HG_ev = -0.230448 eV
[CLIENT] POSDATA natoms=1191 config_type=101 n_mol=1
  atom 0: -0.25953 0.54720 3.74015 type=4
  atom 1: 5.03161 9.14630 4.79126 type=4
  atom 2: 7.10247 5.39395 0.52556 type=4
  atom 3: -2.33038 4.29955 8.00585 type=4
  atom 4: -1.23824 8.59966 3.14850 type=3
ML HG_ev = -0.225193 eV
[CLIENT] POSDATA natoms=1191 config_type=101 n_mol=1
  atom 0: -0.25953 0.54720 3.74015 type=4
  atom 1: 5.03161 9.14630 4.79126 type=4
  atom 2: 7.10247 5.39395 0.52556 type=4
  atom 3: -2.33038 4.29955 8.00585 type=4
  atom 4: -1.23824 8.59966 3.14850 type=3
ML HG_ev = -0.090672 eV
[CLIENT] POSDATA natoms=1191 config_type=101 n_mol=1
  atom 0: -0.25953 0.54720 3.74015 type=4
  atom 1: 5.03161 9.14630 4.79126 type=4
  atom 2: 7.10247 5.39395 0.52556 type=4
  atom 3: -2.33038 4.29955 8.00585 type=4
  atom 4: -1.23824 8.59966 3.14850 type=3
ML HG_ev = -0.225607 eV
[CLIENT] POSDATA natoms=1191 config_type=101 n_mol=1
  atom 0: -0.25953 0.54720 3.74015 type=4
  atom 1: 5.03161 9.14630 4.79126 type=4
  atom 2: 7.10247 5.39395 0.52556 type=4
  atom 3: -2.33038 4.29955 8.00585 type=4
  atom 4: -1.23824 8.59966 3.14850 type=3
ML HG_ev = -0.333460 eV
[CLIENT] POSDATA natoms=1191 config_type=101 n_mol=1
  atom 0: -0.25953 0.54720 3.74015 type=4
  atom 1: 5.03161 9.14630 4.79126 type=4
  atom 2: 7.10247 5.39395 0.52556 type=4
  atom 3: -2.33038 4.29955 8.00585 type=4
  atom 4: -1.23824 8.59966 3.14850 type=3
ML HG_ev = -0.358270 eV
[CLIENT] POSDATA natoms=1191 config_type=101 n_mol=1
  atom 0: -0.25953 0.54720 3.74015 type=4
  atom 1: 5.03161 9.14630 4.79126 type=4
  atom 2: 7.10247 5.39395 0.52556 type=4
  atom 3: -2.33038 4.29955 8.00585 type=4
  atom 4: -1.23824 8.59966 3.14850 type=3
ML HG_ev = -0.333361 eV
[CLIENT] POSDATA natoms=1191 config_type=101 n_mol=1
  atom 0: -0.25953 0.54720 3.74015 type=4
  atom 1: 5.03161 9.14630 4.79126 type=4
  atom 2: 7.10247 5.39395 0.52556 type=4
  atom 3: -2.33038 4.29955 8.00585 type=4
  atom 4: -1.23824 8.59966 3.14850 type=3
ML HG_ev = -0.135522 eV
[CLIENT] POSDATA natoms=1191 config_type=101 n_mol=1
  atom 0: -0.25953 0.54720 3.74015 type=4
  atom 1: 5.03161 9.14630 4.79126 type=4
  atom 2: 7.10247 5.39395 0.52556 type=4
  atom 3: -2.33038 4.29955 8.00585 type=4
  atom 4: -1.23824 8.59966 3.14850 type=3
ML HG_ev = -0.225737 eV
[CLIENT] POSDATA natoms=1191 config_type=101 n_mol=1
  atom 0: -0.25953 0.54720 3.74015 type=4
  atom 1: 5.03161 9.14630 4.79126 type=4
  atom 2: 7.10247 5.39395 0.52556 type=4
  atom 3: -2.33038 4.29955 8.00585 type=4
  atom 4: -1.23824 8.59966 3.14850 type=3
ML HG_ev = 0.196790 eV
[CLIENT] POSDATA natoms=1191 config_type=101 n_mol=1
  atom 0: -0.25953 0.54720 3.74015 type=4
  atom 1: 5.03161 9.14630 4.79126 type=4
  atom 2: 7.10247 5.39395 0.52556 type=4
  atom 3: -2.33038 4.29955 8.00585 type=4
  atom 4: -1.23824 8.59966 3.14850 type=3
ML HG_ev = -0.174232 eV
[CLIENT] POSDATA natoms=1191 config_type=101 n_mol=1
  atom 0: -0.25953 0.54720 3.74015 type=4
  atom 1: 5.03161 9.14630 4.79126 type=4
  atom 2: 7.10247 5.39395 0.52556 type=4
  atom 3: -2.33038 4.29955 8.00585 type=4
  atom 4: -1.23824 8.59966 3.14850 type=3
ML HG_ev = 0.975938 eV
[CLIENT] POSDATA natoms=1191 config_type=101 n_mol=1
  atom 0: -0.25953 0.54720 3.74015 type=4
  atom 1: 5.03161 9.14630 4.79126 type=4
  atom 2: 7.10247 5.39395 0.52556 type=4
  atom 3: -2.33038 4.29955 8.00585 type=4
  atom 4: -1.23824 8.59966 3.14850 type=3
ML HG_ev = 3.159637 eV
[CLIENT] POSDATA natoms=1191 config_type=101 n_mol=1
  atom 0: -0.25953 0.54720 3.74015 type=4
  atom 1: 5.03161 9.14630 4.79126 type=4
  atom 2: 7.10247 5.39395 0.52556 type=4
  atom 3: -2.33038 4.29955 8.00585 type=4
  atom 4: -1.23824 8.59966 3.14850 type=3
ML HG_ev = -0.173859 eV
[CLIENT] POSDATA natoms=1191 config_type=101 n_mol=1
  atom 0: -0.25953 0.54720 3.74015 type=4
  atom 1: 5.03161 9.14630 4.79126 type=4
  atom 2: 7.10247 5.39395 0.52556 type=4
  atom 3: -2.33038 4.29955 8.00585 type=4
  atom 4: -1.23824 8.59966 3.14850 type=3
ML HG_ev = 0.946231 eV
[CLIENT] POSDATA natoms=1191 config_type=101 n_mol=1
  atom 0: -0.25953 0.54720 3.74015 type=4
  atom 1: 5.03161 9.14630 4.79126 type=4
  atom 2: 7.10247 5.39395 0.52556 type=4
  atom 3: -2.33038 4.29955 8.00585 type=4
  atom 4: -1.23824 8.59966 3.14850 type=3
ML HG_ev = -0.225393 eV
[CLIENT] POSDATA natoms=1191 config_type=101 n_mol=1
  atom 0: -0.25953 0.54720 3.74015 type=4
  atom 1: 5.03161 9.14630 4.79126 type=4
  atom 2: 7.10247 5.39395 0.52556 type=4
  atom 3: -2.33038 4.29955 8.00585 type=4
  atom 4: -1.23824 8.59966 3.14850 type=3
ML HG_ev = -0.333138 eV
[CLIENT] POSDATA natoms=1191 config_type=101 n_mol=1
  atom 0: -0.25953 0.54720 3.74015 type=4
  atom 1: 5.03161 9.14630 4.79126 type=4
  atom 2: 7.10247 5.39395 0.52556 type=4
  atom 3: -2.33038 4.29955 8.00585 type=4
  atom 4: -1.23824 8.59966 3.14850 type=3
ML HG_ev = -0.333274 eV
[CLIENT] POSDATA natoms=1191 config_type=101 n_mol=1
  atom 0: -0.25953 0.54720 3.74015 type=4
  atom 1: 5.03161 9.14630 4.79126 type=4
  atom 2: 7.10247 5.39395 0.52556 type=4
  atom 3: -2.33038 4.29955 8.00585 type=4
  atom 4: -1.23824 8.59966 3.14850 type=3
ML HG_ev = -0.173820 eV
[CLIENT] POSDATA natoms=1191 config_type=101 n_mol=1
  atom 0: -0.25953 0.54720 3.74015 type=4
  atom 1: 5.03161 9.14630 4.79126 type=4
  atom 2: 7.10247 5.39395 0.52556 type=4
  atom 3: -2.33038 4.29955 8.00585 type=4
  atom 4: -1.23824 8.59966 3.14850 type=3
ML HG_ev = -0.231742 eV
[CLIENT] POSDATA natoms=1191 config_type=101 n_mol=1
  atom 0: -0.25953 0.54720 3.74015 type=4
  atom 1: 5.03161 9.14630 4.79126 type=4
  atom 2: 7.10247 5.39395 0.52556 type=4
  atom 3: -2.33038 4.29955 8.00585 type=4
  atom 4: -1.23824 8.59966 3.14850 type=3
ML HG_ev = -0.332872 eV
[CLIENT] POSDATA natoms=1191 config_type=101 n_mol=1
  atom 0: -0.25953 0.54720 3.74015 type=4
  atom 1: 5.03161 9.14630 4.79126 type=4
  atom 2: 7.10247 5.39395 0.52556 type=4
  atom 3: -2.33038 4.29955 8.00585 type=4
  atom 4: -1.23824 8.59966 3.14850 type=3
ML HG_ev = -0.278266 eV
[CLIENT] POSDATA natoms=1191 config_type=101 n_mol=1
  atom 0: -0.25953 0.54720 3.74015 type=4
  atom 1: 5.03161 9.14630 4.79126 type=4
  atom 2: 7.10247 5.39395 0.52556 type=4
  atom 3: -2.33038 4.29955 8.00585 type=4
  atom 4: -1.23824 8.59966 3.14850 type=3
ML HG_ev = -0.225442 eV
[CLIENT] POSDATA natoms=1191 config_type=101 n_mol=1
  atom 0: -0.25953 0.54720 3.74015 type=4
  atom 1: 5.03161 9.14630 4.79126 type=4
  atom 2: 7.10247 5.39395 0.52556 type=4
  atom 3: -2.33038 4.29955 8.00585 type=4
  atom 4: -1.23824 8.59966 3.14850 type=3
ML HG_ev = -0.173803 eV
[CLIENT] POSDATA natoms=1191 config_type=101 n_mol=1
  atom 0: -0.25953 0.54720 3.74015 type=4
  atom 1: 5.03161 9.14630 4.79126 type=4
  atom 2: 7.10247 5.39395 0.52556 type=4
  atom 3: -2.33038 4.29955 8.00585 type=4
  atom 4: -1.23824 8.59966 3.14850 type=3
ML HG_ev = 1.096117 eV
[CLIENT] POSDATA natoms=1191 config_type=101 n_mol=1
  atom 0: -0.25953 0.54720 3.74015 type=4
  atom 1: 5.03161 9.14630 4.79126 type=4
  atom 2: 7.10247 5.39395 0.52556 type=4
  atom 3: -2.33038 4.29955 8.00585 type=4
  atom 4: -1.23824 8.59966 3.14850 type=3
ML HG_ev = -0.332588 eV
[CLIENT] POSDATA natoms=1191 config_type=101 n_mol=1
  atom 0: -0.25953 0.54720 3.74015 type=4
  atom 1: 5.03161 9.14630 4.79126 type=4
  atom 2: 7.10247 5.39395 0.52556 type=4
  atom 3: -2.33038 4.29955 8.00585 type=4
  atom 4: -1.23824 8.59966 3.14850 type=3
ML HG_ev = 0.273864 eV
[CLIENT] POSDATA natoms=1191 config_type=101 n_mol=1
  atom 0: -0.25953 0.54720 3.74015 type=4
  atom 1: 5.03161 9.14630 4.79126 type=4
  atom 2: 7.10247 5.39395 0.52556 type=4
  atom 3: -2.33038 4.29955 8.00585 type=4
  atom 4: -1.23824 8.59966 3.14850 type=3
ML HG_ev = -0.278403 eV
[CLIENT] POSDATA natoms=1191 config_type=101 n_mol=1
  atom 0: -0.25953 0.54720 3.74015 type=4
  atom 1: 5.03161 9.14630 4.79126 type=4
  atom 2: 7.10247 5.39395 0.52556 type=4
  atom 3: -2.33038 4.29955 8.00585 type=4
  atom 4: -1.23824 8.59966 3.14850 type=3
ML HG_ev = 0.511615 eV
[CLIENT] POSDATA natoms=1191 config_type=101 n_mol=1
  atom 0: -0.25953 0.54720 3.74015 type=4
  atom 1: 5.03161 9.14630 4.79126 type=4
  atom 2: 7.10247 5.39395 0.52556 type=4
  atom 3: -2.33038 4.29955 8.00585 type=4
  atom 4: -1.23824 8.59966 3.14850 type=3
ML HG_ev = -0.333565 eV
[CLIENT] POSDATA natoms=1191 config_type=101 n_mol=1
  atom 0: -0.25953 0.54720 3.74015 type=4
  atom 1: 5.03161 9.14630 4.79126 type=4
  atom 2: 7.10247 5.39395 0.52556 type=4
  atom 3: -2.33038 4.29955 8.00585 type=4
  atom 4: -1.23824 8.59966 3.14850 type=3
ML HG_ev = 0.454533 eV
[CLIENT] POSDATA natoms=1191 config_type=101 n_mol=1
  atom 0: -0.25953 0.54720 3.74015 type=4
  atom 1: 5.03161 9.14630 4.79126 type=4
  atom 2: 7.10247 5.39395 0.52556 type=4
  atom 3: -2.33038 4.29955 8.00585 type=4
  atom 4: -1.23824 8.59966 3.14850 type=3
ML HG_ev = -0.174579 eV
[CLIENT] POSDATA natoms=1191 config_type=101 n_mol=1
  atom 0: -0.25953 0.54720 3.74015 type=4
  atom 1: 5.03161 9.14630 4.79126 type=4
  atom 2: 7.10247 5.39395 0.52556 type=4
  atom 3: -2.33038 4.29955 8.00585 type=4
  atom 4: -1.23824 8.59966 3.14850 type=3
ML HG_ev = -0.318566 eV
[CLIENT] POSDATA natoms=1191 config_type=101 n_mol=1
  atom 0: -0.25953 0.54720 3.74015 type=4
  atom 1: 5.03161 9.14630 4.79126 type=4
  atom 2: 7.10247 5.39395 0.52556 type=4
  atom 3: -2.33038 4.29955 8.00585 type=4
  atom 4: -1.23824 8.59966 3.14850 type=3
ML HG_ev = -0.333536 eV
[CLIENT] POSDATA natoms=1191 config_type=101 n_mol=1
  atom 0: -0.25953 0.54720 3.74015 type=4
  atom 1: 5.03161 9.14630 4.79126 type=4
  atom 2: 7.10247 5.39395 0.52556 type=4
  atom 3: -2.33038 4.29955 8.00585 type=4
  atom 4: -1.23824 8.59966 3.14850 type=3
ML HG_ev = 1.603812 eV
[CLIENT] POSDATA natoms=1191 config_type=101 n_mol=1
  atom 0: -0.25953 0.54720 3.74015 type=4
  atom 1: 5.03161 9.14630 4.79126 type=4
  atom 2: 7.10247 5.39395 0.52556 type=4
  atom 3: -2.33038 4.29955 8.00585 type=4
  atom 4: -1.23824 8.59966 3.14850 type=3
ML HG_ev = -0.333077 eV
[CLIENT] POSDATA natoms=1191 config_type=101 n_mol=1
  atom 0: -0.25953 0.54720 3.74015 type=4
  atom 1: 5.03161 9.14630 4.79126 type=4
  atom 2: 7.10247 5.39395 0.52556 type=4
  atom 3: -2.33038 4.29955 8.00585 type=4
  atom 4: -1.23824 8.59966 3.14850 type=3
ML HG_ev = -0.277973 eV
[CLIENT] POSDATA natoms=1191 config_type=101 n_mol=1
  atom 0: -0.25953 0.54720 3.74015 type=4
  atom 1: 5.03161 9.14630 4.79126 type=4
  atom 2: 7.10247 5.39395 0.52556 type=4
  atom 3: -2.33038 4.29955 8.00585 type=4
  atom 4: -1.23824 8.59966 3.14850 type=3
ML HG_ev = -0.304975 eV
[CLIENT] POSDATA natoms=1191 config_type=101 n_mol=1
  atom 0: -0.25953 0.54720 3.74015 type=4
  atom 1: 5.03161 9.14630 4.79126 type=4
  atom 2: 7.10247 5.39395 0.52556 type=4
  atom 3: -2.33038 4.29955 8.00585 type=4
  atom 4: -1.23824 8.59966 3.14850 type=3
ML HG_ev = -0.278398 eV
[CLIENT] POSDATA natoms=1191 config_type=101 n_mol=1
  atom 0: -0.25953 0.54720 3.74015 type=4
  atom 1: 5.03161 9.14630 4.79126 type=4
  atom 2: 7.10247 5.39395 0.52556 type=4
  atom 3: -2.33038 4.29955 8.00585 type=4
  atom 4: -1.23824 8.59966 3.14850 type=3
ML HG_ev = -0.283944 eV
[CLIENT] POSDATA natoms=1191 config_type=101 n_mol=1
  atom 0: -0.25953 0.54720 3.74015 type=4
  atom 1: 5.03161 9.14630 4.79126 type=4
  atom 2: 7.10247 5.39395 0.52556 type=4
  atom 3: -2.33038 4.29955 8.00585 type=4
  atom 4: -1.23824 8.59966 3.14850 type=3
ML HG_ev = -0.334574 eV
[CLIENT] POSDATA natoms=1191 config_type=101 n_mol=1
  atom 0: -0.25953 0.54720 3.74015 type=4
  atom 1: 5.03161 9.14630 4.79126 type=4
  atom 2: 7.10247 5.39395 0.52556 type=4
  atom 3: -2.33038 4.29955 8.00585 type=4
  atom 4: -1.23824 8.59966 3.14850 type=3
ML HG_ev = 0.033696 eV
[CLIENT] POSDATA natoms=1191 config_type=101 n_mol=1
  atom 0: -0.25953 0.54720 3.74015 type=4
  atom 1: 5.03161 9.14630 4.79126 type=4
  atom 2: 7.10247 5.39395 0.52556 type=4
  atom 3: -2.33038 4.29955 8.00585 type=4
  atom 4: -1.23824 8.59966 3.14850 type=3
ML HG_ev = -0.173360 eV
[CLIENT] POSDATA natoms=1191 config_type=101 n_mol=1
  atom 0: -0.25953 0.54720 3.74015 type=4
  atom 1: 5.03161 9.14630 4.79126 type=4
  atom 2: 7.10247 5.39395 0.52556 type=4
  atom 3: -2.33038 4.29955 8.00585 type=4
  atom 4: -1.23824 8.59966 3.14850 type=3
ML HG_ev = -0.263216 eV
[CLIENT] POSDATA natoms=1191 config_type=101 n_mol=1
  atom 0: -0.25953 0.54720 3.74015 type=4
  atom 1: 5.03161 9.14630 4.79126 type=4
  atom 2: 7.10247 5.39395 0.52556 type=4
  atom 3: -2.33038 4.29955 8.00585 type=4
  atom 4: -1.23824 8.59966 3.14850 type=3
ML HG_ev = -0.283819 eV
[CLIENT] POSDATA natoms=1191 config_type=101 n_mol=1
  atom 0: -0.25953 0.54720 3.74015 type=4
  atom 1: 5.03161 9.14630 4.79126 type=4
  atom 2: 7.10247 5.39395 0.52556 type=4
  atom 3: -2.33038 4.29955 8.00585 type=4
  atom 4: -1.23824 8.59966 3.14850 type=3
ML HG_ev = 0.827026 eV
[CLIENT] POSDATA natoms=1191 config_type=101 n_mol=1
  atom 0: -0.25953 0.54720 3.74015 type=4
  atom 1: 5.03161 9.14630 4.79126 type=4
  atom 2: 7.10247 5.39395 0.52556 type=4
  atom 3: -2.33038 4.29955 8.00585 type=4
  atom 4: -1.23824 8.59966 3.14850 type=3
ML HG_ev = -0.283180 eV
[CLIENT] POSDATA natoms=1191 config_type=101 n_mol=1
  atom 0: -0.25953 0.54720 3.74015 type=4
  atom 1: 5.03161 9.14630 4.79126 type=4
  atom 2: 7.10247 5.39395 0.52556 type=4
  atom 3: -2.33038 4.29955 8.00585 type=4
  atom 4: -1.23824 8.59966 3.14850 type=3
ML HG_ev = -0.220530 eV
[CLIENT] POSDATA natoms=1191 config_type=101 n_mol=1
  atom 0: -0.25953 0.54720 3.74015 type=4
  atom 1: 5.03161 9.14630 4.79126 type=4
  atom 2: 7.10247 5.39395 0.52556 type=4
  atom 3: -2.33038 4.29955 8.00585 type=4
  atom 4: -1.23824 8.59966 3.14850 type=3
ML HG_ev = -0.283116 eV
[CLIENT] POSDATA natoms=1191 config_type=101 n_mol=1
  atom 0: -0.25953 0.54720 3.74015 type=4
  atom 1: 5.03161 9.14630 4.79126 type=4
  atom 2: 7.10247 5.39395 0.52556 type=4
  atom 3: -2.33038 4.29955 8.00585 type=4
  atom 4: -1.23824 8.59966 3.14850 type=3
ML HG_ev = -0.005701 eV
[CLIENT] POSDATA natoms=1191 config_type=101 n_mol=1
  atom 0: -0.25953 0.54720 3.74015 type=4
  atom 1: 5.03161 9.14630 4.79126 type=4
  atom 2: 7.10247 5.39395 0.52556 type=4
  atom 3: -2.33038 4.29955 8.00585 type=4
  atom 4: -1.23824 8.59966 3.14850 type=3
ML HG_ev = -0.304267 eV
[CLIENT] POSDATA natoms=1191 config_type=101 n_mol=1
  atom 0: -0.25953 0.54720 3.74015 type=4
  atom 1: 5.03161 9.14630 4.79126 type=4
  atom 2: 7.10247 5.39395 0.52556 type=4
  atom 3: -2.33038 4.29955 8.00585 type=4
  atom 4: -1.23824 8.59966 3.14850 type=3
ML HG_ev = 0.758523 eV
[CLIENT] POSDATA natoms=1191 config_type=101 n_mol=1
  atom 0: -0.25953 0.54720 3.74015 type=4
  atom 1: 5.03161 9.14630 4.79126 type=4
  atom 2: 7.10247 5.39395 0.52556 type=4
  atom 3: -2.33038 4.29955 8.00585 type=4
  atom 4: -1.23824 8.59966 3.14850 type=3
ML HG_ev = -0.305364 eV
[CLIENT] POSDATA natoms=1191 config_type=101 n_mol=1
  atom 0: -0.25953 0.54720 3.74015 type=4
  atom 1: 5.03161 9.14630 4.79126 type=4
  atom 2: 7.10247 5.39395 0.52556 type=4
  atom 3: -2.33038 4.29955 8.00585 type=4
  atom 4: -1.23824 8.59966 3.14850 type=3
ML HG_ev = -0.100386 eV
[CLIENT] POSDATA natoms=1191 config_type=101 n_mol=1
  atom 0: -0.25953 0.54720 3.74015 type=4
  atom 1: 5.03161 9.14630 4.79126 type=4
  atom 2: 7.10247 5.39395 0.52556 type=4
  atom 3: -2.33038 4.29955 8.00585 type=4
  atom 4: -1.23824 8.59966 3.14850 type=3
ML HG_ev = -0.221250 eV
[CLIENT] POSDATA natoms=1191 config_type=101 n_mol=1
  atom 0: -0.25953 0.54720 3.74015 type=4
  atom 1: 5.03161 9.14630 4.79126 type=4
  atom 2: 7.10247 5.39395 0.52556 type=4
  atom 3: -2.33038 4.29955 8.00585 type=4
  atom 4: -1.23824 8.59966 3.14850 type=3
ML HG_ev = -0.318299 eV
[CLIENT] POSDATA natoms=1191 config_type=101 n_mol=1
  atom 0: -0.25953 0.54720 3.74015 type=4
  atom 1: 5.03161 9.14630 4.79126 type=4
  atom 2: 7.10247 5.39395 0.52556 type=4
  atom 3: -2.33038 4.29955 8.00585 type=4
  atom 4: -1.23824 8.59966 3.14850 type=3
ML HG_ev = -0.174431 eV
[CLIENT] POSDATA natoms=1191 config_type=101 n_mol=1
  atom 0: -0.25953 0.54720 3.74015 type=4
  atom 1: 5.03161 9.14630 4.79126 type=4
  atom 2: 7.10247 5.39395 0.52556 type=4
  atom 3: -2.33038 4.29955 8.00585 type=4
  atom 4: -1.23824 8.59966 3.14850 type=3
ML HG_ev = 0.926681 eV
[CLIENT] POSDATA natoms=1191 config_type=101 n_mol=1
  atom 0: -0.25953 0.54720 3.74015 type=4
  atom 1: 5.03161 9.14630 4.79126 type=4
  atom 2: 7.10247 5.39395 0.52556 type=4
  atom 3: -2.33038 4.29955 8.00585 type=4
  atom 4: -1.23824 8.59966 3.14850 type=3
ML HG_ev = -0.221388 eV
[CLIENT] POSDATA natoms=1191 config_type=101 n_mol=1
  atom 0: -0.25953 0.54720 3.74015 type=4
  atom 1: 5.03161 9.14630 4.79126 type=4
  atom 2: 7.10247 5.39395 0.52556 type=4
  atom 3: -2.33038 4.29955 8.00585 type=4
  atom 4: -1.23824 8.59966 3.14850 type=3
ML HG_ev = 0.383777 eV
[CLIENT] POSDATA natoms=1191 config_type=101 n_mol=1
  atom 0: -0.25953 0.54720 3.74015 type=4
  atom 1: 5.03161 9.14630 4.79126 type=4
  atom 2: 7.10247 5.39395 0.52556 type=4
  atom 3: -2.33038 4.29955 8.00585 type=4
  atom 4: -1.23824 8.59966 3.14850 type=3
ML HG_ev = -0.305391 eV
[CLIENT] POSDATA natoms=1191 config_type=101 n_mol=1
  atom 0: -0.25953 0.54720 3.74015 type=4
  atom 1: 5.03161 9.14630 4.79126 type=4
  atom 2: 7.10247 5.39395 0.52556 type=4
  atom 3: -2.33038 4.29955 8.00585 type=4
  atom 4: -1.23824 8.59966 3.14850 type=3
ML HG_ev = -0.049895 eV
[CLIENT] POSDATA natoms=1191 config_type=101 n_mol=1
  atom 0: -0.25953 0.54720 3.74015 type=4
  atom 1: 5.03161 9.14630 4.79126 type=4
  atom 2: 7.10247 5.39395 0.52556 type=4
  atom 3: -2.33038 4.29955 8.00585 type=4
  atom 4: -1.23824 8.59966 3.14850 type=3
ML HG_ev = -0.221980 eV
[CLIENT] POSDATA natoms=1191 config_type=101 n_mol=1
  atom 0: -0.25953 0.54720 3.74015 type=4
  atom 1: 5.03161 9.14630 4.79126 type=4
  atom 2: 7.10247 5.39395 0.52556 type=4
  atom 3: -2.33038 4.29955 8.00585 type=4
  atom 4: -1.23824 8.59966 3.14850 type=3
ML HG_ev = 1.599899 eV
[CLIENT] POSDATA natoms=1191 config_type=101 n_mol=1
  atom 0: -0.25953 0.54720 3.74015 type=4
  atom 1: 5.03161 9.14630 4.79126 type=4
  atom 2: 7.10247 5.39395 0.52556 type=4
  atom 3: -2.33038 4.29955 8.00585 type=4
  atom 4: -1.23824 8.59966 3.14850 type=3
ML HG_ev = -0.173950 eV
[CLIENT] POSDATA natoms=1191 config_type=101 n_mol=1
  atom 0: -0.25953 0.54720 3.74015 type=4
  atom 1: 5.03161 9.14630 4.79126 type=4
  atom 2: 7.10247 5.39395 0.52556 type=4
  atom 3: -2.33038 4.29955 8.00585 type=4
  atom 4: -1.23824 8.59966 3.14850 type=3
ML HG_ev = -0.298434 eV
[CLIENT] POSDATA natoms=1191 config_type=101 n_mol=1
  atom 0: -0.25953 0.54720 3.74015 type=4
  atom 1: 5.03161 9.14630 4.79126 type=4
  atom 2: 7.10247 5.39395 0.52556 type=4
  atom 3: -2.33038 4.29955 8.00585 type=4
  atom 4: -1.23824 8.59966 3.14850 type=3
ML HG_ev = -0.221653 eV
[CLIENT] POSDATA natoms=1191 config_type=101 n_mol=1
  atom 0: -0.25953 0.54720 3.74015 type=4
  atom 1: 5.03161 9.14630 4.79126 type=4
  atom 2: 7.10247 5.39395 0.52556 type=4
  atom 3: -2.33038 4.29955 8.00585 type=4
  atom 4: -1.23824 8.59966 3.14850 type=3
ML HG_ev = -0.174306 eV
[CLIENT] POSDATA natoms=1191 config_type=101 n_mol=1
  atom 0: -0.25953 0.54720 3.74015 type=4
  atom 1: 5.03161 9.14630 4.79126 type=4
  atom 2: 7.10247 5.39395 0.52556 type=4
  atom 3: -2.33038 4.29955 8.00585 type=4
  atom 4: -1.23824 8.59966 3.14850 type=3
ML HG_ev = 0.024847 eV
[CLIENT] POSDATA natoms=1191 config_type=101 n_mol=1
  atom 0: -0.25953 0.54720 3.74015 type=4
  atom 1: 5.03161 9.14630 4.79126 type=4
  atom 2: 7.10247 5.39395 0.52556 type=4
  atom 3: -2.33038 4.29955 8.00585 type=4
  atom 4: -1.23824 8.59966 3.14850 type=3
ML HG_ev = -0.304320 eV
[CLIENT] POSDATA natoms=1191 config_type=101 n_mol=1
  atom 0: -0.25953 0.54720 3.74015 type=4
  atom 1: 5.03161 9.14630 4.79126 type=4
  atom 2: 7.10247 5.39395 0.52556 type=4
  atom 3: -2.33038 4.29955 8.00585 type=4
  atom 4: -1.23824 8.59966 3.14850 type=3
ML HG_ev = -0.012222 eV
[CLIENT] POSDATA natoms=1191 config_type=101 n_mol=1
  atom 0: -0.25953 0.54720 3.74015 type=4
  atom 1: 5.03161 9.14630 4.79126 type=4
  atom 2: 7.10247 5.39395 0.52556 type=4
  atom 3: -2.33038 4.29955 8.00585 type=4
  atom 4: -1.23824 8.59966 3.14850 type=3
ML HG_ev = -0.173925 eV
[CLIENT] POSDATA natoms=1191 config_type=101 n_mol=1
  atom 0: -0.25953 0.54720 3.74015 type=4
  atom 1: 5.03161 9.14630 4.79126 type=4
  atom 2: 7.10247 5.39395 0.52556 type=4
  atom 3: -2.33038 4.29955 8.00585 type=4
  atom 4: -1.23824 8.59966 3.14850 type=3
ML HG_ev = -0.297923 eV
[CLIENT] POSDATA natoms=1191 config_type=101 n_mol=1
  atom 0: -0.25953 0.54720 3.74015 type=4
  atom 1: 5.03161 9.14630 4.79126 type=4
  atom 2: 7.10247 5.39395 0.52556 type=4
  atom 3: -2.33038 4.29955 8.00585 type=4
  atom 4: -1.23824 8.59966 3.14850 type=3
ML HG_ev = 3.037008 eV
[CLIENT] POSDATA natoms=1191 config_type=101 n_mol=1
  atom 0: -0.25953 0.54720 3.74015 type=4
  atom 1: 5.03161 9.14630 4.79126 type=4
  atom 2: 7.10247 5.39395 0.52556 type=4
  atom 3: -2.33038 4.29955 8.00585 type=4
  atom 4: -1.23824 8.59966 3.14850 type=3
ML HG_ev = -0.137934 eV
[CLIENT] POSDATA natoms=1191 config_type=101 n_mol=1
  atom 0: -0.25953 0.54720 3.74015 type=4
  atom 1: 5.03161 9.14630 4.79126 type=4
  atom 2: 7.10247 5.39395 0.52556 type=4
  atom 3: -2.33038 4.29955 8.00585 type=4
  atom 4: -1.23824 8.59966 3.14850 type=3
ML HG_ev = -0.173889 eV
[CLIENT] POSDATA natoms=1191 config_type=101 n_mol=1
  atom 0: -0.25953 0.54720 3.74015 type=4
  atom 1: 5.03161 9.14630 4.79126 type=4
  atom 2: 7.10247 5.39395 0.52556 type=4
  atom 3: -2.33038 4.29955 8.00585 type=4
  atom 4: -1.23824 8.59966 3.14850 type=3
ML HG_ev = -0.298200 eV
[CLIENT] POSDATA natoms=1191 config_type=101 n_mol=1
  atom 0: -0.25953 0.54720 3.74015 type=4
  atom 1: 5.03161 9.14630 4.79126 type=4
  atom 2: 7.10247 5.39395 0.52556 type=4
  atom 3: -2.33038 4.29955 8.00585 type=4
  atom 4: -1.23824 8.59966 3.14850 type=3
ML HG_ev = -0.346427 eV
[CLIENT] POSDATA natoms=1191 config_type=101 n_mol=1
  atom 0: -0.25953 0.54720 3.74015 type=4
  atom 1: 5.03161 9.14630 4.79126 type=4
  atom 2: 7.10247 5.39395 0.52556 type=4
  atom 3: -2.33038 4.29955 8.00585 type=4
  atom 4: -1.23824 8.59966 3.14850 type=3
ML HG_ev = -0.298674 eV
[CLIENT] POSDATA natoms=1191 config_type=101 n_mol=1
  atom 0: -0.25953 0.54720 3.74015 type=4
  atom 1: 5.03161 9.14630 4.79126 type=4
  atom 2: 7.10247 5.39395 0.52556 type=4
  atom 3: -2.33038 4.29955 8.00585 type=4
  atom 4: -1.23824 8.59966 3.14850 type=3
ML HG_ev = -0.203332 eV
[CLIENT] POSDATA natoms=1191 config_type=101 n_mol=1
  atom 0: -0.25953 0.54720 3.74015 type=4
  atom 1: 5.03161 9.14630 4.79126 type=4
  atom 2: 7.10247 5.39395 0.52556 type=4
  atom 3: -2.33038 4.29955 8.00585 type=4
  atom 4: -1.23824 8.59966 3.14850 type=3
ML HG_ev = -0.346481 eV
[CLIENT] POSDATA natoms=1191 config_type=101 n_mol=1
  atom 0: -0.25953 0.54720 3.74015 type=4
  atom 1: 5.03161 9.14630 4.79126 type=4
  atom 2: 7.10247 5.39395 0.52556 type=4
  atom 3: -2.33038 4.29955 8.00585 type=4
  atom 4: -1.23824 8.59966 3.14850 type=3
ML HG_ev = -0.314733 eV
[CLIENT] POSDATA natoms=1191 config_type=101 n_mol=1
  atom 0: -0.25953 0.54720 3.74015 type=4
  atom 1: 5.03161 9.14630 4.79126 type=4
  atom 2: 7.10247 5.39395 0.52556 type=4
  atom 3: -2.33038 4.29955 8.00585 type=4
  atom 4: -1.23824 8.59966 3.14850 type=3
PRODUCTION Cycle: 800, 3 Adsorbate Molecules, Total Energy: -7841.02369  ||  Component 0 [calf20_ddec_super.cif], 1 Molecules  ||  Component 1 [CO2], 3 Molecules  ||  
ML HG_ev = -0.347031 eV
[CLIENT] POSDATA natoms=1191 config_type=101 n_mol=1
  atom 0: -0.25953 0.54720 3.74015 type=4
  atom 1: 5.03161 9.14630 4.79126 type=4
  atom 2: 7.10247 5.39395 0.52556 type=4
  atom 3: -2.33038 4.29955 8.00585 type=4
  atom 4: -1.23824 8.59966 3.14850 type=3
ML HG_ev = -0.319141 eV
[CLIENT] POSDATA natoms=1191 config_type=101 n_mol=1
  atom 0: -0.25953 0.54720 3.74015 type=4
  atom 1: 5.03161 9.14630 4.79126 type=4
  atom 2: 7.10247 5.39395 0.52556 type=4
  atom 3: -2.33038 4.29955 8.00585 type=4
  atom 4: -1.23824 8.59966 3.14850 type=3
ML HG_ev = -0.304753 eV
[CLIENT] POSDATA natoms=1191 config_type=101 n_mol=1
  atom 0: -0.25953 0.54720 3.74015 type=4
  atom 1: 5.03161 9.14630 4.79126 type=4
  atom 2: 7.10247 5.39395 0.52556 type=4
  atom 3: -2.33038 4.29955 8.00585 type=4
  atom 4: -1.23824 8.59966 3.14850 type=3
ML HG_ev = 0.445860 eV
[CLIENT] POSDATA natoms=1191 config_type=101 n_mol=1
  atom 0: -0.25953 0.54720 3.74015 type=4
  atom 1: 5.03161 9.14630 4.79126 type=4
  atom 2: 7.10247 5.39395 0.52556 type=4
  atom 3: -2.33038 4.29955 8.00585 type=4
  atom 4: -1.23824 8.59966 3.14850 type=3
ML HG_ev = -0.174673 eV
[CLIENT] POSDATA natoms=1191 config_type=101 n_mol=1
  atom 0: -0.25953 0.54720 3.74015 type=4
  atom 1: 5.03161 9.14630 4.79126 type=4
  atom 2: 7.10247 5.39395 0.52556 type=4
  atom 3: -2.33038 4.29955 8.00585 type=4
  atom 4: -1.23824 8.59966 3.14850 type=3
ML HG_ev = -0.249280 eV
[CLIENT] POSDATA natoms=1191 config_type=101 n_mol=1
  atom 0: -0.25953 0.54720 3.74015 type=4
  atom 1: 5.03161 9.14630 4.79126 type=4
  atom 2: 7.10247 5.39395 0.52556 type=4
  atom 3: -2.33038 4.29955 8.00585 type=4
  atom 4: -1.23824 8.59966 3.14850 type=3
ML HG_ev = -0.319794 eV
[CLIENT] POSDATA natoms=1191 config_type=101 n_mol=1
  atom 0: -0.25953 0.54720 3.74015 type=4
  atom 1: 5.03161 9.14630 4.79126 type=4
  atom 2: 7.10247 5.39395 0.52556 type=4
  atom 3: -2.33038 4.29955 8.00585 type=4
  atom 4: -1.23824 8.59966 3.14850 type=3
ML HG_ev = -0.346355 eV
[CLIENT] POSDATA natoms=1191 config_type=101 n_mol=1
  atom 0: -0.25953 0.54720 3.74015 type=4
  atom 1: 5.03161 9.14630 4.79126 type=4
  atom 2: 7.10247 5.39395 0.52556 type=4
  atom 3: -2.33038 4.29955 8.00585 type=4
  atom 4: -1.23824 8.59966 3.14850 type=3
ML HG_ev = 0.187167 eV
[CLIENT] POSDATA natoms=1191 config_type=101 n_mol=1
  atom 0: -0.25953 0.54720 3.74015 type=4
  atom 1: 5.03161 9.14630 4.79126 type=4
  atom 2: 7.10247 5.39395 0.52556 type=4
  atom 3: -2.33038 4.29955 8.00585 type=4
  atom 4: -1.23824 8.59966 3.14850 type=3
ML HG_ev = -0.319287 eV
[CLIENT] POSDATA natoms=1191 config_type=101 n_mol=1
  atom 0: -0.25953 0.54720 3.74015 type=4
  atom 1: 5.03161 9.14630 4.79126 type=4
  atom 2: 7.10247 5.39395 0.52556 type=4
  atom 3: -2.33038 4.29955 8.00585 type=4
  atom 4: -1.23824 8.59966 3.14850 type=3
ML HG_ev = 1.822157 eV
[CLIENT] POSDATA natoms=1191 config_type=101 n_mol=1
  atom 0: -0.25953 0.54720 3.74015 type=4
  atom 1: 5.03161 9.14630 4.79126 type=4
  atom 2: 7.10247 5.39395 0.52556 type=4
  atom 3: -2.33038 4.29955 8.00585 type=4
  atom 4: -1.23824 8.59966 3.14850 type=3
ML HG_ev = -0.346694 eV
[CLIENT] POSDATA natoms=1191 config_type=101 n_mol=1
  atom 0: -0.25953 0.54720 3.74015 type=4
  atom 1: 5.03161 9.14630 4.79126 type=4
  atom 2: 7.10247 5.39395 0.52556 type=4
  atom 3: -2.33038 4.29955 8.00585 type=4
  atom 4: -1.23824 8.59966 3.14850 type=3
ML HG_ev = -0.038930 eV
[CLIENT] POSDATA natoms=1191 config_type=101 n_mol=1
  atom 0: -0.25953 0.54720 3.74015 type=4
  atom 1: 5.03161 9.14630 4.79126 type=4
  atom 2: 7.10247 5.39395 0.52556 type=4
  atom 3: -2.33038 4.29955 8.00585 type=4
  atom 4: -1.23824 8.59966 3.14850 type=3
ML HG_ev = -0.319635 eV
[CLIENT] POSDATA natoms=1191 config_type=101 n_mol=1
  atom 0: -0.25953 0.54720 3.74015 type=4
  atom 1: 5.03161 9.14630 4.79126 type=4
  atom 2: 7.10247 5.39395 0.52556 type=4
  atom 3: -2.33038 4.29955 8.00585 type=4
  atom 4: -1.23824 8.59966 3.14850 type=3
ML HG_ev = -0.319042 eV
[CLIENT] POSDATA natoms=1191 config_type=101 n_mol=1
  atom 0: -0.25953 0.54720 3.74015 type=4
  atom 1: 5.03161 9.14630 4.79126 type=4
  atom 2: 7.10247 5.39395 0.52556 type=4
  atom 3: -2.33038 4.29955 8.00585 type=4
  atom 4: -1.23824 8.59966 3.14850 type=3
ML HG_ev = 0.160542 eV
[CLIENT] POSDATA natoms=1191 config_type=101 n_mol=1
  atom 0: -0.25953 0.54720 3.74015 type=4
  atom 1: 5.03161 9.14630 4.79126 type=4
  atom 2: 7.10247 5.39395 0.52556 type=4
  atom 3: -2.33038 4.29955 8.00585 type=4
  atom 4: -1.23824 8.59966 3.14850 type=3
ML HG_ev = -0.174844 eV
[CLIENT] POSDATA natoms=1191 config_type=101 n_mol=1
  atom 0: -0.25953 0.54720 3.74015 type=4
  atom 1: 5.03161 9.14630 4.79126 type=4
  atom 2: 7.10247 5.39395 0.52556 type=4
  atom 3: -2.33038 4.29955 8.00585 type=4
  atom 4: -1.23824 8.59966 3.14850 type=3
ML HG_ev = 0.122801 eV
[CLIENT] POSDATA natoms=1191 config_type=101 n_mol=1
  atom 0: -0.25953 0.54720 3.74015 type=4
  atom 1: 5.03161 9.14630 4.79126 type=4
  atom 2: 7.10247 5.39395 0.52556 type=4
  atom 3: -2.33038 4.29955 8.00585 type=4
  atom 4: -1.23824 8.59966 3.14850 type=3
ML HG_ev = -0.319845 eV
[CLIENT] POSDATA natoms=1191 config_type=101 n_mol=1
  atom 0: -0.25953 0.54720 3.74015 type=4
  atom 1: 5.03161 9.14630 4.79126 type=4
  atom 2: 7.10247 5.39395 0.52556 type=4
  atom 3: -2.33038 4.29955 8.00585 type=4
  atom 4: -1.23824 8.59966 3.14850 type=3
ML HG_ev = -0.020122 eV
[CLIENT] POSDATA natoms=1191 config_type=101 n_mol=1
  atom 0: -0.25953 0.54720 3.74015 type=4
  atom 1: 5.03161 9.14630 4.79126 type=4
  atom 2: 7.10247 5.39395 0.52556 type=4
  atom 3: -2.33038 4.29955 8.00585 type=4
  atom 4: -1.23824 8.59966 3.14850 type=3
ML HG_ev = -0.346381 eV
[CLIENT] POSDATA natoms=1191 config_type=101 n_mol=1
  atom 0: -0.25953 0.54720 3.74015 type=4
  atom 1: 5.03161 9.14630 4.79126 type=4
  atom 2: 7.10247 5.39395 0.52556 type=4
  atom 3: -2.33038 4.29955 8.00585 type=4
  atom 4: -1.23824 8.59966 3.14850 type=3
ML HG_ev = 0.900880 eV
[CLIENT] POSDATA natoms=1191 config_type=101 n_mol=1
  atom 0: -0.25953 0.54720 3.74015 type=4
  atom 1: 5.03161 9.14630 4.79126 type=4
  atom 2: 7.10247 5.39395 0.52556 type=4
  atom 3: -2.33038 4.29955 8.00585 type=4
  atom 4: -1.23824 8.59966 3.14850 type=3
ML HG_ev = -0.319485 eV
[CLIENT] POSDATA natoms=1191 config_type=101 n_mol=1
  atom 0: -0.25953 0.54720 3.74015 type=4
  atom 1: 5.03161 9.14630 4.79126 type=4
  atom 2: 7.10247 5.39395 0.52556 type=4
  atom 3: -2.33038 4.29955 8.00585 type=4
  atom 4: -1.23824 8.59966 3.14850 type=3
ML HG_ev = -0.157273 eV
[CLIENT] POSDATA natoms=1191 config_type=101 n_mol=1
  atom 0: -0.25953 0.54720 3.74015 type=4
  atom 1: 5.03161 9.14630 4.79126 type=4
  atom 2: 7.10247 5.39395 0.52556 type=4
  atom 3: -2.33038 4.29955 8.00585 type=4
  atom 4: -1.23824 8.59966 3.14850 type=3
ML HG_ev = -0.346484 eV
[CLIENT] POSDATA natoms=1191 config_type=101 n_mol=1
  atom 0: -0.25953 0.54720 3.74015 type=4
  atom 1: 5.03161 9.14630 4.79126 type=4
  atom 2: 7.10247 5.39395 0.52556 type=4
  atom 3: -2.33038 4.29955 8.00585 type=4
  atom 4: -1.23824 8.59966 3.14850 type=3
ML HG_ev = -0.197041 eV
[CLIENT] POSDATA natoms=1191 config_type=101 n_mol=1
  atom 0: -0.25953 0.54720 3.74015 type=4
  atom 1: 5.03161 9.14630 4.79126 type=4
  atom 2: 7.10247 5.39395 0.52556 type=4
  atom 3: -2.33038 4.29955 8.00585 type=4
  atom 4: -1.23824 8.59966 3.14850 type=3
ML HG_ev = -0.346425 eV
[CLIENT] POSDATA natoms=1191 config_type=101 n_mol=1
  atom 0: -0.25953 0.54720 3.74015 type=4
  atom 1: 5.03161 9.14630 4.79126 type=4
  atom 2: 7.10247 5.39395 0.52556 type=4
  atom 3: -2.33038 4.29955 8.00585 type=4
  atom 4: -1.23824 8.59966 3.14850 type=3
ML HG_ev = 0.802238 eV
[CLIENT] POSDATA natoms=1191 config_type=101 n_mol=1
  atom 0: -0.25953 0.54720 3.74015 type=4
  atom 1: 5.03161 9.14630 4.79126 type=4
  atom 2: 7.10247 5.39395 0.52556 type=4
  atom 3: -2.33038 4.29955 8.00585 type=4
  atom 4: -1.23824 8.59966 3.14850 type=3
ML HG_ev = -0.174236 eV
[CLIENT] POSDATA natoms=1191 config_type=101 n_mol=1
  atom 0: -0.25953 0.54720 3.74015 type=4
  atom 1: 5.03161 9.14630 4.79126 type=4
  atom 2: 7.10247 5.39395 0.52556 type=4
  atom 3: -2.33038 4.29955 8.00585 type=4
  atom 4: -1.23824 8.59966 3.14850 type=3
ML HG_ev = -0.221535 eV
[CLIENT] POSDATA natoms=1191 config_type=101 n_mol=1
  atom 0: -0.25953 0.54720 3.74015 type=4
  atom 1: 5.03161 9.14630 4.79126 type=4
  atom 2: 7.10247 5.39395 0.52556 type=4
  atom 3: -2.33038 4.29955 8.00585 type=4
  atom 4: -1.23824 8.59966 3.14850 type=3
ML HG_ev = -0.173349 eV
[CLIENT] POSDATA natoms=1191 config_type=101 n_mol=1
  atom 0: -0.25953 0.54720 3.74015 type=4
  atom 1: 5.03161 9.14630 4.79126 type=4
  atom 2: 7.10247 5.39395 0.52556 type=4
  atom 3: -2.33038 4.29955 8.00585 type=4
  atom 4: -1.23824 8.59966 3.14850 type=3
ML HG_ev = -0.323778 eV
[CLIENT] POSDATA natoms=1191 config_type=101 n_mol=1
  atom 0: -0.25953 0.54720 3.74015 type=4
  atom 1: 5.03161 9.14630 4.79126 type=4
  atom 2: 7.10247 5.39395 0.52556 type=4
  atom 3: -2.33038 4.29955 8.00585 type=4
  atom 4: -1.23824 8.59966 3.14850 type=3
ML HG_ev = -0.346038 eV
[CLIENT] POSDATA natoms=1191 config_type=101 n_mol=1
  atom 0: -0.25953 0.54720 3.74015 type=4
  atom 1: 5.03161 9.14630 4.79126 type=4
  atom 2: 7.10247 5.39395 0.52556 type=4
  atom 3: -2.33038 4.29955 8.00585 type=4
  atom 4: -1.23824 8.59966 3.14850 type=3
ML HG_ev = -0.338314 eV
[CLIENT] POSDATA natoms=1191 config_type=101 n_mol=1
  atom 0: -0.25953 0.54720 3.74015 type=4
  atom 1: 5.03161 9.14630 4.79126 type=4
  atom 2: 7.10247 5.39395 0.52556 type=4
  atom 3: -2.33038 4.29955 8.00585 type=4
  atom 4: -1.23824 8.59966 3.14850 type=3
ML HG_ev = -0.323686 eV
[CLIENT] POSDATA natoms=1191 config_type=101 n_mol=1
  atom 0: -0.25953 0.54720 3.74015 type=4
  atom 1: 5.03161 9.14630 4.79126 type=4
  atom 2: 7.10247 5.39395 0.52556 type=4
  atom 3: -2.33038 4.29955 8.00585 type=4
  atom 4: -1.23824 8.59966 3.14850 type=3
ML HG_ev = -0.159977 eV
[CLIENT] POSDATA natoms=1191 config_type=101 n_mol=1
  atom 0: -0.25953 0.54720 3.74015 type=4
  atom 1: 5.03161 9.14630 4.79126 type=4
  atom 2: 7.10247 5.39395 0.52556 type=4
  atom 3: -2.33038 4.29955 8.00585 type=4
  atom 4: -1.23824 8.59966 3.14850 type=3
ML HG_ev = -0.222382 eV
[CLIENT] POSDATA natoms=1191 config_type=101 n_mol=1
  atom 0: -0.25953 0.54720 3.74015 type=4
  atom 1: 5.03161 9.14630 4.79126 type=4
  atom 2: 7.10247 5.39395 0.52556 type=4
  atom 3: -2.33038 4.29955 8.00585 type=4
  atom 4: -1.23824 8.59966 3.14850 type=3
ML HG_ev = -0.222061 eV
[CLIENT] POSDATA natoms=1191 config_type=101 n_mol=1
  atom 0: -0.25953 0.54720 3.74015 type=4
  atom 1: 5.03161 9.14630 4.79126 type=4
  atom 2: 7.10247 5.39395 0.52556 type=4
  atom 3: -2.33038 4.29955 8.00585 type=4
  atom 4: -1.23824 8.59966 3.14850 type=3
ML HG_ev = -0.213686 eV
[CLIENT] POSDATA natoms=1191 config_type=101 n_mol=1
  atom 0: -0.25953 0.54720 3.74015 type=4
  atom 1: 5.03161 9.14630 4.79126 type=4
  atom 2: 7.10247 5.39395 0.52556 type=4
  atom 3: -2.33038 4.29955 8.00585 type=4
  atom 4: -1.23824 8.59966 3.14850 type=3
ML HG_ev = -0.221950 eV
[CLIENT] POSDATA natoms=1191 config_type=101 n_mol=1
  atom 0: -0.25953 0.54720 3.74015 type=4
  atom 1: 5.03161 9.14630 4.79126 type=4
  atom 2: 7.10247 5.39395 0.52556 type=4
  atom 3: -2.33038 4.29955 8.00585 type=4
  atom 4: -1.23824 8.59966 3.14850 type=3
ML HG_ev = -0.182967 eV
[CLIENT] POSDATA natoms=1191 config_type=101 n_mol=1
  atom 0: -0.25953 0.54720 3.74015 type=4
  atom 1: 5.03161 9.14630 4.79126 type=4
  atom 2: 7.10247 5.39395 0.52556 type=4
  atom 3: -2.33038 4.29955 8.00585 type=4
  atom 4: -1.23824 8.59966 3.14850 type=3
ML HG_ev = -0.320127 eV
[CLIENT] POSDATA natoms=1191 config_type=101 n_mol=1
  atom 0: -0.25953 0.54720 3.74015 type=4
  atom 1: 5.03161 9.14630 4.79126 type=4
  atom 2: 7.10247 5.39395 0.52556 type=4
  atom 3: -2.33038 4.29955 8.00585 type=4
  atom 4: -1.23824 8.59966 3.14850 type=3
ML HG_ev = -0.318886 eV
[CLIENT] POSDATA natoms=1191 config_type=101 n_mol=1
  atom 0: -0.25953 0.54720 3.74015 type=4
  atom 1: 5.03161 9.14630 4.79126 type=4
  atom 2: 7.10247 5.39395 0.52556 type=4
  atom 3: -2.33038 4.29955 8.00585 type=4
  atom 4: -1.23824 8.59966 3.14850 type=3
ML HG_ev = -0.337204 eV
[CLIENT] POSDATA natoms=1191 config_type=101 n_mol=1
  atom 0: -0.25953 0.54720 3.74015 type=4
  atom 1: 5.03161 9.14630 4.79126 type=4
  atom 2: 7.10247 5.39395 0.52556 type=4
  atom 3: -2.33038 4.29955 8.00585 type=4
  atom 4: -1.23824 8.59966 3.14850 type=3
ML HG_ev = -0.196893 eV
[CLIENT] POSDATA natoms=1191 config_type=101 n_mol=1
  atom 0: -0.25953 0.54720 3.74015 type=4
  atom 1: 5.03161 9.14630 4.79126 type=4
  atom 2: 7.10247 5.39395 0.52556 type=4
  atom 3: -2.33038 4.29955 8.00585 type=4
  atom 4: -1.23824 8.59966 3.14850 type=3
ML HG_ev = -0.214092 eV
[CLIENT] POSDATA natoms=1191 config_type=101 n_mol=1
  atom 0: -0.25953 0.54720 3.74015 type=4
  atom 1: 5.03161 9.14630 4.79126 type=4
  atom 2: 7.10247 5.39395 0.52556 type=4
  atom 3: -2.33038 4.29955 8.00585 type=4
  atom 4: -1.23824 8.59966 3.14850 type=3
ML HG_ev = 0.598772 eV
[CLIENT] POSDATA natoms=1191 config_type=101 n_mol=1
  atom 0: -0.25953 0.54720 3.74015 type=4
  atom 1: 5.03161 9.14630 4.79126 type=4
  atom 2: 7.10247 5.39395 0.52556 type=4
  atom 3: -2.33038 4.29955 8.00585 type=4
  atom 4: -1.23824 8.59966 3.14850 type=3
ML HG_ev = 1.243724 eV
[CLIENT] POSDATA natoms=1191 config_type=101 n_mol=1
  atom 0: -0.25953 0.54720 3.74015 type=4
  atom 1: 5.03161 9.14630 4.79126 type=4
  atom 2: 7.10247 5.39395 0.52556 type=4
  atom 3: -2.33038 4.29955 8.00585 type=4
  atom 4: -1.23824 8.59966 3.14850 type=3
ML HG_ev = -0.337361 eV
[CLIENT] POSDATA natoms=1191 config_type=101 n_mol=1
  atom 0: -0.25953 0.54720 3.74015 type=4
  atom 1: 5.03161 9.14630 4.79126 type=4
  atom 2: 7.10247 5.39395 0.52556 type=4
  atom 3: -2.33038 4.29955 8.00585 type=4
  atom 4: -1.23824 8.59966 3.14850 type=3
ML HG_ev = -0.033797 eV
[CLIENT] POSDATA natoms=1191 config_type=101 n_mol=1
  atom 0: -0.25953 0.54720 3.74015 type=4
  atom 1: 5.03161 9.14630 4.79126 type=4
  atom 2: 7.10247 5.39395 0.52556 type=4
  atom 3: -2.33038 4.29955 8.00585 type=4
  atom 4: -1.23824 8.59966 3.14850 type=3
ML HG_ev = -0.338066 eV
[CLIENT] POSDATA natoms=1191 config_type=101 n_mol=1
  atom 0: -0.25953 0.54720 3.74015 type=4
  atom 1: 5.03161 9.14630 4.79126 type=4
  atom 2: 7.10247 5.39395 0.52556 type=4
  atom 3: -2.33038 4.29955 8.00585 type=4
  atom 4: -1.23824 8.59966 3.14850 type=3
ML HG_ev = -0.337307 eV
[CLIENT] POSDATA natoms=1191 config_type=101 n_mol=1
  atom 0: -0.25953 0.54720 3.74015 type=4
  atom 1: 5.03161 9.14630 4.79126 type=4
  atom 2: 7.10247 5.39395 0.52556 type=4
  atom 3: -2.33038 4.29955 8.00585 type=4
  atom 4: -1.23824 8.59966 3.14850 type=3
ML HG_ev = -0.320540 eV
[CLIENT] POSDATA natoms=1191 config_type=101 n_mol=1
  atom 0: -0.25953 0.54720 3.74015 type=4
  atom 1: 5.03161 9.14630 4.79126 type=4
  atom 2: 7.10247 5.39395 0.52556 type=4
  atom 3: -2.33038 4.29955 8.00585 type=4
  atom 4: -1.23824 8.59966 3.14850 type=3
ML HG_ev = -0.320132 eV
[CLIENT] POSDATA natoms=1191 config_type=101 n_mol=1
  atom 0: -0.25953 0.54720 3.74015 type=4
  atom 1: 5.03161 9.14630 4.79126 type=4
  atom 2: 7.10247 5.39395 0.52556 type=4
  atom 3: -2.33038 4.29955 8.00585 type=4
  atom 4: -1.23824 8.59966 3.14850 type=3
ML HG_ev = -0.258359 eV
[CLIENT] POSDATA natoms=1191 config_type=101 n_mol=1
  atom 0: -0.25953 0.54720 3.74015 type=4
  atom 1: 5.03161 9.14630 4.79126 type=4
  atom 2: 7.10247 5.39395 0.52556 type=4
  atom 3: -2.33038 4.29955 8.00585 type=4
  atom 4: -1.23824 8.59966 3.14850 type=3
ML HG_ev = -0.337884 eV
[CLIENT] POSDATA natoms=1191 config_type=101 n_mol=1
  atom 0: -0.25953 0.54720 3.74015 type=4
  atom 1: 5.03161 9.14630 4.79126 type=4
  atom 2: 7.10247 5.39395 0.52556 type=4
  atom 3: -2.33038 4.29955 8.00585 type=4
  atom 4: -1.23824 8.59966 3.14850 type=3
ML HG_ev = -0.320478 eV
[CLIENT] POSDATA natoms=1191 config_type=101 n_mol=1
  atom 0: -0.25953 0.54720 3.74015 type=4
  atom 1: 5.03161 9.14630 4.79126 type=4
  atom 2: 7.10247 5.39395 0.52556 type=4
  atom 3: -2.33038 4.29955 8.00585 type=4
  atom 4: -1.23824 8.59966 3.14850 type=3
ML HG_ev = 3.745370 eV
[CLIENT] POSDATA natoms=1191 config_type=101 n_mol=1
  atom 0: -0.25953 0.54720 3.74015 type=4
  atom 1: 5.03161 9.14630 4.79126 type=4
  atom 2: 7.10247 5.39395 0.52556 type=4
  atom 3: -2.33038 4.29955 8.00585 type=4
  atom 4: -1.23824 8.59966 3.14850 type=3
ML HG_ev = -0.320328 eV
[CLIENT] POSDATA natoms=1191 config_type=101 n_mol=1
  atom 0: -0.25953 0.54720 3.74015 type=4
  atom 1: 5.03161 9.14630 4.79126 type=4
  atom 2: 7.10247 5.39395 0.52556 type=4
  atom 3: -2.33038 4.29955 8.00585 type=4
  atom 4: -1.23824 8.59966 3.14850 type=3
ML HG_ev = -0.338738 eV
[CLIENT] POSDATA natoms=1191 config_type=101 n_mol=1
  atom 0: -0.25953 0.54720 3.74015 type=4
  atom 1: 5.03161 9.14630 4.79126 type=4
  atom 2: 7.10247 5.39395 0.52556 type=4
  atom 3: -2.33038 4.29955 8.00585 type=4
  atom 4: -1.23824 8.59966 3.14850 type=3
ML HG_ev = -0.244671 eV
[CLIENT] POSDATA natoms=1191 config_type=101 n_mol=1
  atom 0: -0.25953 0.54720 3.74015 type=4
  atom 1: 5.03161 9.14630 4.79126 type=4
  atom 2: 7.10247 5.39395 0.52556 type=4
  atom 3: -2.33038 4.29955 8.00585 type=4
  atom 4: -1.23824 8.59966 3.14850 type=3
ML HG_ev = -0.319629 eV
[CLIENT] POSDATA natoms=1191 config_type=101 n_mol=1
  atom 0: -0.25953 0.54720 3.74015 type=4
  atom 1: 5.03161 9.14630 4.79126 type=4
  atom 2: 7.10247 5.39395 0.52556 type=4
  atom 3: -2.33038 4.29955 8.00585 type=4
  atom 4: -1.23824 8.59966 3.14850 type=3
ML HG_ev = 1.988487 eV
[CLIENT] POSDATA natoms=1191 config_type=101 n_mol=1
  atom 0: -0.25953 0.54720 3.74015 type=4
  atom 1: 5.03161 9.14630 4.79126 type=4
  atom 2: 7.10247 5.39395 0.52556 type=4
  atom 3: -2.33038 4.29955 8.00585 type=4
  atom 4: -1.23824 8.59966 3.14850 type=3
ML HG_ev = -0.214080 eV
[CLIENT] POSDATA natoms=1191 config_type=101 n_mol=1
  atom 0: -0.25953 0.54720 3.74015 type=4
  atom 1: 5.03161 9.14630 4.79126 type=4
  atom 2: 7.10247 5.39395 0.52556 type=4
  atom 3: -2.33038 4.29955 8.00585 type=4
  atom 4: -1.23824 8.59966 3.14850 type=3
ML HG_ev = -0.213828 eV
[CLIENT] POSDATA natoms=1191 config_type=101 n_mol=1
  atom 0: -0.25953 0.54720 3.74015 type=4
  atom 1: 5.03161 9.14630 4.79126 type=4
  atom 2: 7.10247 5.39395 0.52556 type=4
  atom 3: -2.33038 4.29955 8.00585 type=4
  atom 4: -1.23824 8.59966 3.14850 type=3
ML HG_ev = -0.337602 eV
[CLIENT] POSDATA natoms=1191 config_type=101 n_mol=1
  atom 0: -0.25953 0.54720 3.74015 type=4
  atom 1: 5.03161 9.14630 4.79126 type=4
  atom 2: 7.10247 5.39395 0.52556 type=4
  atom 3: -2.33038 4.29955 8.00585 type=4
  atom 4: -1.23824 8.59966 3.14850 type=3
ML HG_ev = -0.319765 eV
[CLIENT] POSDATA natoms=1191 config_type=101 n_mol=1
  atom 0: -0.25953 0.54720 3.74015 type=4
  atom 1: 5.03161 9.14630 4.79126 type=4
  atom 2: 7.10247 5.39395 0.52556 type=4
  atom 3: -2.33038 4.29955 8.00585 type=4
  atom 4: -1.23824 8.59966 3.14850 type=3
ML HG_ev = 1.142370 eV
[CLIENT] POSDATA natoms=1191 config_type=101 n_mol=1
  atom 0: -0.25953 0.54720 3.74015 type=4
  atom 1: 5.03161 9.14630 4.79126 type=4
  atom 2: 7.10247 5.39395 0.52556 type=4
  atom 3: -2.33038 4.29955 8.00585 type=4
  atom 4: -1.23824 8.59966 3.14850 type=3
ML HG_ev = -0.213401 eV
[CLIENT] POSDATA natoms=1191 config_type=101 n_mol=1
  atom 0: -0.25953 0.54720 3.74015 type=4
  atom 1: 5.03161 9.14630 4.79126 type=4
  atom 2: 7.10247 5.39395 0.52556 type=4
  atom 3: -2.33038 4.29955 8.00585 type=4
  atom 4: -1.23824 8.59966 3.14850 type=3
ML HG_ev = -0.338409 eV
[CLIENT] POSDATA natoms=1191 config_type=101 n_mol=1
  atom 0: -0.25953 0.54720 3.74015 type=4
  atom 1: 5.03161 9.14630 4.79126 type=4
  atom 2: 7.10247 5.39395 0.52556 type=4
  atom 3: -2.33038 4.29955 8.00585 type=4
  atom 4: -1.23824 8.59966 3.14850 type=3
ML HG_ev = -0.298097 eV
[CLIENT] POSDATA natoms=1191 config_type=101 n_mol=1
  atom 0: -0.25953 0.54720 3.74015 type=4
  atom 1: 5.03161 9.14630 4.79126 type=4
  atom 2: 7.10247 5.39395 0.52556 type=4
  atom 3: -2.33038 4.29955 8.00585 type=4
  atom 4: -1.23824 8.59966 3.14850 type=3
ML HG_ev = -0.319934 eV
[CLIENT] POSDATA natoms=1191 config_type=101 n_mol=1
  atom 0: -0.25953 0.54720 3.74015 type=4
  atom 1: 5.03161 9.14630 4.79126 type=4
  atom 2: 7.10247 5.39395 0.52556 type=4
  atom 3: -2.33038 4.29955 8.00585 type=4
  atom 4: -1.23824 8.59966 3.14850 type=3
ML HG_ev = -0.123564 eV
[CLIENT] POSDATA natoms=1191 config_type=101 n_mol=1
  atom 0: -0.25953 0.54720 3.74015 type=4
  atom 1: 5.03161 9.14630 4.79126 type=4
  atom 2: 7.10247 5.39395 0.52556 type=4
  atom 3: -2.33038 4.29955 8.00585 type=4
  atom 4: -1.23824 8.59966 3.14850 type=3
ML HG_ev = -0.338070 eV
[CLIENT] POSDATA natoms=1191 config_type=101 n_mol=1
  atom 0: -0.25953 0.54720 3.74015 type=4
  atom 1: 5.03161 9.14630 4.79126 type=4
  atom 2: 7.10247 5.39395 0.52556 type=4
  atom 3: -2.33038 4.29955 8.00585 type=4
  atom 4: -1.23824 8.59966 3.14850 type=3
ML HG_ev = -0.230421 eV
[CLIENT] POSDATA natoms=1191 config_type=101 n_mol=1
  atom 0: -0.25953 0.54720 3.74015 type=4
  atom 1: 5.03161 9.14630 4.79126 type=4
  atom 2: 7.10247 5.39395 0.52556 type=4
  atom 3: -2.33038 4.29955 8.00585 type=4
  atom 4: -1.23824 8.59966 3.14850 type=3
ML HG_ev = -0.319461 eV
[CLIENT] POSDATA natoms=1191 config_type=101 n_mol=1
  atom 0: -0.25953 0.54720 3.74015 type=4
  atom 1: 5.03161 9.14630 4.79126 type=4
  atom 2: 7.10247 5.39395 0.52556 type=4
  atom 3: -2.33038 4.29955 8.00585 type=4
  atom 4: -1.23824 8.59966 3.14850 type=3
ML HG_ev = 2.276935 eV
[CLIENT] POSDATA natoms=1191 config_type=101 n_mol=1
  atom 0: -0.25953 0.54720 3.74015 type=4
  atom 1: 5.03161 9.14630 4.79126 type=4
  atom 2: 7.10247 5.39395 0.52556 type=4
  atom 3: -2.33038 4.29955 8.00585 type=4
  atom 4: -1.23824 8.59966 3.14850 type=3
ML HG_ev = -0.213122 eV
[CLIENT] POSDATA natoms=1191 config_type=101 n_mol=1
  atom 0: -0.25953 0.54720 3.74015 type=4
  atom 1: 5.03161 9.14630 4.79126 type=4
  atom 2: 7.10247 5.39395 0.52556 type=4
  atom 3: -2.33038 4.29955 8.00585 type=4
  atom 4: -1.23824 8.59966 3.14850 type=3
ML HG_ev = -0.252479 eV
[CLIENT] POSDATA natoms=1191 config_type=101 n_mol=1
  atom 0: -0.25953 0.54720 3.74015 type=4
  atom 1: 5.03161 9.14630 4.79126 type=4
  atom 2: 7.10247 5.39395 0.52556 type=4
  atom 3: -2.33038 4.29955 8.00585 type=4
  atom 4: -1.23824 8.59966 3.14850 type=3
ML HG_ev = -0.319996 eV
[CLIENT] POSDATA natoms=1191 config_type=101 n_mol=1
  atom 0: -0.25953 0.54720 3.74015 type=4
  atom 1: 5.03161 9.14630 4.79126 type=4
  atom 2: 7.10247 5.39395 0.52556 type=4
  atom 3: -2.33038 4.29955 8.00585 type=4
  atom 4: -1.23824 8.59966 3.14850 type=3
ML HG_ev = -0.337213 eV
[CLIENT] POSDATA natoms=1191 config_type=101 n_mol=1
  atom 0: -0.25953 0.54720 3.74015 type=4
  atom 1: 5.03161 9.14630 4.79126 type=4
  atom 2: 7.10247 5.39395 0.52556 type=4
  atom 3: -2.33038 4.29955 8.00585 type=4
  atom 4: -1.23824 8.59966 3.14850 type=3
ML HG_ev = -0.214016 eV
[CLIENT] POSDATA natoms=1191 config_type=101 n_mol=1
  atom 0: -0.25953 0.54720 3.74015 type=4
  atom 1: 5.03161 9.14630 4.79126 type=4
  atom 2: 7.10247 5.39395 0.52556 type=4
  atom 3: -2.33038 4.29955 8.00585 type=4
  atom 4: -1.23824 8.59966 3.14850 type=3
ML HG_ev = -0.319961 eV
[CLIENT] POSDATA natoms=1191 config_type=101 n_mol=1
  atom 0: -0.25953 0.54720 3.74015 type=4
  atom 1: 5.03161 9.14630 4.79126 type=4
  atom 2: 7.10247 5.39395 0.52556 type=4
  atom 3: -2.33038 4.29955 8.00585 type=4
  atom 4: -1.23824 8.59966 3.14850 type=3
ML HG_ev = 1.456834 eV
[CLIENT] POSDATA natoms=1191 config_type=101 n_mol=1
  atom 0: -0.25953 0.54720 3.74015 type=4
  atom 1: 5.03161 9.14630 4.79126 type=4
  atom 2: 7.10247 5.39395 0.52556 type=4
  atom 3: -2.33038 4.29955 8.00585 type=4
  atom 4: -1.23824 8.59966 3.14850 type=3
ML HG_ev = -0.214192 eV
[CLIENT] POSDATA natoms=1191 config_type=101 n_mol=1
  atom 0: -0.25953 0.54720 3.74015 type=4
  atom 1: 5.03161 9.14630 4.79126 type=4
  atom 2: 7.10247 5.39395 0.52556 type=4
  atom 3: -2.33038 4.29955 8.00585 type=4
  atom 4: -1.23824 8.59966 3.14850 type=3
ML HG_ev = -0.256611 eV
[CLIENT] POSDATA natoms=1191 config_type=101 n_mol=1
  atom 0: -0.25953 0.54720 3.74015 type=4
  atom 1: 5.03161 9.14630 4.79126 type=4
  atom 2: 7.10247 5.39395 0.52556 type=4
  atom 3: -2.33038 4.29955 8.00585 type=4
  atom 4: -1.23824 8.59966 3.14850 type=3
ML HG_ev = -0.337784 eV
[CLIENT] POSDATA natoms=1191 config_type=101 n_mol=1
  atom 0: -0.25953 0.54720 3.74015 type=4
  atom 1: 5.03161 9.14630 4.79126 type=4
  atom 2: 7.10247 5.39395 0.52556 type=4
  atom 3: -2.33038 4.29955 8.00585 type=4
  atom 4: -1.23824 8.59966 3.14850 type=3
ML HG_ev = -0.226609 eV
[CLIENT] POSDATA natoms=1191 config_type=101 n_mol=1
  atom 0: -0.25953 0.54720 3.74015 type=4
  atom 1: 5.03161 9.14630 4.79126 type=4
  atom 2: 7.10247 5.39395 0.52556 type=4
  atom 3: -2.33038 4.29955 8.00585 type=4
  atom 4: -1.23824 8.59966 3.14850 type=3
ML HG_ev = -0.337576 eV
[CLIENT] POSDATA natoms=1191 config_type=101 n_mol=1
  atom 0: -0.25953 0.54720 3.74015 type=4
  atom 1: 5.03161 9.14630 4.79126 type=4
  atom 2: 7.10247 5.39395 0.52556 type=4
  atom 3: -2.33038 4.29955 8.00585 type=4
  atom 4: -1.23824 8.59966 3.14850 type=3
ML HG_ev = -0.064971 eV
[CLIENT] POSDATA natoms=1191 config_type=101 n_mol=1
  atom 0: -0.25953 0.54720 3.74015 type=4
  atom 1: 5.03161 9.14630 4.79126 type=4
  atom 2: 7.10247 5.39395 0.52556 type=4
  atom 3: -2.33038 4.29955 8.00585 type=4
  atom 4: -1.23824 8.59966 3.14850 type=3
ML HG_ev = -0.214232 eV
[CLIENT] POSDATA natoms=1191 config_type=101 n_mol=1
  atom 0: -0.25953 0.54720 3.74015 type=4
  atom 1: 5.03161 9.14630 4.79126 type=4
  atom 2: 7.10247 5.39395 0.52556 type=4
  atom 3: -2.33038 4.29955 8.00585 type=4
  atom 4: -1.23824 8.59966 3.14850 type=3
ML HG_ev = -0.266574 eV
[CLIENT] POSDATA natoms=1191 config_type=101 n_mol=1
  atom 0: -0.25953 0.54720 3.74015 type=4
  atom 1: 5.03161 9.14630 4.79126 type=4
  atom 2: 7.10247 5.39395 0.52556 type=4
  atom 3: -2.33038 4.29955 8.00585 type=4
  atom 4: -1.23824 8.59966 3.14850 type=3
ML HG_ev = -0.319036 eV
[CLIENT] POSDATA natoms=1191 config_type=101 n_mol=1
  atom 0: -0.25953 0.54720 3.74015 type=4
  atom 1: 5.03161 9.14630 4.79126 type=4
  atom 2: 7.10247 5.39395 0.52556 type=4
  atom 3: -2.33038 4.29955 8.00585 type=4
  atom 4: -1.23824 8.59966 3.14850 type=3
ML HG_ev = 1.956189 eV
[CLIENT] POSDATA natoms=1191 config_type=101 n_mol=1
  atom 0: -0.25953 0.54720 3.74015 type=4
  atom 1: 5.03161 9.14630 4.79126 type=4
  atom 2: 7.10247 5.39395 0.52556 type=4
  atom 3: -2.33038 4.29955 8.00585 type=4
  atom 4: -1.23824 8.59966 3.14850 type=3
ML HG_ev = -0.212918 eV
[CLIENT] POSDATA natoms=1191 config_type=101 n_mol=1
  atom 0: -0.25953 0.54720 3.74015 type=4
  atom 1: 5.03161 9.14630 4.79126 type=4
  atom 2: 7.10247 5.39395 0.52556 type=4
  atom 3: -2.33038 4.29955 8.00585 type=4
  atom 4: -1.23824 8.59966 3.14850 type=3
ML HG_ev = -0.261217 eV
[CLIENT] POSDATA natoms=1191 config_type=101 n_mol=1
  atom 0: -0.25953 0.54720 3.74015 type=4
  atom 1: 5.03161 9.14630 4.79126 type=4
  atom 2: 7.10247 5.39395 0.52556 type=4
  atom 3: -2.33038 4.29955 8.00585 type=4
  atom 4: -1.23824 8.59966 3.14850 type=3
ML HG_ev = -0.319470 eV
[CLIENT] POSDATA natoms=1191 config_type=101 n_mol=1
  atom 0: -0.25953 0.54720 3.74015 type=4
  atom 1: 5.03161 9.14630 4.79126 type=4
  atom 2: 7.10247 5.39395 0.52556 type=4
  atom 3: -2.33038 4.29955 8.00585 type=4
  atom 4: -1.23824 8.59966 3.14850 type=3
ML HG_ev = -0.042655 eV
[CLIENT] POSDATA natoms=1191 config_type=101 n_mol=1
  atom 0: -0.25953 0.54720 3.74015 type=4
  atom 1: 5.03161 9.14630 4.79126 type=4
  atom 2: 7.10247 5.39395 0.52556 type=4
  atom 3: -2.33038 4.29955 8.00585 type=4
  atom 4: -1.23824 8.59966 3.14850 type=3
ML HG_ev = -0.214307 eV
[CLIENT] POSDATA natoms=1191 config_type=101 n_mol=1
  atom 0: -0.25953 0.54720 3.74015 type=4
  atom 1: 5.03161 9.14630 4.79126 type=4
  atom 2: 7.10247 5.39395 0.52556 type=4
  atom 3: -2.33038 4.29955 8.00585 type=4
  atom 4: -1.23824 8.59966 3.14850 type=3
ML HG_ev = -0.072733 eV
[CLIENT] POSDATA natoms=1191 config_type=101 n_mol=1
  atom 0: -0.25953 0.54720 3.74015 type=4
  atom 1: 5.03161 9.14630 4.79126 type=4
  atom 2: 7.10247 5.39395 0.52556 type=4
  atom 3: -2.33038 4.29955 8.00585 type=4
  atom 4: -1.23824 8.59966 3.14850 type=3
ML HG_ev = -0.214071 eV
[CLIENT] POSDATA natoms=1191 config_type=101 n_mol=1
  atom 0: -0.25953 0.54720 3.74015 type=4
  atom 1: 5.03161 9.14630 4.79126 type=4
  atom 2: 7.10247 5.39395 0.52556 type=4
  atom 3: -2.33038 4.29955 8.00585 type=4
  atom 4: -1.23824 8.59966 3.14850 type=3
ML HG_ev = -0.276707 eV
[CLIENT] POSDATA natoms=1191 config_type=101 n_mol=1
  atom 0: -0.25953 0.54720 3.74015 type=4
  atom 1: 5.03161 9.14630 4.79126 type=4
  atom 2: 7.10247 5.39395 0.52556 type=4
  atom 3: -2.33038 4.29955 8.00585 type=4
  atom 4: -1.23824 8.59966 3.14850 type=3
ML HG_ev = -0.337565 eV
[CLIENT] POSDATA natoms=1191 config_type=101 n_mol=1
  atom 0: -0.25953 0.54720 3.74015 type=4
  atom 1: 5.03161 9.14630 4.79126 type=4
  atom 2: 7.10247 5.39395 0.52556 type=4
  atom 3: -2.33038 4.29955 8.00585 type=4
  atom 4: -1.23824 8.59966 3.14850 type=3
ML HG_ev = 0.189444 eV
[CLIENT] POSDATA natoms=1191 config_type=101 n_mol=1
  atom 0: -0.25953 0.54720 3.74015 type=4
  atom 1: 5.03161 9.14630 4.79126 type=4
  atom 2: 7.10247 5.39395 0.52556 type=4
  atom 3: -2.33038 4.29955 8.00585 type=4
  atom 4: -1.23824 8.59966 3.14850 type=3
ML HG_ev = -0.319567 eV
[CLIENT] POSDATA natoms=1191 config_type=101 n_mol=1
  atom 0: -0.25953 0.54720 3.74015 type=4
  atom 1: 5.03161 9.14630 4.79126 type=4
  atom 2: 7.10247 5.39395 0.52556 type=4
  atom 3: -2.33038 4.29955 8.00585 type=4
  atom 4: -1.23824 8.59966 3.14850 type=3
ML HG_ev = -0.324802 eV
[CLIENT] POSDATA natoms=1191 config_type=101 n_mol=1
  atom 0: -0.25953 0.54720 3.74015 type=4
  atom 1: 5.03161 9.14630 4.79126 type=4
  atom 2: 7.10247 5.39395 0.52556 type=4
  atom 3: -2.33038 4.29955 8.00585 type=4
  atom 4: -1.23824 8.59966 3.14850 type=3
ML HG_ev = -0.337446 eV
[CLIENT] POSDATA natoms=1191 config_type=101 n_mol=1
  atom 0: -0.25953 0.54720 3.74015 type=4
  atom 1: 5.03161 9.14630 4.79126 type=4
  atom 2: 7.10247 5.39395 0.52556 type=4
  atom 3: -2.33038 4.29955 8.00585 type=4
  atom 4: -1.23824 8.59966 3.14850 type=3
ML HG_ev = 0.146951 eV
[CLIENT] POSDATA natoms=1191 config_type=101 n_mol=1
  atom 0: -0.25953 0.54720 3.74015 type=4
  atom 1: 5.03161 9.14630 4.79126 type=4
  atom 2: 7.10247 5.39395 0.52556 type=4
  atom 3: -2.33038 4.29955 8.00585 type=4
  atom 4: -1.23824 8.59966 3.14850 type=3
ML HG_ev = -0.319657 eV
[CLIENT] POSDATA natoms=1191 config_type=101 n_mol=1
  atom 0: -0.25953 0.54720 3.74015 type=4
  atom 1: 5.03161 9.14630 4.79126 type=4
  atom 2: 7.10247 5.39395 0.52556 type=4
  atom 3: -2.33038 4.29955 8.00585 type=4
  atom 4: -1.23824 8.59966 3.14850 type=3
ML HG_ev = -0.121356 eV
[CLIENT] POSDATA natoms=1191 config_type=101 n_mol=1
  atom 0: -0.25953 0.54720 3.74015 type=4
  atom 1: 5.03161 9.14630 4.79126 type=4
  atom 2: 7.10247 5.39395 0.52556 type=4
  atom 3: -2.33038 4.29955 8.00585 type=4
  atom 4: -1.23824 8.59966 3.14850 type=3
ML HG_ev = -0.337144 eV
[CLIENT] POSDATA natoms=1191 config_type=101 n_mol=1
  atom 0: -0.25953 0.54720 3.74015 type=4
  atom 1: 5.03161 9.14630 4.79126 type=4
  atom 2: 7.10247 5.39395 0.52556 type=4
  atom 3: -2.33038 4.29955 8.00585 type=4
  atom 4: -1.23824 8.59966 3.14850 type=3
ML HG_ev = -0.337700 eV
[CLIENT] POSDATA natoms=1191 config_type=101 n_mol=1
  atom 0: -0.25953 0.54720 3.74015 type=4
  atom 1: 5.03161 9.14630 4.79126 type=4
  atom 2: 7.10247 5.39395 0.52556 type=4
  atom 3: -2.33038 4.29955 8.00585 type=4
  atom 4: -1.23824 8.59966 3.14850 type=3
ML HG_ev = -0.337577 eV
[CLIENT] POSDATA natoms=1191 config_type=101 n_mol=1
  atom 0: -0.25953 0.54720 3.74015 type=4
  atom 1: 5.03161 9.14630 4.79126 type=4
  atom 2: 7.10247 5.39395 0.52556 type=4
  atom 3: -2.33038 4.29955 8.00585 type=4
  atom 4: -1.23824 8.59966 3.14850 type=3
ML HG_ev = 0.962145 eV
[CLIENT] POSDATA natoms=1191 config_type=101 n_mol=1
  atom 0: -0.25953 0.54720 3.74015 type=4
  atom 1: 5.03161 9.14630 4.79126 type=4
  atom 2: 7.10247 5.39395 0.52556 type=4
  atom 3: -2.33038 4.29955 8.00585 type=4
  atom 4: -1.23824 8.59966 3.14850 type=3
ML HG_ev = -0.319988 eV
[CLIENT] POSDATA natoms=1191 config_type=101 n_mol=1
  atom 0: -0.25953 0.54720 3.74015 type=4
  atom 1: 5.03161 9.14630 4.79126 type=4
  atom 2: 7.10247 5.39395 0.52556 type=4
  atom 3: -2.33038 4.29955 8.00585 type=4
  atom 4: -1.23824 8.59966 3.14850 type=3
ML HG_ev = 1.579079 eV
[CLIENT] POSDATA natoms=1191 config_type=101 n_mol=1
  atom 0: -0.25953 0.54720 3.74015 type=4
  atom 1: 5.03161 9.14630 4.79126 type=4
  atom 2: 7.10247 5.39395 0.52556 type=4
  atom 3: -2.33038 4.29955 8.00585 type=4
  atom 4: -1.23824 8.59966 3.14850 type=3
ML HG_ev = -0.319891 eV
[CLIENT] POSDATA natoms=1191 config_type=101 n_mol=1
  atom 0: -0.25953 0.54720 3.74015 type=4
  atom 1: 5.03161 9.14630 4.79126 type=4
  atom 2: 7.10247 5.39395 0.52556 type=4
  atom 3: -2.33038 4.29955 8.00585 type=4
  atom 4: -1.23824 8.59966 3.14850 type=3
ML HG_ev = -0.174016 eV
[CLIENT] POSDATA natoms=1191 config_type=101 n_mol=1
  atom 0: -0.25953 0.54720 3.74015 type=4
  atom 1: 5.03161 9.14630 4.79126 type=4
  atom 2: 7.10247 5.39395 0.52556 type=4
  atom 3: -2.33038 4.29955 8.00585 type=4
  atom 4: -1.23824 8.59966 3.14850 type=3
ML HG_ev = -0.319533 eV
[CLIENT] POSDATA natoms=1191 config_type=101 n_mol=1
  atom 0: -0.25953 0.54720 3.74015 type=4
  atom 1: 5.03161 9.14630 4.79126 type=4
  atom 2: 7.10247 5.39395 0.52556 type=4
  atom 3: -2.33038 4.29955 8.00585 type=4
  atom 4: -1.23824 8.59966 3.14850 type=3
ML HG_ev = -0.059236 eV
[CLIENT] POSDATA natoms=1191 config_type=101 n_mol=1
  atom 0: -0.25953 0.54720 3.74015 type=4
  atom 1: 5.03161 9.14630 4.79126 type=4
  atom 2: 7.10247 5.39395 0.52556 type=4
  atom 3: -2.33038 4.29955 8.00585 type=4
  atom 4: -1.23824 8.59966 3.14850 type=3
ML HG_ev = -0.337327 eV
[CLIENT] POSDATA natoms=1191 config_type=101 n_mol=1
  atom 0: -0.25953 0.54720 3.74015 type=4
  atom 1: 5.03161 9.14630 4.79126 type=4
  atom 2: 7.10247 5.39395 0.52556 type=4
  atom 3: -2.33038 4.29955 8.00585 type=4
  atom 4: -1.23824 8.59966 3.14850 type=3
ML HG_ev = -0.167327 eV
[CLIENT] POSDATA natoms=1191 config_type=101 n_mol=1
  atom 0: -0.25953 0.54720 3.74015 type=4
  atom 1: 5.03161 9.14630 4.79126 type=4
  atom 2: 7.10247 5.39395 0.52556 type=4
  atom 3: -2.33038 4.29955 8.00585 type=4
  atom 4: -1.23824 8.59966 3.14850 type=3
ML HG_ev = -0.319352 eV
[CLIENT] POSDATA natoms=1191 config_type=101 n_mol=1
  atom 0: -0.25953 0.54720 3.74015 type=4
  atom 1: 5.03161 9.14630 4.79126 type=4
  atom 2: 7.10247 5.39395 0.52556 type=4
  atom 3: -2.33038 4.29955 8.00585 type=4
  atom 4: -1.23824 8.59966 3.14850 type=3
ML HG_ev = -0.319835 eV
[CLIENT] POSDATA natoms=1191 config_type=101 n_mol=1
  atom 0: -0.25953 0.54720 3.74015 type=4
  atom 1: 5.03161 9.14630 4.79126 type=4
  atom 2: 7.10247 5.39395 0.52556 type=4
  atom 3: -2.33038 4.29955 8.00585 type=4
  atom 4: -1.23824 8.59966 3.14850 type=3
ML HG_ev = -0.213972 eV
[CLIENT] POSDATA natoms=1191 config_type=101 n_mol=1
  atom 0: -0.25953 0.54720 3.74015 type=4
  atom 1: 5.03161 9.14630 4.79126 type=4
  atom 2: 7.10247 5.39395 0.52556 type=4
  atom 3: -2.33038 4.29955 8.00585 type=4
  atom 4: -1.23824 8.59966 3.14850 type=3
ML HG_ev = -0.213511 eV
[CLIENT] POSDATA natoms=1191 config_type=101 n_mol=1
  atom 0: -0.25953 0.54720 3.74015 type=4
  atom 1: 5.03161 9.14630 4.79126 type=4
  atom 2: 7.10247 5.39395 0.52556 type=4
  atom 3: -2.33038 4.29955 8.00585 type=4
  atom 4: -1.23824 8.59966 3.14850 type=3
ML HG_ev = -0.231852 eV
[CLIENT] POSDATA natoms=1191 config_type=101 n_mol=1
  atom 0: -0.25953 0.54720 3.74015 type=4
  atom 1: 5.03161 9.14630 4.79126 type=4
  atom 2: 7.10247 5.39395 0.52556 type=4
  atom 3: -2.33038 4.29955 8.00585 type=4
  atom 4: -1.23824 8.59966 3.14850 type=3
ML HG_ev = -0.319765 eV
[CLIENT] POSDATA natoms=1191 config_type=101 n_mol=1
  atom 0: -0.25953 0.54720 3.74015 type=4
  atom 1: 5.03161 9.14630 4.79126 type=4
  atom 2: 7.10247 5.39395 0.52556 type=4
  atom 3: -2.33038 4.29955 8.00585 type=4
  atom 4: -1.23824 8.59966 3.14850 type=3
ML HG_ev = -0.211871 eV
[CLIENT] POSDATA natoms=1191 config_type=101 n_mol=1
  atom 0: -0.25953 0.54720 3.74015 type=4
  atom 1: 5.03161 9.14630 4.79126 type=4
  atom 2: 7.10247 5.39395 0.52556 type=4
  atom 3: -2.33038 4.29955 8.00585 type=4
  atom 4: -1.23824 8.59966 3.14850 type=3
ML HG_ev = -0.213239 eV
[CLIENT] POSDATA natoms=1191 config_type=101 n_mol=1
  atom 0: -0.25953 0.54720 3.74015 type=4
  atom 1: 5.03161 9.14630 4.79126 type=4
  atom 2: 7.10247 5.39395 0.52556 type=4
  atom 3: -2.33038 4.29955 8.00585 type=4
  atom 4: -1.23824 8.59966 3.14850 type=3
ML HG_ev = 0.467760 eV
[CLIENT] POSDATA natoms=1191 config_type=101 n_mol=1
  atom 0: -0.25953 0.54720 3.74015 type=4
  atom 1: 5.03161 9.14630 4.79126 type=4
  atom 2: 7.10247 5.39395 0.52556 type=4
  atom 3: -2.33038 4.29955 8.00585 type=4
  atom 4: -1.23824 8.59966 3.14850 type=3
ML HG_ev = -0.319444 eV
[CLIENT] POSDATA natoms=1191 config_type=101 n_mol=1
  atom 0: -0.25953 0.54720 3.74015 type=4
  atom 1: 5.03161 9.14630 4.79126 type=4
  atom 2: 7.10247 5.39395 0.52556 type=4
  atom 3: -2.33038 4.29955 8.00585 type=4
  atom 4: -1.23824 8.59966 3.14850 type=3
ML HG_ev = -0.346432 eV
[CLIENT] POSDATA natoms=1191 config_type=101 n_mol=1
  atom 0: -0.25953 0.54720 3.74015 type=4
  atom 1: 5.03161 9.14630 4.79126 type=4
  atom 2: 7.10247 5.39395 0.52556 type=4
  atom 3: -2.33038 4.29955 8.00585 type=4
  atom 4: -1.23824 8.59966 3.14850 type=3
ML HG_ev = -0.319541 eV
[CLIENT] POSDATA natoms=1191 config_type=101 n_mol=1
  atom 0: -0.25953 0.54720 3.74015 type=4
  atom 1: 5.03161 9.14630 4.79126 type=4
  atom 2: 7.10247 5.39395 0.52556 type=4
  atom 3: -2.33038 4.29955 8.00585 type=4
  atom 4: -1.23824 8.59966 3.14850 type=3
ML HG_ev = 1.298885 eV
[CLIENT] POSDATA natoms=1191 config_type=101 n_mol=1
  atom 0: -0.25953 0.54720 3.74015 type=4
  atom 1: 5.03161 9.14630 4.79126 type=4
  atom 2: 7.10247 5.39395 0.52556 type=4
  atom 3: -2.33038 4.29955 8.00585 type=4
  atom 4: -1.23824 8.59966 3.14850 type=3
ML HG_ev = -0.346681 eV
[CLIENT] POSDATA natoms=1191 config_type=101 n_mol=1
  atom 0: -0.25953 0.54720 3.74015 type=4
  atom 1: 5.03161 9.14630 4.79126 type=4
  atom 2: 7.10247 5.39395 0.52556 type=4
  atom 3: -2.33038 4.29955 8.00585 type=4
  atom 4: -1.23824 8.59966 3.14850 type=3
ML HG_ev = -0.282499 eV
[CLIENT] POSDATA natoms=1191 config_type=101 n_mol=1
  atom 0: -0.25953 0.54720 3.74015 type=4
  atom 1: 5.03161 9.14630 4.79126 type=4
  atom 2: 7.10247 5.39395 0.52556 type=4
  atom 3: -2.33038 4.29955 8.00585 type=4
  atom 4: -1.23824 8.59966 3.14850 type=3
ML HG_ev = -0.337595 eV
[CLIENT] POSDATA natoms=1191 config_type=101 n_mol=1
  atom 0: -0.25953 0.54720 3.74015 type=4
  atom 1: 5.03161 9.14630 4.79126 type=4
  atom 2: 7.10247 5.39395 0.52556 type=4
  atom 3: -2.33038 4.29955 8.00585 type=4
  atom 4: -1.23824 8.59966 3.14850 type=3
ML HG_ev = 0.024256 eV
[CLIENT] POSDATA natoms=1191 config_type=101 n_mol=1
  atom 0: -0.25953 0.54720 3.74015 type=4
  atom 1: 5.03161 9.14630 4.79126 type=4
  atom 2: 7.10247 5.39395 0.52556 type=4
  atom 3: -2.33038 4.29955 8.00585 type=4
  atom 4: -1.23824 8.59966 3.14850 type=3
ML HG_ev = -0.213553 eV
[CLIENT] POSDATA natoms=1191 config_type=101 n_mol=1
  atom 0: -0.25953 0.54720 3.74015 type=4
  atom 1: 5.03161 9.14630 4.79126 type=4
  atom 2: 7.10247 5.39395 0.52556 type=4
  atom 3: -2.33038 4.29955 8.00585 type=4
  atom 4: -1.23824 8.59966 3.14850 type=3
ML HG_ev = -0.221789 eV
[CLIENT] POSDATA natoms=1191 config_type=101 n_mol=1
  atom 0: -0.25953 0.54720 3.74015 type=4
  atom 1: 5.03161 9.14630 4.79126 type=4
  atom 2: 7.10247 5.39395 0.52556 type=4
  atom 3: -2.33038 4.29955 8.00585 type=4
  atom 4: -1.23824 8.59966 3.14850 type=3
ML HG_ev = -0.213246 eV
[CLIENT] POSDATA natoms=1191 config_type=101 n_mol=1
  atom 0: -0.25953 0.54720 3.74015 type=4
  atom 1: 5.03161 9.14630 4.79126 type=4
  atom 2: 7.10247 5.39395 0.52556 type=4
  atom 3: -2.33038 4.29955 8.00585 type=4
  atom 4: -1.23824 8.59966 3.14850 type=3
ML HG_ev = 3.804053 eV
[CLIENT] POSDATA natoms=1191 config_type=101 n_mol=1
  atom 0: -0.25953 0.54720 3.74015 type=4
  atom 1: 5.03161 9.14630 4.79126 type=4
  atom 2: 7.10247 5.39395 0.52556 type=4
  atom 3: -2.33038 4.29955 8.00585 type=4
  atom 4: -1.23824 8.59966 3.14850 type=3
ML HG_ev = -0.337857 eV
[CLIENT] POSDATA natoms=1191 config_type=101 n_mol=1
  atom 0: -0.25953 0.54720 3.74015 type=4
  atom 1: 5.03161 9.14630 4.79126 type=4
  atom 2: 7.10247 5.39395 0.52556 type=4
  atom 3: -2.33038 4.29955 8.00585 type=4
  atom 4: -1.23824 8.59966 3.14850 type=3
ML HG_ev = -0.221584 eV
[CLIENT] POSDATA natoms=1191 config_type=101 n_mol=1
  atom 0: -0.25953 0.54720 3.74015 type=4
  atom 1: 5.03161 9.14630 4.79126 type=4
  atom 2: 7.10247 5.39395 0.52556 type=4
  atom 3: -2.33038 4.29955 8.00585 type=4
  atom 4: -1.23824 8.59966 3.14850 type=3
ML HG_ev = -0.332277 eV
[CLIENT] POSDATA natoms=1191 config_type=101 n_mol=1
  atom 0: -0.25953 0.54720 3.74015 type=4
  atom 1: 5.03161 9.14630 4.79126 type=4
  atom 2: 7.10247 5.39395 0.52556 type=4
  atom 3: -2.33038 4.29955 8.00585 type=4
  atom 4: -1.23824 8.59966 3.14850 type=3
ML HG_ev = -0.346635 eV
[CLIENT] POSDATA natoms=1191 config_type=101 n_mol=1
  atom 0: -0.25953 0.54720 3.74015 type=4
  atom 1: 5.03161 9.14630 4.79126 type=4
  atom 2: 7.10247 5.39395 0.52556 type=4
  atom 3: -2.33038 4.29955 8.00585 type=4
  atom 4: -1.23824 8.59966 3.14850 type=3
ML HG_ev = -0.111169 eV
[CLIENT] POSDATA natoms=1191 config_type=101 n_mol=1
  atom 0: -0.25953 0.54720 3.74015 type=4
  atom 1: 5.03161 9.14630 4.79126 type=4
  atom 2: 7.10247 5.39395 0.52556 type=4
  atom 3: -2.33038 4.29955 8.00585 type=4
  atom 4: -1.23824 8.59966 3.14850 type=3
ML HG_ev = -0.346398 eV
[CLIENT] POSDATA natoms=1191 config_type=101 n_mol=1
  atom 0: -0.25953 0.54720 3.74015 type=4
  atom 1: 5.03161 9.14630 4.79126 type=4
  atom 2: 7.10247 5.39395 0.52556 type=4
  atom 3: -2.33038 4.29955 8.00585 type=4
  atom 4: -1.23824 8.59966 3.14850 type=3
ML HG_ev = -0.220981 eV
[CLIENT] POSDATA natoms=1191 config_type=101 n_mol=1
  atom 0: -0.25953 0.54720 3.74015 type=4
  atom 1: 5.03161 9.14630 4.79126 type=4
  atom 2: 7.10247 5.39395 0.52556 type=4
  atom 3: -2.33038 4.29955 8.00585 type=4
  atom 4: -1.23824 8.59966 3.14850 type=3
ML HG_ev = -0.221429 eV
[CLIENT] POSDATA natoms=1191 config_type=101 n_mol=1
  atom 0: -0.25953 0.54720 3.74015 type=4
  atom 1: 5.03161 9.14630 4.79126 type=4
  atom 2: 7.10247 5.39395 0.52556 type=4
  atom 3: -2.33038 4.29955 8.00585 type=4
  atom 4: -1.23824 8.59966 3.14850 type=3
ML HG_ev = 0.355021 eV
[CLIENT] POSDATA natoms=1191 config_type=101 n_mol=1
  atom 0: -0.25953 0.54720 3.74015 type=4
  atom 1: 5.03161 9.14630 4.79126 type=4
  atom 2: 7.10247 5.39395 0.52556 type=4
  atom 3: -2.33038 4.29955 8.00585 type=4
  atom 4: -1.23824 8.59966 3.14850 type=3
ML HG_ev = -0.220160 eV
[CLIENT] POSDATA natoms=1191 config_type=101 n_mol=1
  atom 0: -0.25953 0.54720 3.74015 type=4
  atom 1: 5.03161 9.14630 4.79126 type=4
  atom 2: 7.10247 5.39395 0.52556 type=4
  atom 3: -2.33038 4.29955 8.00585 type=4
  atom 4: -1.23824 8.59966 3.14850 type=3
ML HG_ev = 0.204531 eV
[CLIENT] POSDATA natoms=1191 config_type=101 n_mol=1
  atom 0: -0.25953 0.54720 3.74015 type=4
  atom 1: 5.03161 9.14630 4.79126 type=4
  atom 2: 7.10247 5.39395 0.52556 type=4
  atom 3: -2.33038 4.29955 8.00585 type=4
  atom 4: -1.23824 8.59966 3.14850 type=3
ML HG_ev = -0.346749 eV
[CLIENT] POSDATA natoms=1191 config_type=101 n_mol=1
  atom 0: -0.25953 0.54720 3.74015 type=4
  atom 1: 5.03161 9.14630 4.79126 type=4
  atom 2: 7.10247 5.39395 0.52556 type=4
  atom 3: -2.33038 4.29955 8.00585 type=4
  atom 4: -1.23824 8.59966 3.14850 type=3
ML HG_ev = -0.354254 eV
[CLIENT] POSDATA natoms=1191 config_type=101 n_mol=1
  atom 0: -0.25953 0.54720 3.74015 type=4
  atom 1: 5.03161 9.14630 4.79126 type=4
  atom 2: 7.10247 5.39395 0.52556 type=4
  atom 3: -2.33038 4.29955 8.00585 type=4
  atom 4: -1.23824 8.59966 3.14850 type=3
ML HG_ev = -0.337287 eV
[CLIENT] POSDATA natoms=1191 config_type=101 n_mol=1
  atom 0: -0.25953 0.54720 3.74015 type=4
  atom 1: 5.03161 9.14630 4.79126 type=4
  atom 2: 7.10247 5.39395 0.52556 type=4
  atom 3: -2.33038 4.29955 8.00585 type=4
  atom 4: -1.23824 8.59966 3.14850 type=3
ML HG_ev = -0.172422 eV
[CLIENT] POSDATA natoms=1191 config_type=101 n_mol=1
  atom 0: -0.25953 0.54720 3.74015 type=4
  atom 1: 5.03161 9.14630 4.79126 type=4
  atom 2: 7.10247 5.39395 0.52556 type=4
  atom 3: -2.33038 4.29955 8.00585 type=4
  atom 4: -1.23824 8.59966 3.14850 type=3
ML HG_ev = -0.220170 eV
[CLIENT] POSDATA natoms=1191 config_type=101 n_mol=1
  atom 0: -0.25953 0.54720 3.74015 type=4
  atom 1: 5.03161 9.14630 4.79126 type=4
  atom 2: 7.10247 5.39395 0.52556 type=4
  atom 3: -2.33038 4.29955 8.00585 type=4
  atom 4: -1.23824 8.59966 3.14850 type=3
ML HG_ev = -0.252340 eV
[CLIENT] POSDATA natoms=1191 config_type=101 n_mol=1
  atom 0: -0.25953 0.54720 3.74015 type=4
  atom 1: 5.03161 9.14630 4.79126 type=4
  atom 2: 7.10247 5.39395 0.52556 type=4
  atom 3: -2.33038 4.29955 8.00585 type=4
  atom 4: -1.23824 8.59966 3.14850 type=3
ML HG_ev = -0.354057 eV
[CLIENT] POSDATA natoms=1191 config_type=101 n_mol=1
  atom 0: -0.25953 0.54720 3.74015 type=4
  atom 1: 5.03161 9.14630 4.79126 type=4
  atom 2: 7.10247 5.39395 0.52556 type=4
  atom 3: -2.33038 4.29955 8.00585 type=4
  atom 4: -1.23824 8.59966 3.14850 type=3
ML HG_ev = -0.153790 eV
[CLIENT] POSDATA natoms=1191 config_type=101 n_mol=1
  atom 0: -0.25953 0.54720 3.74015 type=4
  atom 1: 5.03161 9.14630 4.79126 type=4
  atom 2: 7.10247 5.39395 0.52556 type=4
  atom 3: -2.33038 4.29955 8.00585 type=4
  atom 4: -1.23824 8.59966 3.14850 type=3
ML HG_ev = -0.219455 eV
[CLIENT] POSDATA natoms=1191 config_type=101 n_mol=1
  atom 0: -0.25953 0.54720 3.74015 type=4
  atom 1: 5.03161 9.14630 4.79126 type=4
  atom 2: 7.10247 5.39395 0.52556 type=4
  atom 3: -2.33038 4.29955 8.00585 type=4
  atom 4: -1.23824 8.59966 3.14850 type=3
ML HG_ev = -0.343551 eV
[CLIENT] POSDATA natoms=1191 config_type=101 n_mol=1
  atom 0: -0.25953 0.54720 3.74015 type=4
  atom 1: 5.03161 9.14630 4.79126 type=4
  atom 2: 7.10247 5.39395 0.52556 type=4
  atom 3: -2.33038 4.29955 8.00585 type=4
  atom 4: -1.23824 8.59966 3.14850 type=3
ML HG_ev = -0.354822 eV
[CLIENT] POSDATA natoms=1191 config_type=101 n_mol=1
  atom 0: -0.25953 0.54720 3.74015 type=4
  atom 1: 5.03161 9.14630 4.79126 type=4
  atom 2: 7.10247 5.39395 0.52556 type=4
  atom 3: -2.33038 4.29955 8.00585 type=4
  atom 4: -1.23824 8.59966 3.14850 type=3
ML HG_ev = -0.054915 eV
[CLIENT] POSDATA natoms=1191 config_type=101 n_mol=1
  atom 0: -0.25953 0.54720 3.74015 type=4
  atom 1: 5.03161 9.14630 4.79126 type=4
  atom 2: 7.10247 5.39395 0.52556 type=4
  atom 3: -2.33038 4.29955 8.00585 type=4
  atom 4: -1.23824 8.59966 3.14850 type=3
ML HG_ev = -0.220092 eV
[CLIENT] POSDATA natoms=1191 config_type=101 n_mol=1
  atom 0: -0.25953 0.54720 3.74015 type=4
  atom 1: 5.03161 9.14630 4.79126 type=4
  atom 2: 7.10247 5.39395 0.52556 type=4
  atom 3: -2.33038 4.29955 8.00585 type=4
  atom 4: -1.23824 8.59966 3.14850 type=3
ML HG_ev = -0.062495 eV
[CLIENT] POSDATA natoms=1191 config_type=101 n_mol=1
  atom 0: -0.25953 0.54720 3.74015 type=4
  atom 1: 5.03161 9.14630 4.79126 type=4
  atom 2: 7.10247 5.39395 0.52556 type=4
  atom 3: -2.33038 4.29955 8.00585 type=4
  atom 4: -1.23824 8.59966 3.14850 type=3
ML HG_ev = -0.220365 eV
[CLIENT] POSDATA natoms=1191 config_type=101 n_mol=1
  atom 0: -0.25953 0.54720 3.74015 type=4
  atom 1: 5.03161 9.14630 4.79126 type=4
  atom 2: 7.10247 5.39395 0.52556 type=4
  atom 3: -2.33038 4.29955 8.00585 type=4
  atom 4: -1.23824 8.59966 3.14850 type=3
ML HG_ev = -0.193806 eV
[CLIENT] POSDATA natoms=1191 config_type=101 n_mol=1
  atom 0: -0.25953 0.54720 3.74015 type=4
  atom 1: 5.03161 9.14630 4.79126 type=4
  atom 2: 7.10247 5.39395 0.52556 type=4
  atom 3: -2.33038 4.29955 8.00585 type=4
  atom 4: -1.23824 8.59966 3.14850 type=3
ML HG_ev = -0.220404 eV
[CLIENT] POSDATA natoms=1191 config_type=101 n_mol=1
  atom 0: -0.25953 0.54720 3.74015 type=4
  atom 1: 5.03161 9.14630 4.79126 type=4
  atom 2: 7.10247 5.39395 0.52556 type=4
  atom 3: -2.33038 4.29955 8.00585 type=4
  atom 4: -1.23824 8.59966 3.14850 type=3
ML HG_ev = -0.342787 eV
[CLIENT] POSDATA natoms=1191 config_type=101 n_mol=1
  atom 0: -0.25953 0.54720 3.74015 type=4
  atom 1: 5.03161 9.14630 4.79126 type=4
  atom 2: 7.10247 5.39395 0.52556 type=4
  atom 3: -2.33038 4.29955 8.00585 type=4
  atom 4: -1.23824 8.59966 3.14850 type=3
ML HG_ev = -0.194898 eV
[CLIENT] POSDATA natoms=1191 config_type=101 n_mol=1
  atom 0: -0.25953 0.54720 3.74015 type=4
  atom 1: 5.03161 9.14630 4.79126 type=4
  atom 2: 7.10247 5.39395 0.52556 type=4
  atom 3: -2.33038 4.29955 8.00585 type=4
  atom 4: -1.23824 8.59966 3.14850 type=3
ML HG_ev = -0.346505 eV
[CLIENT] POSDATA natoms=1191 config_type=101 n_mol=1
  atom 0: -0.25953 0.54720 3.74015 type=4
  atom 1: 5.03161 9.14630 4.79126 type=4
  atom 2: 7.10247 5.39395 0.52556 type=4
  atom 3: -2.33038 4.29955 8.00585 type=4
  atom 4: -1.23824 8.59966 3.14850 type=3
ML HG_ev = -0.350885 eV
[CLIENT] POSDATA natoms=1191 config_type=101 n_mol=1
  atom 0: -0.25953 0.54720 3.74015 type=4
  atom 1: 5.03161 9.14630 4.79126 type=4
  atom 2: 7.10247 5.39395 0.52556 type=4
  atom 3: -2.33038 4.29955 8.00585 type=4
  atom 4: -1.23824 8.59966 3.14850 type=3
ML HG_ev = -0.347418 eV
[CLIENT] POSDATA natoms=1191 config_type=101 n_mol=1
  atom 0: -0.25953 0.54720 3.74015 type=4
  atom 1: 5.03161 9.14630 4.79126 type=4
  atom 2: 7.10247 5.39395 0.52556 type=4
  atom 3: -2.33038 4.29955 8.00585 type=4
  atom 4: -1.23824 8.59966 3.14850 type=3
ML HG_ev = -0.354618 eV
[CLIENT] POSDATA natoms=1191 config_type=101 n_mol=1
  atom 0: -0.25953 0.54720 3.74015 type=4
  atom 1: 5.03161 9.14630 4.79126 type=4
  atom 2: 7.10247 5.39395 0.52556 type=4
  atom 3: -2.33038 4.29955 8.00585 type=4
  atom 4: -1.23824 8.59966 3.14850 type=3
ML HG_ev = 1.428784 eV
[CLIENT] POSDATA natoms=1191 config_type=101 n_mol=1
  atom 0: -0.25953 0.54720 3.74015 type=4
  atom 1: 5.03161 9.14630 4.79126 type=4
  atom 2: 7.10247 5.39395 0.52556 type=4
  atom 3: -2.33038 4.29955 8.00585 type=4
  atom 4: -1.23824 8.59966 3.14850 type=3
ML HG_ev = -0.342228 eV
[CLIENT] POSDATA natoms=1191 config_type=101 n_mol=1
  atom 0: -0.25953 0.54720 3.74015 type=4
  atom 1: 5.03161 9.14630 4.79126 type=4
  atom 2: 7.10247 5.39395 0.52556 type=4
  atom 3: -2.33038 4.29955 8.00585 type=4
  atom 4: -1.23824 8.59966 3.14850 type=3
ML HG_ev = -0.254450 eV
[CLIENT] POSDATA natoms=1191 config_type=101 n_mol=1
  atom 0: -0.25953 0.54720 3.74015 type=4
  atom 1: 5.03161 9.14630 4.79126 type=4
  atom 2: 7.10247 5.39395 0.52556 type=4
  atom 3: -2.33038 4.29955 8.00585 type=4
  atom 4: -1.23824 8.59966 3.14850 type=3
ML HG_ev = -0.350320 eV
[CLIENT] POSDATA natoms=1191 config_type=101 n_mol=1
  atom 0: -0.25953 0.54720 3.74015 type=4
  atom 1: 5.03161 9.14630 4.79126 type=4
  atom 2: 7.10247 5.39395 0.52556 type=4
  atom 3: -2.33038 4.29955 8.00585 type=4
  atom 4: -1.23824 8.59966 3.14850 type=3
ML HG_ev = 0.768991 eV
[CLIENT] POSDATA natoms=1191 config_type=101 n_mol=1
  atom 0: -0.25953 0.54720 3.74015 type=4
  atom 1: 5.03161 9.14630 4.79126 type=4
  atom 2: 7.10247 5.39395 0.52556 type=4
  atom 3: -2.33038 4.29955 8.00585 type=4
  atom 4: -1.23824 8.59966 3.14850 type=3
ML HG_ev = -0.342803 eV
[CLIENT] POSDATA natoms=1191 config_type=101 n_mol=1
  atom 0: -0.25953 0.54720 3.74015 type=4
  atom 1: 5.03161 9.14630 4.79126 type=4
  atom 2: 7.10247 5.39395 0.52556 type=4
  atom 3: -2.33038 4.29955 8.00585 type=4
  atom 4: -1.23824 8.59966 3.14850 type=3
ML HG_ev = -0.228584 eV
[CLIENT] POSDATA natoms=1191 config_type=101 n_mol=1
  atom 0: -0.25953 0.54720 3.74015 type=4
  atom 1: 5.03161 9.14630 4.79126 type=4
  atom 2: 7.10247 5.39395 0.52556 type=4
  atom 3: -2.33038 4.29955 8.00585 type=4
  atom 4: -1.23824 8.59966 3.14850 type=3
ML HG_ev = -0.343189 eV
[CLIENT] POSDATA natoms=1191 config_type=101 n_mol=1
  atom 0: -0.25953 0.54720 3.74015 type=4
  atom 1: 5.03161 9.14630 4.79126 type=4
  atom 2: 7.10247 5.39395 0.52556 type=4
  atom 3: -2.33038 4.29955 8.00585 type=4
  atom 4: -1.23824 8.59966 3.14850 type=3
ML HG_ev = -0.129264 eV
[CLIENT] POSDATA natoms=1191 config_type=101 n_mol=1
  atom 0: -0.25953 0.54720 3.74015 type=4
  atom 1: 5.03161 9.14630 4.79126 type=4
  atom 2: 7.10247 5.39395 0.52556 type=4
  atom 3: -2.33038 4.29955 8.00585 type=4
  atom 4: -1.23824 8.59966 3.14850 type=3
ML HG_ev = -0.350449 eV
[CLIENT] POSDATA natoms=1191 config_type=101 n_mol=1
  atom 0: -0.25953 0.54720 3.74015 type=4
  atom 1: 5.03161 9.14630 4.79126 type=4
  atom 2: 7.10247 5.39395 0.52556 type=4
  atom 3: -2.33038 4.29955 8.00585 type=4
  atom 4: -1.23824 8.59966 3.14850 type=3
ML HG_ev = 1.465105 eV
[CLIENT] POSDATA natoms=1191 config_type=101 n_mol=1
  atom 0: -0.25953 0.54720 3.74015 type=4
  atom 1: 5.03161 9.14630 4.79126 type=4
  atom 2: 7.10247 5.39395 0.52556 type=4
  atom 3: -2.33038 4.29955 8.00585 type=4
  atom 4: -1.23824 8.59966 3.14850 type=3
ML HG_ev = -0.342328 eV
[CLIENT] POSDATA natoms=1191 config_type=101 n_mol=1
  atom 0: -0.25953 0.54720 3.74015 type=4
  atom 1: 5.03161 9.14630 4.79126 type=4
  atom 2: 7.10247 5.39395 0.52556 type=4
  atom 3: -2.33038 4.29955 8.00585 type=4
  atom 4: -1.23824 8.59966 3.14850 type=3
ML HG_ev = 1.495835 eV
[CLIENT] POSDATA natoms=1191 config_type=101 n_mol=1
  atom 0: -0.25953 0.54720 3.74015 type=4
  atom 1: 5.03161 9.14630 4.79126 type=4
  atom 2: 7.10247 5.39395 0.52556 type=4
  atom 3: -2.33038 4.29955 8.00585 type=4
  atom 4: -1.23824 8.59966 3.14850 type=3
ML HG_ev = -0.354545 eV
[CLIENT] POSDATA natoms=1191 config_type=101 n_mol=1
  atom 0: -0.25953 0.54720 3.74015 type=4
  atom 1: 5.03161 9.14630 4.79126 type=4
  atom 2: 7.10247 5.39395 0.52556 type=4
  atom 3: -2.33038 4.29955 8.00585 type=4
  atom 4: -1.23824 8.59966 3.14850 type=3
ML HG_ev = -0.342464 eV
[CLIENT] POSDATA natoms=1191 config_type=101 n_mol=1
  atom 0: -0.25953 0.54720 3.74015 type=4
  atom 1: 5.03161 9.14630 4.79126 type=4
  atom 2: 7.10247 5.39395 0.52556 type=4
  atom 3: -2.33038 4.29955 8.00585 type=4
  atom 4: -1.23824 8.59966 3.14850 type=3
ML HG_ev = 0.942704 eV
[CLIENT] POSDATA natoms=1191 config_type=101 n_mol=1
  atom 0: -0.25953 0.54720 3.74015 type=4
  atom 1: 5.03161 9.14630 4.79126 type=4
  atom 2: 7.10247 5.39395 0.52556 type=4
  atom 3: -2.33038 4.29955 8.00585 type=4
  atom 4: -1.23824 8.59966 3.14850 type=3
ML HG_ev = -0.350960 eV
[CLIENT] POSDATA natoms=1191 config_type=101 n_mol=1
  atom 0: -0.25953 0.54720 3.74015 type=4
  atom 1: 5.03161 9.14630 4.79126 type=4
  atom 2: 7.10247 5.39395 0.52556 type=4
  atom 3: -2.33038 4.29955 8.00585 type=4
  atom 4: -1.23824 8.59966 3.14850 type=3
ML HG_ev = 1.070147 eV
[CLIENT] POSDATA natoms=1191 config_type=101 n_mol=1
  atom 0: -0.25953 0.54720 3.74015 type=4
  atom 1: 5.03161 9.14630 4.79126 type=4
  atom 2: 7.10247 5.39395 0.52556 type=4
  atom 3: -2.33038 4.29955 8.00585 type=4
  atom 4: -1.23824 8.59966 3.14850 type=3
ML HG_ev = -0.350222 eV
[CLIENT] POSDATA natoms=1191 config_type=101 n_mol=1
  atom 0: -0.25953 0.54720 3.74015 type=4
  atom 1: 5.03161 9.14630 4.79126 type=4
  atom 2: 7.10247 5.39395 0.52556 type=4
  atom 3: -2.33038 4.29955 8.00585 type=4
  atom 4: -1.23824 8.59966 3.14850 type=3
ML HG_ev = 0.054861 eV
[CLIENT] POSDATA natoms=1191 config_type=101 n_mol=1
  atom 0: -0.25953 0.54720 3.74015 type=4
  atom 1: 5.03161 9.14630 4.79126 type=4
  atom 2: 7.10247 5.39395 0.52556 type=4
  atom 3: -2.33038 4.29955 8.00585 type=4
  atom 4: -1.23824 8.59966 3.14850 type=3
ML HG_ev = -0.350381 eV
[CLIENT] POSDATA natoms=1191 config_type=101 n_mol=1
  atom 0: -0.25953 0.54720 3.74015 type=4
  atom 1: 5.03161 9.14630 4.79126 type=4
  atom 2: 7.10247 5.39395 0.52556 type=4
  atom 3: -2.33038 4.29955 8.00585 type=4
  atom 4: -1.23824 8.59966 3.14850 type=3
ML HG_ev = 0.667940 eV
[CLIENT] POSDATA natoms=1191 config_type=101 n_mol=1
  atom 0: -0.25953 0.54720 3.74015 type=4
  atom 1: 5.03161 9.14630 4.79126 type=4
  atom 2: 7.10247 5.39395 0.52556 type=4
  atom 3: -2.33038 4.29955 8.00585 type=4
  atom 4: -1.23824 8.59966 3.14850 type=3
ML HG_ev = -0.350495 eV
[CLIENT] POSDATA natoms=1191 config_type=101 n_mol=1
  atom 0: -0.25953 0.54720 3.74015 type=4
  atom 1: 5.03161 9.14630 4.79126 type=4
  atom 2: 7.10247 5.39395 0.52556 type=4
  atom 3: -2.33038 4.29955 8.00585 type=4
  atom 4: -1.23824 8.59966 3.14850 type=3
ML HG_ev = -0.194255 eV
[CLIENT] POSDATA natoms=1191 config_type=101 n_mol=1
  atom 0: -0.25953 0.54720 3.74015 type=4
  atom 1: 5.03161 9.14630 4.79126 type=4
  atom 2: 7.10247 5.39395 0.52556 type=4
  atom 3: -2.33038 4.29955 8.00585 type=4
  atom 4: -1.23824 8.59966 3.14850 type=3
ML HG_ev = -0.354269 eV
[CLIENT] POSDATA natoms=1191 config_type=101 n_mol=1
  atom 0: -0.25953 0.54720 3.74015 type=4
  atom 1: 5.03161 9.14630 4.79126 type=4
  atom 2: 7.10247 5.39395 0.52556 type=4
  atom 3: -2.33038 4.29955 8.00585 type=4
  atom 4: -1.23824 8.59966 3.14850 type=3
ML HG_ev = -0.114218 eV
[CLIENT] POSDATA natoms=1191 config_type=101 n_mol=1
  atom 0: -0.25953 0.54720 3.74015 type=4
  atom 1: 5.03161 9.14630 4.79126 type=4
  atom 2: 7.10247 5.39395 0.52556 type=4
  atom 3: -2.33038 4.29955 8.00585 type=4
  atom 4: -1.23824 8.59966 3.14850 type=3
ML HG_ev = -0.342115 eV
[CLIENT] POSDATA natoms=1191 config_type=101 n_mol=1
  atom 0: -0.25953 0.54720 3.74015 type=4
  atom 1: 5.03161 9.14630 4.79126 type=4
  atom 2: 7.10247 5.39395 0.52556 type=4
  atom 3: -2.33038 4.29955 8.00585 type=4
  atom 4: -1.23824 8.59966 3.14850 type=3
ML HG_ev = -0.233532 eV
[CLIENT] POSDATA natoms=1191 config_type=101 n_mol=1
  atom 0: -0.25953 0.54720 3.74015 type=4
  atom 1: 5.03161 9.14630 4.79126 type=4
  atom 2: 7.10247 5.39395 0.52556 type=4
  atom 3: -2.33038 4.29955 8.00585 type=4
  atom 4: -1.23824 8.59966 3.14850 type=3
ML HG_ev = -0.343273 eV
[CLIENT] POSDATA natoms=1191 config_type=101 n_mol=1
  atom 0: -0.25953 0.54720 3.74015 type=4
  atom 1: 5.03161 9.14630 4.79126 type=4
  atom 2: 7.10247 5.39395 0.52556 type=4
  atom 3: -2.33038 4.29955 8.00585 type=4
  atom 4: -1.23824 8.59966 3.14850 type=3
ML HG_ev = 2.185391 eV
[CLIENT] POSDATA natoms=1191 config_type=101 n_mol=1
  atom 0: -0.25953 0.54720 3.74015 type=4
  atom 1: 5.03161 9.14630 4.79126 type=4
  atom 2: 7.10247 5.39395 0.52556 type=4
  atom 3: -2.33038 4.29955 8.00585 type=4
  atom 4: -1.23824 8.59966 3.14850 type=3
ML HG_ev = -0.354467 eV
[CLIENT] POSDATA natoms=1191 config_type=101 n_mol=1
  atom 0: -0.25953 0.54720 3.74015 type=4
  atom 1: 5.03161 9.14630 4.79126 type=4
  atom 2: 7.10247 5.39395 0.52556 type=4
  atom 3: -2.33038 4.29955 8.00585 type=4
  atom 4: -1.23824 8.59966 3.14850 type=3
ML HG_ev = -0.197777 eV
[CLIENT] POSDATA natoms=1191 config_type=101 n_mol=1
  atom 0: -0.25953 0.54720 3.74015 type=4
  atom 1: 5.03161 9.14630 4.79126 type=4
  atom 2: 7.10247 5.39395 0.52556 type=4
  atom 3: -2.33038 4.29955 8.00585 type=4
  atom 4: -1.23824 8.59966 3.14850 type=3
ML HG_ev = -0.343428 eV
[CLIENT] POSDATA natoms=1191 config_type=101 n_mol=1
  atom 0: -0.25953 0.54720 3.74015 type=4
  atom 1: 5.03161 9.14630 4.79126 type=4
  atom 2: 7.10247 5.39395 0.52556 type=4
  atom 3: -2.33038 4.29955 8.00585 type=4
  atom 4: -1.23824 8.59966 3.14850 type=3
ML HG_ev = -0.120430 eV
[CLIENT] POSDATA natoms=1191 config_type=101 n_mol=1
  atom 0: -0.25953 0.54720 3.74015 type=4
  atom 1: 5.03161 9.14630 4.79126 type=4
  atom 2: 7.10247 5.39395 0.52556 type=4
  atom 3: -2.33038 4.29955 8.00585 type=4
  atom 4: -1.23824 8.59966 3.14850 type=3
ML HG_ev = -0.354731 eV
[CLIENT] POSDATA natoms=1191 config_type=101 n_mol=1
  atom 0: -0.25953 0.54720 3.74015 type=4
  atom 1: 5.03161 9.14630 4.79126 type=4
  atom 2: 7.10247 5.39395 0.52556 type=4
  atom 3: -2.33038 4.29955 8.00585 type=4
  atom 4: -1.23824 8.59966 3.14850 type=3
ML HG_ev = 1.216355 eV
[CLIENT] POSDATA natoms=1191 config_type=101 n_mol=1
  atom 0: -0.25953 0.54720 3.74015 type=4
  atom 1: 5.03161 9.14630 4.79126 type=4
  atom 2: 7.10247 5.39395 0.52556 type=4
  atom 3: -2.33038 4.29955 8.00585 type=4
  atom 4: -1.23824 8.59966 3.14850 type=3
ML HG_ev = -0.342283 eV
[CLIENT] POSDATA natoms=1191 config_type=101 n_mol=1
  atom 0: -0.25953 0.54720 3.74015 type=4
  atom 1: 5.03161 9.14630 4.79126 type=4
  atom 2: 7.10247 5.39395 0.52556 type=4
  atom 3: -2.33038 4.29955 8.00585 type=4
  atom 4: -1.23824 8.59966 3.14850 type=3
ML HG_ev = -0.354233 eV
[CLIENT] POSDATA natoms=1191 config_type=101 n_mol=1
  atom 0: -0.25953 0.54720 3.74015 type=4
  atom 1: 5.03161 9.14630 4.79126 type=4
  atom 2: 7.10247 5.39395 0.52556 type=4
  atom 3: -2.33038 4.29955 8.00585 type=4
  atom 4: -1.23824 8.59966 3.14850 type=3
ML HG_ev = 1.274738 eV
[CLIENT] POSDATA natoms=1191 config_type=101 n_mol=1
  atom 0: -0.25953 0.54720 3.74015 type=4
  atom 1: 5.03161 9.14630 4.79126 type=4
  atom 2: 7.10247 5.39395 0.52556 type=4
  atom 3: -2.33038 4.29955 8.00585 type=4
  atom 4: -1.23824 8.59966 3.14850 type=3
ML HG_ev = -0.354329 eV
[CLIENT] POSDATA natoms=1191 config_type=101 n_mol=1
  atom 0: -0.25953 0.54720 3.74015 type=4
  atom 1: 5.03161 9.14630 4.79126 type=4
  atom 2: 7.10247 5.39395 0.52556 type=4
  atom 3: -2.33038 4.29955 8.00585 type=4
  atom 4: -1.23824 8.59966 3.14850 type=3
ML HG_ev = -0.352277 eV
[CLIENT] POSDATA natoms=1191 config_type=101 n_mol=1
  atom 0: -0.25953 0.54720 3.74015 type=4
  atom 1: 5.03161 9.14630 4.79126 type=4
  atom 2: 7.10247 5.39395 0.52556 type=4
  atom 3: -2.33038 4.29955 8.00585 type=4
  atom 4: -1.23824 8.59966 3.14850 type=3
ML HG_ev = -0.351115 eV
[CLIENT] POSDATA natoms=1191 config_type=101 n_mol=1
  atom 0: -0.25953 0.54720 3.74015 type=4
  atom 1: 5.03161 9.14630 4.79126 type=4
  atom 2: 7.10247 5.39395 0.52556 type=4
  atom 3: -2.33038 4.29955 8.00585 type=4
  atom 4: -1.23824 8.59966 3.14850 type=3
ML HG_ev = 0.134823 eV
[CLIENT] POSDATA natoms=1191 config_type=101 n_mol=1
  atom 0: -0.25953 0.54720 3.74015 type=4
  atom 1: 5.03161 9.14630 4.79126 type=4
  atom 2: 7.10247 5.39395 0.52556 type=4
  atom 3: -2.33038 4.29955 8.00585 type=4
  atom 4: -1.23824 8.59966 3.14850 type=3
ML HG_ev = -0.342728 eV
[CLIENT] POSDATA natoms=1191 config_type=101 n_mol=1
  atom 0: -0.25953 0.54720 3.74015 type=4
  atom 1: 5.03161 9.14630 4.79126 type=4
  atom 2: 7.10247 5.39395 0.52556 type=4
  atom 3: -2.33038 4.29955 8.00585 type=4
  atom 4: -1.23824 8.59966 3.14850 type=3
ML HG_ev = -0.320612 eV
[CLIENT] POSDATA natoms=1191 config_type=101 n_mol=1
  atom 0: -0.25953 0.54720 3.74015 type=4
  atom 1: 5.03161 9.14630 4.79126 type=4
  atom 2: 7.10247 5.39395 0.52556 type=4
  atom 3: -2.33038 4.29955 8.00585 type=4
  atom 4: -1.23824 8.59966 3.14850 type=3
ML HG_ev = -0.342862 eV
[CLIENT] POSDATA natoms=1191 config_type=101 n_mol=1
  atom 0: -0.25953 0.54720 3.74015 type=4
  atom 1: 5.03161 9.14630 4.79126 type=4
  atom 2: 7.10247 5.39395 0.52556 type=4
  atom 3: -2.33038 4.29955 8.00585 type=4
  atom 4: -1.23824 8.59966 3.14850 type=3
ML HG_ev = 2.872526 eV
[CLIENT] POSDATA natoms=1191 config_type=101 n_mol=1
  atom 0: -0.25953 0.54720 3.74015 type=4
  atom 1: 5.03161 9.14630 4.79126 type=4
  atom 2: 7.10247 5.39395 0.52556 type=4
  atom 3: -2.33038 4.29955 8.00585 type=4
  atom 4: -1.23824 8.59966 3.14850 type=3
ML HG_ev = -0.324035 eV
[CLIENT] POSDATA natoms=1191 config_type=101 n_mol=1
  atom 0: -0.25953 0.54720 3.74015 type=4
  atom 1: 5.03161 9.14630 4.79126 type=4
  atom 2: 7.10247 5.39395 0.52556 type=4
  atom 3: -2.33038 4.29955 8.00585 type=4
  atom 4: -1.23824 8.59966 3.14850 type=3
ML HG_ev = -0.353909 eV
[CLIENT] POSDATA natoms=1191 config_type=101 n_mol=1
  atom 0: -0.25953 0.54720 3.74015 type=4
  atom 1: 5.03161 9.14630 4.79126 type=4
  atom 2: 7.10247 5.39395 0.52556 type=4
  atom 3: -2.33038 4.29955 8.00585 type=4
  atom 4: -1.23824 8.59966 3.14850 type=3
ML HG_ev = -0.291874 eV
[CLIENT] POSDATA natoms=1191 config_type=101 n_mol=1
  atom 0: -0.25953 0.54720 3.74015 type=4
  atom 1: 5.03161 9.14630 4.79126 type=4
  atom 2: 7.10247 5.39395 0.52556 type=4
  atom 3: -2.33038 4.29955 8.00585 type=4
  atom 4: -1.23824 8.59966 3.14850 type=3
ML HG_ev = -0.352747 eV
[CLIENT] POSDATA natoms=1191 config_type=101 n_mol=1
  atom 0: -0.25953 0.54720 3.74015 type=4
  atom 1: 5.03161 9.14630 4.79126 type=4
  atom 2: 7.10247 5.39395 0.52556 type=4
  atom 3: -2.33038 4.29955 8.00585 type=4
  atom 4: -1.23824 8.59966 3.14850 type=3
ML HG_ev = 2.302779 eV
[CLIENT] POSDATA natoms=1191 config_type=101 n_mol=1
  atom 0: -0.25953 0.54720 3.74015 type=4
  atom 1: 5.03161 9.14630 4.79126 type=4
  atom 2: 7.10247 5.39395 0.52556 type=4
  atom 3: -2.33038 4.29955 8.00585 type=4
  atom 4: -1.23824 8.59966 3.14850 type=3
ML HG_ev = -0.136456 eV
[CLIENT] POSDATA natoms=1191 config_type=101 n_mol=1
  atom 0: -0.25953 0.54720 3.74015 type=4
  atom 1: 5.03161 9.14630 4.79126 type=4
  atom 2: 7.10247 5.39395 0.52556 type=4
  atom 3: -2.33038 4.29955 8.00585 type=4
  atom 4: -1.23824 8.59966 3.14850 type=3
ML HG_ev = -0.323839 eV
[CLIENT] POSDATA natoms=1191 config_type=101 n_mol=1
  atom 0: -0.25953 0.54720 3.74015 type=4
  atom 1: 5.03161 9.14630 4.79126 type=4
  atom 2: 7.10247 5.39395 0.52556 type=4
  atom 3: -2.33038 4.29955 8.00585 type=4
  atom 4: -1.23824 8.59966 3.14850 type=3
ML HG_ev = 0.239822 eV
[CLIENT] POSDATA natoms=1191 config_type=101 n_mol=1
  atom 0: -0.25953 0.54720 3.74015 type=4
  atom 1: 5.03161 9.14630 4.79126 type=4
  atom 2: 7.10247 5.39395 0.52556 type=4
  atom 3: -2.33038 4.29955 8.00585 type=4
  atom 4: -1.23824 8.59966 3.14850 type=3
ML HG_ev = -0.323925 eV
[CLIENT] POSDATA natoms=1191 config_type=101 n_mol=1
  atom 0: -0.25953 0.54720 3.74015 type=4
  atom 1: 5.03161 9.14630 4.79126 type=4
  atom 2: 7.10247 5.39395 0.52556 type=4
  atom 3: -2.33038 4.29955 8.00585 type=4
  atom 4: -1.23824 8.59966 3.14850 type=3
ML HG_ev = -0.335796 eV
[CLIENT] POSDATA natoms=1191 config_type=101 n_mol=1
  atom 0: -0.25953 0.54720 3.74015 type=4
  atom 1: 5.03161 9.14630 4.79126 type=4
  atom 2: 7.10247 5.39395 0.52556 type=4
  atom 3: -2.33038 4.29955 8.00585 type=4
  atom 4: -1.23824 8.59966 3.14850 type=3
ML HG_ev = -0.323933 eV
[CLIENT] POSDATA natoms=1191 config_type=101 n_mol=1
  atom 0: -0.25953 0.54720 3.74015 type=4
  atom 1: 5.03161 9.14630 4.79126 type=4
  atom 2: 7.10247 5.39395 0.52556 type=4
  atom 3: -2.33038 4.29955 8.00585 type=4
  atom 4: -1.23824 8.59966 3.14850 type=3
ML HG_ev = -0.225875 eV
[CLIENT] POSDATA natoms=1191 config_type=101 n_mol=1
  atom 0: -0.25953 0.54720 3.74015 type=4
  atom 1: 5.03161 9.14630 4.79126 type=4
  atom 2: 7.10247 5.39395 0.52556 type=4
  atom 3: -2.33038 4.29955 8.00585 type=4
  atom 4: -1.23824 8.59966 3.14850 type=3
ML HG_ev = -0.321066 eV
[CLIENT] POSDATA natoms=1191 config_type=101 n_mol=1
  atom 0: -0.25953 0.54720 3.74015 type=4
  atom 1: 5.03161 9.14630 4.79126 type=4
  atom 2: 7.10247 5.39395 0.52556 type=4
  atom 3: -2.33038 4.29955 8.00585 type=4
  atom 4: -1.23824 8.59966 3.14850 type=3
ML HG_ev = -0.192129 eV
[CLIENT] POSDATA natoms=1191 config_type=101 n_mol=1
  atom 0: -0.25953 0.54720 3.74015 type=4
  atom 1: 5.03161 9.14630 4.79126 type=4
  atom 2: 7.10247 5.39395 0.52556 type=4
  atom 3: -2.33038 4.29955 8.00585 type=4
  atom 4: -1.23824 8.59966 3.14850 type=3
ML HG_ev = -0.336708 eV
[CLIENT] POSDATA natoms=1191 config_type=101 n_mol=1
  atom 0: -0.25953 0.54720 3.74015 type=4
  atom 1: 5.03161 9.14630 4.79126 type=4
  atom 2: 7.10247 5.39395 0.52556 type=4
  atom 3: -2.33038 4.29955 8.00585 type=4
  atom 4: -1.23824 8.59966 3.14850 type=3
ML HG_ev = -0.230612 eV
[CLIENT] POSDATA natoms=1191 config_type=101 n_mol=1
  atom 0: -0.25953 0.54720 3.74015 type=4
  atom 1: 5.03161 9.14630 4.79126 type=4
  atom 2: 7.10247 5.39395 0.52556 type=4
  atom 3: -2.33038 4.29955 8.00585 type=4
  atom 4: -1.23824 8.59966 3.14850 type=3
ML HG_ev = -0.336114 eV
[CLIENT] POSDATA natoms=1191 config_type=101 n_mol=1
  atom 0: -0.25953 0.54720 3.74015 type=4
  atom 1: 5.03161 9.14630 4.79126 type=4
  atom 2: 7.10247 5.39395 0.52556 type=4
  atom 3: -2.33038 4.29955 8.00585 type=4
  atom 4: -1.23824 8.59966 3.14850 type=3
ML HG_ev = 0.308018 eV
[CLIENT] POSDATA natoms=1191 config_type=101 n_mol=1
  atom 0: -0.25953 0.54720 3.74015 type=4
  atom 1: 5.03161 9.14630 4.79126 type=4
  atom 2: 7.10247 5.39395 0.52556 type=4
  atom 3: -2.33038 4.29955 8.00585 type=4
  atom 4: -1.23824 8.59966 3.14850 type=3
ML HG_ev = -0.352413 eV
[CLIENT] POSDATA natoms=1191 config_type=101 n_mol=1
  atom 0: -0.25953 0.54720 3.74015 type=4
  atom 1: 5.03161 9.14630 4.79126 type=4
  atom 2: 7.10247 5.39395 0.52556 type=4
  atom 3: -2.33038 4.29955 8.00585 type=4
  atom 4: -1.23824 8.59966 3.14850 type=3
ML HG_ev = -0.336585 eV
[CLIENT] POSDATA natoms=1191 config_type=101 n_mol=1
  atom 0: -0.25953 0.54720 3.74015 type=4
  atom 1: 5.03161 9.14630 4.79126 type=4
  atom 2: 7.10247 5.39395 0.52556 type=4
  atom 3: -2.33038 4.29955 8.00585 type=4
  atom 4: -1.23824 8.59966 3.14850 type=3
ML HG_ev = -0.352190 eV
[CLIENT] POSDATA natoms=1191 config_type=101 n_mol=1
  atom 0: -0.25953 0.54720 3.74015 type=4
  atom 1: 5.03161 9.14630 4.79126 type=4
  atom 2: 7.10247 5.39395 0.52556 type=4
  atom 3: -2.33038 4.29955 8.00585 type=4
  atom 4: -1.23824 8.59966 3.14850 type=3
ML HG_ev = -0.021435 eV
[CLIENT] POSDATA natoms=1191 config_type=101 n_mol=1
  atom 0: -0.25953 0.54720 3.74015 type=4
  atom 1: 5.03161 9.14630 4.79126 type=4
  atom 2: 7.10247 5.39395 0.52556 type=4
  atom 3: -2.33038 4.29955 8.00585 type=4
  atom 4: -1.23824 8.59966 3.14850 type=3
ML HG_ev = -0.335368 eV
[CLIENT] POSDATA natoms=1191 config_type=101 n_mol=1
  atom 0: -0.25953 0.54720 3.74015 type=4
  atom 1: 5.03161 9.14630 4.79126 type=4
  atom 2: 7.10247 5.39395 0.52556 type=4
  atom 3: -2.33038 4.29955 8.00585 type=4
  atom 4: -1.23824 8.59966 3.14850 type=3
ML HG_ev = -0.320939 eV
[CLIENT] POSDATA natoms=1191 config_type=101 n_mol=1
  atom 0: -0.25953 0.54720 3.74015 type=4
  atom 1: 5.03161 9.14630 4.79126 type=4
  atom 2: 7.10247 5.39395 0.52556 type=4
  atom 3: -2.33038 4.29955 8.00585 type=4
  atom 4: -1.23824 8.59966 3.14850 type=3
ML HG_ev = -0.381856 eV
[CLIENT] POSDATA natoms=1191 config_type=101 n_mol=1
  atom 0: -0.25953 0.54720 3.74015 type=4
  atom 1: 5.03161 9.14630 4.79126 type=4
  atom 2: 7.10247 5.39395 0.52556 type=4
  atom 3: -2.33038 4.29955 8.00585 type=4
  atom 4: -1.23824 8.59966 3.14850 type=3
ML HG_ev = -0.352346 eV
[CLIENT] POSDATA natoms=1191 config_type=101 n_mol=1
  atom 0: -0.25953 0.54720 3.74015 type=4
  atom 1: 5.03161 9.14630 4.79126 type=4
  atom 2: 7.10247 5.39395 0.52556 type=4
  atom 3: -2.33038 4.29955 8.00585 type=4
  atom 4: -1.23824 8.59966 3.14850 type=3
ML HG_ev = -0.327692 eV
[CLIENT] POSDATA natoms=1191 config_type=101 n_mol=1
  atom 0: -0.25953 0.54720 3.74015 type=4
  atom 1: 5.03161 9.14630 4.79126 type=4
  atom 2: 7.10247 5.39395 0.52556 type=4
  atom 3: -2.33038 4.29955 8.00585 type=4
  atom 4: -1.23824 8.59966 3.14850 type=3
======================== MOVE STATISTICS FOR COMPONENT [1] (CO2) ========================
=====================TRANSLATION MOVES=====================
Translation Performed: 318
Translation Accepted: 4
Max Translation: 2.2927408441, 2.4932892569, 2.1943846662
===========================================================
=====================ROTATION MOVES========================
Rotation Performed: 315
Rotation Accepted: 154
Max Rotation: 0.4961606562, 0.4961606562, 0.4961606562
===========================================================
=====================SWAP MOVES=====================
Insertion Performed:   261
Insertion Accepted:    3
Deletion Performed:    249
Deletion Accepted:     0
Reinsertion Performed: 421
Reinsertion Accepted:  28
====================================================
=====================IDENTITY SWAP MOVES=====================
=============================================================
================================================================================================
=====================Rosenbluth Summary For Component [1] (CO2)=====================
There are 5 blocks
=====BLOCK 0=====
Widom Performed: 0.0
=====BLOCK 1=====
Widom Performed: 0.0
=====BLOCK 2=====
Widom Performed: 0.0
=====BLOCK 3=====
Widom Performed: 0.0
=====BLOCK 4=====
Widom Performed: 0.0
=========================AVERAGE========================
Averaged Rosenbluth Weight: 0.0000000000 +/- 0.0000000000
Averaged Excess Chemical Potential: 0.0000000000 +/- 0.0000000000
Averaged Henry Coefficient [mol/kg/Pa]: 0 +/- 0
Averaged Fugacity: 0.0000000000 +/- 0.0000000000
============= BLOCK AVERAGES (HEAT OF ADSORPTION: kJ/mol) =========
COMPONENT [1] (CO2)
BLOCK [0], Blocksize: 200, Average: inf
BLOCK [1], Blocksize: 200, Average: inf
BLOCK [2], Blocksize: 200, Average: -inf
BLOCK [3], Blocksize: 200, Average: -17.38084
BLOCK [4], Blocksize: 200, Average: inf
Overall: Average: -nan, ErrorBar: -nan
-----------------------------
==============================================================
=================== BLOCK AVERAGES (LOADING: # MOLECULES)=============
COMPONENT [0] (calf20_ddec_super.cif)
BLOCK [0], Blocksize: 200, Average: 1.00000, ErrorBar: 0.00000
BLOCK [1], Blocksize: 200, Average: 1.00000, ErrorBar: 0.00000
BLOCK [2], Blocksize: 200, Average: 1.00000, ErrorBar: 0.00000
BLOCK [3], Blocksize: 200, Average: 1.00000, ErrorBar: 0.00000
BLOCK [4], Blocksize: 200, Average: 1.00000, ErrorBar: 0.00000
Overall: Average: 1.00000, ErrorBar: 0.00000
---------- EXCESS LOADING (# MOLECULES) ----------
BLOCK [0], Blocksize: 200, Average: 0.00000, ErrorBar: 0.00000
BLOCK [1], Blocksize: 200, Average: 0.00000, ErrorBar: 0.00000
BLOCK [2], Blocksize: 200, Average: 0.00000, ErrorBar: 0.00000
BLOCK [3], Blocksize: 200, Average: 0.00000, ErrorBar: 0.00000
BLOCK [4], Blocksize: 200, Average: 0.00000, ErrorBar: 0.00000
Overall: Average: 0.00000, ErrorBar: 0.00000
------------------------------------
----------------------------------------------------------
COMPONENT [1] (CO2)
BLOCK [0], Blocksize: 200, Average: 2.00000, ErrorBar: 0.00000
BLOCK [1], Blocksize: 200, Average: 2.00000, ErrorBar: 0.00000
BLOCK [2], Blocksize: 200, Average: 2.00000, ErrorBar: 0.00000
BLOCK [3], Blocksize: 200, Average: 2.40500, ErrorBar: 0.98178
BLOCK [4], Blocksize: 200, Average: 3.00000, ErrorBar: 0.00000
Overall: Average: 2.28100, ErrorBar: 0.78446
---------- EXCESS LOADING (# MOLECULES) ----------
BLOCK [0], Blocksize: 200, Average: 2.00000, ErrorBar: 0.00000
BLOCK [1], Blocksize: 200, Average: 2.00000, ErrorBar: 0.00000
BLOCK [2], Blocksize: 200, Average: 2.00000, ErrorBar: 0.00000
BLOCK [3], Blocksize: 200, Average: 2.40500, ErrorBar: 0.98178
BLOCK [4], Blocksize: 200, Average: 3.00000, ErrorBar: 0.00000
Overall: Average: 2.28100, ErrorBar: 0.78446
------------------------------------
----------------------------------------------------------
======================================================================
=====================BLOCK AVERAGES (LOADING: mg/g)=============
COMPONENT [0] (calf20_ddec_super.cif)
Framework component 0, molar mass: 19164.06000
Framework total mass: 19164.06000
BLOCK [0], Blocksize: 200, Average: 1000.00000, ErrorBar: -nan
BLOCK [1], Blocksize: 200, Average: 1000.00000, ErrorBar: -nan
BLOCK [2], Blocksize: 200, Average: 1000.00000, ErrorBar: -nan
BLOCK [3], Blocksize: 200, Average: 1000.00000, ErrorBar: -nan
BLOCK [4], Blocksize: 200, Average: 1000.00000, ErrorBar: -nan
Overall: Average: 1000.00000, ErrorBar: 0.00003
---------- EXCESS LOADING (mg/g) ----------
Framework component 0, molar mass: 19164.06000
Framework total mass: 19164.06000
BLOCK [0], Blocksize: 200, Average: 0.00000, ErrorBar: 0.00000
BLOCK [1], Blocksize: 200, Average: 0.00000, ErrorBar: 0.00000
BLOCK [2], Blocksize: 200, Average: 0.00000, ErrorBar: 0.00000
BLOCK [3], Blocksize: 200, Average: 0.00000, ErrorBar: 0.00000
BLOCK [4], Blocksize: 200, Average: 0.00000, ErrorBar: 0.00000
Overall: Average: 0.00000, ErrorBar: 0.00000
------------------------------------
----------------------------------------------------------
COMPONENT [1] (CO2)
Framework component 0, molar mass: 19164.06000
Framework total mass: 19164.06000
BLOCK [0], Blocksize: 200, Average: 4.59180, ErrorBar: -nan
BLOCK [1], Blocksize: 200, Average: 4.59180, ErrorBar: -nan
BLOCK [2], Blocksize: 200, Average: 4.59180, ErrorBar: -nan
BLOCK [3], Blocksize: 200, Average: 5.52164, ErrorBar: 2.25408
BLOCK [4], Blocksize: 200, Average: 6.88771, ErrorBar: 0.00000
Overall: Average: 5.23695, ErrorBar: 1.80104
---------- EXCESS LOADING (mg/g) ----------
Framework component 0, molar mass: 19164.06000
Framework total mass: 19164.06000
BLOCK [0], Blocksize: 200, Average: 4.59180, ErrorBar: -nan
BLOCK [1], Blocksize: 200, Average: 4.59180, ErrorBar: -nan
BLOCK [2], Blocksize: 200, Average: 4.59180, ErrorBar: -nan
BLOCK [3], Blocksize: 200, Average: 5.52164, ErrorBar: 2.25408
BLOCK [4], Blocksize: 200, Average: 6.88771, ErrorBar: 0.00000
Overall: Average: 5.23695, ErrorBar: 1.80104
------------------------------------
----------------------------------------------------------
==============================================================
=====================BLOCK AVERAGES (LOADING: mol/kg)=============
COMPONENT [0] (calf20_ddec_super.cif)
Framework component 0, molar mass: 19164.06000
Framework total mass: 19164.06000
BLOCK [0], Blocksize: 200, Average: 0.05218, ErrorBar: -nan
BLOCK [1], Blocksize: 200, Average: 0.05218, ErrorBar: -nan
BLOCK [2], Blocksize: 200, Average: 0.05218, ErrorBar: -nan
BLOCK [3], Blocksize: 200, Average: 0.05218, ErrorBar: -nan
BLOCK [4], Blocksize: 200, Average: 0.05218, ErrorBar: -nan
Overall: Average: 0.05218, ErrorBar: -nan
---------- EXCESS LOADING (mol/kg) ----------
Framework component 0, molar mass: 19164.06000
Framework total mass: 19164.06000
BLOCK [0], Blocksize: 200, Average: 0.00000, ErrorBar: 0.00000
BLOCK [1], Blocksize: 200, Average: 0.00000, ErrorBar: 0.00000
BLOCK [2], Blocksize: 200, Average: 0.00000, ErrorBar: 0.00000
BLOCK [3], Blocksize: 200, Average: 0.00000, ErrorBar: 0.00000
BLOCK [4], Blocksize: 200, Average: 0.00000, ErrorBar: 0.00000
Overall: Average: 0.00000, ErrorBar: 0.00000
------------------------------------
----------------------------------------------------------
COMPONENT [1] (CO2)
Framework component 0, molar mass: 19164.06000
Framework total mass: 19164.06000
BLOCK [0], Blocksize: 200, Average: 0.10436, ErrorBar: -nan
BLOCK [1], Blocksize: 200, Average: 0.10436, ErrorBar: -nan
BLOCK [2], Blocksize: 200, Average: 0.10436, ErrorBar: -nan
BLOCK [3], Blocksize: 200, Average: 0.12550, ErrorBar: 0.05123
BLOCK [4], Blocksize: 200, Average: 0.15654, ErrorBar: -nan
Overall: Average: 0.11902, ErrorBar: 0.04093
---------- EXCESS LOADING (mol/kg) ----------
Framework component 0, molar mass: 19164.06000
Framework total mass: 19164.06000
BLOCK [0], Blocksize: 200, Average: 0.10436, ErrorBar: -nan
BLOCK [1], Blocksize: 200, Average: 0.10436, ErrorBar: -nan
BLOCK [2], Blocksize: 200, Average: 0.10436, ErrorBar: -nan
BLOCK [3], Blocksize: 200, Average: 0.12550, ErrorBar: 0.05123
BLOCK [4], Blocksize: 200, Average: 0.15654, ErrorBar: -nan
Overall: Average: 0.11902, ErrorBar: 0.04093
------------------------------------
----------------------------------------------------------
==============================================================
=====================BLOCK AVERAGES (LOADING: g/L)=============
COMPONENT [1] (CO2)
Total Unit Cells 1 
BLOCK [0], Blocksize: 200, Average: 7.34162, ErrorBar: -nan
BLOCK [1], Blocksize: 200, Average: 7.34162, ErrorBar: -nan
BLOCK [2], Blocksize: 200, Average: 7.34162, ErrorBar: -nan
BLOCK [3], Blocksize: 200, Average: 8.82830, ErrorBar: 3.60394
BLOCK [4], Blocksize: 200, Average: 11.01243, ErrorBar: -nan
Overall: Average: 8.37312, ErrorBar: 2.87960
---------- EXCESS LOADING (g/L) ----------
Total Unit Cells 1 
BLOCK [0], Blocksize: 200, Average: 146123.45165, ErrorBar: 0.00201
BLOCK [1], Blocksize: 200, Average: 146123.45165, ErrorBar: 0.00201
BLOCK [2], Blocksize: 200, Average: 146123.45165, ErrorBar: 0.00201
BLOCK [3], Blocksize: 200, Average: 175713.45061, ErrorBar: 71730.84002
BLOCK [4], Blocksize: 200, Average: 219185.17747, ErrorBar: 0.00453
Overall: Average: 166653.79660, ErrorBar: 57313.93198
------------------------------------
----------------------------------------------------------
==============================================================
=====================BLOCK AVERAGES (VOLUME Å^3)================
BLOCK [0], Blocksize: 200, Average: 19903.43092, ErrorBar: 0.00292
BLOCK [1], Blocksize: 200, Average: 19903.43092, ErrorBar: 0.00292
BLOCK [2], Blocksize: 200, Average: 19903.43092, ErrorBar: 0.00292
BLOCK [3], Blocksize: 200, Average: 19903.43092, ErrorBar: 0.00292
BLOCK [4], Blocksize: 200, Average: 19903.43092, ErrorBar: 0.00292
Overall: Average: 19903.43092, ErrorBar: -nan
----------------------------------------------------------
==============================================================
===============================
== PRODUCTION PHASE ENDS ==
===============================
Work took 3558.998817 seconds
======================================
CHECKING FINAL ENERGY FOR SYSTEM [0]
======================================
======================== CALCULATING FINAL STAGE ENERGY ========================
****** Calculating VDW + Real Energy (CPU) ******
Host-Host   VDW: 0.00000; Real: 0.00000
Host-Guest  VDW: -8727.08729; Real: -1661.89869
Guest-Guest VDW: -3.00455; Real: 2.29348
********** PRINTING COMPONENT ENERGIES**********
Compoent [0-0], VDW: 0.00000, Real: 0.00000
Compoent [0-1], VDW: -8727.08729, Real: -1661.89869
Compoent [1-1], VDW: -3.00455, Real: 2.29348
****** Calculating Ewald Energy (CPU) ******
CPU Guest-Guest Fourier: 105.78403, Host-Host Fourier: 7037.08874, Framework-Guest Fourier: -208.63037
Component: 0, SelfAtomE: 3036079.51635 (3651566.56459 kJ/mol)
Component: 1, SelfAtomE: 42818.50758 (51498.85891 kJ/mol)
Component: 0, Intra-Molecular ExclusionE: 3068090.83192 (3690067.35122 kJ/mol)
Component: 1, Intra-Molecular ExclusionE: 42712.45171 (51371.30293 kJ/mol)
HostEwald took 0.08413 sec
Ewald Summation (total energy) on the CPU took 0.08414 secs
 ****** CHECKING StructureFactors (SF) Stored on CPU vs. GPU ****** 
CPU SF: 2040, GPU SF: 2040
StructureFactor 0, CPU: 0.00000 0.00000, GPU: 0.00000 0.00000
StructureFactor 1, CPU: 0.00000 0.00000, GPU: 0.00000 0.00000
StructureFactor 2, CPU: 0.00000 0.00000, GPU: 0.00000 0.00000
StructureFactor 3, CPU: 0.00000 0.00000, GPU: 0.00000 0.00000
StructureFactor 4, CPU: 0.00000 0.00000, GPU: 0.00000 0.00000
StructureFactor 5, CPU: 0.79300 -0.76184, GPU: 0.79300 -0.76184
StructureFactor 6, CPU: -0.46508 0.54615, GPU: -0.46508 0.54615
StructureFactor 7, CPU: 0.75119 -0.82625, GPU: 0.75119 -0.82625
StructureFactor 8, CPU: -0.33954 0.59718, GPU: -0.33954 0.59718
StructureFactor 9, CPU: 0.70422 -0.86080, GPU: 0.70422 -0.86080
 ****** CHECKING Framework StructureFactors Stored on CPU ****** 
Framework Structure Factor 0, real: 0.00000 imag: 0.00000
Framework Structure Factor 1, real: 0.00000 imag: 0.00000
Framework Structure Factor 2, real: 0.00000 imag: 0.00000
Framework Structure Factor 3, real: 0.00000 imag: 0.00000
Framework Structure Factor 4, real: 0.00000 imag: 0.00000
Framework Structure Factor 5, real: 0.00000 imag: 0.00000
Framework Structure Factor 6, real: 0.00000 imag: -0.00000
Framework Structure Factor 7, real: 0.00000 imag: 0.00000
Framework Structure Factor 8, real: -0.00000 imag: 0.00000
Framework Structure Factor 9, real: 0.00000 imag: 0.00000
ML HG_ev = -0.335703 eV
WARNING: Matrix Inversion, Gauss-Jordan: Singular Matrix! Qst for the current component may not get calculated correctly!
TIP: Your molecule may have a hard time getting in/out of the system box. Consider making it better by using some moves or NVT moves to relax the system more!
WARNING: Matrix Inversion, Gauss-Jordan: Singular Matrix! Qst for the current component may not get calculated correctly!
TIP: Your molecule may have a hard time getting in/out of the system box. Consider making it better by using some moves or NVT moves to relax the system more!
WARNING: Matrix Inversion, Gauss-Jordan: Singular Matrix! Qst for the current component may not get calculated correctly!
TIP: Your molecule may have a hard time getting in/out of the system box. Consider making it better by using some moves or NVT moves to relax the system more!
WARNING: Matrix Inversion, Gauss-Jordan: Singular Matrix! Qst for the current component may not get calculated correctly!
TIP: Your molecule may have a hard time getting in/out of the system box. Consider making it better by using some moves or NVT moves to relax the system more!
========================
== END OF SIMULATION! ==
========================
[CLIENT] POSDATA natoms=1197 config_type=101 n_mol=3
  atom 0: -0.25953 0.54720 3.74015 type=4
  atom 1: 5.03161 9.14630 4.79126 type=4
  atom 2: 7.10247 5.39395 0.52556 type=4
  atom 3: -2.33038 4.29955 8.00585 type=4
  atom 4: -1.23824 8.59966 3.14850 type=3
VDW + Real on the GPU took 0.00049 secs
Ewald Summation (total energy) on the GPU took 0.00031 secs
Total GPU Energy: 
====================== DONE CALCULATING FINAL STAGE ENERGY ======================
======================================
Random Numbers Regenerated 0 times, offset: 14200, randomsize: 333334
DNN Feature Preparation Time: 0.00000, DNN Prediction Time: 0.00000
DNN GPU Time: 0.00000, DNN Sort Time: 0.00000, std::sort Time: 0.00000, Featurization Time: 0.00000
======================== ENERGY SUMMARY (Simulation 0) =========================
 *** INITIAL STAGE *** 
========================================================================
VDW [Host-Host]:            0.00000 (0.00000 [K])
VDW [Host-Guest]:           0.00000 (0.00000 [K])
VDW [Guest-Guest]:          0.00000 (0.00000 [K])
Real Coulomb [Host-Host]:   0.00000 (0.00000 [K])
Real Coulomb [Host-Guest]:  0.00000 (0.00000 [K])
Real Coulomb [Guest-Guest]: 0.00000 (0.00000 [K])
Ewald [Host-Host]:          0.00000 (0.00000 [K])
 --> Total Ewald [Host-Host]:
      39048.40431 (46964.46414 [K])
 --> Initial Ewald [Host-Host] (excluded):
      39048.40431 (46964.46414 [K])
Ewald [Host-Guest]:         0.00000 (0.00000 [K])
Ewald [Guest-Guest]:        0.00000 (0.00000 [K])
DNN Energy:                 0.00000 (0.00000 [K])
 --> Stored Classical Host-Guest Interactions: 
     VDW:             0.00000 (0.00000 [K])
     Real Coulomb:    0.00000 (0.00000 [K])
     Ewald:           0.00000 (0.00000 [K])
     Total:           0.00000 (0.00000 [K])
 --> DNN - Classical: 0.00000 (0.00000 [K])
Tail Correction Energy:     0.00000 (0.00000 [K])
Total Energy:               0.00000 (0.00000 [K])
========================================================================
 *** CREATE MOLECULE STAGE *** 
========================================================================
VDW [Host-Host]:            0.00000 (0.00000 [K])
VDW [Host-Guest]:           0.00000 (0.00000 [K])
VDW [Guest-Guest]:          0.00000 (0.00000 [K])
Real Coulomb [Host-Host]:   0.00000 (0.00000 [K])
Real Coulomb [Host-Guest]:  0.00000 (0.00000 [K])
Real Coulomb [Guest-Guest]: 0.00000 (0.00000 [K])
Ewald [Host-Host]:          0.00000 (0.00000 [K])
 --> Total Ewald [Host-Host]:
      39048.40431 (46964.46414 [K])
 --> Initial Ewald [Host-Host] (excluded):
      39048.40431 (46964.46414 [K])
Ewald [Host-Guest]:         0.00000 (0.00000 [K])
Ewald [Guest-Guest]:        0.00000 (0.00000 [K])
DNN Energy:                 0.00000 (0.00000 [K])
 --> Stored Classical Host-Guest Interactions: 
     VDW:             0.00000 (0.00000 [K])
     Real Coulomb:    0.00000 (0.00000 [K])
     Ewald:           0.00000 (0.00000 [K])
     Total:           0.00000 (0.00000 [K])
 --> DNN - Classical: 0.00000 (0.00000 [K])
Tail Correction Energy:     0.00000 (0.00000 [K])
Total Energy:               0.00000 (0.00000 [K])
========================================================================
 *** RUNNING DELTA_E (CREATE MOLECULE - INITIAL) *** 
========================================================================
VDW [Host-Host]:            0.00000 (0.00000 [K])
VDW [Host-Guest]:           0.00000 (0.00000 [K])
VDW [Guest-Guest]:          0.00000 (0.00000 [K])
Real Coulomb [Host-Host]:   0.00000 (0.00000 [K])
Real Coulomb [Host-Guest]:  0.00000 (0.00000 [K])
Real Coulomb [Guest-Guest]: 0.00000 (0.00000 [K])
Ewald [Host-Host]:          0.00000 (0.00000 [K])
Ewald [Host-Guest]:         0.00000 (0.00000 [K])
Ewald [Guest-Guest]:        0.00000 (0.00000 [K])
DNN Energy:                 0.00000 (0.00000 [K])
 --> Stored Classical Host-Guest Interactions: 
     VDW:             0.00000 (0.00000 [K])
     Real Coulomb:    0.00000 (0.00000 [K])
     Ewald:           0.00000 (0.00000 [K])
     Total:           0.00000 (0.00000 [K])
 --> DNN - Classical: 0.00000 (0.00000 [K])
Tail Correction Energy:     0.00000 (0.00000 [K])
Total Energy:               0.00000 (0.00000 [K])
========================================================================
 *** CHECK DELTA_E (CREATE MOLECULE - INITIAL) *** 
========================================================================
VDW [Host-Host]:            0.00000 (0.00000 [K])
VDW [Host-Guest]:           0.00000 (0.00000 [K])
VDW [Guest-Guest]:          0.00000 (0.00000 [K])
Real Coulomb [Host-Host]:   0.00000 (0.00000 [K])
Real Coulomb [Host-Guest]:  0.00000 (0.00000 [K])
Real Coulomb [Guest-Guest]: 0.00000 (0.00000 [K])
Ewald [Host-Host]:          0.00000 (0.00000 [K])
Ewald [Host-Guest]:         0.00000 (0.00000 [K])
Ewald [Guest-Guest]:        0.00000 (0.00000 [K])
DNN Energy:                 0.00000 (0.00000 [K])
 --> Stored Classical Host-Guest Interactions: 
     VDW:             0.00000 (0.00000 [K])
     Real Coulomb:    0.00000 (0.00000 [K])
     Ewald:           0.00000 (0.00000 [K])
     Total:           0.00000 (0.00000 [K])
 --> DNN - Classical: 0.00000 (0.00000 [K])
Tail Correction Energy:     0.00000 (0.00000 [K])
Total Energy:               0.00000 (0.00000 [K])
========================================================================
 *** FINAL STAGE *** 
========================================================================
VDW [Host-Host]:            0.00000 (0.00000 [K])
VDW [Host-Guest]:           0.00000 (0.00000 [K])
VDW [Guest-Guest]:          -3.00455 (-3.61365 [K])
Real Coulomb [Host-Host]:   0.00000 (0.00000 [K])
Real Coulomb [Host-Guest]:  0.00000 (0.00000 [K])
Real Coulomb [Guest-Guest]: 2.29348 (2.75843 [K])
Ewald [Host-Host]:          0.00000 (0.00000 [K])
 --> Total Ewald [Host-Host]:
      39048.40431 (46964.46414 [K])
 --> Initial Ewald [Host-Host] (excluded):
      39048.40431 (46964.46414 [K])
Ewald [Host-Guest]:         0.00000 (0.00000 [K])
Ewald [Guest-Guest]:        -0.27185 (-0.32696 [K])
DNN Energy:                 -9842.09123 (-11837.32214 [K])
 --> Stored Classical Host-Guest Interactions: 
     VDW:             -8727.08729 (-10496.27982 [K])
     Real Coulomb:    -1661.89869 (-1998.80592 [K])
     Ewald:           -208.63037 (-250.92481 [K])
     Total:           -10597.61636 (-12746.01055 [K])
 --> DNN - Classical: 755.52512 (908.68842 [K])
Tail Correction Energy:     0.00000 (0.00000 [K])
Total Energy:               -9843.07415 (-11838.50432 [K])
========================================================================
 *** RUNNING DELTA_E (FINAL - CREATE MOLECULE) *** 
========================================================================
VDW [Host-Host]:            0.00000 (0.00000 [K])
VDW [Host-Guest]:           0.00000 (0.00000 [K])
VDW [Guest-Guest]:          -3.00455 (-3.61365 [K])
Real Coulomb [Host-Host]:   0.00000 (0.00000 [K])
Real Coulomb [Host-Guest]:  0.00000 (0.00000 [K])
Real Coulomb [Guest-Guest]: 2.29348 (2.75843 [K])
Ewald [Host-Host]:          0.00000 (0.00000 [K])
Ewald [Host-Guest]:         0.00000 (0.00000 [K])
Ewald [Guest-Guest]:        -0.27185 (-0.32696 [K])
DNN Energy:                 -9825.10257 (-11816.88946 [K])
 --> Stored Classical Host-Guest Interactions: 
     VDW:             -8727.08729 (-10496.27982 [K])
     Real Coulomb:    -1661.89869 (-1998.80592 [K])
     Ewald:           -208.63037 (-250.92481 [K])
     Total:           -10597.61636 (-12746.01055 [K])
 --> DNN - Classical: 772.51378 (929.12109 [K])
Tail Correction Energy:     0.00000 (0.00000 [K])
Total Energy:               -9826.08549 (-11818.07164 [K])
========================================================================
 *** CHECK DELTA_E (RUNNING FINAL - CREATE MOLECULE) *** 
========================================================================
VDW [Host-Host]:            0.00000 (0.00000 [K])
VDW [Host-Guest]:           0.00000 (0.00000 [K])
VDW [Guest-Guest]:          -3.00455 (-3.61365 [K])
Real Coulomb [Host-Host]:   0.00000 (0.00000 [K])
Real Coulomb [Host-Guest]:  0.00000 (0.00000 [K])
Real Coulomb [Guest-Guest]: 2.29348 (2.75843 [K])
Ewald [Host-Host]:          0.00000 (0.00000 [K])
Ewald [Host-Guest]:         0.00000 (0.00000 [K])
Ewald [Guest-Guest]:        -0.27185 (-0.32696 [K])
DNN Energy:                 -9842.09123 (-11837.32214 [K])
 --> Stored Classical Host-Guest Interactions: 
     VDW:             -8727.08729 (-10496.27982 [K])
     Real Coulomb:    -1661.89869 (-1998.80592 [K])
     Ewald:           -208.63037 (-250.92481 [K])
     Total:           -10597.61636 (-12746.01055 [K])
 --> DNN - Classical: 755.52512 (908.68842 [K])
Tail Correction Energy:     0.00000 (0.00000 [K])
Total Energy:               -9843.07415 (-11838.50432 [K])
========================================================================
 *** ENERGY DRIFT (CPU FINAL - RUNNING FINAL) *** 
========================================================================
VDW [Host-Host]:            0.00000 (0.00000 [K])
VDW [Host-Guest]:           0.00000 (0.00000 [K])
VDW [Guest-Guest]:          0.00000 (0.00000 [K])
Real Coulomb [Host-Host]:   0.00000 (0.00000 [K])
Real Coulomb [Host-Guest]:  0.00000 (0.00000 [K])
Real Coulomb [Guest-Guest]: -0.00000 (-0.00000 [K])
Ewald [Host-Host]:          0.00000 (0.00000 [K])
Ewald [Host-Guest]:         0.00000 (0.00000 [K])
Ewald [Guest-Guest]:        -0.00000 (-0.00000 [K])
DNN Energy:                 16.98866 (20.43267 [K])
 --> Stored Classical Host-Guest Interactions: 
     VDW:             0.00000 (0.00000 [K])
     Real Coulomb:    0.00000 (0.00000 [K])
     Ewald:           0.00000 (0.00000 [K])
     Total:           0.00000 (0.00000 [K])
 --> DNN - Classical: 16.98866 (20.43267 [K])
Tail Correction Energy:     0.00000 (0.00000 [K])
Total Energy:               16.98866 (20.43267 [K])
========================================================================
 *** GPU DRIFT (GPU FINAL - CPU FINAL) *** 
========================================================================
VDW [Host-Host]:            0.00000 (0.00000 [K])
VDW [Host-Guest]:           0.00000 (0.00000 [K])
VDW [Guest-Guest]:          -0.00000 (-0.00000 [K])
Real Coulomb [Host-Host]:   0.00000 (0.00000 [K])
Real Coulomb [Host-Guest]:  0.00000 (0.00000 [K])
Real Coulomb [Guest-Guest]: 0.00000 (0.00000 [K])
Ewald [Host-Host]:          0.00000 (0.00000 [K])
Ewald [Host-Guest]:         0.00000 (0.00000 [K])
Ewald [Guest-Guest]:        0.00000 (0.00000 [K])
DNN Energy:                 0.00000 (0.00000 [K])
 --> Stored Classical Host-Guest Interactions: 
     VDW:             -0.00000 (-0.00000 [K])
     Real Coulomb:    -0.00000 (-0.00000 [K])
     Ewald:           -0.00000 (-0.00000 [K])
     Total:           -0.00000 (-0.00000 [K])
 --> DNN - Classical: 0.00000 (0.00000 [K])
Tail Correction Energy:     0.00000 (0.00000 [K])
Total Energy:               0.00000 (0.00000 [K])
========================================================================
================================================================================
======================== PRODUCTION PHASE AVERAGE ENERGIES (Simulation 0) =========================
 *** PRODUCTION PHASE AVERAGE ENERGY *** 
========================================================================
VDW [Host-Host]:            0.00000 (0.00000 [K])
VDW [Host-Guest]:           0.00000 (0.00000 [K])
VDW [Guest-Guest]:          -4.84462 (-5.82674 [K])
Real Coulomb [Host-Host]:   0.00000 (0.00000 [K])
Real Coulomb [Host-Guest]:  0.00000 (0.00000 [K])
Real Coulomb [Guest-Guest]: 0.23361 (0.28097 [K])
Ewald [Host-Host]:          0.00000 (0.00000 [K])
Ewald [Host-Guest]:         0.00000 (0.00000 [K])
Ewald [Guest-Guest]:        -1.12408 (-1.35196 [K])
DNN Energy:                 -6734.23141 (-8099.42366 [K])
 --> Stored Classical Host-Guest Interactions: 
     VDW:             -4613.72665 (-5549.04109 [K])
     Real Coulomb:    -1721.27994 (-2070.22519 [K])
     Ewald:           -140.09053 (-168.49028 [K])
     Total:           -6475.09713 (-7787.75656 [K])
 --> DNN - Classical: -259.13428 (-311.66710 [K])
Tail Correction Energy:     0.00000 (0.00000 [K])
Total Energy:               -6739.96651 (-8106.32139 [K])
========================================================================
 *** PRODUCTION PHASE AVERAGE ENERGY ERRORBAR *** 
========================================================================
VDW [Host-Host]:            0.00000 (0.00000 [K])
VDW [Host-Guest]:           0.00000 (0.00000 [K])
VDW [Guest-Guest]:          14.08865 (16.94476 [K])
Real Coulomb [Host-Host]:   0.00000 (0.00000 [K])
Real Coulomb [Host-Guest]:  0.00000 (0.00000 [K])
Real Coulomb [Guest-Guest]: 1.44827 (1.74187 [K])
Ewald [Host-Host]:          0.00000 (0.00000 [K])
Ewald [Host-Guest]:         0.00000 (0.00000 [K])
Ewald [Guest-Guest]:        1.94168 (2.33531 [K])
DNN Energy:                 2039.86606 (2453.39645 [K])
 --> Stored Classical Host-Guest Interactions: 
     VDW:             2805.34157 (3374.05243 [K])
     Real Coulomb:    1427.88240 (1717.34884 [K])
     Ewald:           74.85816 (90.03372 [K])
     Total:           4308.08212 (5181.43499 [K])
 --> DNN - Classical: -2268.21606 (-2728.03854 [K])
Tail Correction Energy:     0.00000 (0.00000 [K])
Total Energy:               2057.34466 (2474.41838 [K])
========================================================================
================================================================================
======================== WIDOM ADSORPTION ENERGIES (Simulation 0) =========================
 *** AVERAGE WIDOM ADSORPTION ENERGY for CO2 *** 
========================================================================
VDW [Host-Host]:            0.00000 (0.00000 [K])
VDW [Host-Guest]:           0.00000 (0.00000 [K])
VDW [Guest-Guest]:          0.00000 (0.00000 [K])
Real Coulomb [Host-Host]:   0.00000 (0.00000 [K])
Real Coulomb [Host-Guest]:  0.00000 (0.00000 [K])
Real Coulomb [Guest-Guest]: 0.00000 (0.00000 [K])
Ewald [Host-Host]:          0.00000 (0.00000 [K])
Ewald [Host-Guest]:         0.00000 (0.00000 [K])
Ewald [Guest-Guest]:        0.00000 (0.00000 [K])
DNN Energy:                 0.00000 (0.00000 [K])
 --> Stored Classical Host-Guest Interactions: 
     VDW:             0.00000 (0.00000 [K])
     Real Coulomb:    0.00000 (0.00000 [K])
     Ewald:           0.00000 (0.00000 [K])
     Total:           0.00000 (0.00000 [K])
 --> DNN - Classical: 0.00000 (0.00000 [K])
Tail Correction Energy:     0.00000 (0.00000 [K])
Total Energy:               0.00000 (0.00000 [K])
========================================================================
 *** WIDOM ADSORPTION ENERGY ERRORBAR for CO2 *** 
========================================================================
VDW [Host-Host]:            0.00000 (0.00000 [K])
VDW [Host-Guest]:           0.00000 (0.00000 [K])
VDW [Guest-Guest]:          0.00000 (0.00000 [K])
Real Coulomb [Host-Host]:   0.00000 (0.00000 [K])
Real Coulomb [Host-Guest]:  0.00000 (0.00000 [K])
Real Coulomb [Guest-Guest]: 0.00000 (0.00000 [K])
Ewald [Host-Host]:          0.00000 (0.00000 [K])
Ewald [Host-Guest]:         0.00000 (0.00000 [K])
Ewald [Guest-Guest]:        0.00000 (0.00000 [K])
DNN Energy:                 0.00000 (0.00000 [K])
 --> Stored Classical Host-Guest Interactions: 
     VDW:             0.00000 (0.00000 [K])
     Real Coulomb:    0.00000 (0.00000 [K])
     Ewald:           0.00000 (0.00000 [K])
     Total:           0.00000 (0.00000 [K])
 --> DNN - Classical: 0.00000 (0.00000 [K])
Tail Correction Energy:     0.00000 (0.00000 [K])
Total Energy:               0.00000 (0.00000 [K])
========================================================================
================================================================================
DNN Rejection Summary:
Translation+Rotation: 0
Reinsertion: 0
Insertion: 0
Deletion: 0
SingleSwap: 0
DNN Drift Summary:
Translation+Rotation: 0.00000
Reinsertion: 2657773.99697
Insertion: 0.00000
Deletion: 0.00000
SingleSwap: 0.00000
Summary for simulation 0
PseudoAtom Type: H[0], #: 216
PseudoAtom Type: C[1], #: 324
PseudoAtom Type: O[2], #: 216
PseudoAtom Type: N[3], #: 324
PseudoAtom Type: Zn[4], #: 108
PseudoAtom Type: C_co2[5], #: 3
PseudoAtom Type: O_co2[6], #: 6
ML PredictTotal: n_mol=3  HG=-1.020061 eV
HHVDW: 0.00000, HHReal: 0.00000, HGVDW: 0.00000, HGReal: 0.00000, GGVDW: -3.00455, GGReal: 2.29348, HHEwaldE: -0.00000,
 HGEwaldE: 0.00000,
 GGEwaldE: -0.27185, TailE: 0.00000, DNN_E: -9842.09123
Stored HGVDW: -8727.08729, Stored HGReal: -1661.89869, Stored HGEwaldE: -208.63037

===========================
==    END OF PROGRAM!    ==
== PRINTING MEMORY USAGE ==
===========================
Total Program Size: 7623 MB
Resident Set Size: 318 MB
Shared Pages: 219 MB
Text (code): 1 MB
Data + Stack: 317 MB
gRASPA finished. Stopping server...
Done.
---------------------------------------
Begin Slurm Epilog: Mar-01-2026 19:56:04
Job ID:        4493573
User ID:       lbrabson3
Account:       gts-amedford6-paid
Job name:      gcmc_odac
Resources:     cpu=8,gres/gpu:a100=1,mem=80G,node=1
Rsrc Used:     cput=07:58:48,vmem=0,walltime=00:59:51,mem=2510436K,energy_used=0
Partition:     gpu-a100
QOS:           inferno
Nodes:         atl1-1-01-006-7-0
---------------------------------------
