Note: --species-file is deprecated; species map is sent by gRASPA.
============================================================
gRASPA iPI Server (N-body protocol)
============================================================
/storage/home/hcoda1/8/lbrabson3/.conda/envs/mlipmc_mace/lib/python3.12/site-packages/e3nn/o3/_wigner.py:10: UserWarning: Environment variable TORCH_FORCE_NO_WEIGHTS_ONLY_LOAD detected, since the`weights_only` argument was not explicitly passed to `torch.load`, forcing weights_only=False.
  _Jd, _W3j_flat, _W3j_indices = torch.load(os.path.join(os.path.dirname(__file__), 'constants.pt'))
Using float64 for MACECalculator, which is slower but more accurate. Recommended for geometry optimization.
/storage/home/hcoda1/8/lbrabson3/.conda/envs/mlipmc_mace/lib/python3.12/site-packages/mace/calculators/mace.py:199: UserWarning: Environment variable TORCH_FORCE_NO_WEIGHTS_ONLY_LOAD detected, since the`weights_only` argument was not explicitly passed to `torch.load`, forcing weights_only=False.
  torch.load(f=model_path, map_location=device)
/storage/home/hcoda1/8/lbrabson3/.conda/envs/mlipmc_mace/lib/python3.12/site-packages/torch/jit/_serialization.py:176: DeprecationWarning: `torch.jit.load` is deprecated. Please switch to `torch.export`.
  warnings.warn(
/storage/home/hcoda1/8/lbrabson3/.conda/envs/mlipmc_mace/lib/python3.12/site-packages/torch/jit/_serialization.py:176: DeprecationWarning: `torch.jit.load` is deprecated. Please switch to `torch.export`.
  warnings.warn(
/storage/home/hcoda1/8/lbrabson3/.conda/envs/mlipmc_mace/lib/python3.12/site-packages/torch/jit/_serialization.py:176: DeprecationWarning: `torch.jit.load` is deprecated. Please switch to `torch.export`.
  warnings.warn(
Loaded MACE model: /storage/home/hcoda1/8/lbrabson3/r-amedford6-0/mace-mpa-0-medium.model  device=cuda
Listening on /tmp/ase_ipi_socket
Waiting for client connection...
Client connected
Handshake complete
Received species map: 5 species, n_fw=1188
  0: H
  1: C
  2: O
  3: N
  4: Zn
[SERVER] types_arr sample: (4, 4, 4, 4, 3, 3, 3, 3, 3, 3)
[SERVER] species_map keys: [0, 1, 2, 3, 4]
Atoms(symbols='C324H216N324O216Zn108', pbc=True, cell=[[26.7414007188, 0.0, 0.0], [1.7806669822403965e-15, 29.0804986953, 0.0], [-12.425124908999996, 2.5029284681540873e-15, 25.594222669799997]], calculator=MACECalculator(...))
  E_fw cached: -8049.367210 eV
  QUERY_TOTAL  E_current=-8049.367210  E_ads=0.000000  E_fw=-8049.367210  HG_int=0.000000 eV
  QUERY_TOTAL  E_current=-8049.367210  E_ads=0.000000  E_fw=-8049.367210  HG_int=0.000000 eV
[SERVER] types_arr sample: (2, 0, 0)
[SERVER] species_map keys: [0, 1, 2, 3, 4]
  DELTA_QUERY comp=1 INS mol_idx=-1 natoms=3 n_stored=0
    E_full=-8063.810106  E_ads=-13.777529  E_cur=-8049.367210  E_ads_cur=0.000000  dE=-0.665368 eV
  COMMIT_INSERT comp=1 n_stored=1  E_current=-8063.810106  E_ads_current=-13.777529 eV
[SERVER] types_arr sample: (2, 0, 0)
[SERVER] species_map keys: [0, 1, 2, 3, 4]
  DELTA_QUERY comp=1 MOV mol_idx=0 natoms=3 n_stored=1
    E_full=-8063.857556  E_ads=-13.777529  E_cur=-8063.810106  E_ads_cur=-13.777529  dE=-0.047450 eV
  COMMIT_MOVE comp=1 mol_idx=0  E_current=-8063.857556  E_ads_current=-13.777529 eV
[SERVER] types_arr sample: (2, 0, 0)
[SERVER] species_map keys: [0, 1, 2, 3, 4]
  DELTA_QUERY comp=1 MOV mol_idx=0 natoms=3 n_stored=1
    E_full=-8063.685799  E_ads=-13.777529  E_cur=-8063.857556  E_ads_cur=-13.777529  dE=0.171756 eV
[SERVER] types_arr sample: (2, 0, 0)
[SERVER] species_map keys: [0, 1, 2, 3, 4]
  DELTA_QUERY comp=1 MOV mol_idx=0 natoms=3 n_stored=1
    E_full=-8063.655777  E_ads=-13.777529  E_cur=-8063.857556  E_ads_cur=-13.777529  dE=0.201779 eV
[SERVER] types_arr sample: (2, 0, 0)
[SERVER] species_map keys: [0, 1, 2, 3, 4]
  DELTA_QUERY comp=1 MOV mol_idx=0 natoms=3 n_stored=1
    E_full=-8063.833268  E_ads=-13.777529  E_cur=-8063.857556  E_ads_cur=-13.777529  dE=0.024288 eV
  COMMIT_MOVE comp=1 mol_idx=0  E_current=-8063.833268  E_ads_current=-13.777529 eV
[SERVER] types_arr sample: (2, 0, 0)
[SERVER] species_map keys: [0, 1, 2, 3, 4]
  DELTA_QUERY comp=1 MOV mol_idx=0 natoms=3 n_stored=1
    E_full=-8063.904767  E_ads=-13.777529  E_cur=-8063.833268  E_ads_cur=-13.777529  dE=-0.071499 eV
[SERVER] types_arr sample: (2, 0, 0)
[SERVER] species_map keys: [0, 1, 2, 3, 4]
  DELTA_QUERY comp=1 MOV mol_idx=0 natoms=3 n_stored=1
    E_full=-8062.396118  E_ads=-13.777529  E_cur=-8063.833268  E_ads_cur=-13.777529  dE=1.437150 eV
[SERVER] types_arr sample: (2, 0, 0)
[SERVER] species_map keys: [0, 1, 2, 3, 4]
  DELTA_QUERY comp=1 MOV mol_idx=0 natoms=3 n_stored=1
    E_full=-8063.830218  E_ads=-13.777529  E_cur=-8063.833268  E_ads_cur=-13.777529  dE=0.003050 eV
  COMMIT_MOVE comp=1 mol_idx=0  E_current=-8063.830218  E_ads_current=-13.777529 eV
[SERVER] types_arr sample: (2, 0, 0)
[SERVER] species_map keys: [0, 1, 2, 3, 4]
  DELTA_QUERY comp=1 MOV mol_idx=0 natoms=3 n_stored=1
    E_full=-8063.817876  E_ads=-13.777529  E_cur=-8063.830218  E_ads_cur=-13.777529  dE=0.012342 eV
  COMMIT_MOVE comp=1 mol_idx=0  E_current=-8063.817876  E_ads_current=-13.777529 eV
[SERVER] types_arr sample: (2, 0, 0)
[SERVER] species_map keys: [0, 1, 2, 3, 4]
  DELTA_QUERY comp=1 MOV mol_idx=0 natoms=3 n_stored=1
    E_full=-8063.803154  E_ads=-13.777529  E_cur=-8063.817876  E_ads_cur=-13.777529  dE=0.014722 eV
  COMMIT_MOVE comp=1 mol_idx=0  E_current=-8063.803154  E_ads_current=-13.777529 eV
[SERVER] types_arr sample: (2, 0, 0)
[SERVER] species_map keys: [0, 1, 2, 3, 4]
  DELTA_QUERY comp=1 MOV mol_idx=0 natoms=3 n_stored=1
    E_full=-8063.768153  E_ads=-13.777529  E_cur=-8063.803154  E_ads_cur=-13.777529  dE=0.035001 eV
  COMMIT_MOVE comp=1 mol_idx=0  E_current=-8063.768153  E_ads_current=-13.777529 eV
[SERVER] types_arr sample: (2, 0, 0)
[SERVER] species_map keys: [0, 1, 2, 3, 4]
  DELTA_QUERY comp=1 INS mol_idx=-1 natoms=3 n_stored=1
    E_full=-8077.979462  E_ads=-27.555057  E_cur=-8063.768153  E_ads_cur=-13.777529  dE=-0.433781 eV
  COMMIT_INSERT comp=1 n_stored=2  E_current=-8077.979462  E_ads_current=-27.555057 eV
[SERVER] types_arr sample: (2, 0, 0)
[SERVER] species_map keys: [0, 1, 2, 3, 4]
  DELTA_QUERY comp=1 INS mol_idx=-1 natoms=3 n_stored=2
    E_full=-8092.298022  E_ads=-41.332586  E_cur=-8077.979462  E_ads_cur=-27.555057  dE=-0.541032 eV
  COMMIT_INSERT comp=1 n_stored=3  E_current=-8092.298022  E_ads_current=-41.332586 eV
[SERVER] types_arr sample: (2, 0, 0)
[SERVER] species_map keys: [0, 1, 2, 3, 4]
  DELTA_QUERY comp=1 MOV mol_idx=0 natoms=3 n_stored=3
    E_full=-8092.276069  E_ads=-41.332586  E_cur=-8092.298022  E_ads_cur=-41.332586  dE=0.021953 eV
  COMMIT_MOVE comp=1 mol_idx=0  E_current=-8092.276069  E_ads_current=-41.332586 eV
  DELTA_QUERY comp=1 DEL mol_idx=2 natoms=0 n_stored=3
    E_full=-8077.957560  E_ads=-27.555057  E_cur=-8092.276069  E_ads_cur=-41.332586  dE=0.540980 eV
[SERVER] types_arr sample: (2, 0, 0)
[SERVER] species_map keys: [0, 1, 2, 3, 4]
  DELTA_QUERY comp=1 INS mol_idx=-1 natoms=3 n_stored=3
    E_full=-8106.527337  E_ads=-55.350205  E_cur=-8092.276069  E_ads_cur=-41.332586  dE=-0.233649 eV
[SERVER] types_arr sample: (2, 0, 0)
[SERVER] species_map keys: [0, 1, 2, 3, 4]
  DELTA_QUERY comp=1 INS mol_idx=-1 natoms=3 n_stored=3
    E_full=-8106.425550  E_ads=-55.110114  E_cur=-8092.276069  E_ads_cur=-41.332586  dE=-0.371952 eV
  COMMIT_INSERT comp=1 n_stored=4  E_current=-8106.425550  E_ads_current=-55.110114 eV
  DELTA_QUERY comp=1 DEL mol_idx=2 natoms=0 n_stored=4
    E_full=-8092.104975  E_ads=-41.332586  E_cur=-8106.425550  E_ads_cur=-55.110114  dE=0.543046 eV
[SERVER] types_arr sample: (2, 0, 0)
[SERVER] species_map keys: [0, 1, 2, 3, 4]
  DELTA_QUERY comp=1 MOV mol_idx=1 natoms=3 n_stored=4
    E_full=-8104.245424  E_ads=-55.110114  E_cur=-8106.425550  E_ads_cur=-55.110114  dE=2.180126 eV
[SERVER] types_arr sample: (2, 0, 0)
[SERVER] species_map keys: [0, 1, 2, 3, 4]
  DELTA_QUERY comp=1 INS mol_idx=-1 natoms=3 n_stored=4
    E_full=-8120.784754  E_ads=-68.887815  E_cur=-8106.425550  E_ads_cur=-55.110114  dE=-0.581503 eV
  COMMIT_INSERT comp=1 n_stored=5  E_current=-8120.784754  E_ads_current=-68.887815 eV
[SERVER] types_arr sample: (2, 0, 0)
[SERVER] species_map keys: [0, 1, 2, 3, 4]
  DELTA_QUERY comp=1 MOV mol_idx=0 natoms=3 n_stored=5
    E_full=-8120.754488  E_ads=-68.887815  E_cur=-8120.784754  E_ads_cur=-68.887815  dE=0.030266 eV
  COMMIT_MOVE comp=1 mol_idx=0  E_current=-8120.754488  E_ads_current=-68.887815 eV
[SERVER] types_arr sample: (2, 0, 0)
[SERVER] species_map keys: [0, 1, 2, 3, 4]
  DELTA_QUERY comp=1 MOV mol_idx=2 natoms=3 n_stored=5
    E_full=-8120.741702  E_ads=-68.887815  E_cur=-8120.754488  E_ads_cur=-68.887815  dE=0.012787 eV
[SERVER] types_arr sample: (2, 0, 0)
[SERVER] species_map keys: [0, 1, 2, 3, 4]
  DELTA_QUERY comp=1 MOV mol_idx=1 natoms=3 n_stored=5
    E_full=-8120.990737  E_ads=-68.887815  E_cur=-8120.754488  E_ads_cur=-68.887815  dE=-0.236249 eV
  COMMIT_MOVE comp=1 mol_idx=1  E_current=-8120.990737  E_ads_current=-68.887815 eV
[SERVER] types_arr sample: (2, 0, 0)
[SERVER] species_map keys: [0, 1, 2, 3, 4]
  DELTA_QUERY comp=1 MOV mol_idx=1 natoms=3 n_stored=5
    E_full=-8120.993023  E_ads=-68.887815  E_cur=-8120.990737  E_ads_cur=-68.887815  dE=-0.002286 eV
  COMMIT_MOVE comp=1 mol_idx=1  E_current=-8120.993023  E_ads_current=-68.887815 eV
[SERVER] types_arr sample: (2, 0, 0)
[SERVER] species_map keys: [0, 1, 2, 3, 4]
  DELTA_QUERY comp=1 MOV mol_idx=2 natoms=3 n_stored=5
    E_full=-8120.921322  E_ads=-68.887815  E_cur=-8120.993023  E_ads_cur=-68.887815  dE=0.071701 eV
[SERVER] types_arr sample: (2, 0, 0)
[SERVER] species_map keys: [0, 1, 2, 3, 4]
  DELTA_QUERY comp=1 MOV mol_idx=4 natoms=3 n_stored=5
    E_full=-8120.329308  E_ads=-68.887643  E_cur=-8120.993023  E_ads_cur=-68.887815  dE=0.663543 eV
  DELTA_QUERY comp=1 DEL mol_idx=3 natoms=0 n_stored=5
    E_full=-8106.846498  E_ads=-55.110114  E_cur=-8120.993023  E_ads_cur=-68.887815  dE=0.368825 eV
[SERVER] types_arr sample: (2, 0, 0)
[SERVER] species_map keys: [0, 1, 2, 3, 4]
  DELTA_QUERY comp=1 MOV mol_idx=1 natoms=3 n_stored=5
    E_full=-8120.989977  E_ads=-68.887815  E_cur=-8120.993023  E_ads_cur=-68.887815  dE=0.003046 eV
  COMMIT_MOVE comp=1 mol_idx=1  E_current=-8120.989977  E_ads_current=-68.887815 eV
  DELTA_QUERY comp=1 DEL mol_idx=2 natoms=0 n_stored=5
    E_full=-8106.670193  E_ads=-55.110287  E_cur=-8120.989977  E_ads_cur=-68.887815  dE=0.542256 eV
[SERVER] types_arr sample: (2, 0, 0)
[SERVER] species_map keys: [0, 1, 2, 3, 4]
  DELTA_QUERY comp=1 MOV mol_idx=2 natoms=3 n_stored=5
    E_full=-8120.571968  E_ads=-68.887815  E_cur=-8120.989977  E_ads_cur=-68.887815  dE=0.418009 eV
[SERVER] types_arr sample: (2, 0, 0)
[SERVER] species_map keys: [0, 1, 2, 3, 4]
  DELTA_QUERY comp=1 MOV mol_idx=4 natoms=3 n_stored=5
    E_full=-8120.795326  E_ads=-68.887643  E_cur=-8120.989977  E_ads_cur=-68.887815  dE=0.194479 eV
[SERVER] types_arr sample: (2, 0, 0)
[SERVER] species_map keys: [0, 1, 2, 3, 4]
  DELTA_QUERY comp=1 INS mol_idx=-1 natoms=3 n_stored=5
    E_full=-8135.138530  E_ads=-82.665344  E_cur=-8120.989977  E_ads_cur=-68.887815  dE=-0.371025 eV
  COMMIT_INSERT comp=1 n_stored=6  E_current=-8135.138530  E_ads_current=-82.665344 eV
[SERVER] types_arr sample: (2, 0, 0)
[SERVER] species_map keys: [0, 1, 2, 3, 4]
  DELTA_QUERY comp=1 INS mol_idx=-1 natoms=3 n_stored=6
    E_full=-8149.687519  E_ads=-96.442872  E_cur=-8135.138530  E_ads_cur=-82.665344  dE=-0.771461 eV
  COMMIT_INSERT comp=1 n_stored=7  E_current=-8149.687519  E_ads_current=-96.442872 eV
[SERVER] types_arr sample: (2, 0, 0)
[SERVER] species_map keys: [0, 1, 2, 3, 4]
  DELTA_QUERY comp=1 INS mol_idx=-1 natoms=3 n_stored=7
    E_full=-8163.689963  E_ads=-110.220401  E_cur=-8149.687519  E_ads_cur=-96.442872  dE=-0.224915 eV
[SERVER] types_arr sample: (2, 0, 0)
[SERVER] species_map keys: [0, 1, 2, 3, 4]
  DELTA_QUERY comp=1 MOV mol_idx=5 natoms=3 n_stored=7
    E_full=-8150.119330  E_ads=-96.442872  E_cur=-8149.687519  E_ads_cur=-96.442872  dE=-0.431811 eV
  COMMIT_MOVE comp=1 mol_idx=5  E_current=-8150.119330  E_ads_current=-96.442872 eV
  DELTA_QUERY comp=1 DEL mol_idx=5 natoms=0 n_stored=7
    E_full=-8135.538966  E_ads=-82.665344  E_cur=-8150.119330  E_ads_cur=-96.442872  dE=0.802836 eV
[SERVER] types_arr sample: (2, 0, 0)
[SERVER] species_map keys: [0, 1, 2, 3, 4]
  DELTA_QUERY comp=1 INS mol_idx=-1 natoms=3 n_stored=7
    E_full=-8163.283676  E_ads=-110.220401  E_cur=-8150.119330  E_ads_cur=-96.442872  dE=0.613182 eV
[SERVER] types_arr sample: (2, 0, 0)
[SERVER] species_map keys: [0, 1, 2, 3, 4]
  DELTA_QUERY comp=1 MOV mol_idx=0 natoms=3 n_stored=7
    E_full=-8149.121045  E_ads=-96.442872  E_cur=-8150.119330  E_ads_cur=-96.442872  dE=0.998285 eV
  DELTA_QUERY comp=1 DEL mol_idx=2 natoms=0 n_stored=7
    E_full=-8135.799626  E_ads=-82.665344  E_cur=-8150.119330  E_ads_cur=-96.442872  dE=0.542176 eV
[SERVER] types_arr sample: (2, 0, 0)
[SERVER] species_map keys: [0, 1, 2, 3, 4]
  DELTA_QUERY comp=1 MOV mol_idx=5 natoms=3 n_stored=7
    E_full=-8148.108247  E_ads=-96.442872  E_cur=-8150.119330  E_ads_cur=-96.442872  dE=2.011083 eV
[SERVER] types_arr sample: (2, 0, 0)
[SERVER] species_map keys: [0, 1, 2, 3, 4]
  DELTA_QUERY comp=1 MOV mol_idx=3 natoms=3 n_stored=7
    E_full=-8148.527244  E_ads=-96.476993  E_cur=-8150.119330  E_ads_cur=-96.442872  dE=1.626206 eV
[SERVER] types_arr sample: (2, 0, 0)
[SERVER] species_map keys: [0, 1, 2, 3, 4]
  DELTA_QUERY comp=1 MOV mol_idx=3 natoms=3 n_stored=7
    E_full=-8150.153337  E_ads=-96.442727  E_cur=-8150.119330  E_ads_cur=-96.442872  dE=-0.034152 eV
  COMMIT_MOVE comp=1 mol_idx=3  E_current=-8150.153337  E_ads_current=-96.442727 eV
[SERVER] types_arr sample: (2, 0, 0)
[SERVER] species_map keys: [0, 1, 2, 3, 4]
  DELTA_QUERY comp=1 MOV mol_idx=6 natoms=3 n_stored=7
    E_full=-8149.209599  E_ads=-96.442727  E_cur=-8150.153337  E_ads_cur=-96.442727  dE=0.943737 eV
[SERVER] types_arr sample: (2, 0, 0)
[SERVER] species_map keys: [0, 1, 2, 3, 4]
  DELTA_QUERY comp=1 MOV mol_idx=3 natoms=3 n_stored=7
    E_full=-8150.081651  E_ads=-96.442781  E_cur=-8150.153337  E_ads_cur=-96.442727  dE=0.071739 eV
[SERVER] types_arr sample: (2, 0, 0)
[SERVER] species_map keys: [0, 1, 2, 3, 4]
  DELTA_QUERY comp=1 MOV mol_idx=3 natoms=3 n_stored=7
    E_full=-8150.149666  E_ads=-96.443047  E_cur=-8150.153337  E_ads_cur=-96.442727  dE=0.003991 eV
  COMMIT_MOVE comp=1 mol_idx=3  E_current=-8150.149666  E_ads_current=-96.443047 eV
[SERVER] types_arr sample: (2, 0, 0)
[SERVER] species_map keys: [0, 1, 2, 3, 4]
  DELTA_QUERY comp=1 INS mol_idx=-1 natoms=3 n_stored=7
    E_full=-8164.619235  E_ads=-110.221298  E_cur=-8150.149666  E_ads_cur=-96.443047  dE=-0.691318 eV
  COMMIT_INSERT comp=1 n_stored=8  E_current=-8164.619235  E_ads_current=-110.221298 eV
  DELTA_QUERY comp=1 DEL mol_idx=7 natoms=0 n_stored=8
    E_full=-8150.149666  E_ads=-96.443047  E_cur=-8164.619235  E_ads_cur=-110.221298  dE=0.691318 eV
[SERVER] types_arr sample: (2, 0, 0)
[SERVER] species_map keys: [0, 1, 2, 3, 4]
  DELTA_QUERY comp=1 MOV mol_idx=3 natoms=3 n_stored=8
    E_full=-8164.036026  E_ads=-110.221754  E_cur=-8164.619235  E_ads_cur=-110.221298  dE=0.583665 eV
[SERVER] types_arr sample: (2, 0, 0)
[SERVER] species_map keys: [0, 1, 2, 3, 4]
  DELTA_QUERY comp=1 MOV mol_idx=4 natoms=3 n_stored=8
    E_full=-8164.547823  E_ads=-110.220951  E_cur=-8164.619235  E_ads_cur=-110.221298  dE=0.071065 eV
[SERVER] types_arr sample: (2, 0, 0)
[SERVER] species_map keys: [0, 1, 2, 3, 4]
  DELTA_QUERY comp=1 MOV mol_idx=1 natoms=3 n_stored=8
    E_full=-8164.703426  E_ads=-110.221298  E_cur=-8164.619235  E_ads_cur=-110.221298  dE=-0.084192 eV
  COMMIT_MOVE comp=1 mol_idx=1  E_current=-8164.703426  E_ads_current=-110.221298 eV
[SERVER] types_arr sample: (2, 0, 0)
[SERVER] species_map keys: [0, 1, 2, 3, 4]
  DELTA_QUERY comp=1 MOV mol_idx=7 natoms=3 n_stored=8
    E_full=-8164.538968  E_ads=-110.220575  E_cur=-8164.703426  E_ads_cur=-110.221298  dE=0.163736 eV
[SERVER] types_arr sample: (2, 0, 0)
[SERVER] species_map keys: [0, 1, 2, 3, 4]
  DELTA_QUERY comp=1 INS mol_idx=-1 natoms=3 n_stored=8
    E_full=-8179.265384  E_ads=-123.998826  E_cur=-8164.703426  E_ads_cur=-110.221298  dE=-0.784429 eV
  COMMIT_INSERT comp=1 n_stored=9  E_current=-8179.265384  E_ads_current=-123.998826 eV
[SERVER] types_arr sample: (2, 0, 0)
[SERVER] species_map keys: [0, 1, 2, 3, 4]
  DELTA_QUERY comp=1 MOV mol_idx=1 natoms=3 n_stored=9
    E_full=-8178.828485  E_ads=-124.000053  E_cur=-8179.265384  E_ads_cur=-123.998826  dE=0.438126 eV
[SERVER] types_arr sample: (2, 0, 0)
[SERVER] species_map keys: [0, 1, 2, 3, 4]
  DELTA_QUERY comp=1 INS mol_idx=-1 natoms=3 n_stored=9
    E_full=-8193.171321  E_ads=-137.776355  E_cur=-8179.265384  E_ads_cur=-123.998826  dE=-0.128408 eV
[SERVER] types_arr sample: (2, 0, 0)
[SERVER] species_map keys: [0, 1, 2, 3, 4]
  DELTA_QUERY comp=1 MOV mol_idx=6 natoms=3 n_stored=9
    E_full=-8178.987995  E_ads=-123.998826  E_cur=-8179.265384  E_ads_cur=-123.998826  dE=0.277390 eV
[SERVER] types_arr sample: (2, 0, 0)
[SERVER] species_map keys: [0, 1, 2, 3, 4]
  DELTA_QUERY comp=1 MOV mol_idx=5 natoms=3 n_stored=9
    E_full=-8178.841815  E_ads=-123.998104  E_cur=-8179.265384  E_ads_cur=-123.998826  dE=0.422846 eV
[SERVER] types_arr sample: (2, 0, 0)
[SERVER] species_map keys: [0, 1, 2, 3, 4]
  DELTA_QUERY comp=1 MOV mol_idx=0 natoms=3 n_stored=9
    E_full=-8175.569440  E_ads=-123.998826  E_cur=-8179.265384  E_ads_cur=-123.998826  dE=3.695945 eV
[SERVER] types_arr sample: (2, 0, 0)
[SERVER] species_map keys: [0, 1, 2, 3, 4]
  DELTA_QUERY comp=1 MOV mol_idx=0 natoms=3 n_stored=9
    E_full=-8179.274664  E_ads=-123.998826  E_cur=-8179.265384  E_ads_cur=-123.998826  dE=-0.009280 eV
  COMMIT_MOVE comp=1 mol_idx=0  E_current=-8179.274664  E_ads_current=-123.998826 eV
  DELTA_QUERY comp=1 DEL mol_idx=8 natoms=0 n_stored=9
    E_full=-8164.712697  E_ads=-110.221298  E_cur=-8179.274664  E_ads_cur=-123.998826  dE=0.784439 eV
[SERVER] types_arr sample: (2, 0, 0)
[SERVER] species_map keys: [0, 1, 2, 3, 4]
  DELTA_QUERY comp=1 MOV mol_idx=1 natoms=3 n_stored=9
    E_full=-8179.047431  E_ads=-123.998826  E_cur=-8179.274664  E_ads_cur=-123.998826  dE=0.227233 eV
[SERVER] types_arr sample: (2, 0, 0)
[SERVER] species_map keys: [0, 1, 2, 3, 4]
  DELTA_QUERY comp=1 MOV mol_idx=5 natoms=3 n_stored=9
    E_full=-8179.251047  E_ads=-123.998524  E_cur=-8179.274664  E_ads_cur=-123.998826  dE=0.023315 eV
  COMMIT_MOVE comp=1 mol_idx=5  E_current=-8179.251047  E_ads_current=-123.998524 eV
[SERVER] types_arr sample: (2, 0, 0)
[SERVER] species_map keys: [0, 1, 2, 3, 4]
  DELTA_QUERY comp=1 MOV mol_idx=2 natoms=3 n_stored=9
    E_full=-8179.257137  E_ads=-123.998524  E_cur=-8179.251047  E_ads_cur=-123.998524  dE=-0.006090 eV
  COMMIT_MOVE comp=1 mol_idx=2  E_current=-8179.257137  E_ads_current=-123.998524 eV
[SERVER] types_arr sample: (2, 0, 0)
[SERVER] species_map keys: [0, 1, 2, 3, 4]
  DELTA_QUERY comp=1 MOV mol_idx=4 natoms=3 n_stored=9
    E_full=-8179.217891  E_ads=-123.998177  E_cur=-8179.257137  E_ads_cur=-123.998524  dE=0.038899 eV
  DELTA_QUERY comp=1 DEL mol_idx=2 natoms=0 n_stored=9
    E_full=-8164.927346  E_ads=-110.220995  E_cur=-8179.257137  E_ads_cur=-123.998524  dE=0.552263 eV
[SERVER] types_arr sample: (2, 0, 0)
[SERVER] species_map keys: [0, 1, 2, 3, 4]
  DELTA_QUERY comp=1 INS mol_idx=-1 natoms=3 n_stored=9
    E_full=-8193.731363  E_ads=-137.776052  E_cur=-8179.257137  E_ads_cur=-123.998524  dE=-0.696697 eV
  COMMIT_INSERT comp=1 n_stored=10  E_current=-8193.731363  E_ads_current=-137.776052 eV
[SERVER] types_arr sample: (2, 0, 0)
[SERVER] species_map keys: [0, 1, 2, 3, 4]
  DELTA_QUERY comp=1 MOV mol_idx=2 natoms=3 n_stored=10
    E_full=-8193.625465  E_ads=-137.776052  E_cur=-8193.731363  E_ads_cur=-137.776052  dE=0.105897 eV
  DELTA_QUERY comp=1 DEL mol_idx=7 natoms=0 n_stored=10
    E_full=-8179.260358  E_ads=-123.998104  E_cur=-8193.731363  E_ads_cur=-137.776052  dE=0.693057 eV
[SERVER] types_arr sample: (2, 0, 0)
[SERVER] species_map keys: [0, 1, 2, 3, 4]
  DELTA_QUERY comp=1 MOV mol_idx=0 natoms=3 n_stored=10
    E_full=-8193.702823  E_ads=-137.776052  E_cur=-8193.731363  E_ads_cur=-137.776052  dE=0.028540 eV
[SERVER] types_arr sample: (2, 0, 0)
[SERVER] species_map keys: [0, 1, 2, 3, 4]
  DELTA_QUERY comp=1 INS mol_idx=-1 natoms=3 n_stored=10
    E_full=-8207.816726  E_ads=-151.553581  E_cur=-8193.731363  E_ads_cur=-137.776052  dE=-0.307835 eV
  COMMIT_INSERT comp=1 n_stored=11  E_current=-8207.816726  E_ads_current=-151.553581 eV
[SERVER] types_arr sample: (2, 0, 0)
[SERVER] species_map keys: [0, 1, 2, 3, 4]
  DELTA_QUERY comp=1 MOV mol_idx=9 natoms=3 n_stored=11
    E_full=-8207.718926  E_ads=-151.553581  E_cur=-8207.816726  E_ads_cur=-151.553581  dE=0.097800 eV
  DELTA_QUERY comp=1 DEL mol_idx=2 natoms=0 n_stored=11
    E_full=-8193.487471  E_ads=-137.776052  E_cur=-8207.816726  E_ads_cur=-151.553581  dE=0.551726 eV
[SERVER] types_arr sample: (2, 0, 0)
[SERVER] species_map keys: [0, 1, 2, 3, 4]
  DELTA_QUERY comp=1 MOV mol_idx=1 natoms=3 n_stored=11
    E_full=-8207.808922  E_ads=-151.553581  E_cur=-8207.816726  E_ads_cur=-151.553581  dE=0.007804 eV
  COMMIT_MOVE comp=1 mol_idx=1  E_current=-8207.808922  E_ads_current=-151.553581 eV
[SERVER] types_arr sample: (2, 0, 0)
[SERVER] species_map keys: [0, 1, 2, 3, 4]
  DELTA_QUERY comp=1 INS mol_idx=-1 natoms=3 n_stored=11
    E_full=-8222.220236  E_ads=-165.375495  E_cur=-8207.808922  E_ads_cur=-151.553581  dE=-0.589400 eV
  COMMIT_INSERT comp=1 n_stored=12  E_current=-8222.220236  E_ads_current=-165.375495 eV
[SERVER] types_arr sample: (2, 0, 0)
[SERVER] species_map keys: [0, 1, 2, 3, 4]
  DELTA_QUERY comp=1 INS mol_idx=-1 natoms=3 n_stored=12
    E_full=-8236.567992  E_ads=-179.153024  E_cur=-8222.220236  E_ads_cur=-165.375495  dE=-0.570227 eV
  COMMIT_INSERT comp=1 n_stored=13  E_current=-8236.567992  E_ads_current=-179.153024 eV
[SERVER] types_arr sample: (2, 0, 0)
[SERVER] species_map keys: [0, 1, 2, 3, 4]
  DELTA_QUERY comp=1 MOV mol_idx=4 natoms=3 n_stored=13
    E_full=-8236.715746  E_ads=-179.152677  E_cur=-8236.567992  E_ads_cur=-179.153024  dE=-0.148101 eV
  COMMIT_MOVE comp=1 mol_idx=4  E_current=-8236.715746  E_ads_current=-179.152677 eV
[SERVER] types_arr sample: (2, 0, 0)
[SERVER] species_map keys: [0, 1, 2, 3, 4]
  DELTA_QUERY comp=1 MOV mol_idx=7 natoms=3 n_stored=13
    E_full=-8236.705350  E_ads=-179.152257  E_cur=-8236.715746  E_ads_cur=-179.152677  dE=0.009977 eV
  COMMIT_MOVE comp=1 mol_idx=7  E_current=-8236.705350  E_ads_current=-179.152257 eV
  DELTA_QUERY comp=1 DEL mol_idx=0 natoms=0 n_stored=13
    E_full=-8222.344200  E_ads=-165.374728  E_cur=-8236.705350  E_ads_cur=-179.152257  dE=0.583621 eV
[SERVER] types_arr sample: (2, 0, 0)
[SERVER] species_map keys: [0, 1, 2, 3, 4]
  DELTA_QUERY comp=1 INS mol_idx=-1 natoms=3 n_stored=13
    E_full=-8250.925207  E_ads=-192.929786  E_cur=-8236.705350  E_ads_cur=-179.152257  dE=-0.442329 eV
  COMMIT_INSERT comp=1 n_stored=14  E_current=-8250.925207  E_ads_current=-192.929786 eV
[SERVER] types_arr sample: (2, 0, 0)
[SERVER] species_map keys: [0, 1, 2, 3, 4]
  DELTA_QUERY comp=1 MOV mol_idx=3 natoms=3 n_stored=14
    E_full=-8250.884098  E_ads=-192.929786  E_cur=-8250.925207  E_ads_cur=-192.929786  dE=0.041109 eV
[SERVER] types_arr sample: (2, 0, 0)
[SERVER] species_map keys: [0, 1, 2, 3, 4]
  DELTA_QUERY comp=1 MOV mol_idx=11 natoms=3 n_stored=14
    E_full=-8250.932288  E_ads=-192.929247  E_cur=-8250.925207  E_ads_cur=-192.929786  dE=-0.007620 eV
  COMMIT_MOVE comp=1 mol_idx=11  E_current=-8250.932288  E_ads_current=-192.929247 eV
  DELTA_QUERY comp=1 DEL mol_idx=5 natoms=0 n_stored=14
    E_full=-8236.374879  E_ads=-179.151718  E_cur=-8250.932288  E_ads_cur=-192.929247  dE=0.779880 eV
[SERVER] types_arr sample: (2, 0, 0)
[SERVER] species_map keys: [0, 1, 2, 3, 4]
  DELTA_QUERY comp=1 INS mol_idx=-1 natoms=3 n_stored=14
    E_full=-8265.084183  E_ads=-206.706776  E_cur=-8250.932288  E_ads_cur=-192.929247  dE=-0.374366 eV
  COMMIT_INSERT comp=1 n_stored=15  E_current=-8265.084183  E_ads_current=-206.706776 eV
[SERVER] types_arr sample: (2, 0, 0)
[SERVER] species_map keys: [0, 1, 2, 3, 4]
  DELTA_QUERY comp=1 MOV mol_idx=11 natoms=3 n_stored=15
    E_full=-8265.239142  E_ads=-207.085694  E_cur=-8265.084183  E_ads_cur=-206.706776  dE=0.223959 eV
[SERVER] types_arr sample: (2, 0, 0)
[SERVER] species_map keys: [0, 1, 2, 3, 4]
  DELTA_QUERY comp=1 MOV mol_idx=9 natoms=3 n_stored=15
    E_full=-8265.015173  E_ads=-206.706776  E_cur=-8265.084183  E_ads_cur=-206.706776  dE=0.069009 eV
[SERVER] types_arr sample: (2, 0, 0)
[SERVER] species_map keys: [0, 1, 2, 3, 4]
  DELTA_QUERY comp=1 MOV mol_idx=11 natoms=3 n_stored=15
    E_full=-8264.944695  E_ads=-206.869355  E_cur=-8265.084183  E_ads_cur=-206.706776  dE=0.302067 eV
[SERVER] types_arr sample: (2, 0, 0)
[SERVER] species_map keys: [0, 1, 2, 3, 4]
  DELTA_QUERY comp=1 MOV mol_idx=3 natoms=3 n_stored=15
    E_full=-8265.019802  E_ads=-206.706776  E_cur=-8265.084183  E_ads_cur=-206.706776  dE=0.064380 eV
[SERVER] types_arr sample: (2, 0, 0)
[SERVER] species_map keys: [0, 1, 2, 3, 4]
  DELTA_QUERY comp=1 MOV mol_idx=2 natoms=3 n_stored=15
    E_full=-8265.138075  E_ads=-206.706776  E_cur=-8265.084183  E_ads_cur=-206.706776  dE=-0.053892 eV
  COMMIT_MOVE comp=1 mol_idx=2  E_current=-8265.138075  E_ads_current=-206.706776 eV
[SERVER] types_arr sample: (2, 0, 0)
[SERVER] species_map keys: [0, 1, 2, 3, 4]
  DELTA_QUERY comp=1 MOV mol_idx=7 natoms=3 n_stored=15
    E_full=-8264.972458  E_ads=-206.900320  E_cur=-8265.138075  E_ads_cur=-206.706776  dE=0.359161 eV
  DELTA_QUERY comp=1 DEL mol_idx=7 natoms=0 n_stored=15
    E_full=-8250.677103  E_ads=-192.929247  E_cur=-8265.138075  E_ads_cur=-206.706776  dE=0.683444 eV
[SERVER] types_arr sample: (2, 0, 0)
[SERVER] species_map keys: [0, 1, 2, 3, 4]
  DELTA_QUERY comp=1 INS mol_idx=-1 natoms=3 n_stored=15
    E_full=-8279.572697  E_ads=-220.568969  E_cur=-8265.138075  E_ads_cur=-206.706776  dE=-0.572429 eV
  COMMIT_INSERT comp=1 n_stored=16  E_current=-8279.572697  E_ads_current=-220.568969 eV
[SERVER] types_arr sample: (2, 0, 0)
[SERVER] species_map keys: [0, 1, 2, 3, 4]
  DELTA_QUERY comp=1 INS mol_idx=-1 natoms=3 n_stored=16
    E_full=-8293.983452  E_ads=-234.346497  E_cur=-8279.572697  E_ads_cur=-220.568969  dE=-0.633227 eV
  COMMIT_INSERT comp=1 n_stored=17  E_current=-8293.983452  E_ads_current=-234.346497 eV
[SERVER] types_arr sample: (2, 0, 0)
[SERVER] species_map keys: [0, 1, 2, 3, 4]
  DELTA_QUERY comp=1 MOV mol_idx=6 natoms=3 n_stored=17
    E_full=-8293.962535  E_ads=-234.357491  E_cur=-8293.983452  E_ads_cur=-234.346497  dE=0.031910 eV
  COMMIT_MOVE comp=1 mol_idx=6  E_current=-8293.962535  E_ads_current=-234.357491 eV
[SERVER] types_arr sample: (2, 0, 0)
[SERVER] species_map keys: [0, 1, 2, 3, 4]
  DELTA_QUERY comp=1 INS mol_idx=-1 natoms=3 n_stored=17
    E_full=-8308.458554  E_ads=-248.135019  E_cur=-8293.962535  E_ads_cur=-234.357491  dE=-0.718491 eV
  COMMIT_INSERT comp=1 n_stored=18  E_current=-8308.458554  E_ads_current=-248.135019 eV
[SERVER] types_arr sample: (2, 0, 0)
[SERVER] species_map keys: [0, 1, 2, 3, 4]
  DELTA_QUERY comp=1 INS mol_idx=-1 natoms=3 n_stored=18
    E_full=-8322.932152  E_ads=-261.916041  E_cur=-8308.458554  E_ads_cur=-248.135019  dE=-0.692576 eV
  COMMIT_INSERT comp=1 n_stored=19  E_current=-8322.932152  E_ads_current=-261.916041 eV
[SERVER] types_arr sample: (2, 0, 0)
[SERVER] species_map keys: [0, 1, 2, 3, 4]
  DELTA_QUERY comp=1 MOV mol_idx=7 natoms=3 n_stored=19
    E_full=-8322.977462  E_ads=-261.916041  E_cur=-8322.932152  E_ads_cur=-261.916041  dE=-0.045311 eV
  COMMIT_MOVE comp=1 mol_idx=7  E_current=-8322.977462  E_ads_current=-261.916041 eV
[SERVER] types_arr sample: (2, 0, 0)
[SERVER] species_map keys: [0, 1, 2, 3, 4]
  DELTA_QUERY comp=1 MOV mol_idx=17 natoms=3 n_stored=19
    E_full=-8321.655927  E_ads=-262.064919  E_cur=-8322.977462  E_ads_cur=-261.916041  dE=1.470414 eV
[SERVER] types_arr sample: (2, 0, 0)
[SERVER] species_map keys: [0, 1, 2, 3, 4]
  DELTA_QUERY comp=1 INS mol_idx=-1 natoms=3 n_stored=19
    E_full=-8337.488753  E_ads=-275.698479  E_cur=-8322.977462  E_ads_cur=-261.916041  dE=-0.728852 eV
  COMMIT_INSERT comp=1 n_stored=20  E_current=-8337.488753  E_ads_current=-275.698479 eV
[SERVER] types_arr sample: (2, 0, 0)
[SERVER] species_map keys: [0, 1, 2, 3, 4]
  DELTA_QUERY comp=1 MOV mol_idx=4 natoms=3 n_stored=20
    E_full=-8337.482502  E_ads=-275.698479  E_cur=-8337.488753  E_ads_cur=-275.698479  dE=0.006251 eV
  COMMIT_MOVE comp=1 mol_idx=4  E_current=-8337.482502  E_ads_current=-275.698479 eV
[SERVER] types_arr sample: (2, 0, 0)
[SERVER] species_map keys: [0, 1, 2, 3, 4]
  DELTA_QUERY comp=1 MOV mol_idx=19 natoms=3 n_stored=20
    E_full=-8337.466731  E_ads=-275.698129  E_cur=-8337.482502  E_ads_cur=-275.698479  dE=0.015420 eV
  COMMIT_MOVE comp=1 mol_idx=19  E_current=-8337.466731  E_ads_current=-275.698129 eV
[SERVER] types_arr sample: (2, 0, 0)
[SERVER] species_map keys: [0, 1, 2, 3, 4]
  DELTA_QUERY comp=1 MOV mol_idx=12 natoms=3 n_stored=20
    E_full=-8337.470682  E_ads=-275.698129  E_cur=-8337.466731  E_ads_cur=-275.698129  dE=-0.003951 eV
  COMMIT_MOVE comp=1 mol_idx=12  E_current=-8337.470682  E_ads_current=-275.698129 eV
  DELTA_QUERY comp=1 DEL mol_idx=3 natoms=0 n_stored=20
    E_full=-8323.302933  E_ads=-261.917108  E_cur=-8337.470682  E_ads_cur=-275.698129  dE=0.386728 eV
  DELTA_QUERY comp=1 DEL mol_idx=15 natoms=0 n_stored=20
    E_full=-8323.034540  E_ads=-261.826402  E_cur=-8337.470682  E_ads_cur=-275.698129  dE=0.564415 eV
[SERVER] types_arr sample: (2, 0, 0)
[SERVER] species_map keys: [0, 1, 2, 3, 4]
  DELTA_QUERY comp=1 MOV mol_idx=15 natoms=3 n_stored=20
    E_full=-8336.987455  E_ads=-275.733596  E_cur=-8337.470682  E_ads_cur=-275.698129  dE=0.518694 eV
  DELTA_QUERY comp=1 DEL mol_idx=4 natoms=0 n_stored=20
    E_full=-8322.975669  E_ads=-261.920601  E_cur=-8337.470682  E_ads_cur=-275.698129  dE=0.717485 eV
[SERVER] types_arr sample: (2, 0, 0)
[SERVER] species_map keys: [0, 1, 2, 3, 4]
  DELTA_QUERY comp=1 MOV mol_idx=7 natoms=3 n_stored=20
    E_full=-8337.456281  E_ads=-275.698129  E_cur=-8337.470682  E_ads_cur=-275.698129  dE=0.014402 eV
  COMMIT_MOVE comp=1 mol_idx=7  E_current=-8337.456281  E_ads_current=-275.698129 eV
  DELTA_QUERY comp=1 DEL mol_idx=10 natoms=0 n_stored=20
    E_full=-8323.379961  E_ads=-261.920601  E_cur=-8337.456281  E_ads_cur=-275.698129  dE=0.298791 eV
[SERVER] types_arr sample: (2, 0, 0)
[SERVER] species_map keys: [0, 1, 2, 3, 4]
  DELTA_QUERY comp=1 MOV mol_idx=4 natoms=3 n_stored=20
    E_full=-8336.415596  E_ads=-275.965376  E_cur=-8337.456281  E_ads_cur=-275.698129  dE=1.307931 eV
  DELTA_QUERY comp=1 DEL mol_idx=12 natoms=0 n_stored=20
    E_full=-8323.104639  E_ads=-261.920601  E_cur=-8337.456281  E_ads_cur=-275.698129  dE=0.574114 eV
[SERVER] types_arr sample: (2, 0, 0)
[SERVER] species_map keys: [0, 1, 2, 3, 4]
  DELTA_QUERY comp=1 MOV mol_idx=10 natoms=3 n_stored=20
    E_full=-8337.477754  E_ads=-275.698129  E_cur=-8337.456281  E_ads_cur=-275.698129  dE=-0.021473 eV
  COMMIT_MOVE comp=1 mol_idx=10  E_current=-8337.477754  E_ads_current=-275.698129 eV
[SERVER] types_arr sample: (2, 0, 0)
[SERVER] species_map keys: [0, 1, 2, 3, 4]
  DELTA_QUERY comp=1 MOV mol_idx=17 natoms=3 n_stored=20
    E_full=-8336.649104  E_ads=-275.698654  E_cur=-8337.477754  E_ads_cur=-275.698129  dE=0.829174 eV
[SERVER] types_arr sample: (2, 0, 0)
[SERVER] species_map keys: [0, 1, 2, 3, 4]
  DELTA_QUERY comp=1 INS mol_idx=-1 natoms=3 n_stored=20
    E_full=-8349.888878  E_ads=-287.939238  E_cur=-8337.477754  E_ads_cur=-275.698129  dE=-0.170015 eV
[SERVER] types_arr sample: (2, 0, 0)
[SERVER] species_map keys: [0, 1, 2, 3, 4]
  DELTA_QUERY comp=1 MOV mol_idx=17 natoms=3 n_stored=20
    E_full=-8337.262274  E_ads=-275.967911  E_cur=-8337.477754  E_ads_cur=-275.698129  dE=0.485261 eV
[SERVER] types_arr sample: (2, 0, 0)
[SERVER] species_map keys: [0, 1, 2, 3, 4]
  DELTA_QUERY comp=1 MOV mol_idx=9 natoms=3 n_stored=20
    E_full=-8337.468938  E_ads=-275.698431  E_cur=-8337.477754  E_ads_cur=-275.698129  dE=0.009118 eV
  COMMIT_MOVE comp=1 mol_idx=9  E_current=-8337.468938  E_ads_current=-275.698431 eV
  DELTA_QUERY comp=1 DEL mol_idx=16 natoms=0 n_stored=20
    E_full=-8323.059424  E_ads=-261.920903  E_cur=-8337.468938  E_ads_cur=-275.698431  dE=0.631986 eV
[SERVER] types_arr sample: (2, 0, 0)
[SERVER] species_map keys: [0, 1, 2, 3, 4]
  DELTA_QUERY comp=1 INS mol_idx=-1 natoms=3 n_stored=20
    E_full=-8351.931120  E_ads=-289.475960  E_cur=-8337.468938  E_ads_cur=-275.698431  dE=-0.684653 eV
  COMMIT_INSERT comp=1 n_stored=21  E_current=-8351.931120  E_ads_current=-289.475960 eV
[SERVER] types_arr sample: (2, 0, 0)
[SERVER] species_map keys: [0, 1, 2, 3, 4]
  DELTA_QUERY comp=1 MOV mol_idx=17 natoms=3 n_stored=21
    E_full=-8351.930484  E_ads=-289.475960  E_cur=-8351.931120  E_ads_cur=-289.475960  dE=0.000636 eV
  COMMIT_MOVE comp=1 mol_idx=17  E_current=-8351.930484  E_ads_current=-289.475960 eV
[SERVER] types_arr sample: (2, 0, 0)
[SERVER] species_map keys: [0, 1, 2, 3, 4]
  DELTA_QUERY comp=1 MOV mol_idx=16 natoms=3 n_stored=21
    E_full=-8351.977915  E_ads=-289.475960  E_cur=-8351.930484  E_ads_cur=-289.475960  dE=-0.047431 eV
  COMMIT_MOVE comp=1 mol_idx=16  E_current=-8351.977915  E_ads_current=-289.475960 eV
  DELTA_QUERY comp=1 DEL mol_idx=11 natoms=0 n_stored=21
    E_full=-8337.569151  E_ads=-275.650938  E_cur=-8351.977915  E_ads_cur=-289.475960  dE=0.583743 eV
[SERVER] types_arr sample: (2, 0, 0)
[SERVER] species_map keys: [0, 1, 2, 3, 4]
  DELTA_QUERY comp=1 MOV mol_idx=4 natoms=3 n_stored=21
    E_full=-8351.984331  E_ads=-289.475960  E_cur=-8351.977915  E_ads_cur=-289.475960  dE=-0.006416 eV
  COMMIT_MOVE comp=1 mol_idx=4  E_current=-8351.984331  E_ads_current=-289.475960 eV
[SERVER] types_arr sample: (2, 0, 0)
[SERVER] species_map keys: [0, 1, 2, 3, 4]
  DELTA_QUERY comp=1 MOV mol_idx=3 natoms=3 n_stored=21
    E_full=-8351.861277  E_ads=-289.472801  E_cur=-8351.984331  E_ads_cur=-289.475960  dE=0.119895 eV
  DELTA_QUERY comp=1 DEL mol_idx=20 natoms=0 n_stored=21
    E_full=-8337.522149  E_ads=-275.698431  E_cur=-8351.984331  E_ads_cur=-289.475960  dE=0.684654 eV
  DELTA_QUERY comp=1 DEL mol_idx=8 natoms=0 n_stored=21
    E_full=-8337.427078  E_ads=-275.698431  E_cur=-8351.984331  E_ads_cur=-289.475960  dE=0.779724 eV
[SERVER] types_arr sample: (2, 0, 0)
[SERVER] species_map keys: [0, 1, 2, 3, 4]
  DELTA_QUERY comp=1 MOV mol_idx=13 natoms=3 n_stored=21
    E_full=-8352.142462  E_ads=-289.476921  E_cur=-8351.984331  E_ads_cur=-289.475960  dE=-0.157170 eV
  COMMIT_MOVE comp=1 mol_idx=13  E_current=-8352.142462  E_ads_current=-289.476921 eV
[SERVER] types_arr sample: (2, 0, 0)
[SERVER] species_map keys: [0, 1, 2, 3, 4]
  DELTA_QUERY comp=1 MOV mol_idx=3 natoms=3 n_stored=21
    E_full=-8352.103871  E_ads=-289.474775  E_cur=-8352.142462  E_ads_cur=-289.476921  dE=0.036445 eV
[SERVER] types_arr sample: (2, 0, 0)
[SERVER] species_map keys: [0, 1, 2, 3, 4]
  DELTA_QUERY comp=1 MOV mol_idx=14 natoms=3 n_stored=21
    E_full=-8348.987289  E_ads=-289.489728  E_cur=-8352.142462  E_ads_cur=-289.476921  dE=3.167981 eV
[SERVER] types_arr sample: (2, 0, 0)
[SERVER] species_map keys: [0, 1, 2, 3, 4]
  DELTA_QUERY comp=1 MOV mol_idx=18 natoms=3 n_stored=21
    E_full=-8352.057064  E_ads=-289.484598  E_cur=-8352.142462  E_ads_cur=-289.476921  dE=0.093075 eV
  DELTA_QUERY comp=1 DEL mol_idx=2 natoms=0 n_stored=21
    E_full=-8337.759539  E_ads=-275.699392  E_cur=-8352.142462  E_ads_cur=-289.476921  dE=0.605395 eV
[SERVER] types_arr sample: (2, 0, 0)
[SERVER] species_map keys: [0, 1, 2, 3, 4]
  DELTA_QUERY comp=1 MOV mol_idx=9 natoms=3 n_stored=21
    E_full=-8350.644634  E_ads=-289.475919  E_cur=-8352.142462  E_ads_cur=-289.476921  dE=1.496827 eV
[SERVER] types_arr sample: (2, 0, 0)
[SERVER] species_map keys: [0, 1, 2, 3, 4]
  DELTA_QUERY comp=1 MOV mol_idx=12 natoms=3 n_stored=21
    E_full=-8352.073591  E_ads=-289.477012  E_cur=-8352.142462  E_ads_cur=-289.476921  dE=0.068962 eV
[SERVER] types_arr sample: (2, 0, 0)
[SERVER] species_map keys: [0, 1, 2, 3, 4]
  DELTA_QUERY comp=1 MOV mol_idx=20 natoms=3 n_stored=21
    E_full=-8351.782325  E_ads=-289.476921  E_cur=-8352.142462  E_ads_cur=-289.476921  dE=0.360138 eV
[SERVER] types_arr sample: (2, 0, 0)
[SERVER] species_map keys: [0, 1, 2, 3, 4]
  DELTA_QUERY comp=1 MOV mol_idx=5 natoms=3 n_stored=21
    E_full=-8351.868977  E_ads=-289.479002  E_cur=-8352.142462  E_ads_cur=-289.476921  dE=0.275567 eV
[SERVER] types_arr sample: (2, 0, 0)
[SERVER] species_map keys: [0, 1, 2, 3, 4]
  DELTA_QUERY comp=1 MOV mol_idx=6 natoms=3 n_stored=21
    E_full=-8352.073483  E_ads=-289.383565  E_cur=-8352.142462  E_ads_cur=-289.476921  dE=-0.024377 eV
  COMMIT_MOVE comp=1 mol_idx=6  E_current=-8352.073483  E_ads_current=-289.383565 eV
  DELTA_QUERY comp=1 DEL mol_idx=5 natoms=0 n_stored=21
    E_full=-8337.516223  E_ads=-275.606036  E_cur=-8352.073483  E_ads_cur=-289.383565  dE=0.779731 eV
[SERVER] types_arr sample: (2, 0, 0)
[SERVER] species_map keys: [0, 1, 2, 3, 4]
  DELTA_QUERY comp=1 MOV mol_idx=12 natoms=3 n_stored=21
    E_full=-8352.080719  E_ads=-289.383565  E_cur=-8352.073483  E_ads_cur=-289.383565  dE=-0.007236 eV
  COMMIT_MOVE comp=1 mol_idx=12  E_current=-8352.080719  E_ads_current=-289.383565 eV
[SERVER] types_arr sample: (2, 0, 0)
[SERVER] species_map keys: [0, 1, 2, 3, 4]
  DELTA_QUERY comp=1 MOV mol_idx=2 natoms=3 n_stored=21
    E_full=-8352.019025  E_ads=-289.383565  E_cur=-8352.080719  E_ads_cur=-289.383565  dE=0.061694 eV
[SERVER] types_arr sample: (2, 0, 0)
[SERVER] species_map keys: [0, 1, 2, 3, 4]
  DELTA_QUERY comp=1 INS mol_idx=-1 natoms=3 n_stored=21
    E_full=-8366.328703  E_ads=-303.165684  E_cur=-8352.080719  E_ads_cur=-289.383565  dE=-0.465864 eV
  COMMIT_INSERT comp=1 n_stored=22  E_current=-8366.328703  E_ads_current=-303.165684 eV
[SERVER] types_arr sample: (2, 0, 0)
[SERVER] species_map keys: [0, 1, 2, 3, 4]
  DELTA_QUERY comp=1 MOV mol_idx=1 natoms=3 n_stored=22
    E_full=-8366.192666  E_ads=-303.165684  E_cur=-8366.328703  E_ads_cur=-303.165684  dE=0.136036 eV
[SERVER] types_arr sample: (2, 0, 0)
[SERVER] species_map keys: [0, 1, 2, 3, 4]
  DELTA_QUERY comp=1 MOV mol_idx=7 natoms=3 n_stored=22
    E_full=-8366.325686  E_ads=-303.165684  E_cur=-8366.328703  E_ads_cur=-303.165684  dE=0.003017 eV
  COMMIT_MOVE comp=1 mol_idx=7  E_current=-8366.325686  E_ads_current=-303.165684 eV
[SERVER] types_arr sample: (2, 0, 0)
[SERVER] species_map keys: [0, 1, 2, 3, 4]
  DELTA_QUERY comp=1 MOV mol_idx=12 natoms=3 n_stored=22
    E_full=-8365.003889  E_ads=-303.269055  E_cur=-8366.325686  E_ads_cur=-303.165684  dE=1.425169 eV
[SERVER] types_arr sample: (2, 0, 0)
[SERVER] species_map keys: [0, 1, 2, 3, 4]
  DELTA_QUERY comp=1 MOV mol_idx=18 natoms=3 n_stored=22
    E_full=-8366.187957  E_ads=-303.164809  E_cur=-8366.325686  E_ads_cur=-303.165684  dE=0.136854 eV
[SERVER] types_arr sample: (2, 0, 0)
[SERVER] species_map keys: [0, 1, 2, 3, 4]
  DELTA_QUERY comp=1 MOV mol_idx=4 natoms=3 n_stored=22
    E_full=-8366.259095  E_ads=-303.165684  E_cur=-8366.325686  E_ads_cur=-303.165684  dE=0.066591 eV
[SERVER] types_arr sample: (2, 0, 0)
[SERVER] species_map keys: [0, 1, 2, 3, 4]
  DELTA_QUERY comp=1 MOV mol_idx=14 natoms=3 n_stored=22
    E_full=-8366.112969  E_ads=-303.165684  E_cur=-8366.325686  E_ads_cur=-303.165684  dE=0.212716 eV
[SERVER] types_arr sample: (2, 0, 0)
[SERVER] species_map keys: [0, 1, 2, 3, 4]
  DELTA_QUERY comp=1 MOV mol_idx=12 natoms=3 n_stored=22
    E_full=-8364.738010  E_ads=-303.168422  E_cur=-8366.325686  E_ads_cur=-303.165684  dE=1.590414 eV
[SERVER] types_arr sample: (2, 0, 0)
[SERVER] species_map keys: [0, 1, 2, 3, 4]
  DELTA_QUERY comp=1 MOV mol_idx=10 natoms=3 n_stored=22
    E_full=-8366.402886  E_ads=-303.163179  E_cur=-8366.325686  E_ads_cur=-303.165684  dE=-0.079705 eV
  COMMIT_MOVE comp=1 mol_idx=10  E_current=-8366.402886  E_ads_current=-303.163179 eV
[SERVER] types_arr sample: (2, 0, 0)
[SERVER] species_map keys: [0, 1, 2, 3, 4]
  DELTA_QUERY comp=1 MOV mol_idx=6 natoms=3 n_stored=22
    E_full=-8366.171089  E_ads=-303.119310  E_cur=-8366.402886  E_ads_cur=-303.163179  dE=0.187928 eV
[SERVER] types_arr sample: (2, 0, 0)
[SERVER] species_map keys: [0, 1, 2, 3, 4]
  DELTA_QUERY comp=1 MOV mol_idx=8 natoms=3 n_stored=22
    E_full=-8366.380896  E_ads=-303.163179  E_cur=-8366.402886  E_ads_cur=-303.163179  dE=0.021989 eV
[SERVER] types_arr sample: (2, 0, 0)
[SERVER] species_map keys: [0, 1, 2, 3, 4]
  DELTA_QUERY comp=1 MOV mol_idx=6 natoms=3 n_stored=22
    E_full=-8366.448935  E_ads=-303.159933  E_cur=-8366.402886  E_ads_cur=-303.163179  dE=-0.049295 eV
  COMMIT_MOVE comp=1 mol_idx=6  E_current=-8366.448935  E_ads_current=-303.159933 eV
[SERVER] types_arr sample: (2, 0, 0)
[SERVER] species_map keys: [0, 1, 2, 3, 4]
  DELTA_QUERY comp=1 MOV mol_idx=4 natoms=3 n_stored=22
    E_full=-8366.286291  E_ads=-303.160497  E_cur=-8366.448935  E_ads_cur=-303.159933  dE=0.163208 eV
[SERVER] types_arr sample: (2, 0, 0)
[SERVER] species_map keys: [0, 1, 2, 3, 4]
  DELTA_QUERY comp=1 MOV mol_idx=0 natoms=3 n_stored=22
    E_full=-8366.459210  E_ads=-303.159933  E_cur=-8366.448935  E_ads_cur=-303.159933  dE=-0.010275 eV
[SERVER] types_arr sample: (2, 0, 0)
[SERVER] species_map keys: [0, 1, 2, 3, 4]
  DELTA_QUERY comp=1 MOV mol_idx=9 natoms=3 n_stored=22
    E_full=-8366.458605  E_ads=-303.158989  E_cur=-8366.448935  E_ads_cur=-303.159933  dE=-0.010614 eV
  COMMIT_MOVE comp=1 mol_idx=9  E_current=-8366.458605  E_ads_current=-303.158989 eV
  DELTA_QUERY comp=1 DEL mol_idx=9 natoms=0 n_stored=22
    E_full=-8351.986936  E_ads=-289.379889  E_cur=-8366.458605  E_ads_cur=-303.158989  dE=0.692569 eV
  DELTA_QUERY comp=1 DEL mol_idx=5 natoms=0 n_stored=22
    E_full=-8351.904258  E_ads=-289.381461  E_cur=-8366.458605  E_ads_cur=-303.158989  dE=0.776818 eV
  DELTA_QUERY comp=1 DEL mol_idx=1 natoms=0 n_stored=22
    E_full=-8351.940035  E_ads=-289.381461  E_cur=-8366.458605  E_ads_cur=-303.158989  dE=0.741041 eV
[SERVER] types_arr sample: (2, 0, 0)
[SERVER] species_map keys: [0, 1, 2, 3, 4]
  DELTA_QUERY comp=1 MOV mol_idx=1 natoms=3 n_stored=22
    E_full=-8366.342520  E_ads=-303.158989  E_cur=-8366.458605  E_ads_cur=-303.158989  dE=0.116085 eV
[SERVER] types_arr sample: (2, 0, 0)
[SERVER] species_map keys: [0, 1, 2, 3, 4]
  DELTA_QUERY comp=1 MOV mol_idx=18 natoms=3 n_stored=22
    E_full=-8366.422998  E_ads=-303.159769  E_cur=-8366.458605  E_ads_cur=-303.158989  dE=0.036387 eV
  COMMIT_MOVE comp=1 mol_idx=18  E_current=-8366.422998  E_ads_current=-303.159769 eV
[SERVER] types_arr sample: (2, 0, 0)
[SERVER] species_map keys: [0, 1, 2, 3, 4]
  DELTA_QUERY comp=1 MOV mol_idx=10 natoms=3 n_stored=22
    E_full=-8366.347617  E_ads=-303.157806  E_cur=-8366.422998  E_ads_cur=-303.159769  dE=0.073417 eV
[SERVER] types_arr sample: (2, 0, 0)
[SERVER] species_map keys: [0, 1, 2, 3, 4]
  DELTA_QUERY comp=1 MOV mol_idx=17 natoms=3 n_stored=22
    E_full=-8366.178937  E_ads=-303.159769  E_cur=-8366.422998  E_ads_cur=-303.159769  dE=0.244061 eV
[SERVER] types_arr sample: (2, 0, 0)
[SERVER] species_map keys: [0, 1, 2, 3, 4]
  DELTA_QUERY comp=1 MOV mol_idx=18 natoms=3 n_stored=22
    E_full=-8366.253610  E_ads=-303.605268  E_cur=-8366.422998  E_ads_cur=-303.159769  dE=0.614886 eV
[SERVER] types_arr sample: (2, 0, 0)
[SERVER] species_map keys: [0, 1, 2, 3, 4]
  DELTA_QUERY comp=1 MOV mol_idx=17 natoms=3 n_stored=22
    E_full=-8366.409797  E_ads=-303.159769  E_cur=-8366.422998  E_ads_cur=-303.159769  dE=0.013201 eV
  DELTA_QUERY comp=1 DEL mol_idx=0 natoms=0 n_stored=22
    E_full=-8352.061638  E_ads=-289.382241  E_cur=-8366.422998  E_ads_cur=-303.159769  dE=0.583831 eV
[SERVER] types_arr sample: (2, 0, 0)
[SERVER] species_map keys: [0, 1, 2, 3, 4]
  DELTA_QUERY comp=1 MOV mol_idx=10 natoms=3 n_stored=22
    E_full=-8366.736645  E_ads=-303.199271  E_cur=-8366.422998  E_ads_cur=-303.159769  dE=-0.274146 eV
  COMMIT_MOVE comp=1 mol_idx=10  E_current=-8366.736645  E_ads_current=-303.199271 eV
[SERVER] types_arr sample: (2, 0, 0)
[SERVER] species_map keys: [0, 1, 2, 3, 4]
  DELTA_QUERY comp=1 MOV mol_idx=14 natoms=3 n_stored=22
    E_full=-8366.744639  E_ads=-303.192551  E_cur=-8366.736645  E_ads_cur=-303.199271  dE=-0.014714 eV
  COMMIT_MOVE comp=1 mol_idx=14  E_current=-8366.744639  E_ads_current=-303.192551 eV
[SERVER] types_arr sample: (2, 0, 0)
[SERVER] species_map keys: [0, 1, 2, 3, 4]
  DELTA_QUERY comp=1 MOV mol_idx=11 natoms=3 n_stored=22
    E_full=-8363.953614  E_ads=-303.168656  E_cur=-8366.744639  E_ads_cur=-303.192551  dE=2.767130 eV
  DELTA_QUERY comp=1 DEL mol_idx=10 natoms=0 n_stored=22
    E_full=-8352.238557  E_ads=-289.380201  E_cur=-8366.744639  E_ads_cur=-303.192551  dE=0.693733 eV
[SERVER] types_arr sample: (2, 0, 0)
[SERVER] species_map keys: [0, 1, 2, 3, 4]
  DELTA_QUERY comp=1 MOV mol_idx=4 natoms=3 n_stored=22
    E_full=-8366.039298  E_ads=-303.192551  E_cur=-8366.744639  E_ads_cur=-303.192551  dE=0.705341 eV
[SERVER] types_arr sample: (2, 0, 0)
[SERVER] species_map keys: [0, 1, 2, 3, 4]
  DELTA_QUERY comp=1 MOV mol_idx=18 natoms=3 n_stored=22
    E_full=-8365.313772  E_ads=-303.181428  E_cur=-8366.744639  E_ads_cur=-303.192551  dE=1.419744 eV
[SERVER] types_arr sample: (2, 0, 0)
[SERVER] species_map keys: [0, 1, 2, 3, 4]
  DELTA_QUERY comp=1 INS mol_idx=-1 natoms=3 n_stored=22
    E_full=-8380.605175  E_ads=-316.978019  E_cur=-8366.744639  E_ads_cur=-303.192551  dE=-0.075068 eV
[SERVER] types_arr sample: (2, 0, 0)
[SERVER] species_map keys: [0, 1, 2, 3, 4]
  DELTA_QUERY comp=1 MOV mol_idx=10 natoms=3 n_stored=22
    E_full=-8366.731456  E_ads=-303.195002  E_cur=-8366.744639  E_ads_cur=-303.192551  dE=0.015634 eV
[SERVER] types_arr sample: (2, 0, 0)
[SERVER] species_map keys: [0, 1, 2, 3, 4]
  DELTA_QUERY comp=1 MOV mol_idx=7 natoms=3 n_stored=22
    E_full=-8366.739341  E_ads=-303.192551  E_cur=-8366.744639  E_ads_cur=-303.192551  dE=0.005298 eV
  COMMIT_MOVE comp=1 mol_idx=7  E_current=-8366.739341  E_ads_current=-303.192551 eV
[SERVER] types_arr sample: (2, 0, 0)
[SERVER] species_map keys: [0, 1, 2, 3, 4]
  DELTA_QUERY comp=1 MOV mol_idx=16 natoms=3 n_stored=22
    E_full=-8366.265855  E_ads=-303.192551  E_cur=-8366.739341  E_ads_cur=-303.192551  dE=0.473486 eV
  DELTA_QUERY comp=1 DEL mol_idx=9 natoms=0 n_stored=22
    E_full=-8352.268036  E_ads=-289.413451  E_cur=-8366.739341  E_ads_cur=-303.192551  dE=0.692205 eV
[SERVER] types_arr sample: (2, 0, 0)
[SERVER] species_map keys: [0, 1, 2, 3, 4]
  DELTA_QUERY comp=1 MOV mol_idx=20 natoms=3 n_stored=22
    E_full=-8366.691118  E_ads=-303.192791  E_cur=-8366.739341  E_ads_cur=-303.192551  dE=0.048463 eV
[SERVER] types_arr sample: (2, 0, 0)
[SERVER] species_map keys: [0, 1, 2, 3, 4]
  DELTA_QUERY comp=1 MOV mol_idx=5 natoms=3 n_stored=22
    E_full=-8366.313686  E_ads=-303.192551  E_cur=-8366.739341  E_ads_cur=-303.192551  dE=0.425655 eV
[SERVER] types_arr sample: (2, 0, 0)
[SERVER] species_map keys: [0, 1, 2, 3, 4]
  DELTA_QUERY comp=1 MOV mol_idx=12 natoms=3 n_stored=22
    E_full=-8366.913195  E_ads=-303.206166  E_cur=-8366.739341  E_ads_cur=-303.192551  dE=-0.160240 eV
  COMMIT_MOVE comp=1 mol_idx=12  E_current=-8366.913195  E_ads_current=-303.206166 eV
[SERVER] types_arr sample: (2, 0, 0)
[SERVER] species_map keys: [0, 1, 2, 3, 4]
  DELTA_QUERY comp=1 MOV mol_idx=3 natoms=3 n_stored=22
    E_full=-8367.282257  E_ads=-303.202236  E_cur=-8366.913195  E_ads_cur=-303.206166  dE=-0.372991 eV
  COMMIT_MOVE comp=1 mol_idx=3  E_current=-8367.282257  E_ads_current=-303.202236 eV
[SERVER] types_arr sample: (2, 0, 0)
[SERVER] species_map keys: [0, 1, 2, 3, 4]
  DELTA_QUERY comp=1 INS mol_idx=-1 natoms=3 n_stored=22
    E_full=-8381.579804  E_ads=-316.979764  E_cur=-8367.282257  E_ads_cur=-303.202236  dE=-0.520019 eV
  COMMIT_INSERT comp=1 n_stored=23  E_current=-8381.579804  E_ads_current=-316.979764 eV
[SERVER] types_arr sample: (2, 0, 0)
[SERVER] species_map keys: [0, 1, 2, 3, 4]
  DELTA_QUERY comp=1 MOV mol_idx=15 natoms=3 n_stored=23
    E_full=-8381.009422  E_ads=-317.020204  E_cur=-8381.579804  E_ads_cur=-316.979764  dE=0.610821 eV
[SERVER] types_arr sample: (2, 0, 0)
[SERVER] species_map keys: [0, 1, 2, 3, 4]
  DELTA_QUERY comp=1 MOV mol_idx=14 natoms=3 n_stored=23
    E_full=-8380.396788  E_ads=-316.982279  E_cur=-8381.579804  E_ads_cur=-316.979764  dE=1.185531 eV
[SERVER] types_arr sample: (2, 0, 0)
[SERVER] species_map keys: [0, 1, 2, 3, 4]
  DELTA_QUERY comp=1 MOV mol_idx=2 natoms=3 n_stored=23
    E_full=-8381.605288  E_ads=-316.979764  E_cur=-8381.579804  E_ads_cur=-316.979764  dE=-0.025483 eV
  COMMIT_MOVE comp=1 mol_idx=2  E_current=-8381.605288  E_ads_current=-316.979764 eV
[SERVER] types_arr sample: (2, 0, 0)
[SERVER] species_map keys: [0, 1, 2, 3, 4]
  DELTA_QUERY comp=1 MOV mol_idx=13 natoms=3 n_stored=23
    E_full=-8381.414941  E_ads=-317.012960  E_cur=-8381.605288  E_ads_cur=-316.979764  dE=0.223543 eV
[SERVER] types_arr sample: (2, 0, 0)
[SERVER] species_map keys: [0, 1, 2, 3, 4]
  DELTA_QUERY comp=1 MOV mol_idx=3 natoms=3 n_stored=23
    E_full=-8381.562796  E_ads=-316.979764  E_cur=-8381.605288  E_ads_cur=-316.979764  dE=0.042492 eV
  COMMIT_MOVE comp=1 mol_idx=3  E_current=-8381.562796  E_ads_current=-316.979764 eV
[SERVER] types_arr sample: (2, 0, 0)
[SERVER] species_map keys: [0, 1, 2, 3, 4]
  DELTA_QUERY comp=1 MOV mol_idx=18 natoms=3 n_stored=23
    E_full=-8381.007275  E_ads=-316.971337  E_cur=-8381.562796  E_ads_cur=-316.979764  dE=0.547093 eV
  DELTA_QUERY comp=1 DEL mol_idx=22 natoms=0 n_stored=23
    E_full=-8367.265251  E_ads=-303.202236  E_cur=-8381.562796  E_ads_cur=-316.979764  dE=0.520017 eV
[SERVER] types_arr sample: (2, 0, 0)
[SERVER] species_map keys: [0, 1, 2, 3, 4]
  DELTA_QUERY comp=1 MOV mol_idx=14 natoms=3 n_stored=23
    E_full=-8381.524248  E_ads=-316.979718  E_cur=-8381.562796  E_ads_cur=-316.979764  dE=0.038502 eV
[SERVER] types_arr sample: (2, 0, 0)
[SERVER] species_map keys: [0, 1, 2, 3, 4]
  DELTA_QUERY comp=1 MOV mol_idx=7 natoms=3 n_stored=23
    E_full=-8381.022046  E_ads=-316.979764  E_cur=-8381.562796  E_ads_cur=-316.979764  dE=0.540750 eV
[SERVER] types_arr sample: (2, 0, 0)
[SERVER] species_map keys: [0, 1, 2, 3, 4]
  DELTA_QUERY comp=1 MOV mol_idx=1 natoms=3 n_stored=23
    E_full=-8377.745900  E_ads=-316.980483  E_cur=-8381.562796  E_ads_cur=-316.979764  dE=3.817615 eV
[SERVER] types_arr sample: (2, 0, 0)
[SERVER] species_map keys: [0, 1, 2, 3, 4]
  DELTA_QUERY comp=1 MOV mol_idx=21 natoms=3 n_stored=23
    E_full=-8381.571051  E_ads=-316.979764  E_cur=-8381.562796  E_ads_cur=-316.979764  dE=-0.008255 eV
  COMMIT_MOVE comp=1 mol_idx=21  E_current=-8381.571051  E_ads_current=-316.979764 eV
[SERVER] types_arr sample: (2, 0, 0)
[SERVER] species_map keys: [0, 1, 2, 3, 4]
  DELTA_QUERY comp=1 MOV mol_idx=2 natoms=3 n_stored=23
    E_full=-8381.489099  E_ads=-316.979764  E_cur=-8381.571051  E_ads_cur=-316.979764  dE=0.081952 eV
[SERVER] types_arr sample: (2, 0, 0)
[SERVER] species_map keys: [0, 1, 2, 3, 4]
  DELTA_QUERY comp=1 MOV mol_idx=14 natoms=3 n_stored=23
    E_full=-8381.534258  E_ads=-316.979732  E_cur=-8381.571051  E_ads_cur=-316.979764  dE=0.036760 eV
  COMMIT_MOVE comp=1 mol_idx=14  E_current=-8381.534258  E_ads_current=-316.979732 eV
[SERVER] types_arr sample: (2, 0, 0)
[SERVER] species_map keys: [0, 1, 2, 3, 4]
  DELTA_QUERY comp=1 INS mol_idx=-1 natoms=3 n_stored=23
    E_full=-8395.672607  E_ads=-330.757261  E_cur=-8381.534258  E_ads_cur=-316.979732  dE=-0.360820 eV
  COMMIT_INSERT comp=1 n_stored=24  E_current=-8395.672607  E_ads_current=-330.757261 eV
  DELTA_QUERY comp=1 DEL mol_idx=23 natoms=0 n_stored=24
    E_full=-8381.534258  E_ads=-316.979732  E_cur=-8395.672607  E_ads_cur=-330.757261  dE=0.360820 eV
[SERVER] types_arr sample: (2, 0, 0)
[SERVER] species_map keys: [0, 1, 2, 3, 4]
  DELTA_QUERY comp=1 MOV mol_idx=13 natoms=3 n_stored=24
    E_full=-8394.563723  E_ads=-330.801811  E_cur=-8395.672607  E_ads_cur=-330.757261  dE=1.153435 eV
[SERVER] types_arr sample: (2, 0, 0)
[SERVER] species_map keys: [0, 1, 2, 3, 4]
  DELTA_QUERY comp=1 MOV mol_idx=19 natoms=3 n_stored=24
    E_full=-8395.612123  E_ads=-330.801156  E_cur=-8395.672607  E_ads_cur=-330.757261  dE=0.104380 eV
[SERVER] types_arr sample: (2, 0, 0)
[SERVER] species_map keys: [0, 1, 2, 3, 4]
  DELTA_QUERY comp=1 INS mol_idx=-1 natoms=3 n_stored=24
    E_full=-8409.860656  E_ads=-344.543682  E_cur=-8395.672607  E_ads_cur=-330.757261  dE=-0.401627 eV
  COMMIT_INSERT comp=1 n_stored=25  E_current=-8409.860656  E_ads_current=-344.543682 eV
  DELTA_QUERY comp=1 DEL mol_idx=20 natoms=0 n_stored=25
    E_full=-8395.400387  E_ads=-330.766154  E_cur=-8409.860656  E_ads_cur=-344.543682  dE=0.682741 eV
  DELTA_QUERY comp=1 DEL mol_idx=6 natoms=0 n_stored=25
    E_full=-8395.345352  E_ads=-330.718217  E_cur=-8409.860656  E_ads_cur=-344.543682  dE=0.689838 eV
[SERVER] types_arr sample: (2, 0, 0)
[SERVER] species_map keys: [0, 1, 2, 3, 4]
  DELTA_QUERY comp=1 MOV mol_idx=1 natoms=3 n_stored=25
    E_full=-8409.785262  E_ads=-344.545093  E_cur=-8409.860656  E_ads_cur=-344.543682  dE=0.076805 eV
[SERVER] types_arr sample: (2, 0, 0)
[SERVER] species_map keys: [0, 1, 2, 3, 4]
  DELTA_QUERY comp=1 MOV mol_idx=10 natoms=3 n_stored=25
    E_full=-8409.693981  E_ads=-344.546788  E_cur=-8409.860656  E_ads_cur=-344.543682  dE=0.169780 eV
[SERVER] types_arr sample: (2, 0, 0)
[SERVER] species_map keys: [0, 1, 2, 3, 4]
  DELTA_QUERY comp=1 MOV mol_idx=2 natoms=3 n_stored=25
    E_full=-8409.863080  E_ads=-344.543682  E_cur=-8409.860656  E_ads_cur=-344.543682  dE=-0.002424 eV
  COMMIT_MOVE comp=1 mol_idx=2  E_current=-8409.863080  E_ads_current=-344.543682 eV
  DELTA_QUERY comp=1 DEL mol_idx=3 natoms=0 n_stored=25
    E_full=-8395.379004  E_ads=-330.763966  E_cur=-8409.863080  E_ads_cur=-344.543682  dE=0.704359 eV
[SERVER] types_arr sample: (2, 0, 0)
[SERVER] species_map keys: [0, 1, 2, 3, 4]
  DELTA_QUERY comp=1 MOV mol_idx=3 natoms=3 n_stored=25
    E_full=-8409.297134  E_ads=-344.541494  E_cur=-8409.863080  E_ads_cur=-344.543682  dE=0.563758 eV
[SERVER] types_arr sample: (2, 0, 0)
[SERVER] species_map keys: [0, 1, 2, 3, 4]
  DELTA_QUERY comp=1 INS mol_idx=-1 natoms=3 n_stored=25
    E_full=-8424.284370  E_ads=-358.321211  E_cur=-8409.863080  E_ads_cur=-344.543682  dE=-0.643762 eV
  COMMIT_INSERT comp=1 n_stored=26  E_current=-8424.284370  E_ads_current=-358.321211 eV
[SERVER] types_arr sample: (2, 0, 0)
[SERVER] species_map keys: [0, 1, 2, 3, 4]
  DELTA_QUERY comp=1 MOV mol_idx=21 natoms=3 n_stored=26
    E_full=-8424.215512  E_ads=-358.321211  E_cur=-8424.284370  E_ads_cur=-358.321211  dE=0.068858 eV
[SERVER] types_arr sample: (2, 0, 0)
[SERVER] species_map keys: [0, 1, 2, 3, 4]
  DELTA_QUERY comp=1 MOV mol_idx=3 natoms=3 n_stored=26
    E_full=-8424.207466  E_ads=-358.319023  E_cur=-8424.284370  E_ads_cur=-358.321211  dE=0.074716 eV
[SERVER] types_arr sample: (2, 0, 0)
[SERVER] species_map keys: [0, 1, 2, 3, 4]
  DELTA_QUERY comp=1 INS mol_idx=-1 natoms=3 n_stored=26
    E_full=-8438.584528  E_ads=-372.159753  E_cur=-8424.284370  E_ads_cur=-358.321211  dE=-0.461615 eV
  COMMIT_INSERT comp=1 n_stored=27  E_current=-8438.584528  E_ads_current=-372.159753 eV
[SERVER] types_arr sample: (2, 0, 0)
[SERVER] species_map keys: [0, 1, 2, 3, 4]
  DELTA_QUERY comp=1 MOV mol_idx=13 natoms=3 n_stored=27
    E_full=-8438.582200  E_ads=-372.160486  E_cur=-8438.584528  E_ads_cur=-372.159753  dE=0.003060 eV
  COMMIT_MOVE comp=1 mol_idx=13  E_current=-8438.582200  E_ads_current=-372.160486 eV
[SERVER] types_arr sample: (2, 0, 0)
[SERVER] species_map keys: [0, 1, 2, 3, 4]
  DELTA_QUERY comp=1 MOV mol_idx=9 natoms=3 n_stored=27
    E_full=-8437.164649  E_ads=-372.403012  E_cur=-8438.582200  E_ads_cur=-372.160486  dE=1.660077 eV
[SERVER] types_arr sample: (2, 0, 0)
[SERVER] species_map keys: [0, 1, 2, 3, 4]
  DELTA_QUERY comp=1 INS mol_idx=-1 natoms=3 n_stored=27
    E_full=-8453.051466  E_ads=-385.938037  E_cur=-8438.582200  E_ads_cur=-372.160486  dE=-0.691715 eV
  COMMIT_INSERT comp=1 n_stored=28  E_current=-8453.051466  E_ads_current=-385.938037 eV
[SERVER] types_arr sample: (2, 0, 0)
[SERVER] species_map keys: [0, 1, 2, 3, 4]
  DELTA_QUERY comp=1 MOV mol_idx=11 natoms=3 n_stored=28
    E_full=-8452.936417  E_ads=-385.940446  E_cur=-8453.051466  E_ads_cur=-385.938037  dE=0.117458 eV
[SERVER] types_arr sample: (2, 0, 0)
[SERVER] species_map keys: [0, 1, 2, 3, 4]
  DELTA_QUERY comp=1 MOV mol_idx=2 natoms=3 n_stored=28
    E_full=-8453.025501  E_ads=-385.938037  E_cur=-8453.051466  E_ads_cur=-385.938037  dE=0.025965 eV
  COMMIT_MOVE comp=1 mol_idx=2  E_current=-8453.025501  E_ads_current=-385.938037 eV
[SERVER] types_arr sample: (2, 0, 0)
[SERVER] species_map keys: [0, 1, 2, 3, 4]
  DELTA_QUERY comp=1 MOV mol_idx=13 natoms=3 n_stored=28
    E_full=-8453.090487  E_ads=-386.008715  E_cur=-8453.025501  E_ads_cur=-385.938037  dE=0.005692 eV
[SERVER] types_arr sample: (2, 0, 0)
[SERVER] species_map keys: [0, 1, 2, 3, 4]
  DELTA_QUERY comp=1 MOV mol_idx=2 natoms=3 n_stored=28
    E_full=-8452.780988  E_ads=-386.077561  E_cur=-8453.025501  E_ads_cur=-385.938037  dE=0.384037 eV
  DELTA_QUERY comp=1 DEL mol_idx=13 natoms=0 n_stored=28
    E_full=-8438.650679  E_ads=-372.159110  E_cur=-8453.025501  E_ads_cur=-385.938037  dE=0.595895 eV
[SERVER] types_arr sample: (2, 0, 0)
[SERVER] species_map keys: [0, 1, 2, 3, 4]
  DELTA_QUERY comp=1 MOV mol_idx=2 natoms=3 n_stored=28
    E_full=-8452.856208  E_ads=-386.252289  E_cur=-8453.025501  E_ads_cur=-385.938037  dE=0.483545 eV
  DELTA_QUERY comp=1 DEL mol_idx=27 natoms=0 n_stored=28
    E_full=-8438.556216  E_ads=-372.160486  E_cur=-8453.025501  E_ads_cur=-385.938037  dE=0.691734 eV
  DELTA_QUERY comp=1 DEL mol_idx=15 natoms=0 n_stored=28
    E_full=-8438.606281  E_ads=-372.156260  E_cur=-8453.025501  E_ads_cur=-385.938037  dE=0.637443 eV
[SERVER] types_arr sample: (2, 0, 0)
[SERVER] species_map keys: [0, 1, 2, 3, 4]
  DELTA_QUERY comp=1 INS mol_idx=-1 natoms=3 n_stored=28
    E_full=-8467.375384  E_ads=-400.307687  E_cur=-8453.025501  E_ads_cur=-385.938037  dE=0.019767 eV
[SERVER] types_arr sample: (2, 0, 0)
[SERVER] species_map keys: [0, 1, 2, 3, 4]
  DELTA_QUERY comp=1 MOV mol_idx=15 natoms=3 n_stored=28
    E_full=-8453.067569  E_ads=-385.939148  E_cur=-8453.025501  E_ads_cur=-385.938037  dE=-0.040957 eV
  COMMIT_MOVE comp=1 mol_idx=15  E_current=-8453.067569  E_ads_current=-385.939148 eV
[SERVER] types_arr sample: (2, 0, 0)
[SERVER] species_map keys: [0, 1, 2, 3, 4]
  DELTA_QUERY comp=1 MOV mol_idx=4 natoms=3 n_stored=28
    E_full=-8452.965733  E_ads=-385.939148  E_cur=-8453.067569  E_ads_cur=-385.939148  dE=0.101836 eV
[SERVER] types_arr sample: (2, 0, 0)
[SERVER] species_map keys: [0, 1, 2, 3, 4]
  DELTA_QUERY comp=1 MOV mol_idx=10 natoms=3 n_stored=28
    E_full=-8450.240624  E_ads=-385.904327  E_cur=-8453.067569  E_ads_cur=-385.939148  dE=2.792124 eV
[SERVER] types_arr sample: (2, 0, 0)
[SERVER] species_map keys: [0, 1, 2, 3, 4]
  DELTA_QUERY comp=1 MOV mol_idx=2 natoms=3 n_stored=28
    E_full=-8453.088998  E_ads=-385.939148  E_cur=-8453.067569  E_ads_cur=-385.939148  dE=-0.021429 eV
  COMMIT_MOVE comp=1 mol_idx=2  E_current=-8453.088998  E_ads_current=-385.939148 eV
[SERVER] types_arr sample: (2, 0, 0)
[SERVER] species_map keys: [0, 1, 2, 3, 4]
  DELTA_QUERY comp=1 MOV mol_idx=9 natoms=3 n_stored=28
    E_full=-8452.445126  E_ads=-386.116275  E_cur=-8453.088998  E_ads_cur=-385.939148  dE=0.820999 eV
[SERVER] types_arr sample: (2, 0, 0)
[SERVER] species_map keys: [0, 1, 2, 3, 4]
  DELTA_QUERY comp=1 MOV mol_idx=3 natoms=3 n_stored=28
    E_full=-8452.459157  E_ads=-385.936960  E_cur=-8453.088998  E_ads_cur=-385.939148  dE=0.627653 eV
[SERVER] types_arr sample: (2, 0, 0)
[SERVER] species_map keys: [0, 1, 2, 3, 4]
  DELTA_QUERY comp=1 MOV mol_idx=20 natoms=3 n_stored=28
    E_full=-8453.053346  E_ads=-385.939148  E_cur=-8453.088998  E_ads_cur=-385.939148  dE=0.035652 eV
  COMMIT_MOVE comp=1 mol_idx=20  E_current=-8453.053346  E_ads_current=-385.939148 eV
[SERVER] types_arr sample: (2, 0, 0)
[SERVER] species_map keys: [0, 1, 2, 3, 4]
  DELTA_QUERY comp=1 MOV mol_idx=8 natoms=3 n_stored=28
    E_full=-8452.765530  E_ads=-386.154757  E_cur=-8453.053346  E_ads_cur=-385.939148  dE=0.503425 eV
[SERVER] types_arr sample: (2, 0, 0)
[SERVER] species_map keys: [0, 1, 2, 3, 4]
  DELTA_QUERY comp=1 INS mol_idx=-1 natoms=3 n_stored=28
    E_full=-8467.407544  E_ads=-399.718670  E_cur=-8453.053346  E_ads_cur=-385.939148  dE=-0.574677 eV
  COMMIT_INSERT comp=1 n_stored=29  E_current=-8467.407544  E_ads_current=-399.718670 eV
[SERVER] types_arr sample: (2, 0, 0)
[SERVER] species_map keys: [0, 1, 2, 3, 4]
  DELTA_QUERY comp=1 MOV mol_idx=2 natoms=3 n_stored=29
    E_full=-8466.287857  E_ads=-399.731519  E_cur=-8467.407544  E_ads_cur=-399.718670  dE=1.132536 eV
[SERVER] types_arr sample: (2, 0, 0)
[SERVER] species_map keys: [0, 1, 2, 3, 4]
  DELTA_QUERY comp=1 MOV mol_idx=19 natoms=3 n_stored=29
    E_full=-8467.043455  E_ads=-399.714339  E_cur=-8467.407544  E_ads_cur=-399.718670  dE=0.359758 eV
[SERVER] types_arr sample: (2, 0, 0)
[SERVER] species_map keys: [0, 1, 2, 3, 4]
  DELTA_QUERY comp=1 INS mol_idx=-1 natoms=3 n_stored=29
    E_full=-8481.299863  E_ads=-413.383826  E_cur=-8467.407544  E_ads_cur=-399.718670  dE=-0.227163 eV
[SERVER] types_arr sample: (2, 0, 0)
[SERVER] species_map keys: [0, 1, 2, 3, 4]
  DELTA_QUERY comp=1 MOV mol_idx=28 natoms=3 n_stored=29
    E_full=-8467.373031  E_ads=-399.717818  E_cur=-8467.407544  E_ads_cur=-399.718670  dE=0.033661 eV
[SERVER] types_arr sample: (2, 0, 0)
[SERVER] species_map keys: [0, 1, 2, 3, 4]
  DELTA_QUERY comp=1 INS mol_idx=-1 natoms=3 n_stored=29
    E_full=-8479.440794  E_ads=-413.579706  E_cur=-8467.407544  E_ads_cur=-399.718670  dE=1.827786 eV
[SERVER] types_arr sample: (2, 0, 0)
[SERVER] species_map keys: [0, 1, 2, 3, 4]
  DELTA_QUERY comp=1 INS mol_idx=-1 natoms=3 n_stored=29
    E_full=-8481.450559  E_ads=-413.496199  E_cur=-8467.407544  E_ads_cur=-399.718670  dE=-0.265487 eV
[SERVER] types_arr sample: (2, 0, 0)
[SERVER] species_map keys: [0, 1, 2, 3, 4]
  DELTA_QUERY comp=1 MOV mol_idx=17 natoms=3 n_stored=29
    E_full=-8467.365772  E_ads=-399.683849  E_cur=-8467.407544  E_ads_cur=-399.718670  dE=0.006951 eV
  COMMIT_MOVE comp=1 mol_idx=17  E_current=-8467.365772  E_ads_current=-399.683849 eV
[SERVER] types_arr sample: (2, 0, 0)
[SERVER] species_map keys: [0, 1, 2, 3, 4]
  DELTA_QUERY comp=1 MOV mol_idx=1 natoms=3 n_stored=29
    E_full=-8465.525205  E_ads=-399.623213  E_cur=-8467.365772  E_ads_cur=-399.683849  dE=1.779932 eV
  DELTA_QUERY comp=1 DEL mol_idx=28 natoms=0 n_stored=29
    E_full=-8453.011547  E_ads=-385.904327  E_cur=-8467.365772  E_ads_cur=-399.683849  dE=0.574703 eV
[SERVER] types_arr sample: (2, 0, 0)
[SERVER] species_map keys: [0, 1, 2, 3, 4]
  DELTA_QUERY comp=1 MOV mol_idx=10 natoms=3 n_stored=29
    E_full=-8467.360937  E_ads=-399.683849  E_cur=-8467.365772  E_ads_cur=-399.683849  dE=0.004835 eV
  COMMIT_MOVE comp=1 mol_idx=10  E_current=-8467.360937  E_ads_current=-399.683849 eV
[SERVER] types_arr sample: (2, 0, 0)
[SERVER] species_map keys: [0, 1, 2, 3, 4]
  DELTA_QUERY comp=1 MOV mol_idx=15 natoms=3 n_stored=29
    E_full=-8467.276756  E_ads=-399.747459  E_cur=-8467.360937  E_ads_cur=-399.683849  dE=0.147791 eV
[SERVER] types_arr sample: (2, 0, 0)
[SERVER] species_map keys: [0, 1, 2, 3, 4]
  DELTA_QUERY comp=1 INS mol_idx=-1 natoms=3 n_stored=29
    E_full=-8481.626436  E_ads=-413.820110  E_cur=-8467.360937  E_ads_cur=-399.683849  dE=-0.129238 eV
[SERVER] types_arr sample: (2, 0, 0)
[SERVER] species_map keys: [0, 1, 2, 3, 4]
  DELTA_QUERY comp=1 MOV mol_idx=7 natoms=3 n_stored=29
    E_full=-8466.637053  E_ads=-399.685832  E_cur=-8467.360937  E_ads_cur=-399.683849  dE=0.725867 eV
[SERVER] types_arr sample: (2, 0, 0)
[SERVER] species_map keys: [0, 1, 2, 3, 4]
  DELTA_QUERY comp=1 MOV mol_idx=5 natoms=3 n_stored=29
    E_full=-8465.939607  E_ads=-399.394798  E_cur=-8467.360937  E_ads_cur=-399.683849  dE=1.132279 eV
[SERVER] types_arr sample: (2, 0, 0)
[SERVER] species_map keys: [0, 1, 2, 3, 4]
  DELTA_QUERY comp=1 MOV mol_idx=26 natoms=3 n_stored=29
    E_full=-8467.360690  E_ads=-399.682272  E_cur=-8467.360937  E_ads_cur=-399.683849  dE=-0.001330 eV
  COMMIT_MOVE comp=1 mol_idx=26  E_current=-8467.360690  E_ads_current=-399.682272 eV
[SERVER] types_arr sample: (2, 0, 0)
[SERVER] species_map keys: [0, 1, 2, 3, 4]
  DELTA_QUERY comp=1 MOV mol_idx=25 natoms=3 n_stored=29
    E_full=-8467.336024  E_ads=-399.682272  E_cur=-8467.360690  E_ads_cur=-399.682272  dE=0.024666 eV
  COMMIT_MOVE comp=1 mol_idx=25  E_current=-8467.336024  E_ads_current=-399.682272 eV
[SERVER] types_arr sample: (2, 0, 0)
[SERVER] species_map keys: [0, 1, 2, 3, 4]
  DELTA_QUERY comp=1 MOV mol_idx=13 natoms=3 n_stored=29
    E_full=-8467.325250  E_ads=-399.685326  E_cur=-8467.336024  E_ads_cur=-399.682272  dE=0.013828 eV
[SERVER] types_arr sample: (2, 0, 0)
[SERVER] species_map keys: [0, 1, 2, 3, 4]
  DELTA_QUERY comp=1 MOV mol_idx=5 natoms=3 n_stored=29
    E_full=-8467.266174  E_ads=-399.682272  E_cur=-8467.336024  E_ads_cur=-399.682272  dE=0.069851 eV
[SERVER] types_arr sample: (2, 0, 0)
[SERVER] species_map keys: [0, 1, 2, 3, 4]
  DELTA_QUERY comp=1 INS mol_idx=-1 natoms=3 n_stored=29
    E_full=-8481.677155  E_ads=-413.801566  E_cur=-8467.336024  E_ads_cur=-399.682272  dE=-0.221837 eV
  DELTA_QUERY comp=1 DEL mol_idx=1 natoms=0 n_stored=29
    E_full=-8452.821480  E_ads=-385.845520  E_cur=-8467.336024  E_ads_cur=-399.682272  dE=0.677793 eV
[SERVER] types_arr sample: (2, 0, 0)
[SERVER] species_map keys: [0, 1, 2, 3, 4]
  DELTA_QUERY comp=1 MOV mol_idx=16 natoms=3 n_stored=29
    E_full=-8466.517862  E_ads=-399.682253  E_cur=-8467.336024  E_ads_cur=-399.682272  dE=0.818144 eV
  DELTA_QUERY comp=1 DEL mol_idx=10 natoms=0 n_stored=29
    E_full=-8452.848731  E_ads=-385.904743  E_cur=-8467.336024  E_ads_cur=-399.682272  dE=0.709765 eV
[SERVER] types_arr sample: (2, 0, 0)
[SERVER] species_map keys: [0, 1, 2, 3, 4]
  DELTA_QUERY comp=1 MOV mol_idx=13 natoms=3 n_stored=29
    E_full=-8467.327927  E_ads=-399.681115  E_cur=-8467.336024  E_ads_cur=-399.682272  dE=0.006941 eV
  COMMIT_MOVE comp=1 mol_idx=13  E_current=-8467.327927  E_ads_current=-399.681115 eV
[SERVER] types_arr sample: (2, 0, 0)
[SERVER] species_map keys: [0, 1, 2, 3, 4]
  DELTA_QUERY comp=1 MOV mol_idx=3 natoms=3 n_stored=29
    E_full=-8467.247168  E_ads=-399.682909  E_cur=-8467.327927  E_ads_cur=-399.681115  dE=0.082553 eV
[SERVER] types_arr sample: (2, 0, 0)
[SERVER] species_map keys: [0, 1, 2, 3, 4]
  DELTA_QUERY comp=1 INS mol_idx=-1 natoms=3 n_stored=29
    E_full=-8481.437021  E_ads=-413.955906  E_cur=-8467.327927  E_ads_cur=-399.681115  dE=0.165697 eV
  DELTA_QUERY comp=1 DEL mol_idx=17 natoms=0 n_stored=29
    E_full=-8452.869808  E_ads=-385.903586  E_cur=-8467.327927  E_ads_cur=-399.681115  dE=0.680590 eV
[SERVER] types_arr sample: (2, 0, 0)
[SERVER] species_map keys: [0, 1, 2, 3, 4]
  DELTA_QUERY comp=1 MOV mol_idx=25 natoms=3 n_stored=29
    E_full=-8467.418495  E_ads=-399.681115  E_cur=-8467.327927  E_ads_cur=-399.681115  dE=-0.090568 eV
  COMMIT_MOVE comp=1 mol_idx=25  E_current=-8467.418495  E_ads_current=-399.681115 eV
[SERVER] types_arr sample: (2, 0, 0)
[SERVER] species_map keys: [0, 1, 2, 3, 4]
  DELTA_QUERY comp=1 MOV mol_idx=19 natoms=3 n_stored=29
    E_full=-8467.128787  E_ads=-399.876503  E_cur=-8467.418495  E_ads_cur=-399.681115  dE=0.485096 eV
[SERVER] types_arr sample: (2, 0, 0)
[SERVER] species_map keys: [0, 1, 2, 3, 4]
  DELTA_QUERY comp=1 MOV mol_idx=24 natoms=3 n_stored=29
    E_full=-8462.538813  E_ads=-399.674565  E_cur=-8467.418495  E_ads_cur=-399.681115  dE=4.873131 eV
  DELTA_QUERY comp=1 DEL mol_idx=20 natoms=0 n_stored=29
    E_full=-8452.998416  E_ads=-385.903586  E_cur=-8467.418495  E_ads_cur=-399.681115  dE=0.642550 eV
[SERVER] types_arr sample: (2, 0, 0)
[SERVER] species_map keys: [0, 1, 2, 3, 4]
  DELTA_QUERY comp=1 MOV mol_idx=12 natoms=3 n_stored=29
    E_full=-8466.189149  E_ads=-399.753915  E_cur=-8467.418495  E_ads_cur=-399.681115  dE=1.302146 eV
  DELTA_QUERY comp=1 DEL mol_idx=25 natoms=0 n_stored=29
    E_full=-8452.931207  E_ads=-385.903586  E_cur=-8467.418495  E_ads_cur=-399.681115  dE=0.709759 eV
  DELTA_QUERY comp=1 DEL mol_idx=9 natoms=0 n_stored=29
    E_full=-8452.947542  E_ads=-385.900792  E_cur=-8467.418495  E_ads_cur=-399.681115  dE=0.690630 eV
[SERVER] types_arr sample: (2, 0, 0)
[SERVER] species_map keys: [0, 1, 2, 3, 4]
  DELTA_QUERY comp=1 INS mol_idx=-1 natoms=3 n_stored=29
    E_full=-8481.982065  E_ads=-413.508661  E_cur=-8467.418495  E_ads_cur=-399.681115  dE=-0.736025 eV
  COMMIT_INSERT comp=1 n_stored=30  E_current=-8481.982065  E_ads_current=-413.508661 eV
[SERVER] types_arr sample: (2, 0, 0)
[SERVER] species_map keys: [0, 1, 2, 3, 4]
  DELTA_QUERY comp=1 MOV mol_idx=0 natoms=3 n_stored=30
    E_full=-8482.007775  E_ads=-413.872853  E_cur=-8481.982065  E_ads_cur=-413.508661  dE=0.338483 eV
[SERVER] types_arr sample: (2, 0, 0)
[SERVER] species_map keys: [0, 1, 2, 3, 4]
  DELTA_QUERY comp=1 MOV mol_idx=11 natoms=3 n_stored=30
    E_full=-8481.017136  E_ads=-413.474562  E_cur=-8481.982065  E_ads_cur=-413.508661  dE=0.930830 eV
[SERVER] types_arr sample: (2, 0, 0)
[SERVER] species_map keys: [0, 1, 2, 3, 4]
  DELTA_QUERY comp=1 INS mol_idx=-1 natoms=3 n_stored=30
    E_full=-8493.549888  E_ads=-427.286189  E_cur=-8481.982065  E_ads_cur=-413.508661  dE=2.209706 eV
[SERVER] types_arr sample: (2, 0, 0)
[SERVER] species_map keys: [0, 1, 2, 3, 4]
  DELTA_QUERY comp=1 MOV mol_idx=1 natoms=3 n_stored=30
    E_full=-8481.343170  E_ads=-413.866367  E_cur=-8481.982065  E_ads_cur=-413.508661  dE=0.996602 eV
[SERVER] types_arr sample: (2, 0, 0)
[SERVER] species_map keys: [0, 1, 2, 3, 4]
  DELTA_QUERY comp=1 MOV mol_idx=28 natoms=3 n_stored=30
    E_full=-8481.762595  E_ads=-413.509887  E_cur=-8481.982065  E_ads_cur=-413.508661  dE=0.220697 eV
  DELTA_QUERY comp=1 DEL mol_idx=8 natoms=0 n_stored=30
    E_full=-8467.431403  E_ads=-399.730929  E_cur=-8481.982065  E_ads_cur=-413.508661  dE=0.772931 eV
[SERVER] types_arr sample: (2, 0, 0)
[SERVER] species_map keys: [0, 1, 2, 3, 4]
  DELTA_QUERY comp=1 MOV mol_idx=2 natoms=3 n_stored=30
    E_full=-8479.121175  E_ads=-413.507502  E_cur=-8481.982065  E_ads_cur=-413.508661  dE=2.859731 eV
[SERVER] types_arr sample: (2, 0, 0)
[SERVER] species_map keys: [0, 1, 2, 3, 4]
  DELTA_QUERY comp=1 MOV mol_idx=26 natoms=3 n_stored=30
    E_full=-8480.195828  E_ads=-413.468238  E_cur=-8481.982065  E_ads_cur=-413.508661  dE=1.745815 eV
[SERVER] types_arr sample: (2, 0, 0)
[SERVER] species_map keys: [0, 1, 2, 3, 4]
  DELTA_QUERY comp=1 MOV mol_idx=7 natoms=3 n_stored=30
    E_full=-8481.975791  E_ads=-413.779447  E_cur=-8481.982065  E_ads_cur=-413.508661  dE=0.277061 eV
[SERVER] types_arr sample: (2, 0, 0)
[SERVER] species_map keys: [0, 1, 2, 3, 4]
  DELTA_QUERY comp=1 MOV mol_idx=26 natoms=3 n_stored=30
    E_full=-8479.719750  E_ads=-411.614812  E_cur=-8481.982065  E_ads_cur=-413.508661  dE=0.368466 eV
[SERVER] types_arr sample: (2, 0, 0)
[SERVER] species_map keys: [0, 1, 2, 3, 4]
  DELTA_QUERY comp=1 INS mol_idx=-1 natoms=3 n_stored=30
    E_full=-8495.576207  E_ads=-427.422157  E_cur=-8481.982065  E_ads_cur=-413.508661  dE=0.319354 eV
[SERVER] types_arr sample: (2, 0, 0)
[SERVER] species_map keys: [0, 1, 2, 3, 4]
  DELTA_QUERY comp=1 INS mol_idx=-1 natoms=3 n_stored=30
    E_full=-8496.503682  E_ads=-427.747481  E_cur=-8481.982065  E_ads_cur=-413.508661  dE=-0.282796 eV
  COMMIT_INSERT comp=1 n_stored=31  E_current=-8496.503682  E_ads_current=-427.747481 eV
[SERVER] types_arr sample: (2, 0, 0)
[SERVER] species_map keys: [0, 1, 2, 3, 4]
  DELTA_QUERY comp=1 MOV mol_idx=15 natoms=3 n_stored=31
    E_full=-8496.472257  E_ads=-427.747354  E_cur=-8496.503682  E_ads_cur=-427.747481  dE=0.031298 eV
  COMMIT_MOVE comp=1 mol_idx=15  E_current=-8496.472257  E_ads_current=-427.747354 eV
[SERVER] types_arr sample: (2, 0, 0)
[SERVER] species_map keys: [0, 1, 2, 3, 4]
  DELTA_QUERY comp=1 MOV mol_idx=23 natoms=3 n_stored=31
    E_full=-8496.592965  E_ads=-427.747354  E_cur=-8496.472257  E_ads_cur=-427.747354  dE=-0.120708 eV
  COMMIT_MOVE comp=1 mol_idx=23  E_current=-8496.592965  E_ads_current=-427.747354 eV
[SERVER] types_arr sample: (2, 0, 0)
[SERVER] species_map keys: [0, 1, 2, 3, 4]
  DELTA_QUERY comp=1 MOV mol_idx=8 natoms=3 n_stored=31
    E_full=-8496.586321  E_ads=-427.747166  E_cur=-8496.592965  E_ads_cur=-427.747354  dE=0.006455 eV
  COMMIT_MOVE comp=1 mol_idx=8  E_current=-8496.586321  E_ads_current=-427.747166 eV
[SERVER] types_arr sample: (2, 0, 0)
[SERVER] species_map keys: [0, 1, 2, 3, 4]
  DELTA_QUERY comp=1 MOV mol_idx=15 natoms=3 n_stored=31
    E_full=-8496.633131  E_ads=-427.747907  E_cur=-8496.586321  E_ads_cur=-427.747166  dE=-0.046069 eV
  COMMIT_MOVE comp=1 mol_idx=15  E_current=-8496.633131  E_ads_current=-427.747907 eV
[SERVER] types_arr sample: (2, 0, 0)
[SERVER] species_map keys: [0, 1, 2, 3, 4]
  DELTA_QUERY comp=1 INS mol_idx=-1 natoms=3 n_stored=31
    E_full=-8511.099152  E_ads=-441.533702  E_cur=-8496.633131  E_ads_cur=-427.747907  dE=-0.680226 eV
  COMMIT_INSERT comp=1 n_stored=32  E_current=-8511.099152  E_ads_current=-441.533702 eV
[SERVER] types_arr sample: (2, 0, 0)
[SERVER] species_map keys: [0, 1, 2, 3, 4]
  DELTA_QUERY comp=1 MOV mol_idx=0 natoms=3 n_stored=32
    E_full=-8510.956834  E_ads=-442.137538  E_cur=-8511.099152  E_ads_cur=-441.533702  dE=0.746154 eV
[SERVER] types_arr sample: (2, 0, 0)
[SERVER] species_map keys: [0, 1, 2, 3, 4]
  DELTA_QUERY comp=1 INS mol_idx=-1 natoms=3 n_stored=32
    E_full=-8525.131393  E_ads=-455.412773  E_cur=-8511.099152  E_ads_cur=-441.533702  dE=-0.153170 eV
[SERVER] types_arr sample: (2, 0, 0)
[SERVER] species_map keys: [0, 1, 2, 3, 4]
  DELTA_QUERY comp=1 MOV mol_idx=31 natoms=3 n_stored=32
    E_full=-8511.132686  E_ads=-441.982355  E_cur=-8511.099152  E_ads_cur=-441.533702  dE=0.415119 eV
  DELTA_QUERY comp=1 DEL mol_idx=6 natoms=0 n_stored=32
    E_full=-8496.580926  E_ads=-427.708292  E_cur=-8511.099152  E_ads_cur=-441.533702  dE=0.692816 eV
[SERVER] types_arr sample: (2, 0, 0)
[SERVER] species_map keys: [0, 1, 2, 3, 4]
  DELTA_QUERY comp=1 INS mol_idx=-1 natoms=3 n_stored=32
    E_full=-8525.547895  E_ads=-455.311230  E_cur=-8511.099152  E_ads_cur=-441.533702  dE=-0.671215 eV
  COMMIT_INSERT comp=1 n_stored=33  E_current=-8525.547895  E_ads_current=-455.311230 eV
  DELTA_QUERY comp=1 DEL mol_idx=5 natoms=0 n_stored=33
    E_full=-8510.999554  E_ads=-441.533702  E_cur=-8525.547895  E_ads_cur=-455.311230  dE=0.770813 eV
[SERVER] types_arr sample: (2, 0, 0)
[SERVER] species_map keys: [0, 1, 2, 3, 4]
  DELTA_QUERY comp=1 MOV mol_idx=5 natoms=3 n_stored=33
    E_full=-8524.755856  E_ads=-455.311231  E_cur=-8525.547895  E_ads_cur=-455.311230  dE=0.792039 eV
[SERVER] types_arr sample: (2, 0, 0)
[SERVER] species_map keys: [0, 1, 2, 3, 4]
  DELTA_QUERY comp=1 INS mol_idx=-1 natoms=3 n_stored=33
    E_full=-8539.105675  E_ads=-469.091075  E_cur=-8525.547895  E_ads_cur=-455.311230  dE=0.222065 eV
[SERVER] types_arr sample: (2, 0, 0)
[SERVER] species_map keys: [0, 1, 2, 3, 4]
  DELTA_QUERY comp=1 INS mol_idx=-1 natoms=3 n_stored=33
    E_full=-8539.789897  E_ads=-469.353286  E_cur=-8525.547895  E_ads_cur=-455.311230  dE=-0.199946 eV
[SERVER] types_arr sample: (2, 0, 0)
[SERVER] species_map keys: [0, 1, 2, 3, 4]
  DELTA_QUERY comp=1 INS mol_idx=-1 natoms=3 n_stored=33
    E_full=-8539.979520  E_ads=-469.173250  E_cur=-8525.547895  E_ads_cur=-455.311230  dE=-0.569605 eV
  COMMIT_INSERT comp=1 n_stored=34  E_current=-8539.979520  E_ads_current=-469.173250 eV
[SERVER] types_arr sample: (2, 0, 0)
[SERVER] species_map keys: [0, 1, 2, 3, 4]
  DELTA_QUERY comp=1 MOV mol_idx=19 natoms=3 n_stored=34
    E_full=-8539.932160  E_ads=-469.174109  E_cur=-8539.979520  E_ads_cur=-469.173250  dE=0.048219 eV
[SERVER] types_arr sample: (2, 0, 0)
[SERVER] species_map keys: [0, 1, 2, 3, 4]
  DELTA_QUERY comp=1 MOV mol_idx=33 natoms=3 n_stored=34
    E_full=-8539.962510  E_ads=-469.174799  E_cur=-8539.979520  E_ads_cur=-469.173250  dE=0.018559 eV
[SERVER] types_arr sample: (2, 0, 0)
[SERVER] species_map keys: [0, 1, 2, 3, 4]
  DELTA_QUERY comp=1 MOV mol_idx=28 natoms=3 n_stored=34
    E_full=-8539.304612  E_ads=-469.182845  E_cur=-8539.979520  E_ads_cur=-469.173250  dE=0.684503 eV
[SERVER] types_arr sample: (2, 0, 0)
[SERVER] species_map keys: [0, 1, 2, 3, 4]
  DELTA_QUERY comp=1 MOV mol_idx=16 natoms=3 n_stored=34
    E_full=-8539.967935  E_ads=-469.173985  E_cur=-8539.979520  E_ads_cur=-469.173250  dE=0.012320 eV
  COMMIT_MOVE comp=1 mol_idx=16  E_current=-8539.967935  E_ads_current=-469.173985 eV
[SERVER] types_arr sample: (2, 0, 0)
[SERVER] species_map keys: [0, 1, 2, 3, 4]
  DELTA_QUERY comp=1 MOV mol_idx=11 natoms=3 n_stored=34
    E_full=-8539.866532  E_ads=-469.173197  E_cur=-8539.967935  E_ads_cur=-469.173985  dE=0.100615 eV
  DELTA_QUERY comp=1 DEL mol_idx=4 natoms=0 n_stored=34
    E_full=-8525.462726  E_ads=-455.396456  E_cur=-8539.967935  E_ads_cur=-469.173985  dE=0.727681 eV
[SERVER] types_arr sample: (2, 0, 0)
[SERVER] species_map keys: [0, 1, 2, 3, 4]
  DELTA_QUERY comp=1 MOV mol_idx=32 natoms=3 n_stored=34
    E_full=-8539.890276  E_ads=-469.612284  E_cur=-8539.967935  E_ads_cur=-469.173985  dE=0.515959 eV
[SERVER] types_arr sample: (2, 0, 0)
[SERVER] species_map keys: [0, 1, 2, 3, 4]
  DELTA_QUERY comp=1 MOV mol_idx=1 natoms=3 n_stored=34
    E_full=-8539.988733  E_ads=-469.066539  E_cur=-8539.967935  E_ads_cur=-469.173985  dE=-0.128243 eV
  COMMIT_MOVE comp=1 mol_idx=1  E_current=-8539.988733  E_ads_current=-469.066539 eV
[SERVER] types_arr sample: (2, 0, 0)
[SERVER] species_map keys: [0, 1, 2, 3, 4]
  DELTA_QUERY comp=1 MOV mol_idx=27 natoms=3 n_stored=34
    E_full=-8539.978531  E_ads=-469.066531  E_cur=-8539.988733  E_ads_cur=-469.066539  dE=0.010194 eV
  COMMIT_MOVE comp=1 mol_idx=27  E_current=-8539.978531  E_ads_current=-469.066531 eV
[SERVER] types_arr sample: (2, 0, 0)
[SERVER] species_map keys: [0, 1, 2, 3, 4]
  DELTA_QUERY comp=1 MOV mol_idx=2 natoms=3 n_stored=34
    E_full=-8540.059759  E_ads=-469.337742  E_cur=-8539.978531  E_ads_cur=-469.066531  dE=0.189983 eV
[SERVER] types_arr sample: (2, 0, 0)
[SERVER] species_map keys: [0, 1, 2, 3, 4]
  DELTA_QUERY comp=1 MOV mol_idx=1 natoms=3 n_stored=34
    E_full=-8539.946154  E_ads=-469.066088  E_cur=-8539.978531  E_ads_cur=-469.066531  dE=0.031934 eV
[SERVER] types_arr sample: (2, 0, 0)
[SERVER] species_map keys: [0, 1, 2, 3, 4]
  DELTA_QUERY comp=1 MOV mol_idx=26 natoms=3 n_stored=34
    E_full=-8539.926731  E_ads=-469.066773  E_cur=-8539.978531  E_ads_cur=-469.066531  dE=0.052042 eV
[SERVER] types_arr sample: (2, 0, 0)
[SERVER] species_map keys: [0, 1, 2, 3, 4]
  DELTA_QUERY comp=1 MOV mol_idx=31 natoms=3 n_stored=34
    E_full=-8539.458821  E_ads=-469.058510  E_cur=-8539.978531  E_ads_cur=-469.066531  dE=0.511689 eV
[SERVER] types_arr sample: (2, 0, 0)
[SERVER] species_map keys: [0, 1, 2, 3, 4]
  DELTA_QUERY comp=1 MOV mol_idx=20 natoms=3 n_stored=34
    E_full=-8540.041934  E_ads=-469.067281  E_cur=-8539.978531  E_ads_cur=-469.066531  dE=-0.062653 eV
  COMMIT_MOVE comp=1 mol_idx=20  E_current=-8540.041934  E_ads_current=-469.067281 eV
[SERVER] types_arr sample: (2, 0, 0)
[SERVER] species_map keys: [0, 1, 2, 3, 4]
  DELTA_QUERY comp=1 MOV mol_idx=14 natoms=3 n_stored=34
    E_full=-8538.174846  E_ads=-469.074060  E_cur=-8540.041934  E_ads_cur=-469.067281  dE=1.873867 eV
[SERVER] types_arr sample: (2, 0, 0)
[SERVER] species_map keys: [0, 1, 2, 3, 4]
  DELTA_QUERY comp=1 INS mol_idx=-1 natoms=3 n_stored=34
    E_full=-8554.524711  E_ads=-483.370053  E_cur=-8540.041934  E_ads_cur=-469.067281  dE=-0.180006 eV
[SERVER] types_arr sample: (2, 0, 0)
[SERVER] species_map keys: [0, 1, 2, 3, 4]
  DELTA_QUERY comp=1 MOV mol_idx=17 natoms=3 n_stored=34
    E_full=-8539.984092  E_ads=-469.067281  E_cur=-8540.041934  E_ads_cur=-469.067281  dE=0.057842 eV
  COMMIT_MOVE comp=1 mol_idx=17  E_current=-8539.984092  E_ads_current=-469.067281 eV
[SERVER] types_arr sample: (2, 0, 0)
[SERVER] species_map keys: [0, 1, 2, 3, 4]
  DELTA_QUERY comp=1 MOV mol_idx=16 natoms=3 n_stored=34
    E_full=-8539.851177  E_ads=-469.075033  E_cur=-8539.984092  E_ads_cur=-469.067281  dE=0.140668 eV
[SERVER] types_arr sample: (2, 0, 0)
[SERVER] species_map keys: [0, 1, 2, 3, 4]
  DELTA_QUERY comp=1 MOV mol_idx=10 natoms=3 n_stored=34
    E_full=-8539.307699  E_ads=-469.294899  E_cur=-8539.984092  E_ads_cur=-469.067281  dE=0.904011 eV
[SERVER] types_arr sample: (2, 0, 0)
[SERVER] species_map keys: [0, 1, 2, 3, 4]
  DELTA_QUERY comp=1 MOV mol_idx=7 natoms=3 n_stored=34
    E_full=-8539.956216  E_ads=-469.067281  E_cur=-8539.984092  E_ads_cur=-469.067281  dE=0.027876 eV
  COMMIT_MOVE comp=1 mol_idx=7  E_current=-8539.956216  E_ads_current=-469.067281 eV
[SERVER] types_arr sample: (2, 0, 0)
[SERVER] species_map keys: [0, 1, 2, 3, 4]
  DELTA_QUERY comp=1 MOV mol_idx=27 natoms=3 n_stored=34
    E_full=-8540.008899  E_ads=-469.067398  E_cur=-8539.956216  E_ads_cur=-469.067281  dE=-0.052566 eV
  COMMIT_MOVE comp=1 mol_idx=27  E_current=-8540.008899  E_ads_current=-469.067398 eV
[SERVER] types_arr sample: (2, 0, 0)
[SERVER] species_map keys: [0, 1, 2, 3, 4]
  DELTA_QUERY comp=1 MOV mol_idx=22 natoms=3 n_stored=34
    E_full=-8539.932524  E_ads=-469.136696  E_cur=-8540.008899  E_ads_cur=-469.067398  dE=0.145672 eV
[SERVER] types_arr sample: (2, 0, 0)
[SERVER] species_map keys: [0, 1, 2, 3, 4]
  DELTA_QUERY comp=1 MOV mol_idx=6 natoms=3 n_stored=34
    E_full=-8540.041789  E_ads=-469.066759  E_cur=-8540.008899  E_ads_cur=-469.067398  dE=-0.033529 eV
  COMMIT_MOVE comp=1 mol_idx=6  E_current=-8540.041789  E_ads_current=-469.066759 eV
[SERVER] types_arr sample: (2, 0, 0)
[SERVER] species_map keys: [0, 1, 2, 3, 4]
  DELTA_QUERY comp=1 MOV mol_idx=3 natoms=3 n_stored=34
    E_full=-8540.052280  E_ads=-469.080072  E_cur=-8540.041789  E_ads_cur=-469.066759  dE=0.002821 eV
  COMMIT_MOVE comp=1 mol_idx=3  E_current=-8540.052280  E_ads_current=-469.080072 eV
[SERVER] types_arr sample: (2, 0, 0)
[SERVER] species_map keys: [0, 1, 2, 3, 4]
  DELTA_QUERY comp=1 MOV mol_idx=23 natoms=3 n_stored=34
    E_full=-8538.353382  E_ads=-469.084793  E_cur=-8540.052280  E_ads_cur=-469.080072  dE=1.703620 eV
[SERVER] types_arr sample: (2, 0, 0)
[SERVER] species_map keys: [0, 1, 2, 3, 4]
  DELTA_QUERY comp=1 MOV mol_idx=10 natoms=3 n_stored=34
    E_full=-8540.067197  E_ads=-469.080072  E_cur=-8540.052280  E_ads_cur=-469.080072  dE=-0.014917 eV
  COMMIT_MOVE comp=1 mol_idx=10  E_current=-8540.067197  E_ads_current=-469.080072 eV
[SERVER] types_arr sample: (2, 0, 0)
[SERVER] species_map keys: [0, 1, 2, 3, 4]
  DELTA_QUERY comp=1 MOV mol_idx=15 natoms=3 n_stored=34
    E_full=-8539.968167  E_ads=-469.078965  E_cur=-8540.067197  E_ads_cur=-469.080072  dE=0.097924 eV
[SERVER] types_arr sample: (2, 0, 0)
[SERVER] species_map keys: [0, 1, 2, 3, 4]
  DELTA_QUERY comp=1 MOV mol_idx=20 natoms=3 n_stored=34
    E_full=-8540.039972  E_ads=-469.134466  E_cur=-8540.067197  E_ads_cur=-469.080072  dE=0.081619 eV
[SERVER] types_arr sample: (2, 0, 0)
[SERVER] species_map keys: [0, 1, 2, 3, 4]
  DELTA_QUERY comp=1 MOV mol_idx=24 natoms=3 n_stored=34
    E_full=-8540.060028  E_ads=-469.081152  E_cur=-8540.067197  E_ads_cur=-469.080072  dE=0.008250 eV
  COMMIT_MOVE comp=1 mol_idx=24  E_current=-8540.060028  E_ads_current=-469.081152 eV
  DELTA_QUERY comp=1 DEL mol_idx=5 natoms=0 n_stored=34
    E_full=-8525.509432  E_ads=-455.303455  E_cur=-8540.060028  E_ads_cur=-469.081152  dE=0.772899 eV
[SERVER] types_arr sample: (2, 0, 0)
[SERVER] species_map keys: [0, 1, 2, 3, 4]
  DELTA_QUERY comp=1 INS mol_idx=-1 natoms=3 n_stored=34
    E_full=-8554.297137  E_ads=-483.235634  E_cur=-8540.060028  E_ads_cur=-469.081152  dE=-0.082627 eV
[SERVER] types_arr sample: (2, 0, 0)
[SERVER] species_map keys: [0, 1, 2, 3, 4]
  DELTA_QUERY comp=1 MOV mol_idx=25 natoms=3 n_stored=34
    E_full=-8539.263277  E_ads=-469.081152  E_cur=-8540.060028  E_ads_cur=-469.081152  dE=0.796751 eV
[SERVER] types_arr sample: (2, 0, 0)
[SERVER] species_map keys: [0, 1, 2, 3, 4]
  DELTA_QUERY comp=1 MOV mol_idx=27 natoms=3 n_stored=34
    E_full=-8540.072688  E_ads=-469.087070  E_cur=-8540.060028  E_ads_cur=-469.081152  dE=-0.006743 eV
[SERVER] types_arr sample: (2, 0, 0)
[SERVER] species_map keys: [0, 1, 2, 3, 4]
  DELTA_QUERY comp=1 INS mol_idx=-1 natoms=3 n_stored=34
    E_full=-8554.021408  E_ads=-482.861615  E_cur=-8540.060028  E_ads_cur=-469.081152  dE=-0.180917 eV
[SERVER] types_arr sample: (2, 0, 0)
[SERVER] species_map keys: [0, 1, 2, 3, 4]
  DELTA_QUERY comp=1 MOV mol_idx=14 natoms=3 n_stored=34
    E_full=-8539.579173  E_ads=-469.099048  E_cur=-8540.060028  E_ads_cur=-469.081152  dE=0.498751 eV
[SERVER] types_arr sample: (2, 0, 0)
[SERVER] species_map keys: [0, 1, 2, 3, 4]
  DELTA_QUERY comp=1 MOV mol_idx=23 natoms=3 n_stored=34
    E_full=-8539.617076  E_ads=-469.093449  E_cur=-8540.060028  E_ads_cur=-469.081152  dE=0.455248 eV
[SERVER] types_arr sample: (2, 0, 0)
[SERVER] species_map keys: [0, 1, 2, 3, 4]
  DELTA_QUERY comp=1 MOV mol_idx=29 natoms=3 n_stored=34
    E_full=-8540.041280  E_ads=-469.095914  E_cur=-8540.060028  E_ads_cur=-469.081152  dE=0.033510 eV
  COMMIT_MOVE comp=1 mol_idx=29  E_current=-8540.041280  E_ads_current=-469.095914 eV
[SERVER] types_arr sample: (2, 0, 0)
[SERVER] species_map keys: [0, 1, 2, 3, 4]
  DELTA_QUERY comp=1 MOV mol_idx=25 natoms=3 n_stored=34
    E_full=-8539.826853  E_ads=-469.095914  E_cur=-8540.041280  E_ads_cur=-469.095914  dE=0.214427 eV
  DELTA_QUERY comp=1 DEL mol_idx=4 natoms=0 n_stored=34
    E_full=-8525.535478  E_ads=-455.318386  E_cur=-8540.041280  E_ads_cur=-469.095914  dE=0.728273 eV
[SERVER] types_arr sample: (2, 0, 0)
[SERVER] species_map keys: [0, 1, 2, 3, 4]
  DELTA_QUERY comp=1 MOV mol_idx=7 natoms=3 n_stored=34
    E_full=-8540.098322  E_ads=-469.166951  E_cur=-8540.041280  E_ads_cur=-469.095914  dE=0.013995 eV
[SERVER] types_arr sample: (2, 0, 0)
[SERVER] species_map keys: [0, 1, 2, 3, 4]
  DELTA_QUERY comp=1 MOV mol_idx=23 natoms=3 n_stored=34
    E_full=-8538.267606  E_ads=-469.163183  E_cur=-8540.041280  E_ads_cur=-469.095914  dE=1.840942 eV
[SERVER] types_arr sample: (2, 0, 0)
[SERVER] species_map keys: [0, 1, 2, 3, 4]
  DELTA_QUERY comp=1 MOV mol_idx=22 natoms=3 n_stored=34
    E_full=-8539.535821  E_ads=-469.011994  E_cur=-8540.041280  E_ads_cur=-469.095914  dE=0.421538 eV
[SERVER] types_arr sample: (2, 0, 0)
[SERVER] species_map keys: [0, 1, 2, 3, 4]
  DELTA_QUERY comp=1 MOV mol_idx=1 natoms=3 n_stored=34
    E_full=-8540.017424  E_ads=-469.095609  E_cur=-8540.041280  E_ads_cur=-469.095914  dE=0.023550 eV
[SERVER] types_arr sample: (2, 0, 0)
[SERVER] species_map keys: [0, 1, 2, 3, 4]
  DELTA_QUERY comp=1 MOV mol_idx=20 natoms=3 n_stored=34
    E_full=-8539.999769  E_ads=-469.096152  E_cur=-8540.041280  E_ads_cur=-469.095914  dE=0.041748 eV
[SERVER] types_arr sample: (2, 0, 0)
[SERVER] species_map keys: [0, 1, 2, 3, 4]
  DELTA_QUERY comp=1 MOV mol_idx=10 natoms=3 n_stored=34
    E_full=-8539.142647  E_ads=-469.326408  E_cur=-8540.041280  E_ads_cur=-469.095914  dE=1.129126 eV
[SERVER] types_arr sample: (2, 0, 0)
[SERVER] species_map keys: [0, 1, 2, 3, 4]
  DELTA_QUERY comp=1 MOV mol_idx=24 natoms=3 n_stored=34
    E_full=-8540.038993  E_ads=-469.094946  E_cur=-8540.041280  E_ads_cur=-469.095914  dE=0.001318 eV
  COMMIT_MOVE comp=1 mol_idx=24  E_current=-8540.038993  E_ads_current=-469.094946 eV
[SERVER] types_arr sample: (2, 0, 0)
[SERVER] species_map keys: [0, 1, 2, 3, 4]
  DELTA_QUERY comp=1 MOV mol_idx=27 natoms=3 n_stored=34
    E_full=-8538.795474  E_ads=-469.095476  E_cur=-8540.038993  E_ads_cur=-469.094946  dE=1.244048 eV
[SERVER] types_arr sample: (2, 0, 0)
[SERVER] species_map keys: [0, 1, 2, 3, 4]
  DELTA_QUERY comp=1 INS mol_idx=-1 natoms=3 n_stored=34
    E_full=-8551.362551  E_ads=-482.928352  E_cur=-8540.038993  E_ads_cur=-469.094946  dE=2.509848 eV
[SERVER] types_arr sample: (2, 0, 0)
[SERVER] species_map keys: [0, 1, 2, 3, 4]
  DELTA_QUERY comp=1 MOV mol_idx=15 natoms=3 n_stored=34
    E_full=-8537.371791  E_ads=-467.826842  E_cur=-8540.038993  E_ads_cur=-469.094946  dE=1.399099 eV
[SERVER] types_arr sample: (2, 0, 0)
[SERVER] species_map keys: [0, 1, 2, 3, 4]
  DELTA_QUERY comp=1 MOV mol_idx=9 natoms=3 n_stored=34
    E_full=-8539.982917  E_ads=-469.094382  E_cur=-8540.038993  E_ads_cur=-469.094946  dE=0.055512 eV
  COMMIT_MOVE comp=1 mol_idx=9  E_current=-8539.982917  E_ads_current=-469.094382 eV
[SERVER] types_arr sample: (2, 0, 0)
[SERVER] species_map keys: [0, 1, 2, 3, 4]
  DELTA_QUERY comp=1 MOV mol_idx=3 natoms=3 n_stored=34
    E_full=-8539.966126  E_ads=-469.086671  E_cur=-8539.982917  E_ads_cur=-469.094382  dE=0.009080 eV
[SERVER] types_arr sample: (2, 0, 0)
[SERVER] species_map keys: [0, 1, 2, 3, 4]
  DELTA_QUERY comp=1 MOV mol_idx=8 natoms=3 n_stored=34
    E_full=-8539.923831  E_ads=-469.094367  E_cur=-8539.982917  E_ads_cur=-469.094382  dE=0.059071 eV
  COMMIT_MOVE comp=1 mol_idx=8  E_current=-8539.923831  E_ads_current=-469.094367 eV
[SERVER] types_arr sample: (2, 0, 0)
[SERVER] species_map keys: [0, 1, 2, 3, 4]
  DELTA_QUERY comp=1 INS mol_idx=-1 natoms=3 n_stored=34
    E_full=-8553.328908  E_ads=-482.402753  E_cur=-8539.923831  E_ads_cur=-469.094367  dE=-0.096690 eV
[SERVER] types_arr sample: (2, 0, 0)
[SERVER] species_map keys: [0, 1, 2, 3, 4]
  DELTA_QUERY comp=1 MOV mol_idx=19 natoms=3 n_stored=34
    E_full=-8539.838600  E_ads=-469.095227  E_cur=-8539.923831  E_ads_cur=-469.094367  dE=0.086092 eV
[SERVER] types_arr sample: (2, 0, 0)
[SERVER] species_map keys: [0, 1, 2, 3, 4]
  DELTA_QUERY comp=1 MOV mol_idx=24 natoms=3 n_stored=34
    E_full=-8539.454244  E_ads=-469.127373  E_cur=-8539.923831  E_ads_cur=-469.094367  dE=0.502594 eV
[SERVER] types_arr sample: (2, 0, 0)
[SERVER] species_map keys: [0, 1, 2, 3, 4]
  DELTA_QUERY comp=1 MOV mol_idx=4 natoms=3 n_stored=34
    E_full=-8539.761267  E_ads=-469.119599  E_cur=-8539.923831  E_ads_cur=-469.094367  dE=0.187797 eV
[SERVER] types_arr sample: (2, 0, 0)
[SERVER] species_map keys: [0, 1, 2, 3, 4]
  DELTA_QUERY comp=1 MOV mol_idx=0 natoms=3 n_stored=34
    E_full=-8539.732573  E_ads=-469.093153  E_cur=-8539.923831  E_ads_cur=-469.094367  dE=0.190045 eV
  DELTA_QUERY comp=1 DEL mol_idx=9 natoms=0 n_stored=34
    E_full=-8525.505411  E_ads=-455.314043  E_cur=-8539.923831  E_ads_cur=-469.094367  dE=0.638096 eV
[SERVER] types_arr sample: (2, 0, 0)
[SERVER] species_map keys: [0, 1, 2, 3, 4]
  DELTA_QUERY comp=1 MOV mol_idx=33 natoms=3 n_stored=34
    E_full=-8539.974939  E_ads=-469.191231  E_cur=-8539.923831  E_ads_cur=-469.094367  dE=0.045757 eV
[SERVER] types_arr sample: (2, 0, 0)
[SERVER] species_map keys: [0, 1, 2, 3, 4]
  DELTA_QUERY comp=1 MOV mol_idx=25 natoms=3 n_stored=34
    E_full=-8539.848925  E_ads=-469.119045  E_cur=-8539.923831  E_ads_cur=-469.094367  dE=0.099585 eV
  COMMIT_MOVE comp=1 mol_idx=25  E_current=-8539.848925  E_ads_current=-469.119045 eV
[SERVER] types_arr sample: (2, 0, 0)
[SERVER] species_map keys: [0, 1, 2, 3, 4]
  DELTA_QUERY comp=1 MOV mol_idx=9 natoms=3 n_stored=34
    E_full=-8539.833895  E_ads=-469.119759  E_cur=-8539.848925  E_ads_cur=-469.119045  dE=0.015744 eV
  COMMIT_MOVE comp=1 mol_idx=9  E_current=-8539.833895  E_ads_current=-469.119759 eV
  DELTA_QUERY comp=1 DEL mol_idx=30 natoms=0 n_stored=34
    E_full=-8525.317940  E_ads=-454.866574  E_cur=-8539.833895  E_ads_cur=-469.119759  dE=0.262770 eV
[SERVER] types_arr sample: (2, 0, 0)
[SERVER] species_map keys: [0, 1, 2, 3, 4]
  DELTA_QUERY comp=1 MOV mol_idx=10 natoms=3 n_stored=34
    E_full=-8539.677451  E_ads=-469.424646  E_cur=-8539.833895  E_ads_cur=-469.119759  dE=0.461330 eV
  DELTA_QUERY comp=1 DEL mol_idx=2 natoms=0 n_stored=34
    E_full=-8525.427827  E_ads=-455.342231  E_cur=-8539.833895  E_ads_cur=-469.119759  dE=0.628540 eV
  DELTA_QUERY comp=1 DEL mol_idx=13 natoms=0 n_stored=34
    E_full=-8525.483266  E_ads=-455.340016  E_cur=-8539.833895  E_ads_cur=-469.119759  dE=0.570885 eV
[SERVER] types_arr sample: (2, 0, 0)
[SERVER] species_map keys: [0, 1, 2, 3, 4]
  DELTA_QUERY comp=1 MOV mol_idx=21 natoms=3 n_stored=34
    E_full=-8539.826082  E_ads=-469.109142  E_cur=-8539.833895  E_ads_cur=-469.119759  dE=-0.002804 eV
  COMMIT_MOVE comp=1 mol_idx=21  E_current=-8539.826082  E_ads_current=-469.109142 eV
[SERVER] types_arr sample: (2, 0, 0)
[SERVER] species_map keys: [0, 1, 2, 3, 4]
  DELTA_QUERY comp=1 MOV mol_idx=21 natoms=3 n_stored=34
    E_full=-8539.571407  E_ads=-469.143567  E_cur=-8539.826082  E_ads_cur=-469.109142  dE=0.289099 eV
[SERVER] types_arr sample: (2, 0, 0)
[SERVER] species_map keys: [0, 1, 2, 3, 4]
  DELTA_QUERY comp=1 MOV mol_idx=27 natoms=3 n_stored=34
    E_full=-8539.806378  E_ads=-469.108854  E_cur=-8539.826082  E_ads_cur=-469.109142  dE=0.019415 eV
[SERVER] types_arr sample: (2, 0, 0)
[SERVER] species_map keys: [0, 1, 2, 3, 4]
  DELTA_QUERY comp=1 INS mol_idx=-1 natoms=3 n_stored=34
    E_full=-8554.163937  E_ads=-483.245381  E_cur=-8539.826082  E_ads_cur=-469.109142  dE=-0.201616 eV
  COMMIT_INSERT comp=1 n_stored=35  E_current=-8554.163937  E_ads_current=-483.245381 eV
[SERVER] types_arr sample: (2, 0, 0)
[SERVER] species_map keys: [0, 1, 2, 3, 4]
  DELTA_QUERY comp=1 MOV mol_idx=13 natoms=3 n_stored=35
    E_full=-8553.950171  E_ads=-483.260950  E_cur=-8554.163937  E_ads_cur=-483.245381  dE=0.229335 eV
[SERVER] types_arr sample: (2, 0, 0)
[SERVER] species_map keys: [0, 1, 2, 3, 4]
  DELTA_QUERY comp=1 MOV mol_idx=34 natoms=3 n_stored=35
    E_full=-8553.655502  E_ads=-482.834955  E_cur=-8554.163937  E_ads_cur=-483.245381  dE=0.098009 eV
[SERVER] types_arr sample: (2, 0, 0)
[SERVER] species_map keys: [0, 1, 2, 3, 4]
  DELTA_QUERY comp=1 MOV mol_idx=31 natoms=3 n_stored=35
    E_full=-8554.108150  E_ads=-483.245381  E_cur=-8554.163937  E_ads_cur=-483.245381  dE=0.055787 eV
[SERVER] types_arr sample: (2, 0, 0)
[SERVER] species_map keys: [0, 1, 2, 3, 4]
  DELTA_QUERY comp=1 MOV mol_idx=1 natoms=3 n_stored=35
    E_full=-8553.557446  E_ads=-483.557512  E_cur=-8554.163937  E_ads_cur=-483.245381  dE=0.918621 eV
[SERVER] types_arr sample: (2, 0, 0)
[SERVER] species_map keys: [0, 1, 2, 3, 4]
  DELTA_QUERY comp=1 INS mol_idx=-1 natoms=3 n_stored=35
    E_full=-8568.362345  E_ads=-497.536199  E_cur=-8554.163937  E_ads_cur=-483.245381  dE=0.092411 eV
[SERVER] types_arr sample: (2, 0, 0)
[SERVER] species_map keys: [0, 1, 2, 3, 4]
  DELTA_QUERY comp=1 MOV mol_idx=1 natoms=3 n_stored=35
    E_full=-8554.130317  E_ads=-483.245274  E_cur=-8554.163937  E_ads_cur=-483.245381  dE=0.033513 eV
[SERVER] types_arr sample: (2, 0, 0)
[SERVER] species_map keys: [0, 1, 2, 3, 4]
  DELTA_QUERY comp=1 INS mol_idx=-1 natoms=3 n_stored=35
    E_full=-8567.769358  E_ads=-497.116945  E_cur=-8554.163937  E_ads_cur=-483.245381  dE=0.266143 eV
[SERVER] types_arr sample: (2, 0, 0)
[SERVER] species_map keys: [0, 1, 2, 3, 4]
  DELTA_QUERY comp=1 INS mol_idx=-1 natoms=3 n_stored=35
    E_full=-8566.597594  E_ads=-495.427109  E_cur=-8554.163937  E_ads_cur=-483.245381  dE=-0.251928 eV
[SERVER] types_arr sample: (2, 0, 0)
[SERVER] species_map keys: [0, 1, 2, 3, 4]
  DELTA_QUERY comp=1 MOV mol_idx=29 natoms=3 n_stored=35
    E_full=-8552.796315  E_ads=-483.232836  E_cur=-8554.163937  E_ads_cur=-483.245381  dE=1.355077 eV
[SERVER] types_arr sample: (2, 0, 0)
[SERVER] species_map keys: [0, 1, 2, 3, 4]
  DELTA_QUERY comp=1 MOV mol_idx=1 natoms=3 n_stored=35
    E_full=-8554.099724  E_ads=-483.244899  E_cur=-8554.163937  E_ads_cur=-483.245381  dE=0.063731 eV
[SERVER] types_arr sample: (2, 0, 0)
[SERVER] species_map keys: [0, 1, 2, 3, 4]
  DELTA_QUERY comp=1 MOV mol_idx=25 natoms=3 n_stored=35
    E_full=-8554.063566  E_ads=-483.247595  E_cur=-8554.163937  E_ads_cur=-483.245381  dE=0.102585 eV
  DELTA_QUERY comp=1 DEL mol_idx=26 natoms=0 n_stored=35
    E_full=-8539.847475  E_ads=-469.467853  E_cur=-8554.163937  E_ads_cur=-483.245381  dE=0.538934 eV
[SERVER] types_arr sample: (2, 0, 0)
[SERVER] species_map keys: [0, 1, 2, 3, 4]
  DELTA_QUERY comp=1 MOV mol_idx=23 natoms=3 n_stored=35
    E_full=-8554.370218  E_ads=-483.255427  E_cur=-8554.163937  E_ads_cur=-483.245381  dE=-0.196235 eV
  COMMIT_MOVE comp=1 mol_idx=23  E_current=-8554.370218  E_ads_current=-483.255427 eV
[SERVER] types_arr sample: (2, 0, 0)
[SERVER] species_map keys: [0, 1, 2, 3, 4]
  DELTA_QUERY comp=1 MOV mol_idx=10 natoms=3 n_stored=35
    E_full=-8554.094563  E_ads=-483.520723  E_cur=-8554.370218  E_ads_cur=-483.255427  dE=0.540951 eV
[SERVER] types_arr sample: (2, 0, 0)
[SERVER] species_map keys: [0, 1, 2, 3, 4]
  DELTA_QUERY comp=1 MOV mol_idx=33 natoms=3 n_stored=35
    E_full=-8554.372877  E_ads=-483.203218  E_cur=-8554.370218  E_ads_cur=-483.255427  dE=-0.054867 eV
  COMMIT_MOVE comp=1 mol_idx=33  E_current=-8554.372877  E_ads_current=-483.203218 eV
  DELTA_QUERY comp=1 DEL mol_idx=27 natoms=0 n_stored=35
    E_full=-8539.860944  E_ads=-469.424808  E_cur=-8554.372877  E_ads_cur=-483.203218  dE=0.733522 eV
[SERVER] types_arr sample: (2, 0, 0)
[SERVER] species_map keys: [0, 1, 2, 3, 4]
  DELTA_QUERY comp=1 MOV mol_idx=24 natoms=3 n_stored=35
    E_full=-8554.391721  E_ads=-483.205267  E_cur=-8554.372877  E_ads_cur=-483.203218  dE=-0.016796 eV
  COMMIT_MOVE comp=1 mol_idx=24  E_current=-8554.391721  E_ads_current=-483.205267 eV
[SERVER] types_arr sample: (2, 0, 0)
[SERVER] species_map keys: [0, 1, 2, 3, 4]
  DELTA_QUERY comp=1 MOV mol_idx=3 natoms=3 n_stored=35
    E_full=-8554.246553  E_ads=-483.171508  E_cur=-8554.391721  E_ads_cur=-483.205267  dE=0.111409 eV
[SERVER] types_arr sample: (2, 0, 0)
[SERVER] species_map keys: [0, 1, 2, 3, 4]
  DELTA_QUERY comp=1 MOV mol_idx=8 natoms=3 n_stored=35
    E_full=-8554.363224  E_ads=-483.205267  E_cur=-8554.391721  E_ads_cur=-483.205267  dE=0.028497 eV
  COMMIT_MOVE comp=1 mol_idx=8  E_current=-8554.363224  E_ads_current=-483.205267 eV
[SERVER] types_arr sample: (2, 0, 0)
[SERVER] species_map keys: [0, 1, 2, 3, 4]
  DELTA_QUERY comp=1 MOV mol_idx=14 natoms=3 n_stored=35
    E_full=-8554.604602  E_ads=-483.215576  E_cur=-8554.363224  E_ads_cur=-483.205267  dE=-0.231068 eV
  COMMIT_MOVE comp=1 mol_idx=14  E_current=-8554.604602  E_ads_current=-483.215576 eV
[SERVER] types_arr sample: (2, 0, 0)
[SERVER] species_map keys: [0, 1, 2, 3, 4]
  DELTA_QUERY comp=1 MOV mol_idx=2 natoms=3 n_stored=35
    E_full=-8554.441583  E_ads=-483.222828  E_cur=-8554.604602  E_ads_cur=-483.215576  dE=0.170270 eV
[SERVER] types_arr sample: (2, 0, 0)
[SERVER] species_map keys: [0, 1, 2, 3, 4]
  DELTA_QUERY comp=1 INS mol_idx=-1 natoms=3 n_stored=35
    E_full=-8568.258356  E_ads=-497.046964  E_cur=-8554.604602  E_ads_cur=-483.215576  dE=0.177633 eV
  DELTA_QUERY comp=1 DEL mol_idx=25 natoms=0 n_stored=35
    E_full=-8540.185422  E_ads=-469.412053  E_cur=-8554.604602  E_ads_cur=-483.215576  dE=0.615656 eV
[SERVER] types_arr sample: (2, 0, 0)
[SERVER] species_map keys: [0, 1, 2, 3, 4]
  DELTA_QUERY comp=1 MOV mol_idx=14 natoms=3 n_stored=35
    E_full=-8554.390487  E_ads=-483.212803  E_cur=-8554.604602  E_ads_cur=-483.215576  dE=0.211341 eV
  DELTA_QUERY comp=1 DEL mol_idx=34 natoms=0 n_stored=35
    E_full=-8540.274516  E_ads=-469.079355  E_cur=-8554.604602  E_ads_cur=-483.215576  dE=0.193864 eV
  COMMIT_DELETE comp=1 mol_idx=34 n_stored=34  E_current=-8540.274516  E_ads_current=-469.079355 eV
[SERVER] types_arr sample: (2, 0, 0)
[SERVER] species_map keys: [0, 1, 2, 3, 4]
  DELTA_QUERY comp=1 MOV mol_idx=5 natoms=3 n_stored=34
    E_full=-8539.483861  E_ads=-469.210255  E_cur=-8540.274516  E_ads_cur=-469.079355  dE=0.921555 eV
[SERVER] types_arr sample: (2, 0, 0)
[SERVER] species_map keys: [0, 1, 2, 3, 4]
  DELTA_QUERY comp=1 MOV mol_idx=8 natoms=3 n_stored=34
    E_full=-8540.218036  E_ads=-469.084107  E_cur=-8540.274516  E_ads_cur=-469.079355  dE=0.061233 eV
[SERVER] types_arr sample: (2, 0, 0)
[SERVER] species_map keys: [0, 1, 2, 3, 4]
  DELTA_QUERY comp=1 MOV mol_idx=7 natoms=3 n_stored=34
    E_full=-8540.007435  E_ads=-469.079374  E_cur=-8540.274516  E_ads_cur=-469.079355  dE=0.267101 eV
[SERVER] types_arr sample: (2, 0, 0)
[SERVER] species_map keys: [0, 1, 2, 3, 4]
  DELTA_QUERY comp=1 MOV mol_idx=12 natoms=3 n_stored=34
    E_full=-8539.512238  E_ads=-469.096563  E_cur=-8540.274516  E_ads_cur=-469.079355  dE=0.779486 eV
[SERVER] types_arr sample: (2, 0, 0)
[SERVER] species_map keys: [0, 1, 2, 3, 4]
  DELTA_QUERY comp=1 MOV mol_idx=30 natoms=3 n_stored=34
    E_full=-8539.922959  E_ads=-468.787202  E_cur=-8540.274516  E_ads_cur=-469.079355  dE=0.059405 eV
[SERVER] types_arr sample: (2, 0, 0)
[SERVER] species_map keys: [0, 1, 2, 3, 4]
  DELTA_QUERY comp=1 INS mol_idx=-1 natoms=3 n_stored=34
    E_full=-8553.925159  E_ads=-482.875855  E_cur=-8540.274516  E_ads_cur=-469.079355  dE=0.145857 eV
[SERVER] types_arr sample: (2, 0, 0)
[SERVER] species_map keys: [0, 1, 2, 3, 4]
  DELTA_QUERY comp=1 MOV mol_idx=0 natoms=3 n_stored=34
    E_full=-8538.973094  E_ads=-469.064998  E_cur=-8540.274516  E_ads_cur=-469.079355  dE=1.287065 eV
[SERVER] types_arr sample: (2, 0, 0)
[SERVER] species_map keys: [0, 1, 2, 3, 4]
  DELTA_QUERY comp=1 MOV mol_idx=14 natoms=3 n_stored=34
    E_full=-8540.145414  E_ads=-469.077236  E_cur=-8540.274516  E_ads_cur=-469.079355  dE=0.126984 eV
  DELTA_QUERY comp=1 DEL mol_idx=33 natoms=0 n_stored=34
    E_full=-8525.843723  E_ads=-455.269964  E_cur=-8540.274516  E_ads_cur=-469.079355  dE=0.621402 eV
[SERVER] types_arr sample: (2, 0, 0)
[SERVER] species_map keys: [0, 1, 2, 3, 4]
  DELTA_QUERY comp=1 MOV mol_idx=4 natoms=3 n_stored=34
    E_full=-8540.117363  E_ads=-469.079355  E_cur=-8540.274516  E_ads_cur=-469.079355  dE=0.157153 eV
[SERVER] types_arr sample: (2, 0, 0)
[SERVER] species_map keys: [0, 1, 2, 3, 4]
  DELTA_QUERY comp=1 INS mol_idx=-1 natoms=3 n_stored=34
    E_full=-8554.721230  E_ads=-483.246854  E_cur=-8540.274516  E_ads_cur=-469.079355  dE=-0.279214 eV
  COMMIT_INSERT comp=1 n_stored=35  E_current=-8554.721230  E_ads_current=-483.246854 eV
[SERVER] types_arr sample: (2, 0, 0)
[SERVER] species_map keys: [0, 1, 2, 3, 4]
  DELTA_QUERY comp=1 INS mol_idx=-1 natoms=3 n_stored=35
    E_full=-8569.037061  E_ads=-497.244423  E_cur=-8554.721230  E_ads_cur=-483.246854  dE=-0.318262 eV
  COMMIT_INSERT comp=1 n_stored=36  E_current=-8569.037061  E_ads_current=-497.244423 eV
[SERVER] types_arr sample: (2, 0, 0)
[SERVER] species_map keys: [0, 1, 2, 3, 4]
  DELTA_QUERY comp=1 MOV mol_idx=18 natoms=3 n_stored=36
    E_full=-8567.077279  E_ads=-496.700887  E_cur=-8569.037061  E_ads_cur=-497.244423  dE=1.416246 eV
[SERVER] types_arr sample: (2, 0, 0)
[SERVER] species_map keys: [0, 1, 2, 3, 4]
  DELTA_QUERY comp=1 MOV mol_idx=8 natoms=3 n_stored=36
    E_full=-8569.053626  E_ads=-497.244437  E_cur=-8569.037061  E_ads_cur=-497.244423  dE=-0.016552 eV
  COMMIT_MOVE comp=1 mol_idx=8  E_current=-8569.053626  E_ads_current=-497.244437 eV
  DELTA_QUERY comp=1 DEL mol_idx=28 natoms=0 n_stored=36
    E_full=-8554.697683  E_ads=-483.465141  E_cur=-8569.053626  E_ads_cur=-497.244437  dE=0.576647 eV
[SERVER] types_arr sample: (2, 0, 0)
[SERVER] species_map keys: [0, 1, 2, 3, 4]
  DELTA_QUERY comp=1 MOV mol_idx=29 natoms=3 n_stored=36
    E_full=-8569.006086  E_ads=-497.244173  E_cur=-8569.053626  E_ads_cur=-497.244437  dE=0.047276 eV
[SERVER] types_arr sample: (2, 0, 0)
[SERVER] species_map keys: [0, 1, 2, 3, 4]
  DELTA_QUERY comp=1 MOV mol_idx=34 natoms=3 n_stored=36
    E_full=-8567.289507  E_ads=-497.102681  E_cur=-8569.053626  E_ads_cur=-497.244437  dE=1.622363 eV
  DELTA_QUERY comp=1 DEL mol_idx=19 natoms=0 n_stored=36
    E_full=-8554.579967  E_ads=-483.461839  E_cur=-8569.053626  E_ads_cur=-497.244437  dE=0.691061 eV
[SERVER] types_arr sample: (2, 0, 0)
[SERVER] species_map keys: [0, 1, 2, 3, 4]
  DELTA_QUERY comp=1 MOV mol_idx=0 natoms=3 n_stored=36
    E_full=-8568.059081  E_ads=-497.230501  E_cur=-8569.053626  E_ads_cur=-497.244437  dE=0.980609 eV
[SERVER] types_arr sample: (2, 0, 0)
[SERVER] species_map keys: [0, 1, 2, 3, 4]
  DELTA_QUERY comp=1 MOV mol_idx=26 natoms=3 n_stored=36
    E_full=-8569.047732  E_ads=-497.244437  E_cur=-8569.053626  E_ads_cur=-497.244437  dE=0.005894 eV
  COMMIT_MOVE comp=1 mol_idx=26  E_current=-8569.047732  E_ads_current=-497.244437 eV
[SERVER] types_arr sample: (2, 0, 0)
[SERVER] species_map keys: [0, 1, 2, 3, 4]
  DELTA_QUERY comp=1 INS mol_idx=-1 natoms=3 n_stored=36
    E_full=-8583.315832  E_ads=-511.386137  E_cur=-8569.047732  E_ads_cur=-497.244437  dE=-0.126400 eV
[SERVER] types_arr sample: (2, 0, 0)
[SERVER] species_map keys: [0, 1, 2, 3, 4]
  DELTA_QUERY comp=1 MOV mol_idx=17 natoms=3 n_stored=36
    E_full=-8569.103834  E_ads=-497.238238  E_cur=-8569.047732  E_ads_cur=-497.244437  dE=-0.062301 eV
  COMMIT_MOVE comp=1 mol_idx=17  E_current=-8569.103834  E_ads_current=-497.238238 eV
  DELTA_QUERY comp=1 DEL mol_idx=3 natoms=0 n_stored=36
    E_full=-8554.400454  E_ads=-482.973458  E_cur=-8569.103834  E_ads_cur=-497.238238  dE=0.438601 eV
[SERVER] types_arr sample: (2, 0, 0)
[SERVER] species_map keys: [0, 1, 2, 3, 4]
  DELTA_QUERY comp=1 MOV mol_idx=11 natoms=3 n_stored=36
    E_full=-8569.089243  E_ads=-497.240241  E_cur=-8569.103834  E_ads_cur=-497.238238  dE=0.016594 eV
  COMMIT_MOVE comp=1 mol_idx=11  E_current=-8569.089243  E_ads_current=-497.240241 eV
[SERVER] types_arr sample: (2, 0, 0)
[SERVER] species_map keys: [0, 1, 2, 3, 4]
  DELTA_QUERY comp=1 MOV mol_idx=28 natoms=3 n_stored=36
    E_full=-8569.092205  E_ads=-497.239448  E_cur=-8569.089243  E_ads_cur=-497.240241  dE=-0.003754 eV
  COMMIT_MOVE comp=1 mol_idx=28  E_current=-8569.092205  E_ads_current=-497.239448 eV
[SERVER] types_arr sample: (2, 0, 0)
[SERVER] species_map keys: [0, 1, 2, 3, 4]
  DELTA_QUERY comp=1 MOV mol_idx=21 natoms=3 n_stored=36
    E_full=-8569.265349  E_ads=-497.241662  E_cur=-8569.092205  E_ads_cur=-497.239448  dE=-0.170930 eV
  COMMIT_MOVE comp=1 mol_idx=21  E_current=-8569.265349  E_ads_current=-497.241662 eV
[SERVER] types_arr sample: (2, 0, 0)
[SERVER] species_map keys: [0, 1, 2, 3, 4]
  DELTA_QUERY comp=1 MOV mol_idx=13 natoms=3 n_stored=36
    E_full=-8569.307945  E_ads=-497.239778  E_cur=-8569.265349  E_ads_cur=-497.241662  dE=-0.044480 eV
  COMMIT_MOVE comp=1 mol_idx=13  E_current=-8569.307945  E_ads_current=-497.239778 eV
  DELTA_QUERY comp=1 DEL mol_idx=13 natoms=0 n_stored=36
    E_full=-8554.918476  E_ads=-483.460492  E_cur=-8569.307945  E_ads_cur=-497.239778  dE=0.610183 eV
[SERVER] types_arr sample: (2, 0, 0)
[SERVER] species_map keys: [0, 1, 2, 3, 4]
  DELTA_QUERY comp=1 MOV mol_idx=21 natoms=3 n_stored=36
    E_full=-8569.259560  E_ads=-497.239555  E_cur=-8569.307945  E_ads_cur=-497.239778  dE=0.048162 eV
[SERVER] types_arr sample: (2, 0, 0)
[SERVER] species_map keys: [0, 1, 2, 3, 4]
  DELTA_QUERY comp=1 MOV mol_idx=22 natoms=3 n_stored=36
    E_full=-8569.353600  E_ads=-497.242600  E_cur=-8569.307945  E_ads_cur=-497.239778  dE=-0.042832 eV
  COMMIT_MOVE comp=1 mol_idx=22  E_current=-8569.353600  E_ads_current=-497.242600 eV
[SERVER] types_arr sample: (2, 0, 0)
[SERVER] species_map keys: [0, 1, 2, 3, 4]
  DELTA_QUERY comp=1 MOV mol_idx=33 natoms=3 n_stored=36
    E_full=-8568.811561  E_ads=-497.402469  E_cur=-8569.353600  E_ads_cur=-497.242600  dE=0.701908 eV
[SERVER] types_arr sample: (2, 0, 0)
[SERVER] species_map keys: [0, 1, 2, 3, 4]
  DELTA_QUERY comp=1 MOV mol_idx=15 natoms=3 n_stored=36
    E_full=-8569.328139  E_ads=-497.242487  E_cur=-8569.353600  E_ads_cur=-497.242600  dE=0.025348 eV
[SERVER] types_arr sample: (2, 0, 0)
[SERVER] species_map keys: [0, 1, 2, 3, 4]
  DELTA_QUERY comp=1 MOV mol_idx=33 natoms=3 n_stored=36
    E_full=-8569.244614  E_ads=-497.244217  E_cur=-8569.353600  E_ads_cur=-497.242600  dE=0.110602 eV
[SERVER] types_arr sample: (2, 0, 0)
[SERVER] species_map keys: [0, 1, 2, 3, 4]
  DELTA_QUERY comp=1 INS mol_idx=-1 natoms=3 n_stored=36
    E_full=-8583.967996  E_ads=-511.479432  E_cur=-8569.353600  E_ads_cur=-497.242600  dE=-0.377565 eV
  COMMIT_INSERT comp=1 n_stored=37  E_current=-8583.967996  E_ads_current=-511.479432 eV
[SERVER] types_arr sample: (2, 0, 0)
[SERVER] species_map keys: [0, 1, 2, 3, 4]
  DELTA_QUERY comp=1 INS mol_idx=-1 natoms=3 n_stored=37
    E_full=-8598.406827  E_ads=-525.256971  E_cur=-8583.967996  E_ads_cur=-511.479432  dE=-0.661292 eV
  COMMIT_INSERT comp=1 n_stored=38  E_current=-8598.406827  E_ads_current=-525.256971 eV
[SERVER] types_arr sample: (2, 0, 0)
[SERVER] species_map keys: [0, 1, 2, 3, 4]
  DELTA_QUERY comp=1 MOV mol_idx=9 natoms=3 n_stored=38
    E_full=-8598.372934  E_ads=-525.257083  E_cur=-8598.406827  E_ads_cur=-525.256971  dE=0.034006 eV
[SERVER] types_arr sample: (2, 0, 0)
[SERVER] species_map keys: [0, 1, 2, 3, 4]
  DELTA_QUERY comp=1 INS mol_idx=-1 natoms=3 n_stored=38
    E_full=-8612.498142  E_ads=-539.164314  E_cur=-8598.406827  E_ads_cur=-525.256971  dE=-0.183972 eV
[SERVER] types_arr sample: (2, 0, 0)
[SERVER] species_map keys: [0, 1, 2, 3, 4]
  DELTA_QUERY comp=1 MOV mol_idx=3 natoms=3 n_stored=38
    E_full=-8597.883792  E_ads=-524.978381  E_cur=-8598.406827  E_ads_cur=-525.256971  dE=0.244445 eV
[SERVER] types_arr sample: (2, 0, 0)
[SERVER] species_map keys: [0, 1, 2, 3, 4]
  DELTA_QUERY comp=1 MOV mol_idx=4 natoms=3 n_stored=38
    E_full=-8598.313687  E_ads=-525.276822  E_cur=-8598.406827  E_ads_cur=-525.256971  dE=0.112991 eV
[SERVER] types_arr sample: (2, 0, 0)
[SERVER] species_map keys: [0, 1, 2, 3, 4]
  DELTA_QUERY comp=1 MOV mol_idx=12 natoms=3 n_stored=38
    E_full=-8597.739243  E_ads=-525.429467  E_cur=-8598.406827  E_ads_cur=-525.256971  dE=0.840080 eV
[SERVER] types_arr sample: (2, 0, 0)
[SERVER] species_map keys: [0, 1, 2, 3, 4]
  DELTA_QUERY comp=1 MOV mol_idx=19 natoms=3 n_stored=38
    E_full=-8597.320733  E_ads=-525.459980  E_cur=-8598.406827  E_ads_cur=-525.256971  dE=1.289104 eV
  DELTA_QUERY comp=1 DEL mol_idx=15 natoms=0 n_stored=38
    E_full=-8583.927886  E_ads=-511.468737  E_cur=-8598.406827  E_ads_cur=-525.256971  dE=0.690708 eV
[SERVER] types_arr sample: (2, 0, 0)
[SERVER] species_map keys: [0, 1, 2, 3, 4]
  DELTA_QUERY comp=1 MOV mol_idx=25 natoms=3 n_stored=38
    E_full=-8597.164442  E_ads=-525.059537  E_cur=-8598.406827  E_ads_cur=-525.256971  dE=1.044952 eV
[SERVER] types_arr sample: (2, 0, 0)
[SERVER] species_map keys: [0, 1, 2, 3, 4]
  DELTA_QUERY comp=1 MOV mol_idx=0 natoms=3 n_stored=38
    E_full=-8598.292657  E_ads=-525.255678  E_cur=-8598.406827  E_ads_cur=-525.256971  dE=0.112877 eV
[SERVER] types_arr sample: (2, 0, 0)
[SERVER] species_map keys: [0, 1, 2, 3, 4]
  DELTA_QUERY comp=1 MOV mol_idx=32 natoms=3 n_stored=38
    E_full=-8598.411053  E_ads=-525.256971  E_cur=-8598.406827  E_ads_cur=-525.256971  dE=-0.004226 eV
  COMMIT_MOVE comp=1 mol_idx=32  E_current=-8598.411053  E_ads_current=-525.256971 eV
  DELTA_QUERY comp=1 DEL mol_idx=0 natoms=0 n_stored=38
    E_full=-8584.049413  E_ads=-511.465158  E_cur=-8598.411053  E_ads_cur=-525.256971  dE=0.569828 eV
[SERVER] types_arr sample: (2, 0, 0)
[SERVER] species_map keys: [0, 1, 2, 3, 4]
  DELTA_QUERY comp=1 MOV mol_idx=34 natoms=3 n_stored=38
    E_full=-8598.404526  E_ads=-525.313946  E_cur=-8598.411053  E_ads_cur=-525.256971  dE=0.063503 eV
  COMMIT_MOVE comp=1 mol_idx=34  E_current=-8598.404526  E_ads_current=-525.313946 eV
  DELTA_QUERY comp=1 DEL mol_idx=2 natoms=0 n_stored=38
    E_full=-8583.991582  E_ads=-511.536417  E_cur=-8598.404526  E_ads_cur=-525.313946  dE=0.635415 eV
[SERVER] types_arr sample: (2, 0, 0)
[SERVER] species_map keys: [0, 1, 2, 3, 4]
  DELTA_QUERY comp=1 MOV mol_idx=23 natoms=3 n_stored=38
    E_full=-8598.415076  E_ads=-525.309930  E_cur=-8598.404526  E_ads_cur=-525.313946  dE=-0.014566 eV
  COMMIT_MOVE comp=1 mol_idx=23  E_current=-8598.415076  E_ads_current=-525.309930 eV
  DELTA_QUERY comp=1 DEL mol_idx=31 natoms=0 n_stored=38
    E_full=-8583.949322  E_ads=-511.522305  E_cur=-8598.415076  E_ads_cur=-525.309930  dE=0.678130 eV
[SERVER] types_arr sample: (2, 0, 0)
[SERVER] species_map keys: [0, 1, 2, 3, 4]
  DELTA_QUERY comp=1 INS mol_idx=-1 natoms=3 n_stored=38
    E_full=-8612.712481  E_ads=-539.087458  E_cur=-8598.415076  E_ads_cur=-525.309930  dE=-0.519876 eV
  COMMIT_INSERT comp=1 n_stored=39  E_current=-8612.712481  E_ads_current=-539.087458 eV
[SERVER] types_arr sample: (2, 0, 0)
[SERVER] species_map keys: [0, 1, 2, 3, 4]
  DELTA_QUERY comp=1 MOV mol_idx=38 natoms=3 n_stored=39
    E_full=-8612.663272  E_ads=-539.087458  E_cur=-8612.712481  E_ads_cur=-539.087458  dE=0.049209 eV
[SERVER] types_arr sample: (2, 0, 0)
[SERVER] species_map keys: [0, 1, 2, 3, 4]
  DELTA_QUERY comp=1 MOV mol_idx=20 natoms=3 n_stored=39
    E_full=-8611.977319  E_ads=-539.341465  E_cur=-8612.712481  E_ads_cur=-539.087458  dE=0.989168 eV
[SERVER] types_arr sample: (2, 0, 0)
[SERVER] species_map keys: [0, 1, 2, 3, 4]
  DELTA_QUERY comp=1 MOV mol_idx=11 natoms=3 n_stored=39
    E_full=-8612.724215  E_ads=-539.093977  E_cur=-8612.712481  E_ads_cur=-539.087458  dE=-0.005215 eV
  COMMIT_MOVE comp=1 mol_idx=11  E_current=-8612.724215  E_ads_current=-539.093977 eV
[SERVER] types_arr sample: (2, 0, 0)
[SERVER] species_map keys: [0, 1, 2, 3, 4]
  DELTA_QUERY comp=1 INS mol_idx=-1 natoms=3 n_stored=39
    E_full=-8627.059303  E_ads=-552.871506  E_cur=-8612.724215  E_ads_cur=-539.093977  dE=-0.557559 eV
  COMMIT_INSERT comp=1 n_stored=40  E_current=-8627.059303  E_ads_current=-552.871506 eV
[SERVER] types_arr sample: (2, 0, 0)
[SERVER] species_map keys: [0, 1, 2, 3, 4]
  DELTA_QUERY comp=1 MOV mol_idx=29 natoms=3 n_stored=40
    E_full=-8626.781230  E_ads=-552.871242  E_cur=-8627.059303  E_ads_cur=-552.871506  dE=0.277809 eV
[SERVER] types_arr sample: (2, 0, 0)
[SERVER] species_map keys: [0, 1, 2, 3, 4]
  DELTA_QUERY comp=1 MOV mol_idx=7 natoms=3 n_stored=40
    E_full=-8626.293670  E_ads=-552.955100  E_cur=-8627.059303  E_ads_cur=-552.871506  dE=0.849227 eV
[SERVER] types_arr sample: (2, 0, 0)
[SERVER] species_map keys: [0, 1, 2, 3, 4]
  DELTA_QUERY comp=1 MOV mol_idx=34 natoms=3 n_stored=40
    E_full=-8627.029452  E_ads=-552.740757  E_cur=-8627.059303  E_ads_cur=-552.871506  dE=-0.100898 eV
  COMMIT_MOVE comp=1 mol_idx=34  E_current=-8627.029452  E_ads_current=-552.740757 eV
[SERVER] types_arr sample: (2, 0, 0)
[SERVER] species_map keys: [0, 1, 2, 3, 4]
  DELTA_QUERY comp=1 MOV mol_idx=26 natoms=3 n_stored=40
    E_full=-8627.073357  E_ads=-552.741449  E_cur=-8627.029452  E_ads_cur=-552.740757  dE=-0.043214 eV
  COMMIT_MOVE comp=1 mol_idx=26  E_current=-8627.073357  E_ads_current=-552.741449 eV
[SERVER] types_arr sample: (2, 0, 0)
[SERVER] species_map keys: [0, 1, 2, 3, 4]
  DELTA_QUERY comp=1 MOV mol_idx=24 natoms=3 n_stored=40
    E_full=-8626.953229  E_ads=-552.664962  E_cur=-8627.073357  E_ads_cur=-552.741449  dE=0.043641 eV
[SERVER] types_arr sample: (2, 0, 0)
[SERVER] species_map keys: [0, 1, 2, 3, 4]
  DELTA_QUERY comp=1 MOV mol_idx=10 natoms=3 n_stored=40
    E_full=-8625.324786  E_ads=-552.745653  E_cur=-8627.073357  E_ads_cur=-552.741449  dE=1.752776 eV
[SERVER] types_arr sample: (2, 0, 0)
[SERVER] species_map keys: [0, 1, 2, 3, 4]
  DELTA_QUERY comp=1 MOV mol_idx=15 natoms=3 n_stored=40
    E_full=-8626.638907  E_ads=-552.843126  E_cur=-8627.073357  E_ads_cur=-552.741449  dE=0.536128 eV
[SERVER] types_arr sample: (2, 0, 0)
[SERVER] species_map keys: [0, 1, 2, 3, 4]
  DELTA_QUERY comp=1 MOV mol_idx=1 natoms=3 n_stored=40
    E_full=-8625.912685  E_ads=-553.111185  E_cur=-8627.073357  E_ads_cur=-552.741449  dE=1.530409 eV
[SERVER] types_arr sample: (2, 0, 0)
[SERVER] species_map keys: [0, 1, 2, 3, 4]
  DELTA_QUERY comp=1 MOV mol_idx=9 natoms=3 n_stored=40
    E_full=-8627.061044  E_ads=-552.741816  E_cur=-8627.073357  E_ads_cur=-552.741449  dE=0.012680 eV
  COMMIT_MOVE comp=1 mol_idx=9  E_current=-8627.061044  E_ads_current=-552.741816 eV
  DELTA_QUERY comp=1 DEL mol_idx=2 natoms=0 n_stored=40
    E_full=-8612.648376  E_ads=-538.964288  E_cur=-8627.061044  E_ads_cur=-552.741816  dE=0.635140 eV
[SERVER] types_arr sample: (2, 0, 0)
[SERVER] species_map keys: [0, 1, 2, 3, 4]
  DELTA_QUERY comp=1 MOV mol_idx=27 natoms=3 n_stored=40
    E_full=-8626.955574  E_ads=-552.745188  E_cur=-8627.061044  E_ads_cur=-552.741816  dE=0.108843 eV
[SERVER] types_arr sample: (2, 0, 0)
[SERVER] species_map keys: [0, 1, 2, 3, 4]
  DELTA_QUERY comp=1 INS mol_idx=-1 natoms=3 n_stored=40
    E_full=-8641.279485  E_ads=-566.556888  E_cur=-8627.061044  E_ads_cur=-552.741816  dE=-0.403369 eV
  COMMIT_INSERT comp=1 n_stored=41  E_current=-8641.279485  E_ads_current=-566.556888 eV
[SERVER] types_arr sample: (2, 0, 0)
[SERVER] species_map keys: [0, 1, 2, 3, 4]
  DELTA_QUERY comp=1 MOV mol_idx=32 natoms=3 n_stored=41
    E_full=-8641.238211  E_ads=-566.556928  E_cur=-8641.279485  E_ads_cur=-566.556888  dE=0.041315 eV
  DELTA_QUERY comp=1 DEL mol_idx=21 natoms=0 n_stored=41
    E_full=-8626.890575  E_ads=-552.778252  E_cur=-8641.279485  E_ads_cur=-566.556888  dE=0.610274 eV
[SERVER] types_arr sample: (2, 0, 0)
[SERVER] species_map keys: [0, 1, 2, 3, 4]
  DELTA_QUERY comp=1 INS mol_idx=-1 natoms=3 n_stored=41
    E_full=-8652.678453  E_ads=-579.560553  E_cur=-8641.279485  E_ads_cur=-566.556888  dE=1.604697 eV
[SERVER] types_arr sample: (2, 0, 0)
[SERVER] species_map keys: [0, 1, 2, 3, 4]
  DELTA_QUERY comp=1 INS mol_idx=-1 natoms=3 n_stored=41
    E_full=-8655.343150  E_ads=-580.338582  E_cur=-8641.279485  E_ads_cur=-566.556888  dE=-0.281971 eV
  COMMIT_INSERT comp=1 n_stored=42  E_current=-8655.343150  E_ads_current=-580.338582 eV
  DELTA_QUERY comp=1 DEL mol_idx=6 natoms=0 n_stored=42
    E_full=-8640.788439  E_ads=-566.423553  E_cur=-8655.343150  E_ads_cur=-580.338582  dE=0.639683 eV
[SERVER] types_arr sample: (2, 0, 0)
[SERVER] species_map keys: [0, 1, 2, 3, 4]
  DELTA_QUERY comp=1 MOV mol_idx=15 natoms=3 n_stored=42
    E_full=-8655.255050  E_ads=-580.337933  E_cur=-8655.343150  E_ads_cur=-580.338582  dE=0.087452 eV
[SERVER] types_arr sample: (2, 0, 0)
[SERVER] species_map keys: [0, 1, 2, 3, 4]
  DELTA_QUERY comp=1 MOV mol_idx=36 natoms=3 n_stored=42
    E_full=-8654.656261  E_ads=-580.224980  E_cur=-8655.343150  E_ads_cur=-580.338582  dE=0.573287 eV
[SERVER] types_arr sample: (2, 0, 0)
[SERVER] species_map keys: [0, 1, 2, 3, 4]
  DELTA_QUERY comp=1 MOV mol_idx=35 natoms=3 n_stored=42
    E_full=-8652.889509  E_ads=-580.367195  E_cur=-8655.343150  E_ads_cur=-580.338582  dE=2.482255 eV
[SERVER] types_arr sample: (2, 0, 0)
[SERVER] species_map keys: [0, 1, 2, 3, 4]
  DELTA_QUERY comp=1 MOV mol_idx=28 natoms=3 n_stored=42
    E_full=-8654.855393  E_ads=-580.184506  E_cur=-8655.343150  E_ads_cur=-580.338582  dE=0.333682 eV
[SERVER] types_arr sample: (2, 0, 0)
[SERVER] species_map keys: [0, 1, 2, 3, 4]
  DELTA_QUERY comp=1 MOV mol_idx=5 natoms=3 n_stored=42
    E_full=-8654.840843  E_ads=-580.338413  E_cur=-8655.343150  E_ads_cur=-580.338582  dE=0.502139 eV
[SERVER] types_arr sample: (2, 0, 0)
[SERVER] species_map keys: [0, 1, 2, 3, 4]
  DELTA_QUERY comp=1 MOV mol_idx=33 natoms=3 n_stored=42
    E_full=-8653.698075  E_ads=-580.421606  E_cur=-8655.343150  E_ads_cur=-580.338582  dE=1.728099 eV
[SERVER] types_arr sample: (2, 0, 0)
[SERVER] species_map keys: [0, 1, 2, 3, 4]
  DELTA_QUERY comp=1 MOV mol_idx=1 natoms=3 n_stored=42
    E_full=-8655.327919  E_ads=-580.339855  E_cur=-8655.343150  E_ads_cur=-580.338582  dE=0.016505 eV
[SERVER] types_arr sample: (2, 0, 0)
[SERVER] species_map keys: [0, 1, 2, 3, 4]
  DELTA_QUERY comp=1 INS mol_idx=-1 natoms=3 n_stored=42
    E_full=-8669.175667  E_ads=-594.172949  E_cur=-8655.343150  E_ads_cur=-580.338582  dE=0.001850 eV
[SERVER] types_arr sample: (2, 0, 0)
[SERVER] species_map keys: [0, 1, 2, 3, 4]
  DELTA_QUERY comp=1 MOV mol_idx=29 natoms=3 n_stored=42
    E_full=-8654.122248  E_ads=-580.360052  E_cur=-8655.343150  E_ads_cur=-580.338582  dE=1.242372 eV
[SERVER] types_arr sample: (2, 0, 0)
[SERVER] species_map keys: [0, 1, 2, 3, 4]
  DELTA_QUERY comp=1 MOV mol_idx=8 natoms=3 n_stored=42
    E_full=-8653.989157  E_ads=-580.339804  E_cur=-8655.343150  E_ads_cur=-580.338582  dE=1.355216 eV
[SERVER] types_arr sample: (2, 0, 0)
[SERVER] species_map keys: [0, 1, 2, 3, 4]
  DELTA_QUERY comp=1 MOV mol_idx=0 natoms=3 n_stored=42
    E_full=-8655.101216  E_ads=-580.903736  E_cur=-8655.343150  E_ads_cur=-580.338582  dE=0.807089 eV
[SERVER] types_arr sample: (2, 0, 0)
[SERVER] species_map keys: [0, 1, 2, 3, 4]
  DELTA_QUERY comp=1 MOV mol_idx=37 natoms=3 n_stored=42
    E_full=-8655.097485  E_ads=-580.399439  E_cur=-8655.343150  E_ads_cur=-580.338582  dE=0.306522 eV
[SERVER] types_arr sample: (2, 0, 0)
[SERVER] species_map keys: [0, 1, 2, 3, 4]
  DELTA_QUERY comp=1 MOV mol_idx=11 natoms=3 n_stored=42
    E_full=-8655.409615  E_ads=-580.332340  E_cur=-8655.343150  E_ads_cur=-580.338582  dE=-0.072706 eV
  COMMIT_MOVE comp=1 mol_idx=11  E_current=-8655.409615  E_ads_current=-580.332340 eV
[SERVER] types_arr sample: (2, 0, 0)
[SERVER] species_map keys: [0, 1, 2, 3, 4]
  DELTA_QUERY comp=1 MOV mol_idx=29 natoms=3 n_stored=42
    E_full=-8654.764773  E_ads=-580.827625  E_cur=-8655.409615  E_ads_cur=-580.332340  dE=1.140126 eV
  DELTA_QUERY comp=1 DEL mol_idx=10 natoms=0 n_stored=42
    E_full=-8640.896960  E_ads=-566.547304  E_cur=-8655.409615  E_ads_cur=-580.332340  dE=0.727618 eV
[SERVER] types_arr sample: (2, 0, 0)
[SERVER] species_map keys: [0, 1, 2, 3, 4]
  DELTA_QUERY comp=1 INS mol_idx=-1 natoms=3 n_stored=42
    E_full=-8670.011534  E_ads=-594.112804  E_cur=-8655.409615  E_ads_cur=-580.332340  dE=-0.821455 eV
  COMMIT_INSERT comp=1 n_stored=43  E_current=-8670.011534  E_ads_current=-594.112804 eV
[SERVER] types_arr sample: (2, 0, 0)
[SERVER] species_map keys: [0, 1, 2, 3, 4]
  DELTA_QUERY comp=1 MOV mol_idx=9 natoms=3 n_stored=43
    E_full=-8669.795593  E_ads=-594.159721  E_cur=-8670.011534  E_ads_cur=-594.112804  dE=0.262857 eV
  DELTA_QUERY comp=1 DEL mol_idx=1 natoms=0 n_stored=43
    E_full=-8655.469158  E_ads=-580.334640  E_cur=-8670.011534  E_ads_cur=-594.112804  dE=0.764212 eV
[SERVER] types_arr sample: (2, 0, 0)
[SERVER] species_map keys: [0, 1, 2, 3, 4]
  DELTA_QUERY comp=1 INS mol_idx=-1 natoms=3 n_stored=43
    E_full=-8684.351982  E_ads=-608.336414  E_cur=-8670.011534  E_ads_cur=-594.112804  dE=-0.116839 eV
  DELTA_QUERY comp=1 DEL mol_idx=42 natoms=0 n_stored=43
    E_full=-8655.409615  E_ads=-580.332340  E_cur=-8670.011534  E_ads_cur=-594.112804  dE=0.821455 eV
[SERVER] types_arr sample: (2, 0, 0)
[SERVER] species_map keys: [0, 1, 2, 3, 4]
  DELTA_QUERY comp=1 MOV mol_idx=22 natoms=3 n_stored=43
    E_full=-8669.974884  E_ads=-594.113397  E_cur=-8670.011534  E_ads_cur=-594.112804  dE=0.037242 eV
[SERVER] types_arr sample: (2, 0, 0)
[SERVER] species_map keys: [0, 1, 2, 3, 4]
  DELTA_QUERY comp=1 MOV mol_idx=2 natoms=3 n_stored=43
    E_full=-8670.054125  E_ads=-594.113642  E_cur=-8670.011534  E_ads_cur=-594.112804  dE=-0.041754 eV
  COMMIT_MOVE comp=1 mol_idx=2  E_current=-8670.054125  E_ads_current=-594.113642 eV
[SERVER] types_arr sample: (2, 0, 0)
[SERVER] species_map keys: [0, 1, 2, 3, 4]
  DELTA_QUERY comp=1 INS mol_idx=-1 natoms=3 n_stored=43
    E_full=-8684.400749  E_ads=-608.122453  E_cur=-8670.054125  E_ads_cur=-594.113642  dE=-0.337813 eV
  COMMIT_INSERT comp=1 n_stored=44  E_current=-8684.400749  E_ads_current=-608.122453 eV
[SERVER] types_arr sample: (2, 0, 0)
[SERVER] species_map keys: [0, 1, 2, 3, 4]
  DELTA_QUERY comp=1 MOV mol_idx=30 natoms=3 n_stored=44
    E_full=-8684.227843  E_ads=-607.660246  E_cur=-8684.400749  E_ads_cur=-608.122453  dE=-0.289300 eV
  COMMIT_MOVE comp=1 mol_idx=30  E_current=-8684.227843  E_ads_current=-607.660246 eV
[SERVER] types_arr sample: (2, 0, 0)
[SERVER] species_map keys: [0, 1, 2, 3, 4]
  DELTA_QUERY comp=1 INS mol_idx=-1 natoms=3 n_stored=44
    E_full=-8698.344212  E_ads=-621.790306  E_cur=-8684.227843  E_ads_cur=-607.660246  dE=0.013691 eV
[SERVER] types_arr sample: (2, 0, 0)
[SERVER] species_map keys: [0, 1, 2, 3, 4]
  DELTA_QUERY comp=1 MOV mol_idx=29 natoms=3 n_stored=44
    E_full=-8684.177484  E_ads=-607.659983  E_cur=-8684.227843  E_ads_cur=-607.660246  dE=0.050095 eV
[SERVER] types_arr sample: (2, 0, 0)
[SERVER] species_map keys: [0, 1, 2, 3, 4]
  DELTA_QUERY comp=1 MOV mol_idx=21 natoms=3 n_stored=44
    E_full=-8682.098025  E_ads=-607.659157  E_cur=-8684.227843  E_ads_cur=-607.660246  dE=2.128729 eV
[SERVER] types_arr sample: (2, 0, 0)
[SERVER] species_map keys: [0, 1, 2, 3, 4]
  DELTA_QUERY comp=1 MOV mol_idx=40 natoms=3 n_stored=44
    E_full=-8684.127495  E_ads=-607.628913  E_cur=-8684.227843  E_ads_cur=-607.660246  dE=0.069014 eV
  COMMIT_MOVE comp=1 mol_idx=40  E_current=-8684.127495  E_ads_current=-607.628913 eV
[SERVER] types_arr sample: (2, 0, 0)
[SERVER] species_map keys: [0, 1, 2, 3, 4]
  DELTA_QUERY comp=1 MOV mol_idx=12 natoms=3 n_stored=44
    E_full=-8683.998159  E_ads=-607.589967  E_cur=-8684.127495  E_ads_cur=-607.628913  dE=0.090390 eV
[SERVER] types_arr sample: (2, 0, 0)
[SERVER] species_map keys: [0, 1, 2, 3, 4]
  DELTA_QUERY comp=1 MOV mol_idx=2 natoms=3 n_stored=44
    E_full=-8683.017872  E_ads=-608.048092  E_cur=-8684.127495  E_ads_cur=-607.628913  dE=1.528802 eV
  DELTA_QUERY comp=1 DEL mol_idx=0 natoms=0 n_stored=44
    E_full=-8669.762209  E_ads=-593.838833  E_cur=-8684.127495  E_ads_cur=-607.628913  dE=0.575206 eV
[SERVER] types_arr sample: (2, 0, 0)
[SERVER] species_map keys: [0, 1, 2, 3, 4]
  DELTA_QUERY comp=1 MOV mol_idx=42 natoms=3 n_stored=44
    E_full=-8684.037950  E_ads=-607.633758  E_cur=-8684.127495  E_ads_cur=-607.628913  dE=0.094390 eV
[SERVER] types_arr sample: (2, 0, 0)
[SERVER] species_map keys: [0, 1, 2, 3, 4]
  DELTA_QUERY comp=1 MOV mol_idx=37 natoms=3 n_stored=44
    E_full=-8684.132609  E_ads=-607.628910  E_cur=-8684.127495  E_ads_cur=-607.628913  dE=-0.005117 eV
  COMMIT_MOVE comp=1 mol_idx=37  E_current=-8684.132609  E_ads_current=-607.628910 eV
[SERVER] types_arr sample: (2, 0, 0)
[SERVER] species_map keys: [0, 1, 2, 3, 4]
  DELTA_QUERY comp=1 MOV mol_idx=18 natoms=3 n_stored=44
    E_full=-8684.211367  E_ads=-608.116765  E_cur=-8684.132609  E_ads_cur=-607.628910  dE=0.409097 eV
[SERVER] types_arr sample: (2, 0, 0)
[SERVER] species_map keys: [0, 1, 2, 3, 4]
  DELTA_QUERY comp=1 MOV mol_idx=38 natoms=3 n_stored=44
    E_full=-8681.837186  E_ads=-607.736643  E_cur=-8684.132609  E_ads_cur=-607.628910  dE=2.403156 eV
  DELTA_QUERY comp=1 DEL mol_idx=19 natoms=0 n_stored=44
    E_full=-8669.663409  E_ads=-593.845822  E_cur=-8684.132609  E_ads_cur=-607.628910  dE=0.686112 eV
[SERVER] types_arr sample: (2, 0, 0)
[SERVER] species_map keys: [0, 1, 2, 3, 4]
  DELTA_QUERY comp=1 MOV mol_idx=11 natoms=3 n_stored=44
    E_full=-8683.805706  E_ads=-607.600304  E_cur=-8684.132609  E_ads_cur=-607.628910  dE=0.298297 eV
[SERVER] types_arr sample: (2, 0, 0)
[SERVER] species_map keys: [0, 1, 2, 3, 4]
  DELTA_QUERY comp=1 MOV mol_idx=30 natoms=3 n_stored=44
    E_full=-8682.810567  E_ads=-607.697128  E_cur=-8684.132609  E_ads_cur=-607.628910  dE=1.390260 eV
[SERVER] types_arr sample: (2, 0, 0)
[SERVER] species_map keys: [0, 1, 2, 3, 4]
  DELTA_QUERY comp=1 INS mol_idx=-1 natoms=3 n_stored=44
    E_full=-8698.571010  E_ads=-621.406438  E_cur=-8684.132609  E_ads_cur=-607.628910  dE=-0.660872 eV
  COMMIT_INSERT comp=1 n_stored=45  E_current=-8698.571010  E_ads_current=-621.406438 eV
  DELTA_QUERY comp=1 DEL mol_idx=27 natoms=0 n_stored=45
    E_full=-8684.063590  E_ads=-607.628027  E_cur=-8698.571010  E_ads_cur=-621.406438  dE=0.729009 eV
[SERVER] types_arr sample: (2, 0, 0)
[SERVER] species_map keys: [0, 1, 2, 3, 4]
  DELTA_QUERY comp=1 MOV mol_idx=42 natoms=3 n_stored=45
    E_full=-8698.519267  E_ads=-621.405725  E_cur=-8698.571010  E_ads_cur=-621.406438  dE=0.051029 eV
  DELTA_QUERY comp=1 DEL mol_idx=1 natoms=0 n_stored=45
    E_full=-8684.030688  E_ads=-607.628374  E_cur=-8698.571010  E_ads_cur=-621.406438  dE=0.762258 eV
  DELTA_QUERY comp=1 DEL mol_idx=23 natoms=0 n_stored=45
    E_full=-8684.092671  E_ads=-607.595480  E_cur=-8698.571010  E_ads_cur=-621.406438  dE=0.667381 eV
[SERVER] types_arr sample: (2, 0, 0)
[SERVER] species_map keys: [0, 1, 2, 3, 4]
  DELTA_QUERY comp=1 MOV mol_idx=20 natoms=3 n_stored=45
    E_full=-8698.539732  E_ads=-621.406930  E_cur=-8698.571010  E_ads_cur=-621.406438  dE=0.031769 eV
[SERVER] types_arr sample: (2, 0, 0)
[SERVER] species_map keys: [0, 1, 2, 3, 4]
  DELTA_QUERY comp=1 MOV mol_idx=18 natoms=3 n_stored=45
    E_full=-8698.441123  E_ads=-621.407175  E_cur=-8698.571010  E_ads_cur=-621.406438  dE=0.130624 eV
[SERVER] types_arr sample: (2, 0, 0)
[SERVER] species_map keys: [0, 1, 2, 3, 4]
  DELTA_QUERY comp=1 MOV mol_idx=35 natoms=3 n_stored=45
    E_full=-8698.159973  E_ads=-621.412816  E_cur=-8698.571010  E_ads_cur=-621.406438  dE=0.417414 eV
[SERVER] types_arr sample: (2, 0, 0)
[SERVER] species_map keys: [0, 1, 2, 3, 4]
  DELTA_QUERY comp=1 MOV mol_idx=14 natoms=3 n_stored=45
    E_full=-8698.857402  E_ads=-621.828893  E_cur=-8698.571010  E_ads_cur=-621.406438  dE=0.136063 eV
[SERVER] types_arr sample: (2, 0, 0)
[SERVER] species_map keys: [0, 1, 2, 3, 4]
  DELTA_QUERY comp=1 MOV mol_idx=8 natoms=3 n_stored=45
    E_full=-8697.053982  E_ads=-621.482116  E_cur=-8698.571010  E_ads_cur=-621.406438  dE=1.592706 eV
[SERVER] types_arr sample: (2, 0, 0)
[SERVER] species_map keys: [0, 1, 2, 3, 4]
  DELTA_QUERY comp=1 MOV mol_idx=8 natoms=3 n_stored=45
    E_full=-8698.575838  E_ads=-621.406429  E_cur=-8698.571010  E_ads_cur=-621.406438  dE=-0.004837 eV
  COMMIT_MOVE comp=1 mol_idx=8  E_current=-8698.575838  E_ads_current=-621.406429 eV
[SERVER] types_arr sample: (2, 0, 0)
[SERVER] species_map keys: [0, 1, 2, 3, 4]
  DELTA_QUERY comp=1 INS mol_idx=-1 natoms=3 n_stored=45
    E_full=-8712.942722  E_ads=-635.190807  E_cur=-8698.575838  E_ads_cur=-621.406429  dE=-0.582506 eV
  COMMIT_INSERT comp=1 n_stored=46  E_current=-8712.942722  E_ads_current=-635.190807 eV
[SERVER] types_arr sample: (2, 0, 0)
[SERVER] species_map keys: [0, 1, 2, 3, 4]
  DELTA_QUERY comp=1 INS mol_idx=-1 natoms=3 n_stored=46
    E_full=-8726.810801  E_ads=-648.970827  E_cur=-8712.942722  E_ads_cur=-635.190807  dE=-0.088059 eV
[SERVER] types_arr sample: (2, 0, 0)
[SERVER] species_map keys: [0, 1, 2, 3, 4]
  DELTA_QUERY comp=1 MOV mol_idx=21 natoms=3 n_stored=46
    E_full=-8712.123657  E_ads=-635.190451  E_cur=-8712.942722  E_ads_cur=-635.190807  dE=0.818708 eV
  DELTA_QUERY comp=1 DEL mol_idx=24 natoms=0 n_stored=46
    E_full=-8698.603869  E_ads=-620.972711  E_cur=-8712.942722  E_ads_cur=-635.190807  dE=0.120757 eV
[SERVER] types_arr sample: (2, 0, 0)
[SERVER] species_map keys: [0, 1, 2, 3, 4]
  DELTA_QUERY comp=1 MOV mol_idx=35 natoms=3 n_stored=46
    E_full=-8712.880096  E_ads=-635.191030  E_cur=-8712.942722  E_ads_cur=-635.190807  dE=0.062849 eV
[SERVER] types_arr sample: (2, 0, 0)
[SERVER] species_map keys: [0, 1, 2, 3, 4]
  DELTA_QUERY comp=1 MOV mol_idx=44 natoms=3 n_stored=46
    E_full=-8712.910747  E_ads=-635.190807  E_cur=-8712.942722  E_ads_cur=-635.190807  dE=0.031975 eV
[SERVER] types_arr sample: (2, 0, 0)
[SERVER] species_map keys: [0, 1, 2, 3, 4]
  DELTA_QUERY comp=1 MOV mol_idx=23 natoms=3 n_stored=46
    E_full=-8712.895195  E_ads=-635.189944  E_cur=-8712.942722  E_ads_cur=-635.190807  dE=0.046664 eV
[SERVER] types_arr sample: (2, 0, 0)
[SERVER] species_map keys: [0, 1, 2, 3, 4]
  DELTA_QUERY comp=1 INS mol_idx=-1 natoms=3 n_stored=46
    E_full=-8727.133477  E_ads=-649.312782  E_cur=-8712.942722  E_ads_cur=-635.190807  dE=-0.068780 eV
[SERVER] types_arr sample: (2, 0, 0)
[SERVER] species_map keys: [0, 1, 2, 3, 4]
  DELTA_QUERY comp=1 INS mol_idx=-1 natoms=3 n_stored=46
    E_full=-8727.006719  E_ads=-649.168341  E_cur=-8712.942722  E_ads_cur=-635.190807  dE=-0.086463 eV
[SERVER] types_arr sample: (2, 0, 0)
[SERVER] species_map keys: [0, 1, 2, 3, 4]
  DELTA_QUERY comp=1 MOV mol_idx=5 natoms=3 n_stored=46
    E_full=-8712.811624  E_ads=-635.223844  E_cur=-8712.942722  E_ads_cur=-635.190807  dE=0.164135 eV
[SERVER] types_arr sample: (2, 0, 0)
[SERVER] species_map keys: [0, 1, 2, 3, 4]
  DELTA_QUERY comp=1 MOV mol_idx=44 natoms=3 n_stored=46
    E_full=-8712.875918  E_ads=-635.191241  E_cur=-8712.942722  E_ads_cur=-635.190807  dE=0.067238 eV
  DELTA_QUERY comp=1 DEL mol_idx=37 natoms=0 n_stored=46
    E_full=-8698.517284  E_ads=-621.410536  E_cur=-8712.942722  E_ads_cur=-635.190807  dE=0.645166 eV
[SERVER] types_arr sample: (2, 0, 0)
[SERVER] species_map keys: [0, 1, 2, 3, 4]
  DELTA_QUERY comp=1 MOV mol_idx=5 natoms=3 n_stored=46
    E_full=-8712.896423  E_ads=-635.190638  E_cur=-8712.942722  E_ads_cur=-635.190807  dE=0.046130 eV
  DELTA_QUERY comp=1 DEL mol_idx=27 natoms=0 n_stored=46
    E_full=-8698.435308  E_ads=-621.412396  E_cur=-8712.942722  E_ads_cur=-635.190807  dE=0.729004 eV
[SERVER] types_arr sample: (2, 0, 0)
[SERVER] species_map keys: [0, 1, 2, 3, 4]
  DELTA_QUERY comp=1 INS mol_idx=-1 natoms=3 n_stored=46
    E_full=-8726.596802  E_ads=-649.147469  E_cur=-8712.942722  E_ads_cur=-635.190807  dE=0.302581 eV
  DELTA_QUERY comp=1 DEL mol_idx=34 natoms=0 n_stored=46
    E_full=-8698.486144  E_ads=-620.902080  E_cur=-8712.942722  E_ads_cur=-635.190807  dE=0.167851 eV
[SERVER] types_arr sample: (2, 0, 0)
[SERVER] species_map keys: [0, 1, 2, 3, 4]
  DELTA_QUERY comp=1 INS mol_idx=-1 natoms=3 n_stored=46
    E_full=-8727.267818  E_ads=-649.302816  E_cur=-8712.942722  E_ads_cur=-635.190807  dE=-0.213088 eV
[SERVER] types_arr sample: (2, 0, 0)
[SERVER] species_map keys: [0, 1, 2, 3, 4]
  DELTA_QUERY comp=1 MOV mol_idx=23 natoms=3 n_stored=46
    E_full=-8712.921472  E_ads=-635.190781  E_cur=-8712.942722  E_ads_cur=-635.190807  dE=0.021224 eV
  DELTA_QUERY comp=1 DEL mol_idx=41 natoms=0 n_stored=46
    E_full=-8698.877256  E_ads=-621.408276  E_cur=-8712.942722  E_ads_cur=-635.190807  dE=0.282935 eV
[SERVER] types_arr sample: (2, 0, 0)
[SERVER] species_map keys: [0, 1, 2, 3, 4]
  DELTA_QUERY comp=1 MOV mol_idx=1 natoms=3 n_stored=46
    E_full=-8712.595656  E_ads=-635.504561  E_cur=-8712.942722  E_ads_cur=-635.190807  dE=0.660821 eV
  DELTA_QUERY comp=1 DEL mol_idx=11 natoms=0 n_stored=46
    E_full=-8698.481012  E_ads=-621.379407  E_cur=-8712.942722  E_ads_cur=-635.190807  dE=0.650309 eV
  DELTA_QUERY comp=1 DEL mol_idx=17 natoms=0 n_stored=46
    E_full=-8698.496448  E_ads=-621.398517  E_cur=-8712.942722  E_ads_cur=-635.190807  dE=0.653983 eV
[SERVER] types_arr sample: (2, 0, 0)
[SERVER] species_map keys: [0, 1, 2, 3, 4]
  DELTA_QUERY comp=1 MOV mol_idx=44 natoms=3 n_stored=46
    E_full=-8711.728250  E_ads=-635.567823  E_cur=-8712.942722  E_ads_cur=-635.190807  dE=1.591488 eV
[SERVER] types_arr sample: (2, 0, 0)
[SERVER] species_map keys: [0, 1, 2, 3, 4]
  DELTA_QUERY comp=1 MOV mol_idx=18 natoms=3 n_stored=46
    E_full=-8712.774472  E_ads=-635.191452  E_cur=-8712.942722  E_ads_cur=-635.190807  dE=0.168895 eV
[SERVER] types_arr sample: (2, 0, 0)
[SERVER] species_map keys: [0, 1, 2, 3, 4]
  DELTA_QUERY comp=1 INS mol_idx=-1 natoms=3 n_stored=46
    E_full=-8725.967846  E_ads=-648.046062  E_cur=-8712.942722  E_ads_cur=-635.190807  dE=-0.169869 eV
[SERVER] types_arr sample: (2, 0, 0)
[SERVER] species_map keys: [0, 1, 2, 3, 4]
  DELTA_QUERY comp=1 INS mol_idx=-1 natoms=3 n_stored=46
    E_full=-8727.067148  E_ads=-649.096535  E_cur=-8712.942722  E_ads_cur=-635.190807  dE=-0.218698 eV
[SERVER] types_arr sample: (2, 0, 0)
[SERVER] species_map keys: [0, 1, 2, 3, 4]
  DELTA_QUERY comp=1 INS mol_idx=-1 natoms=3 n_stored=46
    E_full=-8727.324584  E_ads=-649.350571  E_cur=-8712.942722  E_ads_cur=-635.190807  dE=-0.222098 eV
  COMMIT_INSERT comp=1 n_stored=47  E_current=-8727.324584  E_ads_current=-649.350571 eV
[SERVER] types_arr sample: (2, 0, 0)
[SERVER] species_map keys: [0, 1, 2, 3, 4]
  DELTA_QUERY comp=1 INS mol_idx=-1 natoms=3 n_stored=47
    E_full=-8741.623641  E_ads=-663.440589  E_cur=-8727.324584  E_ads_cur=-649.350571  dE=-0.209040 eV
[SERVER] types_arr sample: (2, 0, 0)
[SERVER] species_map keys: [0, 1, 2, 3, 4]
  DELTA_QUERY comp=1 MOV mol_idx=35 natoms=3 n_stored=47
    E_full=-8727.286096  E_ads=-649.304417  E_cur=-8727.324584  E_ads_cur=-649.350571  dE=-0.007666 eV
  DELTA_QUERY comp=1 DEL mol_idx=2 natoms=0 n_stored=47
    E_full=-8712.881729  E_ads=-635.568040  E_cur=-8727.324584  E_ads_cur=-649.350571  dE=0.660323 eV
[SERVER] types_arr sample: (2, 0, 0)
[SERVER] species_map keys: [0, 1, 2, 3, 4]
  DELTA_QUERY comp=1 MOV mol_idx=41 natoms=3 n_stored=47
    E_full=-8727.157037  E_ads=-649.350335  E_cur=-8727.324584  E_ads_cur=-649.350571  dE=0.167312 eV
[SERVER] types_arr sample: (2, 0, 0)
[SERVER] species_map keys: [0, 1, 2, 3, 4]
  DELTA_QUERY comp=1 MOV mol_idx=7 natoms=3 n_stored=47
    E_full=-8727.344851  E_ads=-649.351346  E_cur=-8727.324584  E_ads_cur=-649.350571  dE=-0.019492 eV
  COMMIT_MOVE comp=1 mol_idx=7  E_current=-8727.344851  E_ads_current=-649.351346 eV
[SERVER] types_arr sample: (2, 0, 0)
[SERVER] species_map keys: [0, 1, 2, 3, 4]
  DELTA_QUERY comp=1 MOV mol_idx=3 natoms=3 n_stored=47
    E_full=-8727.039760  E_ads=-649.342494  E_cur=-8727.344851  E_ads_cur=-649.351346  dE=0.296240 eV
[SERVER] types_arr sample: (2, 0, 0)
[SERVER] species_map keys: [0, 1, 2, 3, 4]
  DELTA_QUERY comp=1 MOV mol_idx=34 natoms=3 n_stored=47
    E_full=-8727.280167  E_ads=-649.337736  E_cur=-8727.344851  E_ads_cur=-649.351346  dE=0.051074 eV
[SERVER] types_arr sample: (2, 0, 0)
[SERVER] species_map keys: [0, 1, 2, 3, 4]
  DELTA_QUERY comp=1 MOV mol_idx=10 natoms=3 n_stored=47
    E_full=-8727.305462  E_ads=-649.352436  E_cur=-8727.344851  E_ads_cur=-649.351346  dE=0.040480 eV
[SERVER] types_arr sample: (2, 0, 0)
[SERVER] species_map keys: [0, 1, 2, 3, 4]
  DELTA_QUERY comp=1 MOV mol_idx=12 natoms=3 n_stored=47
    E_full=-8727.316416  E_ads=-649.329198  E_cur=-8727.344851  E_ads_cur=-649.351346  dE=0.006287 eV
  COMMIT_MOVE comp=1 mol_idx=12  E_current=-8727.316416  E_ads_current=-649.329198 eV
[SERVER] types_arr sample: (2, 0, 0)
[SERVER] species_map keys: [0, 1, 2, 3, 4]
  DELTA_QUERY comp=1 MOV mol_idx=27 natoms=3 n_stored=47
    E_full=-8727.257929  E_ads=-649.328400  E_cur=-8727.316416  E_ads_cur=-649.329198  dE=0.057690 eV
[SERVER] types_arr sample: (2, 0, 0)
[SERVER] species_map keys: [0, 1, 2, 3, 4]
  DELTA_QUERY comp=1 MOV mol_idx=45 natoms=3 n_stored=47
    E_full=-8726.288732  E_ads=-649.377708  E_cur=-8727.316416  E_ads_cur=-649.329198  dE=1.076193 eV
[SERVER] types_arr sample: (2, 0, 0)
[SERVER] species_map keys: [0, 1, 2, 3, 4]
  DELTA_QUERY comp=1 MOV mol_idx=10 natoms=3 n_stored=47
    E_full=-8727.250104  E_ads=-649.331573  E_cur=-8727.316416  E_ads_cur=-649.329198  dE=0.068687 eV
[SERVER] types_arr sample: (2, 0, 0)
[SERVER] species_map keys: [0, 1, 2, 3, 4]
  DELTA_QUERY comp=1 MOV mol_idx=42 natoms=3 n_stored=47
    E_full=-8727.068828  E_ads=-649.329669  E_cur=-8727.316416  E_ads_cur=-649.329198  dE=0.248059 eV
  DELTA_QUERY comp=1 DEL mol_idx=29 natoms=0 n_stored=47
    E_full=-8712.789892  E_ads=-635.551406  E_cur=-8727.316416  E_ads_cur=-649.329198  dE=0.748732 eV
[SERVER] types_arr sample: (2, 0, 0)
[SERVER] species_map keys: [0, 1, 2, 3, 4]
  DELTA_QUERY comp=1 INS mol_idx=-1 natoms=3 n_stored=47
    E_full=-8741.823585  E_ads=-663.351729  E_cur=-8727.316416  E_ads_cur=-649.329198  dE=-0.484638 eV
  COMMIT_INSERT comp=1 n_stored=48  E_current=-8741.823585  E_ads_current=-663.351729 eV
[SERVER] types_arr sample: (2, 0, 0)
[SERVER] species_map keys: [0, 1, 2, 3, 4]
  DELTA_QUERY comp=1 MOV mol_idx=41 natoms=3 n_stored=48
    E_full=-8742.213372  E_ads=-663.793211  E_cur=-8741.823585  E_ads_cur=-663.351729  dE=0.051695 eV
[SERVER] types_arr sample: (2, 0, 0)
[SERVER] species_map keys: [0, 1, 2, 3, 4]
  DELTA_QUERY comp=1 INS mol_idx=-1 natoms=3 n_stored=48
    E_full=-8756.374624  E_ads=-677.573518  E_cur=-8741.823585  E_ads_cur=-663.351729  dE=-0.329250 eV
  COMMIT_INSERT comp=1 n_stored=49  E_current=-8756.374624  E_ads_current=-677.573518 eV
[SERVER] types_arr sample: (2, 0, 0)
[SERVER] species_map keys: [0, 1, 2, 3, 4]
  DELTA_QUERY comp=1 MOV mol_idx=7 natoms=3 n_stored=49
    E_full=-8756.220542  E_ads=-677.843450  E_cur=-8756.374624  E_ads_cur=-677.573518  dE=0.424014 eV
[SERVER] types_arr sample: (2, 0, 0)
[SERVER] species_map keys: [0, 1, 2, 3, 4]
  DELTA_QUERY comp=1 INS mol_idx=-1 natoms=3 n_stored=49
    E_full=-8770.885862  E_ads=-691.385278  E_cur=-8756.374624  E_ads_cur=-677.573518  dE=-0.699478 eV
  COMMIT_INSERT comp=1 n_stored=50  E_current=-8770.885862  E_ads_current=-691.385278 eV
  DELTA_QUERY comp=1 DEL mol_idx=3 natoms=0 n_stored=50
    E_full=-8756.387114  E_ads=-677.595689  E_cur=-8770.885862  E_ads_cur=-691.385278  dE=0.709160 eV
[SERVER] types_arr sample: (2, 0, 0)
[SERVER] species_map keys: [0, 1, 2, 3, 4]
  DELTA_QUERY comp=1 MOV mol_idx=16 natoms=3 n_stored=50
    E_full=-8770.903425  E_ads=-691.468587  E_cur=-8770.885862  E_ads_cur=-691.385278  dE=0.065746 eV
  DELTA_QUERY comp=1 DEL mol_idx=15 natoms=0 n_stored=50
    E_full=-8756.413167  E_ads=-677.596514  E_cur=-8770.885862  E_ads_cur=-691.385278  dE=0.683931 eV
[SERVER] types_arr sample: (2, 0, 0)
[SERVER] species_map keys: [0, 1, 2, 3, 4]
  DELTA_QUERY comp=1 MOV mol_idx=8 natoms=3 n_stored=50
    E_full=-8770.786946  E_ads=-691.385231  E_cur=-8770.885862  E_ads_cur=-691.385278  dE=0.098870 eV
[SERVER] types_arr sample: (2, 0, 0)
[SERVER] species_map keys: [0, 1, 2, 3, 4]
  DELTA_QUERY comp=1 MOV mol_idx=21 natoms=3 n_stored=50
    E_full=-8770.818411  E_ads=-691.386359  E_cur=-8770.885862  E_ads_cur=-691.385278  dE=0.068532 eV
[SERVER] types_arr sample: (2, 0, 0)
[SERVER] species_map keys: [0, 1, 2, 3, 4]
  DELTA_QUERY comp=1 INS mol_idx=-1 natoms=3 n_stored=50
    E_full=-8785.154500  E_ads=-705.565709  E_cur=-8770.885862  E_ads_cur=-691.385278  dE=-0.088207 eV
[SERVER] types_arr sample: (2, 0, 0)
[SERVER] species_map keys: [0, 1, 2, 3, 4]
  DELTA_QUERY comp=1 MOV mol_idx=0 natoms=3 n_stored=50
    E_full=-8770.673531  E_ads=-691.582843  E_cur=-8770.885862  E_ads_cur=-691.385278  dE=0.409897 eV
[SERVER] types_arr sample: (2, 0, 0)
[SERVER] species_map keys: [0, 1, 2, 3, 4]
  DELTA_QUERY comp=1 INS mol_idx=-1 natoms=3 n_stored=50
    E_full=-8784.605853  E_ads=-705.431915  E_cur=-8770.885862  E_ads_cur=-691.385278  dE=0.326647 eV
  DELTA_QUERY comp=1 DEL mol_idx=18 natoms=0 n_stored=50
    E_full=-8756.465309  E_ads=-677.603595  E_cur=-8770.885862  E_ads_cur=-691.385278  dE=0.638869 eV
  DELTA_QUERY comp=1 DEL mol_idx=20 natoms=0 n_stored=50
    E_full=-8756.381049  E_ads=-677.499551  E_cur=-8770.885862  E_ads_cur=-691.385278  dE=0.619086 eV
[SERVER] types_arr sample: (2, 0, 0)
[SERVER] species_map keys: [0, 1, 2, 3, 4]
  DELTA_QUERY comp=1 MOV mol_idx=49 natoms=3 n_stored=50
    E_full=-8770.155826  E_ads=-691.521213  E_cur=-8770.885862  E_ads_cur=-691.385278  dE=0.865971 eV
[SERVER] types_arr sample: (2, 0, 0)
[SERVER] species_map keys: [0, 1, 2, 3, 4]
  DELTA_QUERY comp=1 MOV mol_idx=49 natoms=3 n_stored=50
    E_full=-8770.029700  E_ads=-691.765388  E_cur=-8770.885862  E_ads_cur=-691.385278  dE=1.236273 eV
[SERVER] types_arr sample: (2, 0, 0)
[SERVER] species_map keys: [0, 1, 2, 3, 4]
  DELTA_QUERY comp=1 INS mol_idx=-1 natoms=3 n_stored=50
    E_full=-8785.254960  E_ads=-705.821487  E_cur=-8770.885862  E_ads_cur=-691.385278  dE=0.067111 eV
[SERVER] types_arr sample: (2, 0, 0)
[SERVER] species_map keys: [0, 1, 2, 3, 4]
  DELTA_QUERY comp=1 INS mol_idx=-1 natoms=3 n_stored=50
    E_full=-8785.431596  E_ads=-705.825969  E_cur=-8770.885862  E_ads_cur=-691.385278  dE=-0.105043 eV
  COMMIT_INSERT comp=1 n_stored=51  E_current=-8785.431596  E_ads_current=-705.825969 eV
[SERVER] types_arr sample: (2, 0, 0)
[SERVER] species_map keys: [0, 1, 2, 3, 4]
  DELTA_QUERY comp=1 MOV mol_idx=21 natoms=3 n_stored=51
    E_full=-8784.028263  E_ads=-706.302328  E_cur=-8785.431596  E_ads_cur=-705.825969  dE=1.879692 eV
[SERVER] types_arr sample: (2, 0, 0)
[SERVER] species_map keys: [0, 1, 2, 3, 4]
  DELTA_QUERY comp=1 MOV mol_idx=16 natoms=3 n_stored=51
    E_full=-8785.409278  E_ads=-705.825762  E_cur=-8785.431596  E_ads_cur=-705.825969  dE=0.022111 eV
  COMMIT_MOVE comp=1 mol_idx=16  E_current=-8785.409278  E_ads_current=-705.825762 eV
[SERVER] types_arr sample: (2, 0, 0)
[SERVER] species_map keys: [0, 1, 2, 3, 4]
  DELTA_QUERY comp=1 MOV mol_idx=44 natoms=3 n_stored=51
    E_full=-8785.321649  E_ads=-705.801931  E_cur=-8785.409278  E_ads_cur=-705.825762  dE=0.063797 eV
[SERVER] types_arr sample: (2, 0, 0)
[SERVER] species_map keys: [0, 1, 2, 3, 4]
  DELTA_QUERY comp=1 MOV mol_idx=9 natoms=3 n_stored=51
    E_full=-8781.974558  E_ads=-705.881875  E_cur=-8785.409278  E_ads_cur=-705.825762  dE=3.490833 eV
  DELTA_QUERY comp=1 DEL mol_idx=41 natoms=0 n_stored=51
    E_full=-8771.345437  E_ads=-692.043231  E_cur=-8785.409278  E_ads_cur=-705.825762  dE=0.281309 eV
[SERVER] types_arr sample: (2, 0, 0)
[SERVER] species_map keys: [0, 1, 2, 3, 4]
  DELTA_QUERY comp=1 MOV mol_idx=47 natoms=3 n_stored=51
    E_full=-8784.787133  E_ads=-705.510820  E_cur=-8785.409278  E_ads_cur=-705.825762  dE=0.307203 eV
[SERVER] types_arr sample: (2, 0, 0)
[SERVER] species_map keys: [0, 1, 2, 3, 4]
  DELTA_QUERY comp=1 MOV mol_idx=21 natoms=3 n_stored=51
    E_full=-8785.459898  E_ads=-705.920664  E_cur=-8785.409278  E_ads_cur=-705.825762  dE=0.044282 eV
[SERVER] types_arr sample: (2, 0, 0)
[SERVER] species_map keys: [0, 1, 2, 3, 4]
  DELTA_QUERY comp=1 INS mol_idx=-1 natoms=3 n_stored=51
    E_full=-8799.473966  E_ads=-719.657918  E_cur=-8785.409278  E_ads_cur=-705.825762  dE=-0.232532 eV
[SERVER] types_arr sample: (2, 0, 0)
[SERVER] species_map keys: [0, 1, 2, 3, 4]
  DELTA_QUERY comp=1 MOV mol_idx=45 natoms=3 n_stored=51
    E_full=-8784.286503  E_ads=-705.827464  E_cur=-8785.409278  E_ads_cur=-705.825762  dE=1.124477 eV
[SERVER] types_arr sample: (2, 0, 0)
[SERVER] species_map keys: [0, 1, 2, 3, 4]
  DELTA_QUERY comp=1 MOV mol_idx=30 natoms=3 n_stored=51
    E_full=-8785.412845  E_ads=-706.083265  E_cur=-8785.409278  E_ads_cur=-705.825762  dE=0.253936 eV
[SERVER] types_arr sample: (2, 0, 0)
[SERVER] species_map keys: [0, 1, 2, 3, 4]
  DELTA_QUERY comp=1 MOV mol_idx=49 natoms=3 n_stored=51
    E_full=-8784.312137  E_ads=-705.267710  E_cur=-8785.409278  E_ads_cur=-705.825762  dE=0.539089 eV
[SERVER] types_arr sample: (2, 0, 0)
[SERVER] species_map keys: [0, 1, 2, 3, 4]
  DELTA_QUERY comp=1 MOV mol_idx=11 natoms=3 n_stored=51
    E_full=-8785.288035  E_ads=-705.824447  E_cur=-8785.409278  E_ads_cur=-705.825762  dE=0.119928 eV
[SERVER] types_arr sample: (2, 0, 0)
[SERVER] species_map keys: [0, 1, 2, 3, 4]
  DELTA_QUERY comp=1 MOV mol_idx=28 natoms=3 n_stored=51
    E_full=-8785.483961  E_ads=-706.470150  E_cur=-8785.409278  E_ads_cur=-705.825762  dE=0.569704 eV
  DELTA_QUERY comp=1 DEL mol_idx=19 natoms=0 n_stored=51
    E_full=-8770.937362  E_ads=-692.042674  E_cur=-8785.409278  E_ads_cur=-705.825762  dE=0.688828 eV
[SERVER] types_arr sample: (2, 0, 0)
[SERVER] species_map keys: [0, 1, 2, 3, 4]
  DELTA_QUERY comp=1 MOV mol_idx=16 natoms=3 n_stored=51
    E_full=-8784.459574  E_ads=-705.849035  E_cur=-8785.409278  E_ads_cur=-705.825762  dE=0.972977 eV
[SERVER] types_arr sample: (2, 0, 0)
[SERVER] species_map keys: [0, 1, 2, 3, 4]
  DELTA_QUERY comp=1 MOV mol_idx=2 natoms=3 n_stored=51
    E_full=-8784.445324  E_ads=-705.858299  E_cur=-8785.409278  E_ads_cur=-705.825762  dE=0.996491 eV
[SERVER] types_arr sample: (2, 0, 0)
[SERVER] species_map keys: [0, 1, 2, 3, 4]
  DELTA_QUERY comp=1 MOV mol_idx=28 natoms=3 n_stored=51
    E_full=-8785.249747  E_ads=-705.839636  E_cur=-8785.409278  E_ads_cur=-705.825762  dE=0.173405 eV
[SERVER] types_arr sample: (2, 0, 0)
[SERVER] species_map keys: [0, 1, 2, 3, 4]
  DELTA_QUERY comp=1 MOV mol_idx=12 natoms=3 n_stored=51
    E_full=-8785.426610  E_ads=-705.828799  E_cur=-8785.409278  E_ads_cur=-705.825762  dE=-0.014295 eV
  COMMIT_MOVE comp=1 mol_idx=12  E_current=-8785.426610  E_ads_current=-705.828799 eV
[SERVER] types_arr sample: (2, 0, 0)
[SERVER] species_map keys: [0, 1, 2, 3, 4]
  DELTA_QUERY comp=1 MOV mol_idx=7 natoms=3 n_stored=51
    E_full=-8784.410033  E_ads=-706.011253  E_cur=-8785.426610  E_ads_cur=-705.828799  dE=1.199031 eV
[SERVER] types_arr sample: (2, 0, 0)
[SERVER] species_map keys: [0, 1, 2, 3, 4]
  DELTA_QUERY comp=1 MOV mol_idx=49 natoms=3 n_stored=51
    E_full=-8784.418374  E_ads=-705.844153  E_cur=-8785.426610  E_ads_cur=-705.828799  dE=1.023589 eV
[SERVER] types_arr sample: (2, 0, 0)
[SERVER] species_map keys: [0, 1, 2, 3, 4]
  DELTA_QUERY comp=1 MOV mol_idx=18 natoms=3 n_stored=51
    E_full=-8785.430496  E_ads=-705.828910  E_cur=-8785.426610  E_ads_cur=-705.828799  dE=-0.003776 eV
  COMMIT_MOVE comp=1 mol_idx=18  E_current=-8785.430496  E_ads_current=-705.828910 eV
[SERVER] types_arr sample: (2, 0, 0)
[SERVER] species_map keys: [0, 1, 2, 3, 4]
  DELTA_QUERY comp=1 MOV mol_idx=28 natoms=3 n_stored=51
    E_full=-8785.416100  E_ads=-705.829457  E_cur=-8785.430496  E_ads_cur=-705.828910  dE=0.014943 eV
[SERVER] types_arr sample: (2, 0, 0)
[SERVER] species_map keys: [0, 1, 2, 3, 4]
  DELTA_QUERY comp=1 MOV mol_idx=23 natoms=3 n_stored=51
    E_full=-8782.773163  E_ads=-706.054971  E_cur=-8785.430496  E_ads_cur=-705.828910  dE=2.883395 eV
  DELTA_QUERY comp=1 DEL mol_idx=28 natoms=0 n_stored=51
    E_full=-8771.080582  E_ads=-692.050572  E_cur=-8785.430496  E_ads_cur=-705.828910  dE=0.571576 eV
  DELTA_QUERY comp=1 DEL mol_idx=46 natoms=0 n_stored=51
    E_full=-8771.048002  E_ads=-691.668775  E_cur=-8785.430496  E_ads_cur=-705.828910  dE=0.222359 eV
  COMMIT_DELETE comp=1 mol_idx=46 n_stored=50  E_current=-8771.048002  E_ads_current=-691.668775 eV
[SERVER] types_arr sample: (2, 0, 0)
[SERVER] species_map keys: [0, 1, 2, 3, 4]
  DELTA_QUERY comp=1 MOV mol_idx=4 natoms=3 n_stored=50
    E_full=-8770.733846  E_ads=-691.692943  E_cur=-8771.048002  E_ads_cur=-691.668775  dE=0.338324 eV
[SERVER] types_arr sample: (2, 0, 0)
[SERVER] species_map keys: [0, 1, 2, 3, 4]
  DELTA_QUERY comp=1 MOV mol_idx=31 natoms=3 n_stored=50
    E_full=-8770.845687  E_ads=-691.870322  E_cur=-8771.048002  E_ads_cur=-691.668775  dE=0.403862 eV
[SERVER] types_arr sample: (2, 0, 0)
[SERVER] species_map keys: [0, 1, 2, 3, 4]
  DELTA_QUERY comp=1 MOV mol_idx=17 natoms=3 n_stored=50
    E_full=-8770.713650  E_ads=-691.654013  E_cur=-8771.048002  E_ads_cur=-691.668775  dE=0.319590 eV
[SERVER] types_arr sample: (2, 0, 0)
[SERVER] species_map keys: [0, 1, 2, 3, 4]
  DELTA_QUERY comp=1 INS mol_idx=-1 natoms=3 n_stored=50
    E_full=-8781.713457  E_ads=-705.574449  E_cur=-8771.048002  E_ads_cur=-691.668775  dE=3.240220 eV
[SERVER] types_arr sample: (2, 0, 0)
[SERVER] species_map keys: [0, 1, 2, 3, 4]
  DELTA_QUERY comp=1 MOV mol_idx=1 natoms=3 n_stored=50
    E_full=-8770.802508  E_ads=-691.522992  E_cur=-8771.048002  E_ads_cur=-691.668775  dE=0.099711 eV
[SERVER] types_arr sample: (2, 0, 0)
[SERVER] species_map keys: [0, 1, 2, 3, 4]
  DELTA_QUERY comp=1 INS mol_idx=-1 natoms=3 n_stored=50
    E_full=-8785.370816  E_ads=-705.738373  E_cur=-8771.048002  E_ads_cur=-691.668775  dE=-0.253217 eV
[SERVER] types_arr sample: (2, 0, 0)
[SERVER] species_map keys: [0, 1, 2, 3, 4]
  DELTA_QUERY comp=1 MOV mol_idx=2 natoms=3 n_stored=50
    E_full=-8769.258285  E_ads=-691.522169  E_cur=-8771.048002  E_ads_cur=-691.668775  dE=1.643111 eV
[SERVER] types_arr sample: (2, 0, 0)
[SERVER] species_map keys: [0, 1, 2, 3, 4]
  DELTA_QUERY comp=1 MOV mol_idx=12 natoms=3 n_stored=50
    E_full=-8771.103564  E_ads=-691.728706  E_cur=-8771.048002  E_ads_cur=-691.668775  dE=0.004369 eV
  COMMIT_MOVE comp=1 mol_idx=12  E_current=-8771.103564  E_ads_current=-691.728706 eV
  DELTA_QUERY comp=1 DEL mol_idx=19 natoms=0 n_stored=50
    E_full=-8756.634506  E_ads=-677.945618  E_cur=-8771.103564  E_ads_cur=-691.728706  dE=0.685970 eV
[SERVER] types_arr sample: (2, 0, 0)
[SERVER] species_map keys: [0, 1, 2, 3, 4]
  DELTA_QUERY comp=1 MOV mol_idx=6 natoms=3 n_stored=50
    E_full=-8771.078450  E_ads=-691.729248  E_cur=-8771.103564  E_ads_cur=-691.728706  dE=0.025656 eV
[SERVER] types_arr sample: (2, 0, 0)
[SERVER] species_map keys: [0, 1, 2, 3, 4]
  DELTA_QUERY comp=1 MOV mol_idx=21 natoms=3 n_stored=50
    E_full=-8771.025352  E_ads=-691.726446  E_cur=-8771.103564  E_ads_cur=-691.728706  dE=0.075952 eV
[SERVER] types_arr sample: (2, 0, 0)
[SERVER] species_map keys: [0, 1, 2, 3, 4]
  DELTA_QUERY comp=1 MOV mol_idx=26 natoms=3 n_stored=50
    E_full=-8771.069970  E_ads=-691.729277  E_cur=-8771.103564  E_ads_cur=-691.728706  dE=0.034165 eV
  DELTA_QUERY comp=1 DEL mol_idx=28 natoms=0 n_stored=50
    E_full=-8756.753643  E_ads=-677.950368  E_cur=-8771.103564  E_ads_cur=-691.728706  dE=0.571583 eV
[SERVER] types_arr sample: (2, 0, 0)
[SERVER] species_map keys: [0, 1, 2, 3, 4]
  DELTA_QUERY comp=1 MOV mol_idx=23 natoms=3 n_stored=50
    E_full=-8771.131242  E_ads=-691.726919  E_cur=-8771.103564  E_ads_cur=-691.728706  dE=-0.029465 eV
  COMMIT_MOVE comp=1 mol_idx=23  E_current=-8771.131242  E_ads_current=-691.726919 eV
[SERVER] types_arr sample: (2, 0, 0)
[SERVER] species_map keys: [0, 1, 2, 3, 4]
  DELTA_QUERY comp=1 MOV mol_idx=41 natoms=3 n_stored=50
    E_full=-8771.492692  E_ads=-692.198996  E_cur=-8771.131242  E_ads_cur=-691.726919  dE=0.110628 eV
[SERVER] types_arr sample: (2, 0, 0)
[SERVER] species_map keys: [0, 1, 2, 3, 4]
  DELTA_QUERY comp=1 INS mol_idx=-1 natoms=3 n_stored=50
    E_full=-8785.294549  E_ads=-705.956036  E_cur=-8771.131242  E_ads_cur=-691.726919  dE=0.065810 eV
[SERVER] types_arr sample: (2, 0, 0)
[SERVER] species_map keys: [0, 1, 2, 3, 4]
  DELTA_QUERY comp=1 MOV mol_idx=30 natoms=3 n_stored=50
    E_full=-8771.054388  E_ads=-691.736447  E_cur=-8771.131242  E_ads_cur=-691.726919  dE=0.086382 eV
[SERVER] types_arr sample: (2, 0, 0)
[SERVER] species_map keys: [0, 1, 2, 3, 4]
  DELTA_QUERY comp=1 MOV mol_idx=7 natoms=3 n_stored=50
    E_full=-8771.136346  E_ads=-691.726338  E_cur=-8771.131242  E_ads_cur=-691.726919  dE=-0.005686 eV
  COMMIT_MOVE comp=1 mol_idx=7  E_current=-8771.136346  E_ads_current=-691.726338 eV
[SERVER] types_arr sample: (2, 0, 0)
[SERVER] species_map keys: [0, 1, 2, 3, 4]
  DELTA_QUERY comp=1 MOV mol_idx=13 natoms=3 n_stored=50
    E_full=-8769.480071  E_ads=-691.802872  E_cur=-8771.136346  E_ads_cur=-691.726338  dE=1.732810 eV
  DELTA_QUERY comp=1 DEL mol_idx=38 natoms=0 n_stored=50
    E_full=-8756.844167  E_ads=-677.938039  E_cur=-8771.136346  E_ads_cur=-691.726338  dE=0.503881 eV
[SERVER] types_arr sample: (2, 0, 0)
[SERVER] species_map keys: [0, 1, 2, 3, 4]
  DELTA_QUERY comp=1 MOV mol_idx=28 natoms=3 n_stored=50
    E_full=-8771.140954  E_ads=-691.725832  E_cur=-8771.136346  E_ads_cur=-691.726338  dE=-0.005113 eV
  COMMIT_MOVE comp=1 mol_idx=28  E_current=-8771.140954  E_ads_current=-691.725832 eV
[SERVER] types_arr sample: (2, 0, 0)
[SERVER] species_map keys: [0, 1, 2, 3, 4]
  DELTA_QUERY comp=1 MOV mol_idx=21 natoms=3 n_stored=50
    E_full=-8770.936016  E_ads=-691.725592  E_cur=-8771.140954  E_ads_cur=-691.725832  dE=0.204699 eV
[SERVER] types_arr sample: (2, 0, 0)
[SERVER] species_map keys: [0, 1, 2, 3, 4]
  DELTA_QUERY comp=1 MOV mol_idx=39 natoms=3 n_stored=50
    E_full=-8770.933473  E_ads=-691.731957  E_cur=-8771.140954  E_ads_cur=-691.725832  dE=0.213605 eV
  DELTA_QUERY comp=1 DEL mol_idx=23 natoms=0 n_stored=50
    E_full=-8756.635405  E_ads=-677.916661  E_cur=-8771.140954  E_ads_cur=-691.725832  dE=0.696378 eV
  DELTA_QUERY comp=1 DEL mol_idx=14 natoms=0 n_stored=50
    E_full=-8756.723755  E_ads=-677.596947  E_cur=-8771.140954  E_ads_cur=-691.725832  dE=0.288314 eV
  COMMIT_DELETE comp=1 mol_idx=14 n_stored=49  E_current=-8756.723755  E_ads_current=-677.596947 eV
[SERVER] types_arr sample: (2, 0, 0)
[SERVER] species_map keys: [0, 1, 2, 3, 4]
  DELTA_QUERY comp=1 MOV mol_idx=14 natoms=3 n_stored=49
    E_full=-8755.671238  E_ads=-677.632070  E_cur=-8756.723755  E_ads_cur=-677.596947  dE=1.087640 eV
[SERVER] types_arr sample: (2, 0, 0)
[SERVER] species_map keys: [0, 1, 2, 3, 4]
  DELTA_QUERY comp=1 MOV mol_idx=44 natoms=3 n_stored=49
    E_full=-8756.689158  E_ads=-677.356561  E_cur=-8756.723755  E_ads_cur=-677.596947  dE=-0.205790 eV
  COMMIT_MOVE comp=1 mol_idx=44  E_current=-8756.689158  E_ads_current=-677.356561 eV
  DELTA_QUERY comp=1 DEL mol_idx=22 natoms=0 n_stored=49
    E_full=-8742.348022  E_ads=-663.557512  E_cur=-8756.689158  E_ads_cur=-677.356561  dE=0.542088 eV
[SERVER] types_arr sample: (2, 0, 0)
[SERVER] species_map keys: [0, 1, 2, 3, 4]
  DELTA_QUERY comp=1 MOV mol_idx=40 natoms=3 n_stored=49
    E_full=-8756.694664  E_ads=-677.353599  E_cur=-8756.689158  E_ads_cur=-677.356561  dE=-0.008467 eV
  DELTA_QUERY comp=1 DEL mol_idx=5 natoms=0 n_stored=49
    E_full=-8742.143814  E_ads=-663.578929  E_cur=-8756.689158  E_ads_cur=-677.356561  dE=0.767713 eV
[SERVER] types_arr sample: (2, 0, 0)
[SERVER] species_map keys: [0, 1, 2, 3, 4]
  DELTA_QUERY comp=1 MOV mol_idx=28 natoms=3 n_stored=49
    E_full=-8756.810345  E_ads=-677.456201  E_cur=-8756.689158  E_ads_cur=-677.356561  dE=-0.021547 eV
[SERVER] types_arr sample: (2, 0, 0)
[SERVER] species_map keys: [0, 1, 2, 3, 4]
  DELTA_QUERY comp=1 MOV mol_idx=11 natoms=3 n_stored=49
    E_full=-8756.721259  E_ads=-677.354604  E_cur=-8756.689158  E_ads_cur=-677.356561  dE=-0.034057 eV
  COMMIT_MOVE comp=1 mol_idx=11  E_current=-8756.721259  E_ads_current=-677.354604 eV
[SERVER] types_arr sample: (2, 0, 0)
[SERVER] species_map keys: [0, 1, 2, 3, 4]
  DELTA_QUERY comp=1 MOV mol_idx=41 natoms=3 n_stored=49
    E_full=-8756.652629  E_ads=-677.354825  E_cur=-8756.721259  E_ads_cur=-677.354604  dE=0.068851 eV
[SERVER] types_arr sample: (2, 0, 0)
[SERVER] species_map keys: [0, 1, 2, 3, 4]
  DELTA_QUERY comp=1 MOV mol_idx=36 natoms=3 n_stored=49
    E_full=-8755.718724  E_ads=-676.523192  E_cur=-8756.721259  E_ads_cur=-677.354604  dE=0.171123 eV
[SERVER] types_arr sample: (2, 0, 0)
[SERVER] species_map keys: [0, 1, 2, 3, 4]
  DELTA_QUERY comp=1 INS mol_idx=-1 natoms=3 n_stored=49
    E_full=-8770.952056  E_ads=-691.455468  E_cur=-8756.721259  E_ads_cur=-677.354604  dE=-0.129932 eV
[SERVER] types_arr sample: (2, 0, 0)
[SERVER] species_map keys: [0, 1, 2, 3, 4]
  DELTA_QUERY comp=1 MOV mol_idx=29 natoms=3 n_stored=49
    E_full=-8756.716926  E_ads=-677.779926  E_cur=-8756.721259  E_ads_cur=-677.354604  dE=0.429655 eV
  DELTA_QUERY comp=1 DEL mol_idx=47 natoms=0 n_stored=49
    E_full=-8742.272673  E_ads=-663.573928  E_cur=-8756.721259  E_ads_cur=-677.354604  dE=0.667911 eV
[SERVER] types_arr sample: (2, 0, 0)
[SERVER] species_map keys: [0, 1, 2, 3, 4]
  DELTA_QUERY comp=1 INS mol_idx=-1 natoms=3 n_stored=49
    E_full=-8770.833359  E_ads=-691.590740  E_cur=-8756.721259  E_ads_cur=-677.354604  dE=0.124037 eV
[SERVER] types_arr sample: (2, 0, 0)
[SERVER] species_map keys: [0, 1, 2, 3, 4]
  DELTA_QUERY comp=1 MOV mol_idx=38 natoms=3 n_stored=49
    E_full=-8756.709837  E_ads=-677.353661  E_cur=-8756.721259  E_ads_cur=-677.354604  dE=0.010479 eV
  COMMIT_MOVE comp=1 mol_idx=38  E_current=-8756.709837  E_ads_current=-677.353661 eV
  DELTA_QUERY comp=1 DEL mol_idx=9 natoms=0 n_stored=49
    E_full=-8742.328537  E_ads=-663.572361  E_cur=-8756.709837  E_ads_cur=-677.353661  dE=0.600000 eV
[SERVER] types_arr sample: (2, 0, 0)
[SERVER] species_map keys: [0, 1, 2, 3, 4]
  DELTA_QUERY comp=1 MOV mol_idx=44 natoms=3 n_stored=49
    E_full=-8756.800472  E_ads=-677.597118  E_cur=-8756.709837  E_ads_cur=-677.353661  dE=0.152823 eV
[SERVER] types_arr sample: (2, 0, 0)
[SERVER] species_map keys: [0, 1, 2, 3, 4]
  DELTA_QUERY comp=1 MOV mol_idx=37 natoms=3 n_stored=49
    E_full=-8753.882178  E_ads=-677.515887  E_cur=-8756.709837  E_ads_cur=-677.353661  dE=2.989885 eV
[SERVER] types_arr sample: (2, 0, 0)
[SERVER] species_map keys: [0, 1, 2, 3, 4]
  DELTA_QUERY comp=1 MOV mol_idx=30 natoms=3 n_stored=49
    E_full=-8756.330534  E_ads=-677.606185  E_cur=-8756.709837  E_ads_cur=-677.353661  dE=0.631827 eV
[SERVER] types_arr sample: (2, 0, 0)
[SERVER] species_map keys: [0, 1, 2, 3, 4]
  DELTA_QUERY comp=1 MOV mol_idx=2 natoms=3 n_stored=49
    E_full=-8756.271388  E_ads=-677.351631  E_cur=-8756.709837  E_ads_cur=-677.353661  dE=0.436419 eV
[SERVER] types_arr sample: (2, 0, 0)
[SERVER] species_map keys: [0, 1, 2, 3, 4]
  DELTA_QUERY comp=1 MOV mol_idx=20 natoms=3 n_stored=49
    E_full=-8756.273707  E_ads=-677.365328  E_cur=-8756.709837  E_ads_cur=-677.353661  dE=0.447797 eV
[SERVER] types_arr sample: (2, 0, 0)
[SERVER] species_map keys: [0, 1, 2, 3, 4]
  DELTA_QUERY comp=1 MOV mol_idx=12 natoms=3 n_stored=49
    E_full=-8756.709014  E_ads=-677.431050  E_cur=-8756.709837  E_ads_cur=-677.353661  dE=0.078213 eV
  DELTA_QUERY comp=1 DEL mol_idx=24 natoms=0 n_stored=49
    E_full=-8742.350528  E_ads=-663.154382  E_cur=-8756.709837  E_ads_cur=-677.353661  dE=0.160031 eV
  COMMIT_DELETE comp=1 mol_idx=24 n_stored=48  E_current=-8742.350528  E_ads_current=-663.154382 eV
  DELTA_QUERY comp=1 DEL mol_idx=19 natoms=0 n_stored=48
    E_full=-8727.874540  E_ads=-649.370203  E_cur=-8742.350528  E_ads_cur=-663.154382  dE=0.691807 eV
[SERVER] types_arr sample: (2, 0, 0)
[SERVER] species_map keys: [0, 1, 2, 3, 4]
  DELTA_QUERY comp=1 INS mol_idx=-1 natoms=3 n_stored=48
    E_full=-8756.280355  E_ads=-677.420963  E_cur=-8742.350528  E_ads_cur=-663.154382  dE=0.336753 eV
[SERVER] types_arr sample: (2, 0, 0)
[SERVER] species_map keys: [0, 1, 2, 3, 4]
  DELTA_QUERY comp=1 INS mol_idx=-1 natoms=3 n_stored=48
    E_full=-8756.108326  E_ads=-677.239023  E_cur=-8742.350528  E_ads_cur=-663.154382  dE=0.326841 eV
[SERVER] types_arr sample: (2, 0, 0)
[SERVER] species_map keys: [0, 1, 2, 3, 4]
  DELTA_QUERY comp=1 MOV mol_idx=25 natoms=3 n_stored=48
    E_full=-8741.032380  E_ads=-662.985904  E_cur=-8742.350528  E_ads_cur=-663.154382  dE=1.149669 eV
[SERVER] types_arr sample: (2, 0, 0)
[SERVER] species_map keys: [0, 1, 2, 3, 4]
  DELTA_QUERY comp=1 MOV mol_idx=11 natoms=3 n_stored=48
    E_full=-8742.258728  E_ads=-663.154260  E_cur=-8742.350528  E_ads_cur=-663.154382  dE=0.091676 eV
  DELTA_QUERY comp=1 DEL mol_idx=29 natoms=0 n_stored=48
    E_full=-8727.823468  E_ads=-649.376591  E_cur=-8742.350528  E_ads_cur=-663.154382  dE=0.749268 eV
[SERVER] types_arr sample: (2, 0, 0)
[SERVER] species_map keys: [0, 1, 2, 3, 4]
  DELTA_QUERY comp=1 MOV mol_idx=38 natoms=3 n_stored=48
    E_full=-8742.054713  E_ads=-663.385054  E_cur=-8742.350528  E_ads_cur=-663.154382  dE=0.526486 eV
[SERVER] types_arr sample: (2, 0, 0)
[SERVER] species_map keys: [0, 1, 2, 3, 4]
  DELTA_QUERY comp=1 MOV mol_idx=7 natoms=3 n_stored=48
    E_full=-8742.340317  E_ads=-663.154609  E_cur=-8742.350528  E_ads_cur=-663.154382  dE=0.010436 eV
  COMMIT_MOVE comp=1 mol_idx=7  E_current=-8742.340317  E_ads_current=-663.154609 eV
[SERVER] types_arr sample: (2, 0, 0)
[SERVER] species_map keys: [0, 1, 2, 3, 4]
  DELTA_QUERY comp=1 MOV mol_idx=14 natoms=3 n_stored=48
    E_full=-8742.346993  E_ads=-663.162541  E_cur=-8742.340317  E_ads_cur=-663.154609  dE=0.001256 eV
  COMMIT_MOVE comp=1 mol_idx=14  E_current=-8742.346993  E_ads_current=-663.162541 eV
[SERVER] types_arr sample: (2, 0, 0)
[SERVER] species_map keys: [0, 1, 2, 3, 4]
  DELTA_QUERY comp=1 MOV mol_idx=22 natoms=3 n_stored=48
    E_full=-8742.274355  E_ads=-663.162911  E_cur=-8742.346993  E_ads_cur=-663.162541  dE=0.073009 eV
  DELTA_QUERY comp=1 DEL mol_idx=16 natoms=0 n_stored=48
    E_full=-8727.928862  E_ads=-649.374018  E_cur=-8742.346993  E_ads_cur=-663.162541  dE=0.629608 eV
[SERVER] types_arr sample: (2, 0, 0)
[SERVER] species_map keys: [0, 1, 2, 3, 4]
  DELTA_QUERY comp=1 MOV mol_idx=19 natoms=3 n_stored=48
    E_full=-8742.395863  E_ads=-663.265910  E_cur=-8742.346993  E_ads_cur=-663.162541  dE=0.054500 eV
[SERVER] types_arr sample: (2, 0, 0)
[SERVER] species_map keys: [0, 1, 2, 3, 4]
  DELTA_QUERY comp=1 MOV mol_idx=33 natoms=3 n_stored=48
    E_full=-8742.336837  E_ads=-663.155973  E_cur=-8742.346993  E_ads_cur=-663.162541  dE=0.003588 eV
[SERVER] types_arr sample: (2, 0, 0)
[SERVER] species_map keys: [0, 1, 2, 3, 4]
  DELTA_QUERY comp=1 INS mol_idx=-1 natoms=3 n_stored=48
    E_full=-8756.834683  E_ads=-676.951173  E_cur=-8742.346993  E_ads_cur=-663.162541  dE=-0.699057 eV
  COMMIT_INSERT comp=1 n_stored=49  E_current=-8756.834683  E_ads_current=-676.951173 eV
[SERVER] types_arr sample: (2, 0, 0)
[SERVER] species_map keys: [0, 1, 2, 3, 4]
  DELTA_QUERY comp=1 INS mol_idx=-1 natoms=3 n_stored=49
    E_full=-8770.592098  E_ads=-690.972542  E_cur=-8756.834683  E_ads_cur=-676.951173  dE=0.263954 eV
[SERVER] types_arr sample: (2, 0, 0)
[SERVER] species_map keys: [0, 1, 2, 3, 4]
  DELTA_QUERY comp=1 INS mol_idx=-1 natoms=3 n_stored=49
    E_full=-8771.130117  E_ads=-690.816981  E_cur=-8756.834683  E_ads_cur=-676.951173  dE=-0.429627 eV
[SERVER] types_arr sample: (2, 0, 0)
[SERVER] species_map keys: [0, 1, 2, 3, 4]
  DELTA_QUERY comp=1 INS mol_idx=-1 natoms=3 n_stored=49
    E_full=-8771.221829  E_ads=-691.134006  E_cur=-8756.834683  E_ads_cur=-676.951173  dE=-0.204313 eV
[SERVER] types_arr sample: (2, 0, 0)
[SERVER] species_map keys: [0, 1, 2, 3, 4]
  DELTA_QUERY comp=1 MOV mol_idx=34 natoms=3 n_stored=49
    E_full=-8756.757638  E_ads=-676.950594  E_cur=-8756.834683  E_ads_cur=-676.951173  dE=0.076466 eV
  DELTA_QUERY comp=1 DEL mol_idx=41 natoms=0 n_stored=49
    E_full=-8742.771122  E_ads=-663.168642  E_cur=-8756.834683  E_ads_cur=-676.951173  dE=0.281029 eV
[SERVER] types_arr sample: (2, 0, 0)
[SERVER] species_map keys: [0, 1, 2, 3, 4]
  DELTA_QUERY comp=1 MOV mol_idx=37 natoms=3 n_stored=49
    E_full=-8756.628204  E_ads=-676.951616  E_cur=-8756.834683  E_ads_cur=-676.951173  dE=0.206922 eV
[SERVER] types_arr sample: (2, 0, 0)
[SERVER] species_map keys: [0, 1, 2, 3, 4]
  DELTA_QUERY comp=1 INS mol_idx=-1 natoms=3 n_stored=49
    E_full=-8771.047882  E_ads=-691.004643  E_cur=-8756.834683  E_ads_cur=-676.951173  dE=-0.159729 eV
[SERVER] types_arr sample: (2, 0, 0)
[SERVER] species_map keys: [0, 1, 2, 3, 4]
  DELTA_QUERY comp=1 MOV mol_idx=28 natoms=3 n_stored=49
    E_full=-8756.855967  E_ads=-676.950938  E_cur=-8756.834683  E_ads_cur=-676.951173  dE=-0.021519 eV
  COMMIT_MOVE comp=1 mol_idx=28  E_current=-8756.855967  E_ads_current=-676.950938 eV
[SERVER] types_arr sample: (2, 0, 0)
[SERVER] species_map keys: [0, 1, 2, 3, 4]
  DELTA_QUERY comp=1 MOV mol_idx=1 natoms=3 n_stored=49
    E_full=-8756.025078  E_ads=-676.776816  E_cur=-8756.855967  E_ads_cur=-676.950938  dE=0.656766 eV
[SERVER] types_arr sample: (2, 0, 0)
[SERVER] species_map keys: [0, 1, 2, 3, 4]
  DELTA_QUERY comp=1 MOV mol_idx=10 natoms=3 n_stored=49
    E_full=-8756.685029  E_ads=-676.974255  E_cur=-8756.855967  E_ads_cur=-676.950938  dE=0.194255 eV
[SERVER] types_arr sample: (2, 0, 0)
[SERVER] species_map keys: [0, 1, 2, 3, 4]
  DELTA_QUERY comp=1 MOV mol_idx=26 natoms=3 n_stored=49
    E_full=-8756.902384  E_ads=-676.949042  E_cur=-8756.855967  E_ads_cur=-676.950938  dE=-0.048314 eV
  COMMIT_MOVE comp=1 mol_idx=26  E_current=-8756.902384  E_ads_current=-676.949042 eV
[SERVER] types_arr sample: (2, 0, 0)
[SERVER] species_map keys: [0, 1, 2, 3, 4]
  DELTA_QUERY comp=1 MOV mol_idx=48 natoms=3 n_stored=49
    E_full=-8756.325146  E_ads=-676.977459  E_cur=-8756.902384  E_ads_cur=-676.949042  dE=0.605656 eV
[SERVER] types_arr sample: (2, 0, 0)
[SERVER] species_map keys: [0, 1, 2, 3, 4]
  DELTA_QUERY comp=1 MOV mol_idx=35 natoms=3 n_stored=49
    E_full=-8756.898429  E_ads=-676.949764  E_cur=-8756.902384  E_ads_cur=-676.949042  dE=0.004678 eV
  COMMIT_MOVE comp=1 mol_idx=35  E_current=-8756.898429  E_ads_current=-676.949764 eV
[SERVER] types_arr sample: (2, 0, 0)
[SERVER] species_map keys: [0, 1, 2, 3, 4]
  DELTA_QUERY comp=1 MOV mol_idx=27 natoms=3 n_stored=49
    E_full=-8756.545902  E_ads=-677.067041  E_cur=-8756.898429  E_ads_cur=-676.949764  dE=0.469805 eV
[SERVER] types_arr sample: (2, 0, 0)
[SERVER] species_map keys: [0, 1, 2, 3, 4]
  DELTA_QUERY comp=1 INS mol_idx=-1 natoms=3 n_stored=49
    E_full=-8771.004586  E_ads=-691.184959  E_cur=-8756.898429  E_ads_cur=-676.949764  dE=0.129039 eV
[SERVER] types_arr sample: (2, 0, 0)
[SERVER] species_map keys: [0, 1, 2, 3, 4]
  DELTA_QUERY comp=1 MOV mol_idx=15 natoms=3 n_stored=49
    E_full=-8754.810594  E_ads=-677.157617  E_cur=-8756.898429  E_ads_cur=-676.949764  dE=2.295688 eV
[SERVER] types_arr sample: (2, 0, 0)
[SERVER] species_map keys: [0, 1, 2, 3, 4]
  DELTA_QUERY comp=1 INS mol_idx=-1 natoms=3 n_stored=49
    E_full=-8771.153201  E_ads=-690.980847  E_cur=-8756.898429  E_ads_cur=-676.949764  dE=-0.223688 eV
[SERVER] types_arr sample: (2, 0, 0)
[SERVER] species_map keys: [0, 1, 2, 3, 4]
  DELTA_QUERY comp=1 MOV mol_idx=5 natoms=3 n_stored=49
    E_full=-8756.804748  E_ads=-677.367220  E_cur=-8756.898429  E_ads_cur=-676.949764  dE=0.511137 eV
[SERVER] types_arr sample: (2, 0, 0)
[SERVER] species_map keys: [0, 1, 2, 3, 4]
  DELTA_QUERY comp=1 MOV mol_idx=12 natoms=3 n_stored=49
    E_full=-8756.215557  E_ads=-676.980479  E_cur=-8756.898429  E_ads_cur=-676.949764  dE=0.713587 eV
[SERVER] types_arr sample: (2, 0, 0)
[SERVER] species_map keys: [0, 1, 2, 3, 4]
  DELTA_QUERY comp=1 INS mol_idx=-1 natoms=3 n_stored=49
    E_full=-8769.918785  E_ads=-690.166239  E_cur=-8756.898429  E_ads_cur=-676.949764  dE=0.196119 eV
[SERVER] types_arr sample: (2, 0, 0)
[SERVER] species_map keys: [0, 1, 2, 3, 4]
  DELTA_QUERY comp=1 MOV mol_idx=8 natoms=3 n_stored=49
    E_full=-8756.813740  E_ads=-676.949678  E_cur=-8756.898429  E_ads_cur=-676.949764  dE=0.084604 eV
[SERVER] types_arr sample: (2, 0, 0)
[SERVER] species_map keys: [0, 1, 2, 3, 4]
  DELTA_QUERY comp=1 MOV mol_idx=43 natoms=3 n_stored=49
    E_full=-8755.466351  E_ads=-676.706017  E_cur=-8756.898429  E_ads_cur=-676.949764  dE=1.188332 eV
[SERVER] types_arr sample: (2, 0, 0)
[SERVER] species_map keys: [0, 1, 2, 3, 4]
  DELTA_QUERY comp=1 INS mol_idx=-1 natoms=3 n_stored=49
    E_full=-8770.181487  E_ads=-690.050678  E_cur=-8756.898429  E_ads_cur=-676.949764  dE=-0.182143 eV
[SERVER] types_arr sample: (2, 0, 0)
[SERVER] species_map keys: [0, 1, 2, 3, 4]
  DELTA_QUERY comp=1 MOV mol_idx=25 natoms=3 n_stored=49
    E_full=-8756.828595  E_ads=-676.967111  E_cur=-8756.898429  E_ads_cur=-676.949764  dE=0.087181 eV
[SERVER] types_arr sample: (2, 0, 0)
[SERVER] species_map keys: [0, 1, 2, 3, 4]
  DELTA_QUERY comp=1 MOV mol_idx=15 natoms=3 n_stored=49
    E_full=-8756.804000  E_ads=-677.426714  E_cur=-8756.898429  E_ads_cur=-676.949764  dE=0.571380 eV
[SERVER] types_arr sample: (2, 0, 0)
[SERVER] species_map keys: [0, 1, 2, 3, 4]
  DELTA_QUERY comp=1 INS mol_idx=-1 natoms=3 n_stored=49
    E_full=-8771.422056  E_ads=-691.101163  E_cur=-8756.898429  E_ads_cur=-676.949764  dE=-0.372227 eV
  COMMIT_INSERT comp=1 n_stored=50  E_current=-8771.422056  E_ads_current=-691.101163 eV
[SERVER] types_arr sample: (2, 0, 0)
[SERVER] species_map keys: [0, 1, 2, 3, 4]
  DELTA_QUERY comp=1 MOV mol_idx=30 natoms=3 n_stored=50
    E_full=-8771.425235  E_ads=-691.098905  E_cur=-8771.422056  E_ads_cur=-691.101163  dE=-0.005437 eV
  COMMIT_MOVE comp=1 mol_idx=30  E_current=-8771.425235  E_ads_current=-691.098905 eV
[SERVER] types_arr sample: (2, 0, 0)
[SERVER] species_map keys: [0, 1, 2, 3, 4]
  DELTA_QUERY comp=1 MOV mol_idx=25 natoms=3 n_stored=50
    E_full=-8771.201082  E_ads=-690.962137  E_cur=-8771.425235  E_ads_cur=-691.098905  dE=0.087385 eV
[SERVER] types_arr sample: (2, 0, 0)
[SERVER] species_map keys: [0, 1, 2, 3, 4]
  DELTA_QUERY comp=1 MOV mol_idx=0 natoms=3 n_stored=50
    E_full=-8771.443847  E_ads=-691.198255  E_cur=-8771.425235  E_ads_cur=-691.098905  dE=0.080738 eV
  DELTA_QUERY comp=1 DEL mol_idx=12 natoms=0 n_stored=50
    E_full=-8756.788422  E_ads=-676.885537  E_cur=-8771.425235  E_ads_cur=-691.098905  dE=0.423445 eV
[SERVER] types_arr sample: (2, 0, 0)
[SERVER] species_map keys: [0, 1, 2, 3, 4]
  DELTA_QUERY comp=1 INS mol_idx=-1 natoms=3 n_stored=50
    E_full=-8784.393696  E_ads=-705.343883  E_cur=-8771.425235  E_ads_cur=-691.098905  dE=1.276517 eV
[SERVER] types_arr sample: (2, 0, 0)
[SERVER] species_map keys: [0, 1, 2, 3, 4]
  DELTA_QUERY comp=1 MOV mol_idx=39 natoms=3 n_stored=50
    E_full=-8771.034912  E_ads=-691.072461  E_cur=-8771.425235  E_ads_cur=-691.098905  dE=0.363879 eV
[SERVER] types_arr sample: (2, 0, 0)
[SERVER] species_map keys: [0, 1, 2, 3, 4]
  DELTA_QUERY comp=1 MOV mol_idx=23 natoms=3 n_stored=50
    E_full=-8771.363814  E_ads=-691.093838  E_cur=-8771.425235  E_ads_cur=-691.098905  dE=0.056354 eV
[SERVER] types_arr sample: (2, 0, 0)
[SERVER] species_map keys: [0, 1, 2, 3, 4]
  DELTA_QUERY comp=1 MOV mol_idx=25 natoms=3 n_stored=50
    E_full=-8771.096925  E_ads=-690.843749  E_cur=-8771.425235  E_ads_cur=-691.098905  dE=0.073153 eV
[SERVER] types_arr sample: (2, 0, 0)
[SERVER] species_map keys: [0, 1, 2, 3, 4]
  DELTA_QUERY comp=1 MOV mol_idx=6 natoms=3 n_stored=50
    E_full=-8771.404483  E_ads=-691.094365  E_cur=-8771.425235  E_ads_cur=-691.098905  dE=0.016212 eV
  COMMIT_MOVE comp=1 mol_idx=6  E_current=-8771.404483  E_ads_current=-691.094365 eV
[SERVER] types_arr sample: (2, 0, 0)
[SERVER] species_map keys: [0, 1, 2, 3, 4]
  DELTA_QUERY comp=1 MOV mol_idx=21 natoms=3 n_stored=50
    E_full=-8771.317858  E_ads=-691.096913  E_cur=-8771.404483  E_ads_cur=-691.094365  dE=0.089173 eV
[SERVER] types_arr sample: (2, 0, 0)
[SERVER] species_map keys: [0, 1, 2, 3, 4]
  DELTA_QUERY comp=1 MOV mol_idx=46 natoms=3 n_stored=50
    E_full=-8771.287584  E_ads=-690.867015  E_cur=-8771.404483  E_ads_cur=-691.094365  dE=-0.110452 eV
[SERVER] types_arr sample: (2, 0, 0)
[SERVER] species_map keys: [0, 1, 2, 3, 4]
  DELTA_QUERY comp=1 MOV mol_idx=19 natoms=3 n_stored=50
    E_full=-8770.361226  E_ads=-691.354160  E_cur=-8771.404483  E_ads_cur=-691.094365  dE=1.303052 eV
[SERVER] types_arr sample: (2, 0, 0)
[SERVER] species_map keys: [0, 1, 2, 3, 4]
  DELTA_QUERY comp=1 MOV mol_idx=17 natoms=3 n_stored=50
    E_full=-8771.070876  E_ads=-691.187417  E_cur=-8771.404483  E_ads_cur=-691.094365  dE=0.426658 eV
[SERVER] types_arr sample: (2, 0, 0)
[SERVER] species_map keys: [0, 1, 2, 3, 4]
  DELTA_QUERY comp=1 MOV mol_idx=7 natoms=3 n_stored=50
    E_full=-8771.437545  E_ads=-691.094077  E_cur=-8771.404483  E_ads_cur=-691.094365  dE=-0.033350 eV
  COMMIT_MOVE comp=1 mol_idx=7  E_current=-8771.437545  E_ads_current=-691.094077 eV
[SERVER] types_arr sample: (2, 0, 0)
[SERVER] species_map keys: [0, 1, 2, 3, 4]
  DELTA_QUERY comp=1 MOV mol_idx=47 natoms=3 n_stored=50
    E_full=-8770.383439  E_ads=-691.099139  E_cur=-8771.437545  E_ads_cur=-691.094077  dE=1.059167 eV
[SERVER] types_arr sample: (2, 0, 0)
[SERVER] species_map keys: [0, 1, 2, 3, 4]
  DELTA_QUERY comp=1 MOV mol_idx=13 natoms=3 n_stored=50
    E_full=-8768.904297  E_ads=-691.192259  E_cur=-8771.437545  E_ads_cur=-691.094077  dE=2.631430 eV
  DELTA_QUERY comp=1 DEL mol_idx=17 natoms=0 n_stored=50
    E_full=-8756.990669  E_ads=-677.301748  E_cur=-8771.437545  E_ads_cur=-691.094077  dE=0.654547 eV
[SERVER] types_arr sample: (2, 0, 0)
[SERVER] species_map keys: [0, 1, 2, 3, 4]
  DELTA_QUERY comp=1 MOV mol_idx=49 natoms=3 n_stored=50
    E_full=-8771.389333  E_ads=-691.068781  E_cur=-8771.437545  E_ads_cur=-691.094077  dE=0.022916 eV
[SERVER] types_arr sample: (2, 0, 0)
[SERVER] species_map keys: [0, 1, 2, 3, 4]
  DELTA_QUERY comp=1 MOV mol_idx=0 natoms=3 n_stored=50
    E_full=-8771.299407  E_ads=-691.090364  E_cur=-8771.437545  E_ads_cur=-691.094077  dE=0.134425 eV
[SERVER] types_arr sample: (2, 0, 0)
[SERVER] species_map keys: [0, 1, 2, 3, 4]
  DELTA_QUERY comp=1 MOV mol_idx=8 natoms=3 n_stored=50
    E_full=-8771.438204  E_ads=-691.094062  E_cur=-8771.437545  E_ads_cur=-691.094077  dE=-0.000674 eV
  COMMIT_MOVE comp=1 mol_idx=8  E_current=-8771.438204  E_ads_current=-691.094062 eV
[SERVER] types_arr sample: (2, 0, 0)
[SERVER] species_map keys: [0, 1, 2, 3, 4]
  DELTA_QUERY comp=1 INS mol_idx=-1 natoms=3 n_stored=50
    E_full=-8785.777989  E_ads=-705.228630  E_cur=-8771.438204  E_ads_cur=-691.094062  dE=-0.205217 eV
[SERVER] types_arr sample: (2, 0, 0)
[SERVER] species_map keys: [0, 1, 2, 3, 4]
  DELTA_QUERY comp=1 MOV mol_idx=15 natoms=3 n_stored=50
    E_full=-8769.393485  E_ads=-691.121909  E_cur=-8771.438204  E_ads_cur=-691.094062  dE=2.072566 eV
[SERVER] types_arr sample: (2, 0, 0)
[SERVER] species_map keys: [0, 1, 2, 3, 4]
  DELTA_QUERY comp=1 MOV mol_idx=20 natoms=3 n_stored=50
    E_full=-8771.455238  E_ads=-691.066166  E_cur=-8771.438204  E_ads_cur=-691.094062  dE=-0.044929 eV
  COMMIT_MOVE comp=1 mol_idx=20  E_current=-8771.455238  E_ads_current=-691.066166 eV
  DELTA_QUERY comp=1 DEL mol_idx=29 natoms=0 n_stored=50
    E_full=-8756.931358  E_ads=-677.277394  E_cur=-8771.455238  E_ads_cur=-691.066166  dE=0.735108 eV
[SERVER] types_arr sample: (2, 0, 0)
[SERVER] species_map keys: [0, 1, 2, 3, 4]
  DELTA_QUERY comp=1 MOV mol_idx=32 natoms=3 n_stored=50
    E_full=-8771.465291  E_ads=-691.064260  E_cur=-8771.455238  E_ads_cur=-691.066166  dE=-0.011959 eV
  COMMIT_MOVE comp=1 mol_idx=32  E_current=-8771.465291  E_ads_current=-691.064260 eV
[SERVER] types_arr sample: (2, 0, 0)
[SERVER] species_map keys: [0, 1, 2, 3, 4]
  DELTA_QUERY comp=1 MOV mol_idx=31 natoms=3 n_stored=50
    E_full=-8771.406022  E_ads=-691.476787  E_cur=-8771.465291  E_ads_cur=-691.064260  dE=0.471795 eV
[SERVER] types_arr sample: (2, 0, 0)
[SERVER] species_map keys: [0, 1, 2, 3, 4]
  DELTA_QUERY comp=1 MOV mol_idx=22 natoms=3 n_stored=50
    E_full=-8769.219468  E_ads=-691.045495  E_cur=-8771.465291  E_ads_cur=-691.064260  dE=2.227057 eV
[SERVER] types_arr sample: (2, 0, 0)
[SERVER] species_map keys: [0, 1, 2, 3, 4]
  DELTA_QUERY comp=1 MOV mol_idx=3 natoms=3 n_stored=50
    E_full=-8771.463780  E_ads=-691.064260  E_cur=-8771.465291  E_ads_cur=-691.064260  dE=0.001511 eV
  COMMIT_MOVE comp=1 mol_idx=3  E_current=-8771.463780  E_ads_current=-691.064260 eV
[SERVER] types_arr sample: (2, 0, 0)
[SERVER] species_map keys: [0, 1, 2, 3, 4]
  DELTA_QUERY comp=1 MOV mol_idx=14 natoms=3 n_stored=50
    E_full=-8769.838416  E_ads=-691.081920  E_cur=-8771.463780  E_ads_cur=-691.064260  dE=1.643023 eV
[SERVER] types_arr sample: (2, 0, 0)
[SERVER] species_map keys: [0, 1, 2, 3, 4]
  DELTA_QUERY comp=1 MOV mol_idx=48 natoms=3 n_stored=50
    E_full=-8771.473275  E_ads=-691.064583  E_cur=-8771.463780  E_ads_cur=-691.064260  dE=-0.009172 eV
  COMMIT_MOVE comp=1 mol_idx=48  E_current=-8771.473275  E_ads_current=-691.064583 eV
[SERVER] types_arr sample: (2, 0, 0)
[SERVER] species_map keys: [0, 1, 2, 3, 4]
  DELTA_QUERY comp=1 MOV mol_idx=47 natoms=3 n_stored=50
    E_full=-8771.352608  E_ads=-691.063420  E_cur=-8771.473275  E_ads_cur=-691.064583  dE=0.119505 eV
[SERVER] types_arr sample: (2, 0, 0)
[SERVER] species_map keys: [0, 1, 2, 3, 4]
  DELTA_QUERY comp=1 INS mol_idx=-1 natoms=3 n_stored=50
    E_full=-8785.381578  E_ads=-705.200776  E_cur=-8771.473275  E_ads_cur=-691.064583  dE=0.227890 eV
  DELTA_QUERY comp=1 DEL mol_idx=16 natoms=0 n_stored=50
    E_full=-8757.055768  E_ads=-677.276061  E_cur=-8771.473275  E_ads_cur=-691.064583  dE=0.628985 eV
[SERVER] types_arr sample: (2, 0, 0)
[SERVER] species_map keys: [0, 1, 2, 3, 4]
  DELTA_QUERY comp=1 MOV mol_idx=9 natoms=3 n_stored=50
    E_full=-8771.547782  E_ads=-691.064603  E_cur=-8771.473275  E_ads_cur=-691.064583  dE=-0.074487 eV
  COMMIT_MOVE comp=1 mol_idx=9  E_current=-8771.547782  E_ads_current=-691.064603 eV
[SERVER] types_arr sample: (2, 0, 0)
[SERVER] species_map keys: [0, 1, 2, 3, 4]
  DELTA_QUERY comp=1 MOV mol_idx=14 natoms=3 n_stored=50
    E_full=-8771.376038  E_ads=-691.553486  E_cur=-8771.547782  E_ads_cur=-691.064603  dE=0.660626 eV
  DELTA_QUERY comp=1 DEL mol_idx=46 natoms=0 n_stored=50
    E_full=-8756.993805  E_ads=-676.617307  E_cur=-8771.547782  E_ads_cur=-691.064603  dE=0.106680 eV
[SERVER] types_arr sample: (2, 0, 0)
[SERVER] species_map keys: [0, 1, 2, 3, 4]
  DELTA_QUERY comp=1 MOV mol_idx=27 natoms=3 n_stored=50
    E_full=-8770.877227  E_ads=-691.084252  E_cur=-8771.547782  E_ads_cur=-691.064603  dE=0.690203 eV
[SERVER] types_arr sample: (2, 0, 0)
[SERVER] species_map keys: [0, 1, 2, 3, 4]
  DELTA_QUERY comp=1 MOV mol_idx=0 natoms=3 n_stored=50
    E_full=-8771.531018  E_ads=-691.063733  E_cur=-8771.547782  E_ads_cur=-691.064603  dE=0.015894 eV
[SERVER] types_arr sample: (2, 0, 0)
[SERVER] species_map keys: [0, 1, 2, 3, 4]
  DELTA_QUERY comp=1 MOV mol_idx=30 natoms=3 n_stored=50
    E_full=-8771.610349  E_ads=-691.066062  E_cur=-8771.547782  E_ads_cur=-691.064603  dE=-0.061109 eV
  COMMIT_MOVE comp=1 mol_idx=30  E_current=-8771.610349  E_ads_current=-691.066062 eV
  DELTA_QUERY comp=1 DEL mol_idx=42 natoms=0 n_stored=50
    E_full=-8757.008060  E_ads=-677.285598  E_cur=-8771.610349  E_ads_cur=-691.066062  dE=0.821825 eV
[SERVER] types_arr sample: (2, 0, 0)
[SERVER] species_map keys: [0, 1, 2, 3, 4]
  DELTA_QUERY comp=1 MOV mol_idx=4 natoms=3 n_stored=50
    E_full=-8771.670003  E_ads=-691.066390  E_cur=-8771.610349  E_ads_cur=-691.066062  dE=-0.059326 eV
  COMMIT_MOVE comp=1 mol_idx=4  E_current=-8771.670003  E_ads_current=-691.066390 eV
[SERVER] types_arr sample: (2, 0, 0)
[SERVER] species_map keys: [0, 1, 2, 3, 4]
  DELTA_QUERY comp=1 MOV mol_idx=21 natoms=3 n_stored=50
    E_full=-8771.485130  E_ads=-691.065247  E_cur=-8771.670003  E_ads_cur=-691.066390  dE=0.183731 eV
  DELTA_QUERY comp=1 DEL mol_idx=41 natoms=0 n_stored=50
    E_full=-8757.605580  E_ads=-677.283859  E_cur=-8771.670003  E_ads_cur=-691.066390  dE=0.281891 eV
  COMMIT_DELETE comp=1 mol_idx=41 n_stored=49  E_current=-8757.605580  E_ads_current=-677.283859 eV
  DELTA_QUERY comp=1 DEL mol_idx=43 natoms=0 n_stored=49
    E_full=-8743.265528  E_ads=-663.261385  E_cur=-8757.605580  E_ads_cur=-677.283859  dE=0.317578 eV
[SERVER] types_arr sample: (2, 0, 0)
[SERVER] species_map keys: [0, 1, 2, 3, 4]
  DELTA_QUERY comp=1 INS mol_idx=-1 natoms=3 n_stored=49
    E_full=-8771.765699  E_ads=-691.178387  E_cur=-8757.605580  E_ads_cur=-677.283859  dE=-0.265591 eV
[SERVER] types_arr sample: (2, 0, 0)
[SERVER] species_map keys: [0, 1, 2, 3, 4]
  DELTA_QUERY comp=1 MOV mol_idx=0 natoms=3 n_stored=49
    E_full=-8757.570132  E_ads=-677.350324  E_cur=-8757.605580  E_ads_cur=-677.283859  dE=0.101914 eV
  DELTA_QUERY comp=1 DEL mol_idx=45 natoms=0 n_stored=49
    E_full=-8743.233347  E_ads=-663.499965  E_cur=-8757.605580  E_ads_cur=-677.283859  dE=0.588339 eV
  DELTA_QUERY comp=1 DEL mol_idx=22 natoms=0 n_stored=49
    E_full=-8743.265384  E_ads=-663.484810  E_cur=-8757.605580  E_ads_cur=-677.283859  dE=0.541148 eV
[SERVER] types_arr sample: (2, 0, 0)
[SERVER] species_map keys: [0, 1, 2, 3, 4]
  DELTA_QUERY comp=1 MOV mol_idx=41 natoms=3 n_stored=49
    E_full=-8757.432038  E_ads=-677.347217  E_cur=-8757.605580  E_ads_cur=-677.283859  dE=0.236901 eV
[SERVER] types_arr sample: (2, 0, 0)
[SERVER] species_map keys: [0, 1, 2, 3, 4]
  DELTA_QUERY comp=1 MOV mol_idx=5 natoms=3 n_stored=49
    E_full=-8755.475070  E_ads=-677.403753  E_cur=-8757.605580  E_ads_cur=-677.283859  dE=2.250405 eV
[SERVER] types_arr sample: (2, 0, 0)
[SERVER] species_map keys: [0, 1, 2, 3, 4]
  DELTA_QUERY comp=1 MOV mol_idx=8 natoms=3 n_stored=49
    E_full=-8757.666319  E_ads=-677.283908  E_cur=-8757.605580  E_ads_cur=-677.283859  dE=-0.060690 eV
  COMMIT_MOVE comp=1 mol_idx=8  E_current=-8757.666319  E_ads_current=-677.283908 eV
[SERVER] types_arr sample: (2, 0, 0)
[SERVER] species_map keys: [0, 1, 2, 3, 4]
  DELTA_QUERY comp=1 MOV mol_idx=1 natoms=3 n_stored=49
    E_full=-8757.563155  E_ads=-677.165571  E_cur=-8757.666319  E_ads_cur=-677.283908  dE=-0.015172 eV
[SERVER] types_arr sample: (2, 0, 0)
[SERVER] species_map keys: [0, 1, 2, 3, 4]
  DELTA_QUERY comp=1 MOV mol_idx=17 natoms=3 n_stored=49
    E_full=-8757.467186  E_ads=-677.279436  E_cur=-8757.666319  E_ads_cur=-677.283908  dE=0.194661 eV
[SERVER] types_arr sample: (2, 0, 0)
[SERVER] species_map keys: [0, 1, 2, 3, 4]
  DELTA_QUERY comp=1 MOV mol_idx=16 natoms=3 n_stored=49
    E_full=-8757.676286  E_ads=-677.279266  E_cur=-8757.666319  E_ads_cur=-677.283908  dE=-0.014609 eV
  COMMIT_MOVE comp=1 mol_idx=16  E_current=-8757.676286  E_ads_current=-677.279266 eV
[SERVER] types_arr sample: (2, 0, 0)
[SERVER] species_map keys: [0, 1, 2, 3, 4]
  DELTA_QUERY comp=1 MOV mol_idx=36 natoms=3 n_stored=49
    E_full=-8757.328954  E_ads=-677.143792  E_cur=-8757.676286  E_ads_cur=-677.279266  dE=0.211858 eV
[SERVER] types_arr sample: (2, 0, 0)
[SERVER] species_map keys: [0, 1, 2, 3, 4]
  DELTA_QUERY comp=1 MOV mol_idx=42 natoms=3 n_stored=49
    E_full=-8757.579241  E_ads=-677.277808  E_cur=-8757.676286  E_ads_cur=-677.279266  dE=0.095587 eV
[SERVER] types_arr sample: (2, 0, 0)
[SERVER] species_map keys: [0, 1, 2, 3, 4]
  DELTA_QUERY comp=1 MOV mol_idx=19 natoms=3 n_stored=49
    E_full=-8757.580870  E_ads=-677.276482  E_cur=-8757.676286  E_ads_cur=-677.279266  dE=0.092632 eV
[SERVER] types_arr sample: (2, 0, 0)
[SERVER] species_map keys: [0, 1, 2, 3, 4]
  DELTA_QUERY comp=1 MOV mol_idx=34 natoms=3 n_stored=49
    E_full=-8757.673844  E_ads=-677.276981  E_cur=-8757.676286  E_ads_cur=-677.279266  dE=0.000156 eV
[SERVER] types_arr sample: (2, 0, 0)
[SERVER] species_map keys: [0, 1, 2, 3, 4]
  DELTA_QUERY comp=1 MOV mol_idx=48 natoms=3 n_stored=49
    E_full=-8757.646064  E_ads=-677.280544  E_cur=-8757.676286  E_ads_cur=-677.279266  dE=0.031500 eV
[SERVER] types_arr sample: (2, 0, 0)
[SERVER] species_map keys: [0, 1, 2, 3, 4]
  DELTA_QUERY comp=1 MOV mol_idx=10 natoms=3 n_stored=49
    E_full=-8757.708422  E_ads=-677.279304  E_cur=-8757.676286  E_ads_cur=-677.279266  dE=-0.032098 eV
  COMMIT_MOVE comp=1 mol_idx=10  E_current=-8757.708422  E_ads_current=-677.279304 eV
[SERVER] types_arr sample: (2, 0, 0)
[SERVER] species_map keys: [0, 1, 2, 3, 4]
  DELTA_QUERY comp=1 MOV mol_idx=37 natoms=3 n_stored=49
    E_full=-8757.640163  E_ads=-677.278962  E_cur=-8757.708422  E_ads_cur=-677.279304  dE=0.067917 eV
[SERVER] types_arr sample: (2, 0, 0)
[SERVER] species_map keys: [0, 1, 2, 3, 4]
  DELTA_QUERY comp=1 MOV mol_idx=37 natoms=3 n_stored=49
    E_full=-8757.844021  E_ads=-677.279255  E_cur=-8757.708422  E_ads_cur=-677.279304  dE=-0.135648 eV
  COMMIT_MOVE comp=1 mol_idx=37  E_current=-8757.844021  E_ads_current=-677.279255 eV
[SERVER] types_arr sample: (2, 0, 0)
[SERVER] species_map keys: [0, 1, 2, 3, 4]
  DELTA_QUERY comp=1 MOV mol_idx=28 natoms=3 n_stored=49
    E_full=-8757.853281  E_ads=-677.279513  E_cur=-8757.844021  E_ads_cur=-677.279255  dE=-0.009002 eV
  COMMIT_MOVE comp=1 mol_idx=28  E_current=-8757.853281  E_ads_current=-677.279513 eV
[SERVER] types_arr sample: (2, 0, 0)
[SERVER] species_map keys: [0, 1, 2, 3, 4]
  DELTA_QUERY comp=1 INS mol_idx=-1 natoms=3 n_stored=49
    E_full=-8772.188774  E_ads=-691.388207  E_cur=-8757.853281  E_ads_cur=-677.279513  dE=-0.226799 eV
  COMMIT_INSERT comp=1 n_stored=50  E_current=-8772.188774  E_ads_current=-691.388207 eV
[SERVER] types_arr sample: (2, 0, 0)
[SERVER] species_map keys: [0, 1, 2, 3, 4]
  DELTA_QUERY comp=1 INS mol_idx=-1 natoms=3 n_stored=50
    E_full=-8786.785574  E_ads=-705.182407  E_cur=-8772.188774  E_ads_cur=-691.388207  dE=-0.802600 eV
  COMMIT_INSERT comp=1 n_stored=51  E_current=-8786.785574  E_ads_current=-705.182407 eV
  DELTA_QUERY comp=1 DEL mol_idx=13 natoms=0 n_stored=51
    E_full=-8772.385864  E_ads=-691.403219  E_cur=-8786.785574  E_ads_cur=-705.182407  dE=0.620521 eV
[SERVER] types_arr sample: (2, 0, 0)
[SERVER] species_map keys: [0, 1, 2, 3, 4]
  DELTA_QUERY comp=1 MOV mol_idx=2 natoms=3 n_stored=51
    E_full=-8786.807443  E_ads=-705.182407  E_cur=-8786.785574  E_ads_cur=-705.182407  dE=-0.021869 eV
  COMMIT_MOVE comp=1 mol_idx=2  E_current=-8786.807443  E_ads_current=-705.182407 eV
[SERVER] types_arr sample: (2, 0, 0)
[SERVER] species_map keys: [0, 1, 2, 3, 4]
  DELTA_QUERY comp=1 MOV mol_idx=42 natoms=3 n_stored=51
    E_full=-8786.417136  E_ads=-705.368331  E_cur=-8786.807443  E_ads_cur=-705.182407  dE=0.576232 eV
[SERVER] types_arr sample: (2, 0, 0)
[SERVER] species_map keys: [0, 1, 2, 3, 4]
  DELTA_QUERY comp=1 MOV mol_idx=39 natoms=3 n_stored=51
    E_full=-8787.023376  E_ads=-705.186065  E_cur=-8786.807443  E_ads_cur=-705.182407  dE=-0.212274 eV
  COMMIT_MOVE comp=1 mol_idx=39  E_current=-8787.023376  E_ads_current=-705.186065 eV
[SERVER] types_arr sample: (2, 0, 0)
[SERVER] species_map keys: [0, 1, 2, 3, 4]
  DELTA_QUERY comp=1 MOV mol_idx=36 natoms=3 n_stored=51
    E_full=-8786.659706  E_ads=-705.323177  E_cur=-8787.023376  E_ads_cur=-705.186065  dE=0.500781 eV
[SERVER] types_arr sample: (2, 0, 0)
[SERVER] species_map keys: [0, 1, 2, 3, 4]
  DELTA_QUERY comp=1 MOV mol_idx=13 natoms=3 n_stored=51
    E_full=-8784.407177  E_ads=-705.187992  E_cur=-8787.023376  E_ads_cur=-705.186065  dE=2.618125 eV
[SERVER] types_arr sample: (2, 0, 0)
[SERVER] species_map keys: [0, 1, 2, 3, 4]
  DELTA_QUERY comp=1 MOV mol_idx=16 natoms=3 n_stored=51
    E_full=-8787.030100  E_ads=-705.185105  E_cur=-8787.023376  E_ads_cur=-705.186065  dE=-0.007684 eV
  COMMIT_MOVE comp=1 mol_idx=16  E_current=-8787.030100  E_ads_current=-705.185105 eV
[SERVER] types_arr sample: (2, 0, 0)
[SERVER] species_map keys: [0, 1, 2, 3, 4]
  DELTA_QUERY comp=1 MOV mol_idx=34 natoms=3 n_stored=51
    E_full=-8785.698508  E_ads=-705.154949  E_cur=-8787.030100  E_ads_cur=-705.185105  dE=1.301435 eV
[SERVER] types_arr sample: (2, 0, 0)
[SERVER] species_map keys: [0, 1, 2, 3, 4]
  DELTA_QUERY comp=1 INS mol_idx=-1 natoms=3 n_stored=51
    E_full=-8800.198294  E_ads=-719.424775  E_cur=-8787.030100  E_ads_cur=-705.185105  dE=1.071475 eV
[SERVER] types_arr sample: (2, 0, 0)
[SERVER] species_map keys: [0, 1, 2, 3, 4]
  DELTA_QUERY comp=1 MOV mol_idx=43 natoms=3 n_stored=51
    E_full=-8787.029233  E_ads=-705.183143  E_cur=-8787.030100  E_ads_cur=-705.185105  dE=-0.001096 eV
  COMMIT_MOVE comp=1 mol_idx=43  E_current=-8787.029233  E_ads_current=-705.183143 eV
[SERVER] types_arr sample: (2, 0, 0)
[SERVER] species_map keys: [0, 1, 2, 3, 4]
  DELTA_QUERY comp=1 MOV mol_idx=25 natoms=3 n_stored=51
    E_full=-8787.033861  E_ads=-705.196990  E_cur=-8787.029233  E_ads_cur=-705.183143  dE=0.009220 eV
[SERVER] types_arr sample: (2, 0, 0)
[SERVER] species_map keys: [0, 1, 2, 3, 4]
  DELTA_QUERY comp=1 MOV mol_idx=30 natoms=3 n_stored=51
    E_full=-8786.938944  E_ads=-705.184188  E_cur=-8787.029233  E_ads_cur=-705.183143  dE=0.091334 eV
  DELTA_QUERY comp=1 DEL mol_idx=42 natoms=0 n_stored=51
    E_full=-8772.427558  E_ads=-691.405615  E_cur=-8787.029233  E_ads_cur=-705.183143  dE=0.824147 eV
[SERVER] types_arr sample: (2, 0, 0)
[SERVER] species_map keys: [0, 1, 2, 3, 4]
  DELTA_QUERY comp=1 INS mol_idx=-1 natoms=3 n_stored=51
    E_full=-8801.044307  E_ads=-719.322154  E_cur=-8787.029233  E_ads_cur=-705.183143  dE=0.123937 eV
[SERVER] types_arr sample: (2, 0, 0)
[SERVER] species_map keys: [0, 1, 2, 3, 4]
  DELTA_QUERY comp=1 MOV mol_idx=46 natoms=3 n_stored=51
    E_full=-8787.031054  E_ads=-705.185672  E_cur=-8787.029233  E_ads_cur=-705.183143  dE=0.000708 eV
  COMMIT_MOVE comp=1 mol_idx=46  E_current=-8787.031054  E_ads_current=-705.185672 eV
  DELTA_QUERY comp=1 DEL mol_idx=36 natoms=0 n_stored=51
    E_full=-8772.425536  E_ads=-690.961958  E_cur=-8787.031054  E_ads_cur=-705.185672  dE=0.381804 eV
[SERVER] types_arr sample: (2, 0, 0)
[SERVER] species_map keys: [0, 1, 2, 3, 4]
  DELTA_QUERY comp=1 MOV mol_idx=34 natoms=3 n_stored=51
    E_full=-8787.064135  E_ads=-705.186669  E_cur=-8787.031054  E_ads_cur=-705.185672  dE=-0.032084 eV
  COMMIT_MOVE comp=1 mol_idx=34  E_current=-8787.064135  E_ads_current=-705.186669 eV
[SERVER] types_arr sample: (2, 0, 0)
[SERVER] species_map keys: [0, 1, 2, 3, 4]
  DELTA_QUERY comp=1 MOV mol_idx=10 natoms=3 n_stored=51
    E_full=-8784.813282  E_ads=-705.217452  E_cur=-8787.064135  E_ads_cur=-705.186669  dE=2.281636 eV
[SERVER] types_arr sample: (2, 0, 0)
[SERVER] species_map keys: [0, 1, 2, 3, 4]
  DELTA_QUERY comp=1 INS mol_idx=-1 natoms=3 n_stored=51
    E_full=-8800.649878  E_ads=-719.154952  E_cur=-8787.064135  E_ads_cur=-705.186669  dE=0.382539 eV
[SERVER] types_arr sample: (2, 0, 0)
[SERVER] species_map keys: [0, 1, 2, 3, 4]
  DELTA_QUERY comp=1 MOV mol_idx=33 natoms=3 n_stored=51
    E_full=-8785.047338  E_ads=-704.455109  E_cur=-8787.064135  E_ads_cur=-705.186669  dE=1.285237 eV
[SERVER] types_arr sample: (2, 0, 0)
[SERVER] species_map keys: [0, 1, 2, 3, 4]
  DELTA_QUERY comp=1 MOV mol_idx=7 natoms=3 n_stored=51
    E_full=-8786.969662  E_ads=-705.215906  E_cur=-8787.064135  E_ads_cur=-705.186669  dE=0.123710 eV
[SERVER] types_arr sample: (2, 0, 0)
[SERVER] species_map keys: [0, 1, 2, 3, 4]
  DELTA_QUERY comp=1 MOV mol_idx=36 natoms=3 n_stored=51
    E_full=-8787.064864  E_ads=-705.146090  E_cur=-8787.064135  E_ads_cur=-705.186669  dE=-0.041308 eV
  COMMIT_MOVE comp=1 mol_idx=36  E_current=-8787.064864  E_ads_current=-705.146090 eV
[SERVER] types_arr sample: (2, 0, 0)
[SERVER] species_map keys: [0, 1, 2, 3, 4]
  DELTA_QUERY comp=1 MOV mol_idx=38 natoms=3 n_stored=51
    E_full=-8786.998430  E_ads=-705.273963  E_cur=-8787.064864  E_ads_cur=-705.146090  dE=0.194307 eV
  DELTA_QUERY comp=1 DEL mol_idx=46 natoms=0 n_stored=51
    E_full=-8772.510276  E_ads=-690.697870  E_cur=-8787.064864  E_ads_cur=-705.146090  dE=0.106368 eV
[SERVER] types_arr sample: (2, 0, 0)
[SERVER] species_map keys: [0, 1, 2, 3, 4]
  DELTA_QUERY comp=1 MOV mol_idx=27 natoms=3 n_stored=51
    E_full=-8786.932996  E_ads=-705.146318  E_cur=-8787.064864  E_ads_cur=-705.146090  dE=0.132095 eV
[SERVER] types_arr sample: (2, 0, 0)
[SERVER] species_map keys: [0, 1, 2, 3, 4]
  DELTA_QUERY comp=1 INS mol_idx=-1 natoms=3 n_stored=51
    E_full=-8800.236477  E_ads=-719.053986  E_cur=-8787.064864  E_ads_cur=-705.146090  dE=0.736283 eV
[SERVER] types_arr sample: (2, 0, 0)
[SERVER] species_map keys: [0, 1, 2, 3, 4]
  DELTA_QUERY comp=1 MOV mol_idx=18 natoms=3 n_stored=51
    E_full=-8787.022984  E_ads=-705.146562  E_cur=-8787.064864  E_ads_cur=-705.146090  dE=0.042352 eV
[SERVER] types_arr sample: (2, 0, 0)
[SERVER] species_map keys: [0, 1, 2, 3, 4]
  DELTA_QUERY comp=1 MOV mol_idx=11 natoms=3 n_stored=51
    E_full=-8783.260217  E_ads=-705.382070  E_cur=-8787.064864  E_ads_cur=-705.146090  dE=4.040626 eV
[SERVER] types_arr sample: (2, 0, 0)
[SERVER] species_map keys: [0, 1, 2, 3, 4]
  DELTA_QUERY comp=1 MOV mol_idx=10 natoms=3 n_stored=51
    E_full=-8787.111256  E_ads=-705.144010  E_cur=-8787.064864  E_ads_cur=-705.146090  dE=-0.048472 eV
  COMMIT_MOVE comp=1 mol_idx=10  E_current=-8787.111256  E_ads_current=-705.144010 eV
[SERVER] types_arr sample: (2, 0, 0)
[SERVER] species_map keys: [0, 1, 2, 3, 4]
  DELTA_QUERY comp=1 INS mol_idx=-1 natoms=3 n_stored=51
    E_full=-8801.186514  E_ads=-719.006248  E_cur=-8787.111256  E_ads_cur=-705.144010  dE=-0.213021 eV
[SERVER] types_arr sample: (2, 0, 0)
[SERVER] species_map keys: [0, 1, 2, 3, 4]
  DELTA_QUERY comp=1 MOV mol_idx=1 natoms=3 n_stored=51
    E_full=-8785.789826  E_ads=-704.842302  E_cur=-8787.111256  E_ads_cur=-705.144010  dE=1.019721 eV
[SERVER] types_arr sample: (2, 0, 0)
[SERVER] species_map keys: [0, 1, 2, 3, 4]
  DELTA_QUERY comp=1 MOV mol_idx=24 natoms=3 n_stored=51
    E_full=-8787.041635  E_ads=-705.140366  E_cur=-8787.111256  E_ads_cur=-705.144010  dE=0.065976 eV
[SERVER] types_arr sample: (2, 0, 0)
[SERVER] species_map keys: [0, 1, 2, 3, 4]
  DELTA_QUERY comp=1 MOV mol_idx=43 natoms=3 n_stored=51
    E_full=-8786.860999  E_ads=-704.940680  E_cur=-8787.111256  E_ads_cur=-705.144010  dE=0.046926 eV
[SERVER] types_arr sample: (2, 0, 0)
[SERVER] species_map keys: [0, 1, 2, 3, 4]
  DELTA_QUERY comp=1 MOV mol_idx=18 natoms=3 n_stored=51
    E_full=-8787.181362  E_ads=-705.143986  E_cur=-8787.111256  E_ads_cur=-705.144010  dE=-0.070131 eV
  COMMIT_MOVE comp=1 mol_idx=18  E_current=-8787.181362  E_ads_current=-705.143986 eV
  DELTA_QUERY comp=1 DEL mol_idx=16 natoms=0 n_stored=51
    E_full=-8772.751936  E_ads=-691.358797  E_cur=-8787.181362  E_ads_cur=-705.143986  dE=0.644237 eV
[SERVER] types_arr sample: (2, 0, 0)
[SERVER] species_map keys: [0, 1, 2, 3, 4]
  DELTA_QUERY comp=1 MOV mol_idx=48 natoms=3 n_stored=51
    E_full=-8787.144438  E_ads=-705.145208  E_cur=-8787.181362  E_ads_cur=-705.143986  dE=0.038147 eV
  DELTA_QUERY comp=1 DEL mol_idx=36 natoms=0 n_stored=51
    E_full=-8772.575116  E_ads=-690.960850  E_cur=-8787.181362  E_ads_cur=-705.143986  dE=0.423111 eV
[SERVER] types_arr sample: (2, 0, 0)
[SERVER] species_map keys: [0, 1, 2, 3, 4]
  DELTA_QUERY comp=1 MOV mol_idx=44 natoms=3 n_stored=51
    E_full=-8787.071183  E_ads=-705.188198  E_cur=-8787.181362  E_ads_cur=-705.143986  dE=0.154392 eV
[SERVER] types_arr sample: (2, 0, 0)
[SERVER] species_map keys: [0, 1, 2, 3, 4]
  DELTA_QUERY comp=1 MOV mol_idx=44 natoms=3 n_stored=51
    E_full=-8787.129562  E_ads=-705.143242  E_cur=-8787.181362  E_ads_cur=-705.143986  dE=0.051057 eV
  DELTA_QUERY comp=1 DEL mol_idx=31 natoms=0 n_stored=51
    E_full=-8772.709483  E_ads=-691.355655  E_cur=-8787.181362  E_ads_cur=-705.143986  dE=0.683549 eV
  DELTA_QUERY comp=1 DEL mol_idx=4 natoms=0 n_stored=51
    E_full=-8772.609392  E_ads=-691.365007  E_cur=-8787.181362  E_ads_cur=-705.143986  dE=0.792991 eV
[SERVER] types_arr sample: (2, 0, 0)
[SERVER] species_map keys: [0, 1, 2, 3, 4]
  DELTA_QUERY comp=1 MOV mol_idx=45 natoms=3 n_stored=51
    E_full=-8787.079923  E_ads=-705.148728  E_cur=-8787.181362  E_ads_cur=-705.143986  dE=0.106181 eV
[SERVER] types_arr sample: (2, 0, 0)
[SERVER] species_map keys: [0, 1, 2, 3, 4]
  DELTA_QUERY comp=1 INS mol_idx=-1 natoms=3 n_stored=51
    E_full=-8800.349725  E_ads=-719.304060  E_cur=-8787.181362  E_ads_cur=-705.143986  dE=0.991712 eV
[SERVER] types_arr sample: (2, 0, 0)
[SERVER] species_map keys: [0, 1, 2, 3, 4]
  DELTA_QUERY comp=1 MOV mol_idx=5 natoms=3 n_stored=51
    E_full=-8784.505032  E_ads=-705.157516  E_cur=-8787.181362  E_ads_cur=-705.143986  dE=2.689860 eV
[SERVER] types_arr sample: (2, 0, 0)
[SERVER] species_map keys: [0, 1, 2, 3, 4]
  DELTA_QUERY comp=1 INS mol_idx=-1 natoms=3 n_stored=51
    E_full=-8801.359442  E_ads=-719.264262  E_cur=-8787.181362  E_ads_cur=-705.143986  dE=-0.057804 eV
[SERVER] types_arr sample: (2, 0, 0)
[SERVER] species_map keys: [0, 1, 2, 3, 4]
  DELTA_QUERY comp=1 MOV mol_idx=1 natoms=3 n_stored=51
    E_full=-8786.104465  E_ads=-704.923396  E_cur=-8787.181362  E_ads_cur=-705.143986  dE=0.856307 eV
[SERVER] types_arr sample: (2, 0, 0)
[SERVER] species_map keys: [0, 1, 2, 3, 4]
  DELTA_QUERY comp=1 MOV mol_idx=0 natoms=3 n_stored=51
    E_full=-8787.134772  E_ads=-705.152450  E_cur=-8787.181362  E_ads_cur=-705.143986  dE=0.055054 eV
[SERVER] types_arr sample: (2, 0, 0)
[SERVER] species_map keys: [0, 1, 2, 3, 4]
  DELTA_QUERY comp=1 MOV mol_idx=13 natoms=3 n_stored=51
    E_full=-8787.248657  E_ads=-705.142977  E_cur=-8787.181362  E_ads_cur=-705.143986  dE=-0.068303 eV
  COMMIT_MOVE comp=1 mol_idx=13  E_current=-8787.248657  E_ads_current=-705.142977 eV
  DELTA_QUERY comp=1 DEL mol_idx=48 natoms=0 n_stored=51
    E_full=-8772.749697  E_ads=-691.354022  E_cur=-8787.248657  E_ads_cur=-705.142977  dE=0.710004 eV
  DELTA_QUERY comp=1 DEL mol_idx=33 natoms=0 n_stored=51
    E_full=-8772.818843  E_ads=-691.343552  E_cur=-8787.248657  E_ads_cur=-705.142977  dE=0.630389 eV
[SERVER] types_arr sample: (2, 0, 0)
[SERVER] species_map keys: [0, 1, 2, 3, 4]
  DELTA_QUERY comp=1 MOV mol_idx=2 natoms=3 n_stored=51
    E_full=-8785.108735  E_ads=-705.207153  E_cur=-8787.248657  E_ads_cur=-705.142977  dE=2.204098 eV
[SERVER] types_arr sample: (2, 0, 0)
[SERVER] species_map keys: [0, 1, 2, 3, 4]
  DELTA_QUERY comp=1 MOV mol_idx=28 natoms=3 n_stored=51
    E_full=-8787.193746  E_ads=-705.142651  E_cur=-8787.248657  E_ads_cur=-705.142977  dE=0.054584 eV
[SERVER] types_arr sample: (2, 0, 0)
[SERVER] species_map keys: [0, 1, 2, 3, 4]
  DELTA_QUERY comp=1 MOV mol_idx=3 natoms=3 n_stored=51
    E_full=-8787.222702  E_ads=-705.142977  E_cur=-8787.248657  E_ads_cur=-705.142977  dE=0.025954 eV
[SERVER] types_arr sample: (2, 0, 0)
[SERVER] species_map keys: [0, 1, 2, 3, 4]
  DELTA_QUERY comp=1 MOV mol_idx=23 natoms=3 n_stored=51
    E_full=-8787.266037  E_ads=-705.143574  E_cur=-8787.248657  E_ads_cur=-705.142977  dE=-0.016784 eV
  COMMIT_MOVE comp=1 mol_idx=23  E_current=-8787.266037  E_ads_current=-705.143574 eV
[SERVER] types_arr sample: (2, 0, 0)
[SERVER] species_map keys: [0, 1, 2, 3, 4]
  DELTA_QUERY comp=1 MOV mol_idx=3 natoms=3 n_stored=51
    E_full=-8786.663560  E_ads=-705.180780  E_cur=-8787.266037  E_ads_cur=-705.143574  dE=0.639684 eV
[SERVER] types_arr sample: (2, 0, 0)
[SERVER] species_map keys: [0, 1, 2, 3, 4]
  DELTA_QUERY comp=1 MOV mol_idx=44 natoms=3 n_stored=51
    E_full=-8787.272986  E_ads=-705.192916  E_cur=-8787.266037  E_ads_cur=-705.143574  dE=0.042393 eV
[SERVER] types_arr sample: (2, 0, 0)
[SERVER] species_map keys: [0, 1, 2, 3, 4]
  DELTA_QUERY comp=1 MOV mol_idx=35 natoms=3 n_stored=51
    E_full=-8787.509732  E_ads=-705.221335  E_cur=-8787.266037  E_ads_cur=-705.143574  dE=-0.165933 eV
  COMMIT_MOVE comp=1 mol_idx=35  E_current=-8787.509732  E_ads_current=-705.221335 eV
[SERVER] types_arr sample: (2, 0, 0)
[SERVER] species_map keys: [0, 1, 2, 3, 4]
  DELTA_QUERY comp=1 MOV mol_idx=48 natoms=3 n_stored=51
    E_full=-8784.402063  E_ads=-705.378298  E_cur=-8787.509732  E_ads_cur=-705.221335  dE=3.264632 eV
[SERVER] types_arr sample: (2, 0, 0)
[SERVER] species_map keys: [0, 1, 2, 3, 4]
  DELTA_QUERY comp=1 MOV mol_idx=9 natoms=3 n_stored=51
    E_full=-8787.365303  E_ads=-705.219734  E_cur=-8787.509732  E_ads_cur=-705.221335  dE=0.142828 eV
[SERVER] types_arr sample: (2, 0, 0)
[SERVER] species_map keys: [0, 1, 2, 3, 4]
  DELTA_QUERY comp=1 MOV mol_idx=0 natoms=3 n_stored=51
    E_full=-8787.429277  E_ads=-705.188082  E_cur=-8787.509732  E_ads_cur=-705.221335  dE=0.047202 eV
  DELTA_QUERY comp=1 DEL mol_idx=20 natoms=0 n_stored=51
    E_full=-8772.985800  E_ads=-691.340333  E_cur=-8787.509732  E_ads_cur=-705.221335  dE=0.642930 eV
[SERVER] types_arr sample: (2, 0, 0)
[SERVER] species_map keys: [0, 1, 2, 3, 4]
  DELTA_QUERY comp=1 MOV mol_idx=25 natoms=3 n_stored=51
    E_full=-8784.018769  E_ads=-704.918174  E_cur=-8787.509732  E_ads_cur=-705.221335  dE=3.187802 eV
  DELTA_QUERY comp=1 DEL mol_idx=32 natoms=0 n_stored=51
    E_full=-8773.029922  E_ads=-691.437669  E_cur=-8787.509732  E_ads_cur=-705.221335  dE=0.696144 eV
[SERVER] types_arr sample: (2, 0, 0)
[SERVER] species_map keys: [0, 1, 2, 3, 4]
  DELTA_QUERY comp=1 MOV mol_idx=47 natoms=3 n_stored=51
    E_full=-8787.230267  E_ads=-705.229577  E_cur=-8787.509732  E_ads_cur=-705.221335  dE=0.287707 eV
[SERVER] types_arr sample: (2, 0, 0)
[SERVER] species_map keys: [0, 1, 2, 3, 4]
  DELTA_QUERY comp=1 MOV mol_idx=8 natoms=3 n_stored=51
    E_full=-8787.042794  E_ads=-705.222893  E_cur=-8787.509732  E_ads_cur=-705.221335  dE=0.468495 eV
  DELTA_QUERY comp=1 DEL mol_idx=30 natoms=0 n_stored=51
    E_full=-8773.113801  E_ads=-691.434777  E_cur=-8787.509732  E_ads_cur=-705.221335  dE=0.609373 eV
[SERVER] types_arr sample: (2, 0, 0)
[SERVER] species_map keys: [0, 1, 2, 3, 4]
  DELTA_QUERY comp=1 MOV mol_idx=1 natoms=3 n_stored=51
    E_full=-8785.224136  E_ads=-704.966979  E_cur=-8787.509732  E_ads_cur=-705.221335  dE=2.031240 eV
  DELTA_QUERY comp=1 DEL mol_idx=20 natoms=0 n_stored=51
    E_full=-8772.985800  E_ads=-691.340333  E_cur=-8787.509732  E_ads_cur=-705.221335  dE=0.642930 eV
[SERVER] types_arr sample: (2, 0, 0)
[SERVER] species_map keys: [0, 1, 2, 3, 4]
  DELTA_QUERY comp=1 MOV mol_idx=23 natoms=3 n_stored=51
    E_full=-8786.636418  E_ads=-705.353303  E_cur=-8787.509732  E_ads_cur=-705.221335  dE=1.005282 eV
  DELTA_QUERY comp=1 DEL mol_idx=2 natoms=0 n_stored=51
    E_full=-8773.053386  E_ads=-691.437274  E_cur=-8787.509732  E_ads_cur=-705.221335  dE=0.672285 eV
[SERVER] types_arr sample: (2, 0, 0)
[SERVER] species_map keys: [0, 1, 2, 3, 4]
  DELTA_QUERY comp=1 MOV mol_idx=33 natoms=3 n_stored=51
    E_full=-8787.475421  E_ads=-705.219155  E_cur=-8787.509732  E_ads_cur=-705.221335  dE=0.032131 eV
  COMMIT_MOVE comp=1 mol_idx=33  E_current=-8787.475421  E_ads_current=-705.219155 eV
[SERVER] types_arr sample: (2, 0, 0)
[SERVER] species_map keys: [0, 1, 2, 3, 4]
  DELTA_QUERY comp=1 MOV mol_idx=31 natoms=3 n_stored=51
    E_full=-8787.297887  E_ads=-705.213345  E_cur=-8787.475421  E_ads_cur=-705.219155  dE=0.171724 eV
[SERVER] types_arr sample: (2, 0, 0)
[SERVER] species_map keys: [0, 1, 2, 3, 4]
  DELTA_QUERY comp=1 MOV mol_idx=1 natoms=3 n_stored=51
    E_full=-8787.468675  E_ads=-705.186991  E_cur=-8787.475421  E_ads_cur=-705.219155  dE=-0.025417 eV
  COMMIT_MOVE comp=1 mol_idx=1  E_current=-8787.468675  E_ads_current=-705.186991 eV
  DELTA_QUERY comp=1 DEL mol_idx=49 natoms=0 n_stored=51
    E_full=-8773.133044  E_ads=-691.077444  E_cur=-8787.468675  E_ads_cur=-705.186991  dE=0.226083 eV
[SERVER] types_arr sample: (2, 0, 0)
[SERVER] species_map keys: [0, 1, 2, 3, 4]
  DELTA_QUERY comp=1 MOV mol_idx=17 natoms=3 n_stored=51
    E_full=-8787.242862  E_ads=-705.647819  E_cur=-8787.468675  E_ads_cur=-705.186991  dE=0.686640 eV
[SERVER] types_arr sample: (2, 0, 0)
[SERVER] species_map keys: [0, 1, 2, 3, 4]
  DELTA_QUERY comp=1 MOV mol_idx=45 natoms=3 n_stored=51
    E_full=-8787.312348  E_ads=-705.239821  E_cur=-8787.468675  E_ads_cur=-705.186991  dE=0.209156 eV
[SERVER] types_arr sample: (2, 0, 0)
[SERVER] species_map keys: [0, 1, 2, 3, 4]
  DELTA_QUERY comp=1 MOV mol_idx=5 natoms=3 n_stored=51
    E_full=-8787.250997  E_ads=-705.633424  E_cur=-8787.468675  E_ads_cur=-705.186991  dE=0.664110 eV
  DELTA_QUERY comp=1 DEL mol_idx=23 natoms=0 n_stored=51
    E_full=-8772.947561  E_ads=-691.376516  E_cur=-8787.468675  E_ads_cur=-705.186991  dE=0.710638 eV
[SERVER] types_arr sample: (2, 0, 0)
[SERVER] species_map keys: [0, 1, 2, 3, 4]
  DELTA_QUERY comp=1 MOV mol_idx=31 natoms=3 n_stored=51
    E_full=-8786.910412  E_ads=-705.670954  E_cur=-8787.468675  E_ads_cur=-705.186991  dE=1.042226 eV
[SERVER] types_arr sample: (2, 0, 0)
[SERVER] species_map keys: [0, 1, 2, 3, 4]
  DELTA_QUERY comp=1 INS mol_idx=-1 natoms=3 n_stored=51
    E_full=-8801.900610  E_ads=-718.968420  E_cur=-8787.468675  E_ads_cur=-705.186991  dE=-0.650506 eV
  COMMIT_INSERT comp=1 n_stored=52  E_current=-8801.900610  E_ads_current=-718.968420 eV
[SERVER] types_arr sample: (2, 0, 0)
[SERVER] species_map keys: [0, 1, 2, 3, 4]
  DELTA_QUERY comp=1 MOV mol_idx=7 natoms=3 n_stored=52
    E_full=-8801.932044  E_ads=-718.968420  E_cur=-8801.900610  E_ads_cur=-718.968420  dE=-0.031434 eV
  COMMIT_MOVE comp=1 mol_idx=7  E_current=-8801.932044  E_ads_current=-718.968420 eV
[SERVER] types_arr sample: (2, 0, 0)
[SERVER] species_map keys: [0, 1, 2, 3, 4]
  DELTA_QUERY comp=1 MOV mol_idx=29 natoms=3 n_stored=52
    E_full=-8801.904950  E_ads=-718.969239  E_cur=-8801.932044  E_ads_cur=-718.968420  dE=0.027912 eV
  COMMIT_MOVE comp=1 mol_idx=29  E_current=-8801.904950  E_ads_current=-718.969239 eV
[SERVER] types_arr sample: (2, 0, 0)
[SERVER] species_map keys: [0, 1, 2, 3, 4]
  DELTA_QUERY comp=1 MOV mol_idx=6 natoms=3 n_stored=52
    E_full=-8800.999432  E_ads=-718.972680  E_cur=-8801.904950  E_ads_cur=-718.969239  dE=0.908959 eV
  DELTA_QUERY comp=1 DEL mol_idx=36 natoms=0 n_stored=52
    E_full=-8787.295372  E_ads=-704.780464  E_cur=-8801.904950  E_ads_cur=-718.969239  dE=0.420803 eV
[SERVER] types_arr sample: (2, 0, 0)
[SERVER] species_map keys: [0, 1, 2, 3, 4]
  DELTA_QUERY comp=1 INS mol_idx=-1 natoms=3 n_stored=52
    E_full=-8816.079568  E_ads=-733.117835  E_cur=-8801.904950  E_ads_cur=-718.969239  dE=-0.026022 eV
[SERVER] types_arr sample: (2, 0, 0)
[SERVER] species_map keys: [0, 1, 2, 3, 4]
  DELTA_QUERY comp=1 MOV mol_idx=39 natoms=3 n_stored=52
    E_full=-8801.920339  E_ads=-718.969201  E_cur=-8801.904950  E_ads_cur=-718.969239  dE=-0.015426 eV
  COMMIT_MOVE comp=1 mol_idx=39  E_current=-8801.920339  E_ads_current=-718.969201 eV
[SERVER] types_arr sample: (2, 0, 0)
[SERVER] species_map keys: [0, 1, 2, 3, 4]
  DELTA_QUERY comp=1 MOV mol_idx=13 natoms=3 n_stored=52
    E_full=-8801.896485  E_ads=-718.970738  E_cur=-8801.920339  E_ads_cur=-718.969201  dE=0.025391 eV
  COMMIT_MOVE comp=1 mol_idx=13  E_current=-8801.896485  E_ads_current=-718.970738 eV
[SERVER] types_arr sample: (2, 0, 0)
[SERVER] species_map keys: [0, 1, 2, 3, 4]
  DELTA_QUERY comp=1 MOV mol_idx=10 natoms=3 n_stored=52
    E_full=-8800.311532  E_ads=-719.416448  E_cur=-8801.896485  E_ads_cur=-718.970738  dE=2.030662 eV
[SERVER] types_arr sample: (2, 0, 0)
[SERVER] species_map keys: [0, 1, 2, 3, 4]
  DELTA_QUERY comp=1 MOV mol_idx=51 natoms=3 n_stored=52
    E_full=-8801.826288  E_ads=-718.971363  E_cur=-8801.896485  E_ads_cur=-718.970738  dE=0.070822 eV
[SERVER] types_arr sample: (2, 0, 0)
[SERVER] species_map keys: [0, 1, 2, 3, 4]
  DELTA_QUERY comp=1 MOV mol_idx=51 natoms=3 n_stored=52
    E_full=-8800.159457  E_ads=-718.567879  E_cur=-8801.896485  E_ads_cur=-718.970738  dE=1.334169 eV
[SERVER] types_arr sample: (2, 0, 0)
[SERVER] species_map keys: [0, 1, 2, 3, 4]
  DELTA_QUERY comp=1 MOV mol_idx=14 natoms=3 n_stored=52
    E_full=-8801.150388  E_ads=-719.020534  E_cur=-8801.896485  E_ads_cur=-718.970738  dE=0.795893 eV
  DELTA_QUERY comp=1 DEL mol_idx=2 natoms=0 n_stored=52
    E_full=-8787.440047  E_ads=-705.186654  E_cur=-8801.896485  E_ads_cur=-718.970738  dE=0.672353 eV
[SERVER] types_arr sample: (2, 0, 0)
[SERVER] species_map keys: [0, 1, 2, 3, 4]
  DELTA_QUERY comp=1 MOV mol_idx=49 natoms=3 n_stored=52
    E_full=-8801.850818  E_ads=-718.943193  E_cur=-8801.896485  E_ads_cur=-718.970738  dE=0.018121 eV
[SERVER] types_arr sample: (2, 0, 0)
[SERVER] species_map keys: [0, 1, 2, 3, 4]
  DELTA_QUERY comp=1 MOV mol_idx=30 natoms=3 n_stored=52
    E_full=-8801.744623  E_ads=-718.983736  E_cur=-8801.896485  E_ads_cur=-718.970738  dE=0.164859 eV
  DELTA_QUERY comp=1 DEL mol_idx=41 natoms=0 n_stored=52
    E_full=-8787.459890  E_ads=-705.191381  E_cur=-8801.896485  E_ads_cur=-718.970738  dE=0.657237 eV
[SERVER] types_arr sample: (2, 0, 0)
[SERVER] species_map keys: [0, 1, 2, 3, 4]
  DELTA_QUERY comp=1 MOV mol_idx=9 natoms=3 n_stored=52
    E_full=-8801.883954  E_ads=-718.970947  E_cur=-8801.896485  E_ads_cur=-718.970738  dE=0.012739 eV
  COMMIT_MOVE comp=1 mol_idx=9  E_current=-8801.883954  E_ads_current=-718.970947 eV
[SERVER] types_arr sample: (2, 0, 0)
[SERVER] species_map keys: [0, 1, 2, 3, 4]
  DELTA_QUERY comp=1 MOV mol_idx=30 natoms=3 n_stored=52
    E_full=-8801.721297  E_ads=-718.972525  E_cur=-8801.883954  E_ads_cur=-718.970947  dE=0.164235 eV
[SERVER] types_arr sample: (2, 0, 0)
[SERVER] species_map keys: [0, 1, 2, 3, 4]
  DELTA_QUERY comp=1 INS mol_idx=-1 natoms=3 n_stored=52
    E_full=-8816.017129  E_ads=-733.153386  E_cur=-8801.883954  E_ads_cur=-718.970947  dE=0.049264 eV
  DELTA_QUERY comp=1 DEL mol_idx=16 natoms=0 n_stored=52
    E_full=-8787.454606  E_ads=-705.185758  E_cur=-8801.883954  E_ads_cur=-718.970947  dE=0.644159 eV
[SERVER] types_arr sample: (2, 0, 0)
[SERVER] species_map keys: [0, 1, 2, 3, 4]
  DELTA_QUERY comp=1 MOV mol_idx=15 natoms=3 n_stored=52
    E_full=-8801.155644  E_ads=-719.015799  E_cur=-8801.883954  E_ads_cur=-718.970947  dE=0.773162 eV
[SERVER] types_arr sample: (2, 0, 0)
[SERVER] species_map keys: [0, 1, 2, 3, 4]
  DELTA_QUERY comp=1 MOV mol_idx=25 natoms=3 n_stored=52
    E_full=-8801.771801  E_ads=-718.923106  E_cur=-8801.883954  E_ads_cur=-718.970947  dE=0.064312 eV
[SERVER] types_arr sample: (2, 0, 0)
[SERVER] species_map keys: [0, 1, 2, 3, 4]
  DELTA_QUERY comp=1 MOV mol_idx=25 natoms=3 n_stored=52
    E_full=-8801.731254  E_ads=-719.126085  E_cur=-8801.883954  E_ads_cur=-718.970947  dE=0.307838 eV
[SERVER] types_arr sample: (2, 0, 0)
[SERVER] species_map keys: [0, 1, 2, 3, 4]
  DELTA_QUERY comp=1 MOV mol_idx=5 natoms=3 n_stored=52
    E_full=-8799.939992  E_ads=-719.330974  E_cur=-8801.883954  E_ads_cur=-718.970947  dE=2.303989 eV
[SERVER] types_arr sample: (2, 0, 0)
[SERVER] species_map keys: [0, 1, 2, 3, 4]
  DELTA_QUERY comp=1 MOV mol_idx=39 natoms=3 n_stored=52
    E_full=-8801.868220  E_ads=-718.973823  E_cur=-8801.883954  E_ads_cur=-718.970947  dE=0.018611 eV
  COMMIT_MOVE comp=1 mol_idx=39  E_current=-8801.868220  E_ads_current=-718.973823 eV
[SERVER] types_arr sample: (2, 0, 0)
[SERVER] species_map keys: [0, 1, 2, 3, 4]
  DELTA_QUERY comp=1 MOV mol_idx=46 natoms=3 n_stored=52
    E_full=-8801.545068  E_ads=-718.870216  E_cur=-8801.868220  E_ads_cur=-718.973823  dE=0.219544 eV
[SERVER] types_arr sample: (2, 0, 0)
[SERVER] species_map keys: [0, 1, 2, 3, 4]
  DELTA_QUERY comp=1 MOV mol_idx=20 natoms=3 n_stored=52
    E_full=-8799.567264  E_ads=-719.207365  E_cur=-8801.868220  E_ads_cur=-718.973823  dE=2.534498 eV
[SERVER] types_arr sample: (2, 0, 0)
[SERVER] species_map keys: [0, 1, 2, 3, 4]
  DELTA_QUERY comp=1 MOV mol_idx=4 natoms=3 n_stored=52
    E_full=-8798.885072  E_ads=-718.990139  E_cur=-8801.868220  E_ads_cur=-718.973823  dE=2.999464 eV
  DELTA_QUERY comp=1 DEL mol_idx=32 natoms=0 n_stored=52
    E_full=-8787.388162  E_ads=-705.190157  E_cur=-8801.868220  E_ads_cur=-718.973823  dE=0.696392 eV
[SERVER] types_arr sample: (2, 0, 0)
[SERVER] species_map keys: [0, 1, 2, 3, 4]
  DELTA_QUERY comp=1 MOV mol_idx=24 natoms=3 n_stored=52
    E_full=-8801.718470  E_ads=-719.007363  E_cur=-8801.868220  E_ads_cur=-718.973823  dE=0.183289 eV
[SERVER] types_arr sample: (2, 0, 0)
[SERVER] species_map keys: [0, 1, 2, 3, 4]
  DELTA_QUERY comp=1 MOV mol_idx=14 natoms=3 n_stored=52
    E_full=-8801.789330  E_ads=-718.963829  E_cur=-8801.868220  E_ads_cur=-718.973823  dE=0.068896 eV
[SERVER] types_arr sample: (2, 0, 0)
[SERVER] species_map keys: [0, 1, 2, 3, 4]
  DELTA_QUERY comp=1 MOV mol_idx=27 natoms=3 n_stored=52
    E_full=-8801.369167  E_ads=-719.248717  E_cur=-8801.868220  E_ads_cur=-718.973823  dE=0.773947 eV
[SERVER] types_arr sample: (2, 0, 0)
[SERVER] species_map keys: [0, 1, 2, 3, 4]
  DELTA_QUERY comp=1 MOV mol_idx=9 natoms=3 n_stored=52
    E_full=-8801.319461  E_ads=-719.050804  E_cur=-8801.868220  E_ads_cur=-718.973823  dE=0.625739 eV
[SERVER] types_arr sample: (2, 0, 0)
[SERVER] species_map keys: [0, 1, 2, 3, 4]
  DELTA_QUERY comp=1 MOV mol_idx=43 natoms=3 n_stored=52
    E_full=-8801.157312  E_ads=-719.056061  E_cur=-8801.868220  E_ads_cur=-718.973823  dE=0.793146 eV
[SERVER] types_arr sample: (2, 0, 0)
[SERVER] species_map keys: [0, 1, 2, 3, 4]
  DELTA_QUERY comp=1 INS mol_idx=-1 natoms=3 n_stored=52
    E_full=-8816.090043  E_ads=-733.076322  E_cur=-8801.868220  E_ads_cur=-718.973823  dE=-0.119324 eV
  DELTA_QUERY comp=1 DEL mol_idx=0 natoms=0 n_stored=52
    E_full=-8787.455415  E_ads=-704.926491  E_cur=-8801.868220  E_ads_cur=-718.973823  dE=0.365473 eV
[SERVER] types_arr sample: (2, 0, 0)
[SERVER] species_map keys: [0, 1, 2, 3, 4]
  DELTA_QUERY comp=1 MOV mol_idx=27 natoms=3 n_stored=52
    E_full=-8801.723398  E_ads=-718.973423  E_cur=-8801.868220  E_ads_cur=-718.973823  dE=0.144422 eV
[SERVER] types_arr sample: (2, 0, 0)
[SERVER] species_map keys: [0, 1, 2, 3, 4]
  DELTA_QUERY comp=1 MOV mol_idx=0 natoms=3 n_stored=52
    E_full=-8801.782101  E_ads=-718.936534  E_cur=-8801.868220  E_ads_cur=-718.973823  dE=0.048830 eV
[SERVER] types_arr sample: (2, 0, 0)
[SERVER] species_map keys: [0, 1, 2, 3, 4]
  DELTA_QUERY comp=1 MOV mol_idx=10 natoms=3 n_stored=52
    E_full=-8801.700811  E_ads=-718.976582  E_cur=-8801.868220  E_ads_cur=-718.973823  dE=0.170168 eV
  DELTA_QUERY comp=1 DEL mol_idx=21 natoms=0 n_stored=52
    E_full=-8787.480274  E_ads=-705.153748  E_cur=-8801.868220  E_ads_cur=-718.973823  dE=0.567871 eV
[SERVER] types_arr sample: (2, 0, 0)
[SERVER] species_map keys: [0, 1, 2, 3, 4]
  DELTA_QUERY comp=1 MOV mol_idx=15 natoms=3 n_stored=52
    E_full=-8800.823486  E_ads=-718.994501  E_cur=-8801.868220  E_ads_cur=-718.973823  dE=1.065412 eV
[SERVER] types_arr sample: (2, 0, 0)
[SERVER] species_map keys: [0, 1, 2, 3, 4]
  DELTA_QUERY comp=1 MOV mol_idx=17 natoms=3 n_stored=52
    E_full=-8801.705470  E_ads=-718.977721  E_cur=-8801.868220  E_ads_cur=-718.973823  dE=0.166648 eV
[SERVER] types_arr sample: (2, 0, 0)
[SERVER] species_map keys: [0, 1, 2, 3, 4]
  DELTA_QUERY comp=1 MOV mol_idx=18 natoms=3 n_stored=52
    E_full=-8800.737329  E_ads=-719.245159  E_cur=-8801.868220  E_ads_cur=-718.973823  dE=1.402227 eV
[SERVER] types_arr sample: (2, 0, 0)
[SERVER] species_map keys: [0, 1, 2, 3, 4]
  DELTA_QUERY comp=1 MOV mol_idx=45 natoms=3 n_stored=52
    E_full=-8801.030657  E_ads=-719.318127  E_cur=-8801.868220  E_ads_cur=-718.973823  dE=1.181867 eV
[SERVER] types_arr sample: (2, 0, 0)
[SERVER] species_map keys: [0, 1, 2, 3, 4]
  DELTA_QUERY comp=1 MOV mol_idx=40 natoms=3 n_stored=52
    E_full=-8800.982906  E_ads=-719.243881  E_cur=-8801.868220  E_ads_cur=-718.973823  dE=1.155371 eV
[SERVER] types_arr sample: (2, 0, 0)
[SERVER] species_map keys: [0, 1, 2, 3, 4]
  DELTA_QUERY comp=1 MOV mol_idx=3 natoms=3 n_stored=52
    E_full=-8799.716660  E_ads=-718.985952  E_cur=-8801.868220  E_ads_cur=-718.973823  dE=2.163689 eV
  DELTA_QUERY comp=1 DEL mol_idx=24 natoms=0 n_stored=52
    E_full=-8787.373441  E_ads=-705.093934  E_cur=-8801.868220  E_ads_cur=-718.973823  dE=0.614890 eV
[SERVER] types_arr sample: (2, 0, 0)
[SERVER] species_map keys: [0, 1, 2, 3, 4]
  DELTA_QUERY comp=1 MOV mol_idx=7 natoms=3 n_stored=52
    E_full=-8801.741006  E_ads=-719.439566  E_cur=-8801.868220  E_ads_cur=-718.973823  dE=0.592957 eV
[SERVER] types_arr sample: (2, 0, 0)
[SERVER] species_map keys: [0, 1, 2, 3, 4]
  DELTA_QUERY comp=1 MOV mol_idx=6 natoms=3 n_stored=52
    E_full=-8800.146044  E_ads=-719.208825  E_cur=-8801.868220  E_ads_cur=-718.973823  dE=1.957177 eV
[SERVER] types_arr sample: (2, 0, 0)
[SERVER] species_map keys: [0, 1, 2, 3, 4]
  DELTA_QUERY comp=1 MOV mol_idx=6 natoms=3 n_stored=52
    E_full=-8801.862314  E_ads=-718.977625  E_cur=-8801.868220  E_ads_cur=-718.973823  dE=0.009707 eV
  COMMIT_MOVE comp=1 mol_idx=6  E_current=-8801.862314  E_ads_current=-718.977625 eV
[SERVER] types_arr sample: (2, 0, 0)
[SERVER] species_map keys: [0, 1, 2, 3, 4]
  DELTA_QUERY comp=1 MOV mol_idx=20 natoms=3 n_stored=52
    E_full=-8799.512235  E_ads=-718.953975  E_cur=-8801.862314  E_ads_cur=-718.977625  dE=2.326429 eV
[SERVER] types_arr sample: (2, 0, 0)
[SERVER] species_map keys: [0, 1, 2, 3, 4]
  DELTA_QUERY comp=1 INS mol_idx=-1 natoms=3 n_stored=52
    E_full=-8815.283722  E_ads=-732.905469  E_cur=-8801.862314  E_ads_cur=-718.977625  dE=0.506436 eV
[SERVER] types_arr sample: (2, 0, 0)
[SERVER] species_map keys: [0, 1, 2, 3, 4]
  DELTA_QUERY comp=1 MOV mol_idx=45 natoms=3 n_stored=52
    E_full=-8798.990849  E_ads=-719.250517  E_cur=-8801.862314  E_ads_cur=-718.977625  dE=3.144357 eV
[SERVER] types_arr sample: (2, 0, 0)
[SERVER] species_map keys: [0, 1, 2, 3, 4]
  DELTA_QUERY comp=1 MOV mol_idx=12 natoms=3 n_stored=52
    E_full=-8801.866427  E_ads=-718.987324  E_cur=-8801.862314  E_ads_cur=-718.977625  dE=0.005586 eV
  COMMIT_MOVE comp=1 mol_idx=12  E_current=-8801.866427  E_ads_current=-718.987324 eV
[SERVER] types_arr sample: (2, 0, 0)
[SERVER] species_map keys: [0, 1, 2, 3, 4]
  DELTA_QUERY comp=1 MOV mol_idx=20 natoms=3 n_stored=52
    E_full=-8801.566483  E_ads=-718.889864  E_cur=-8801.866427  E_ads_cur=-718.987324  dE=0.202484 eV
[SERVER] types_arr sample: (2, 0, 0)
[SERVER] species_map keys: [0, 1, 2, 3, 4]
  DELTA_QUERY comp=1 MOV mol_idx=43 natoms=3 n_stored=52
    E_full=-8799.277080  E_ads=-719.102771  E_cur=-8801.866427  E_ads_cur=-718.987324  dE=2.704795 eV
[SERVER] types_arr sample: (2, 0, 0)
[SERVER] species_map keys: [0, 1, 2, 3, 4]
  DELTA_QUERY comp=1 MOV mol_idx=3 natoms=3 n_stored=52
    E_full=-8801.465953  E_ads=-719.290636  E_cur=-8801.866427  E_ads_cur=-718.987324  dE=0.703787 eV
  DELTA_QUERY comp=1 DEL mol_idx=6 natoms=0 n_stored=52
    E_full=-8787.342176  E_ads=-705.065040  E_cur=-8801.866427  E_ads_cur=-718.987324  dE=0.601967 eV
[SERVER] types_arr sample: (2, 0, 0)
[SERVER] species_map keys: [0, 1, 2, 3, 4]
  DELTA_QUERY comp=1 MOV mol_idx=13 natoms=3 n_stored=52
    E_full=-8801.843864  E_ads=-719.033278  E_cur=-8801.866427  E_ads_cur=-718.987324  dE=0.068518 eV
[SERVER] types_arr sample: (2, 0, 0)
[SERVER] species_map keys: [0, 1, 2, 3, 4]
  DELTA_QUERY comp=1 MOV mol_idx=28 natoms=3 n_stored=52
    E_full=-8801.819564  E_ads=-718.993311  E_cur=-8801.866427  E_ads_cur=-718.987324  dE=0.052851 eV
[SERVER] types_arr sample: (2, 0, 0)
[SERVER] species_map keys: [0, 1, 2, 3, 4]
  DELTA_QUERY comp=1 MOV mol_idx=20 natoms=3 n_stored=52
    E_full=-8801.686104  E_ads=-719.267033  E_cur=-8801.866427  E_ads_cur=-718.987324  dE=0.460032 eV
[SERVER] types_arr sample: (2, 0, 0)
[SERVER] species_map keys: [0, 1, 2, 3, 4]
  DELTA_QUERY comp=1 MOV mol_idx=34 natoms=3 n_stored=52
    E_full=-8801.949907  E_ads=-719.336525  E_cur=-8801.866427  E_ads_cur=-718.987324  dE=0.265722 eV
[SERVER] types_arr sample: (2, 0, 0)
[SERVER] species_map keys: [0, 1, 2, 3, 4]
  DELTA_QUERY comp=1 MOV mol_idx=39 natoms=3 n_stored=52
    E_full=-8801.858224  E_ads=-718.984665  E_cur=-8801.866427  E_ads_cur=-718.987324  dE=0.005544 eV
  COMMIT_MOVE comp=1 mol_idx=39  E_current=-8801.858224  E_ads_current=-718.984665 eV
[SERVER] types_arr sample: (2, 0, 0)
[SERVER] species_map keys: [0, 1, 2, 3, 4]
  DELTA_QUERY comp=1 MOV mol_idx=49 natoms=3 n_stored=52
    E_full=-8801.792789  E_ads=-719.304121  E_cur=-8801.858224  E_ads_cur=-718.984665  dE=0.384891 eV
[SERVER] types_arr sample: (2, 0, 0)
[SERVER] species_map keys: [0, 1, 2, 3, 4]
  DELTA_QUERY comp=1 MOV mol_idx=44 natoms=3 n_stored=52
    E_full=-8801.814691  E_ads=-718.984958  E_cur=-8801.858224  E_ads_cur=-718.984665  dE=0.043826 eV
[SERVER] types_arr sample: (2, 0, 0)
[SERVER] species_map keys: [0, 1, 2, 3, 4]
  DELTA_QUERY comp=1 INS mol_idx=-1 natoms=3 n_stored=52
    E_full=-8814.192864  E_ads=-732.086327  E_cur=-8801.858224  E_ads_cur=-718.984665  dE=0.767022 eV
[SERVER] types_arr sample: (2, 0, 0)
[SERVER] species_map keys: [0, 1, 2, 3, 4]
  DELTA_QUERY comp=1 INS mol_idx=-1 natoms=3 n_stored=52
    E_full=-8815.072915  E_ads=-732.780723  E_cur=-8801.858224  E_ads_cur=-718.984665  dE=0.581368 eV
  DELTA_QUERY comp=1 DEL mol_idx=32 natoms=0 n_stored=52
    E_full=-8787.378129  E_ads=-705.200998  E_cur=-8801.858224  E_ads_cur=-718.984665  dE=0.696429 eV
[SERVER] types_arr sample: (2, 0, 0)
[SERVER] species_map keys: [0, 1, 2, 3, 4]
  DELTA_QUERY comp=1 MOV mol_idx=19 natoms=3 n_stored=52
    E_full=-8801.818210  E_ads=-718.984311  E_cur=-8801.858224  E_ads_cur=-718.984665  dE=0.039660 eV
[SERVER] types_arr sample: (2, 0, 0)
[SERVER] species_map keys: [0, 1, 2, 3, 4]
  DELTA_QUERY comp=1 MOV mol_idx=14 natoms=3 n_stored=52
    E_full=-8800.419944  E_ads=-719.126540  E_cur=-8801.858224  E_ads_cur=-718.984665  dE=1.580155 eV
[SERVER] types_arr sample: (2, 0, 0)
[SERVER] species_map keys: [0, 1, 2, 3, 4]
  DELTA_QUERY comp=1 INS mol_idx=-1 natoms=3 n_stored=52
    E_full=-8815.918071  E_ads=-733.295425  E_cur=-8801.858224  E_ads_cur=-718.984665  dE=0.250913 eV
[SERVER] types_arr sample: (2, 0, 0)
[SERVER] species_map keys: [0, 1, 2, 3, 4]
  DELTA_QUERY comp=1 MOV mol_idx=12 natoms=3 n_stored=52
    E_full=-8801.847343  E_ads=-719.001915  E_cur=-8801.858224  E_ads_cur=-718.984665  dE=0.028132 eV
[SERVER] types_arr sample: (2, 0, 0)
[SERVER] species_map keys: [0, 1, 2, 3, 4]
  DELTA_QUERY comp=1 MOV mol_idx=38 natoms=3 n_stored=52
    E_full=-8801.278027  E_ads=-719.044920  E_cur=-8801.858224  E_ads_cur=-718.984665  dE=0.640452 eV
  DELTA_QUERY comp=1 DEL mol_idx=43 natoms=0 n_stored=52
    E_full=-8787.507206  E_ads=-704.953486  E_cur=-8801.858224  E_ads_cur=-718.984665  dE=0.319839 eV
[SERVER] types_arr sample: (2, 0, 0)
[SERVER] species_map keys: [0, 1, 2, 3, 4]
  DELTA_QUERY comp=1 MOV mol_idx=37 natoms=3 n_stored=52
    E_full=-8800.977104  E_ads=-719.379318  E_cur=-8801.858224  E_ads_cur=-718.984665  dE=1.275772 eV
[SERVER] types_arr sample: (2, 0, 0)
[SERVER] species_map keys: [0, 1, 2, 3, 4]
  DELTA_QUERY comp=1 MOV mol_idx=32 natoms=3 n_stored=52
    E_full=-8801.886329  E_ads=-718.985104  E_cur=-8801.858224  E_ads_cur=-718.984665  dE=-0.027666 eV
  COMMIT_MOVE comp=1 mol_idx=32  E_current=-8801.886329  E_ads_current=-718.985104 eV
[SERVER] types_arr sample: (2, 0, 0)
[SERVER] species_map keys: [0, 1, 2, 3, 4]
  DELTA_QUERY comp=1 MOV mol_idx=10 natoms=3 n_stored=52
    E_full=-8801.845948  E_ads=-718.988349  E_cur=-8801.886329  E_ads_cur=-718.985104  dE=0.043626 eV
  DELTA_QUERY comp=1 DEL mol_idx=25 natoms=0 n_stored=52
    E_full=-8787.354556  E_ads=-704.773973  E_cur=-8801.886329  E_ads_cur=-718.985104  dE=0.320642 eV
[SERVER] types_arr sample: (2, 0, 0)
[SERVER] species_map keys: [0, 1, 2, 3, 4]
  DELTA_QUERY comp=1 MOV mol_idx=11 natoms=3 n_stored=52
    E_full=-8801.781758  E_ads=-718.942668  E_cur=-8801.886329  E_ads_cur=-718.985104  dE=0.062135 eV
[SERVER] types_arr sample: (2, 0, 0)
[SERVER] species_map keys: [0, 1, 2, 3, 4]
  DELTA_QUERY comp=1 MOV mol_idx=49 natoms=3 n_stored=52
    E_full=-8800.968000  E_ads=-719.037979  E_cur=-8801.886329  E_ads_cur=-718.985104  dE=0.971204 eV
[SERVER] types_arr sample: (2, 0, 0)
[SERVER] species_map keys: [0, 1, 2, 3, 4]
  DELTA_QUERY comp=1 MOV mol_idx=26 natoms=3 n_stored=52
    E_full=-8801.720023  E_ads=-718.988979  E_cur=-8801.886329  E_ads_cur=-718.985104  dE=0.170181 eV
  DELTA_QUERY comp=1 DEL mol_idx=33 natoms=0 n_stored=52
    E_full=-8787.489476  E_ads=-705.187957  E_cur=-8801.886329  E_ads_cur=-718.985104  dE=0.599706 eV
[SERVER] types_arr sample: (2, 0, 0)
[SERVER] species_map keys: [0, 1, 2, 3, 4]
  DELTA_QUERY comp=1 MOV mol_idx=32 natoms=3 n_stored=52
    E_full=-8801.857699  E_ads=-718.983654  E_cur=-8801.886329  E_ads_cur=-718.985104  dE=0.027180 eV
[SERVER] types_arr sample: (2, 0, 0)
[SERVER] species_map keys: [0, 1, 2, 3, 4]
  DELTA_QUERY comp=1 MOV mol_idx=9 natoms=3 n_stored=52
    E_full=-8801.770673  E_ads=-719.356707  E_cur=-8801.886329  E_ads_cur=-718.985104  dE=0.487259 eV
[SERVER] types_arr sample: (2, 0, 0)
[SERVER] species_map keys: [0, 1, 2, 3, 4]
  DELTA_QUERY comp=1 MOV mol_idx=1 natoms=3 n_stored=52
    E_full=-8801.813346  E_ads=-718.891574  E_cur=-8801.886329  E_ads_cur=-718.985104  dE=-0.020546 eV
[SERVER] types_arr sample: (2, 0, 0)
[SERVER] species_map keys: [0, 1, 2, 3, 4]
  DELTA_QUERY comp=1 MOV mol_idx=41 natoms=3 n_stored=52
    E_full=-8801.891295  E_ads=-718.985689  E_cur=-8801.886329  E_ads_cur=-718.985104  dE=-0.004381 eV
  COMMIT_MOVE comp=1 mol_idx=41  E_current=-8801.891295  E_ads_current=-718.985689 eV
[SERVER] types_arr sample: (2, 0, 0)
[SERVER] species_map keys: [0, 1, 2, 3, 4]
  DELTA_QUERY comp=1 MOV mol_idx=50 natoms=3 n_stored=52
    E_full=-8800.054778  E_ads=-718.612369  E_cur=-8801.891295  E_ads_cur=-718.985689  dE=1.463197 eV
  DELTA_QUERY comp=1 DEL mol_idx=10 natoms=0 n_stored=52
    E_full=-8787.321348  E_ads=-705.208142  E_cur=-8801.891295  E_ads_cur=-718.985689  dE=0.792400 eV
[SERVER] types_arr sample: (2, 0, 0)
[SERVER] species_map keys: [0, 1, 2, 3, 4]
  DELTA_QUERY comp=1 MOV mol_idx=41 natoms=3 n_stored=52
    E_full=-8801.429119  E_ads=-718.989974  E_cur=-8801.891295  E_ads_cur=-718.985689  dE=0.466461 eV
[SERVER] types_arr sample: (2, 0, 0)
[SERVER] species_map keys: [0, 1, 2, 3, 4]
  DELTA_QUERY comp=1 MOV mol_idx=8 natoms=3 n_stored=52
    E_full=-8801.835283  E_ads=-718.985390  E_cur=-8801.891295  E_ads_cur=-718.985689  dE=0.055713 eV
  COMMIT_MOVE comp=1 mol_idx=8  E_current=-8801.835283  E_ads_current=-718.985390 eV
[SERVER] types_arr sample: (2, 0, 0)
[SERVER] species_map keys: [0, 1, 2, 3, 4]
  DELTA_QUERY comp=1 MOV mol_idx=2 natoms=3 n_stored=52
    E_full=-8801.797549  E_ads=-718.987490  E_cur=-8801.835283  E_ads_cur=-718.985390  dE=0.039834 eV
[SERVER] types_arr sample: (2, 0, 0)
[SERVER] species_map keys: [0, 1, 2, 3, 4]
  DELTA_QUERY comp=1 INS mol_idx=-1 natoms=3 n_stored=52
    E_full=-8816.282274  E_ads=-733.148544  E_cur=-8801.835283  E_ads_cur=-718.985390  dE=-0.283837 eV
  COMMIT_INSERT comp=1 n_stored=53  E_current=-8816.282274  E_ads_current=-733.148544 eV
[SERVER] types_arr sample: (2, 0, 0)
[SERVER] species_map keys: [0, 1, 2, 3, 4]
  DELTA_QUERY comp=1 MOV mol_idx=27 natoms=3 n_stored=53
    E_full=-8816.239575  E_ads=-733.146866  E_cur=-8816.282274  E_ads_cur=-733.148544  dE=0.041021 eV
[SERVER] types_arr sample: (2, 0, 0)
[SERVER] species_map keys: [0, 1, 2, 3, 4]
  DELTA_QUERY comp=1 MOV mol_idx=51 natoms=3 n_stored=53
    E_full=-8815.406407  E_ads=-733.522494  E_cur=-8816.282274  E_ads_cur=-733.148544  dE=1.249816 eV
[SERVER] types_arr sample: (2, 0, 0)
[SERVER] species_map keys: [0, 1, 2, 3, 4]
  DELTA_QUERY comp=1 MOV mol_idx=23 natoms=3 n_stored=53
    E_full=-8816.188776  E_ads=-733.393506  E_cur=-8816.282274  E_ads_cur=-733.148544  dE=0.338460 eV
[SERVER] types_arr sample: (2, 0, 0)
[SERVER] species_map keys: [0, 1, 2, 3, 4]
  DELTA_QUERY comp=1 MOV mol_idx=50 natoms=3 n_stored=53
    E_full=-8815.425969  E_ads=-733.134107  E_cur=-8816.282274  E_ads_cur=-733.148544  dE=0.841867 eV
[SERVER] types_arr sample: (2, 0, 0)
[SERVER] species_map keys: [0, 1, 2, 3, 4]
  DELTA_QUERY comp=1 MOV mol_idx=7 natoms=3 n_stored=53
    E_full=-8816.283734  E_ads=-733.148546  E_cur=-8816.282274  E_ads_cur=-733.148544  dE=-0.001459 eV
  COMMIT_MOVE comp=1 mol_idx=7  E_current=-8816.283734  E_ads_current=-733.148546 eV
[SERVER] types_arr sample: (2, 0, 0)
[SERVER] species_map keys: [0, 1, 2, 3, 4]
  DELTA_QUERY comp=1 MOV mol_idx=49 natoms=3 n_stored=53
    E_full=-8816.279048  E_ads=-733.158491  E_cur=-8816.283734  E_ads_cur=-733.148546  dE=0.014631 eV
[SERVER] types_arr sample: (2, 0, 0)
[SERVER] species_map keys: [0, 1, 2, 3, 4]
  DELTA_QUERY comp=1 MOV mol_idx=23 natoms=3 n_stored=53
    E_full=-8815.890757  E_ads=-733.184880  E_cur=-8816.283734  E_ads_cur=-733.148546  dE=0.429312 eV
[SERVER] types_arr sample: (2, 0, 0)
[SERVER] species_map keys: [0, 1, 2, 3, 4]
  DELTA_QUERY comp=1 MOV mol_idx=29 natoms=3 n_stored=53
    E_full=-8815.093198  E_ads=-733.195857  E_cur=-8816.283734  E_ads_cur=-733.148546  dE=1.237848 eV
[SERVER] types_arr sample: (2, 0, 0)
[SERVER] species_map keys: [0, 1, 2, 3, 4]
  DELTA_QUERY comp=1 INS mol_idx=-1 natoms=3 n_stored=53
    E_full=-8830.165834  E_ads=-747.208184  E_cur=-8816.283734  E_ads_cur=-733.148546  dE=0.177539 eV
[SERVER] types_arr sample: (2, 0, 0)
[SERVER] species_map keys: [0, 1, 2, 3, 4]
  DELTA_QUERY comp=1 INS mol_idx=-1 natoms=3 n_stored=53
    E_full=-8830.771363  E_ads=-747.280444  E_cur=-8816.283734  E_ads_cur=-733.148546  dE=-0.355731 eV
  COMMIT_INSERT comp=1 n_stored=54  E_current=-8830.771363  E_ads_current=-747.280444 eV
[SERVER] types_arr sample: (2, 0, 0)
[SERVER] species_map keys: [0, 1, 2, 3, 4]
  DELTA_QUERY comp=1 INS mol_idx=-1 natoms=3 n_stored=54
    E_full=-8842.728099  E_ads=-761.764770  E_cur=-8830.771363  E_ads_cur=-747.280444  dE=2.527589 eV
[SERVER] types_arr sample: (2, 0, 0)
[SERVER] species_map keys: [0, 1, 2, 3, 4]
  DELTA_QUERY comp=1 MOV mol_idx=23 natoms=3 n_stored=54
    E_full=-8830.072399  E_ads=-747.521766  E_cur=-8830.771363  E_ads_cur=-747.280444  dE=0.940286 eV
[SERVER] types_arr sample: (2, 0, 0)
[SERVER] species_map keys: [0, 1, 2, 3, 4]
  DELTA_QUERY comp=1 INS mol_idx=-1 natoms=3 n_stored=54
    E_full=-8844.656482  E_ads=-761.159217  E_cur=-8830.771363  E_ads_cur=-747.280444  dE=-0.006346 eV
  DELTA_QUERY comp=1 DEL mol_idx=16 natoms=0 n_stored=54
    E_full=-8816.345423  E_ads=-733.496058  E_cur=-8830.771363  E_ads_cur=-747.280444  dE=0.641554 eV
[SERVER] types_arr sample: (2, 0, 0)
[SERVER] species_map keys: [0, 1, 2, 3, 4]
  DELTA_QUERY comp=1 MOV mol_idx=49 natoms=3 n_stored=54
    E_full=-8830.052303  E_ads=-747.139238  E_cur=-8830.771363  E_ads_cur=-747.280444  dE=0.577854 eV
[SERVER] types_arr sample: (2, 0, 0)
[SERVER] species_map keys: [0, 1, 2, 3, 4]
  DELTA_QUERY comp=1 MOV mol_idx=14 natoms=3 n_stored=54
    E_full=-8830.785197  E_ads=-747.288784  E_cur=-8830.771363  E_ads_cur=-747.280444  dE=-0.005494 eV
  COMMIT_MOVE comp=1 mol_idx=14  E_current=-8830.785197  E_ads_current=-747.288784 eV
[SERVER] types_arr sample: (2, 0, 0)
[SERVER] species_map keys: [0, 1, 2, 3, 4]
  DELTA_QUERY comp=1 MOV mol_idx=34 natoms=3 n_stored=54
    E_full=-8829.780453  E_ads=-747.427050  E_cur=-8830.785197  E_ads_cur=-747.288784  dE=1.143010 eV
[SERVER] types_arr sample: (2, 0, 0)
[SERVER] species_map keys: [0, 1, 2, 3, 4]
  DELTA_QUERY comp=1 MOV mol_idx=14 natoms=3 n_stored=54
    E_full=-8830.446386  E_ads=-747.662800  E_cur=-8830.785197  E_ads_cur=-747.288784  dE=0.712827 eV
[SERVER] types_arr sample: (2, 0, 0)
[SERVER] species_map keys: [0, 1, 2, 3, 4]
  DELTA_QUERY comp=1 MOV mol_idx=41 natoms=3 n_stored=54
    E_full=-8830.793365  E_ads=-747.288923  E_cur=-8830.785197  E_ads_cur=-747.288784  dE=-0.008029 eV
  COMMIT_MOVE comp=1 mol_idx=41  E_current=-8830.793365  E_ads_current=-747.288923 eV
[SERVER] types_arr sample: (2, 0, 0)
[SERVER] species_map keys: [0, 1, 2, 3, 4]
  DELTA_QUERY comp=1 MOV mol_idx=22 natoms=3 n_stored=54
    E_full=-8830.763561  E_ads=-747.290351  E_cur=-8830.793365  E_ads_cur=-747.288923  dE=0.031231 eV
[SERVER] types_arr sample: (2, 0, 0)
[SERVER] species_map keys: [0, 1, 2, 3, 4]
  DELTA_QUERY comp=1 INS mol_idx=-1 natoms=3 n_stored=54
    E_full=-8843.898426  E_ads=-760.970247  E_cur=-8830.793365  E_ads_cur=-747.288923  dE=0.576263 eV
[SERVER] types_arr sample: (2, 0, 0)
[SERVER] species_map keys: [0, 1, 2, 3, 4]
  DELTA_QUERY comp=1 MOV mol_idx=17 natoms=3 n_stored=54
    E_full=-8830.684006  E_ads=-747.285669  E_cur=-8830.793365  E_ads_cur=-747.288923  dE=0.106105 eV
[SERVER] types_arr sample: (2, 0, 0)
[SERVER] species_map keys: [0, 1, 2, 3, 4]
  DELTA_QUERY comp=1 MOV mol_idx=33 natoms=3 n_stored=54
    E_full=-8830.800037  E_ads=-747.290318  E_cur=-8830.793365  E_ads_cur=-747.288923  dE=-0.005277 eV
  COMMIT_MOVE comp=1 mol_idx=33  E_current=-8830.800037  E_ads_current=-747.290318 eV
[SERVER] types_arr sample: (2, 0, 0)
[SERVER] species_map keys: [0, 1, 2, 3, 4]
  DELTA_QUERY comp=1 MOV mol_idx=36 natoms=3 n_stored=54
    E_full=-8830.551017  E_ads=-747.095966  E_cur=-8830.800037  E_ads_cur=-747.290318  dE=0.054668 eV
[SERVER] types_arr sample: (2, 0, 0)
[SERVER] species_map keys: [0, 1, 2, 3, 4]
  DELTA_QUERY comp=1 MOV mol_idx=47 natoms=3 n_stored=54
    E_full=-8830.129928  E_ads=-747.482168  E_cur=-8830.800037  E_ads_cur=-747.290318  dE=0.861958 eV
[SERVER] types_arr sample: (2, 0, 0)
[SERVER] species_map keys: [0, 1, 2, 3, 4]
  DELTA_QUERY comp=1 MOV mol_idx=53 natoms=3 n_stored=54
    E_full=-8830.872439  E_ads=-747.029080  E_cur=-8830.800037  E_ads_cur=-747.290318  dE=-0.333640 eV
  COMMIT_MOVE comp=1 mol_idx=53  E_current=-8830.872439  E_ads_current=-747.029080 eV
[SERVER] types_arr sample: (2, 0, 0)
[SERVER] species_map keys: [0, 1, 2, 3, 4]
  DELTA_QUERY comp=1 MOV mol_idx=41 natoms=3 n_stored=54
    E_full=-8829.233301  E_ads=-747.041093  E_cur=-8830.872439  E_ads_cur=-747.029080  dE=1.651151 eV
[SERVER] types_arr sample: (2, 0, 0)
[SERVER] species_map keys: [0, 1, 2, 3, 4]
  DELTA_QUERY comp=1 MOV mol_idx=52 natoms=3 n_stored=54
    E_full=-8830.930180  E_ads=-747.092026  E_cur=-8830.872439  E_ads_cur=-747.029080  dE=0.005205 eV
  COMMIT_MOVE comp=1 mol_idx=52  E_current=-8830.930180  E_ads_current=-747.092026 eV
[SERVER] types_arr sample: (2, 0, 0)
[SERVER] species_map keys: [0, 1, 2, 3, 4]
  DELTA_QUERY comp=1 MOV mol_idx=48 natoms=3 n_stored=54
    E_full=-8829.986649  E_ads=-747.409947  E_cur=-8830.930180  E_ads_cur=-747.092026  dE=1.261452 eV
  DELTA_QUERY comp=1 DEL mol_idx=43 natoms=0 n_stored=54
    E_full=-8816.579277  E_ads=-733.060847  E_cur=-8830.930180  E_ads_cur=-747.092026  dE=0.319724 eV
[SERVER] types_arr sample: (2, 0, 0)
[SERVER] species_map keys: [0, 1, 2, 3, 4]
  DELTA_QUERY comp=1 INS mol_idx=-1 natoms=3 n_stored=54
    E_full=-8845.102087  E_ads=-761.118515  E_cur=-8830.930180  E_ads_cur=-747.092026  dE=-0.145418 eV
[SERVER] types_arr sample: (2, 0, 0)
[SERVER] species_map keys: [0, 1, 2, 3, 4]
  DELTA_QUERY comp=1 MOV mol_idx=51 natoms=3 n_stored=54
    E_full=-8828.637199  E_ads=-747.274743  E_cur=-8830.930180  E_ads_cur=-747.092026  dE=2.475698 eV
[SERVER] types_arr sample: (2, 0, 0)
[SERVER] species_map keys: [0, 1, 2, 3, 4]
  DELTA_QUERY comp=1 MOV mol_idx=52 natoms=3 n_stored=54
    E_full=-8830.889302  E_ads=-747.093904  E_cur=-8830.930180  E_ads_cur=-747.092026  dE=0.042756 eV
[SERVER] types_arr sample: (2, 0, 0)
[SERVER] species_map keys: [0, 1, 2, 3, 4]
  DELTA_QUERY comp=1 INS mol_idx=-1 natoms=3 n_stored=54
    E_full=-8845.284671  E_ads=-760.875420  E_cur=-8830.930180  E_ads_cur=-747.092026  dE=-0.571097 eV
  COMMIT_INSERT comp=1 n_stored=55  E_current=-8845.284671  E_ads_current=-760.875420 eV
[SERVER] types_arr sample: (2, 0, 0)
[SERVER] species_map keys: [0, 1, 2, 3, 4]
  DELTA_QUERY comp=1 MOV mol_idx=44 natoms=3 n_stored=55
    E_full=-8844.419680  E_ads=-760.979712  E_cur=-8845.284671  E_ads_cur=-760.875420  dE=0.969284 eV
[SERVER] types_arr sample: (2, 0, 0)
[SERVER] species_map keys: [0, 1, 2, 3, 4]
  DELTA_QUERY comp=1 MOV mol_idx=47 natoms=3 n_stored=55
    E_full=-8844.591072  E_ads=-761.119893  E_cur=-8845.284671  E_ads_cur=-760.875420  dE=0.938072 eV
  DELTA_QUERY comp=1 DEL mol_idx=44 natoms=0 n_stored=55
    E_full=-8830.830755  E_ads=-747.096417  E_cur=-8845.284671  E_ads_cur=-760.875420  dE=0.674912 eV
[SERVER] types_arr sample: (2, 0, 0)
[SERVER] species_map keys: [0, 1, 2, 3, 4]
  DELTA_QUERY comp=1 MOV mol_idx=14 natoms=3 n_stored=55
    E_full=-8845.033065  E_ads=-760.982965  E_cur=-8845.284671  E_ads_cur=-760.875420  dE=0.359151 eV
[SERVER] types_arr sample: (2, 0, 0)
[SERVER] species_map keys: [0, 1, 2, 3, 4]
  DELTA_QUERY comp=1 MOV mol_idx=23 natoms=3 n_stored=55
    E_full=-8845.209544  E_ads=-760.863499  E_cur=-8845.284671  E_ads_cur=-760.875420  dE=0.063206 eV
  DELTA_QUERY comp=1 DEL mol_idx=54 natoms=0 n_stored=55
    E_full=-8830.930180  E_ads=-747.092026  E_cur=-8845.284671  E_ads_cur=-760.875420  dE=0.571097 eV
[SERVER] types_arr sample: (2, 0, 0)
[SERVER] species_map keys: [0, 1, 2, 3, 4]
  DELTA_QUERY comp=1 MOV mol_idx=1 natoms=3 n_stored=55
    E_full=-8845.143162  E_ads=-760.838198  E_cur=-8845.284671  E_ads_cur=-760.875420  dE=0.104287 eV
[SERVER] types_arr sample: (2, 0, 0)
[SERVER] species_map keys: [0, 1, 2, 3, 4]
  DELTA_QUERY comp=1 MOV mol_idx=50 natoms=3 n_stored=55
    E_full=-8845.210407  E_ads=-760.877576  E_cur=-8845.284671  E_ads_cur=-760.875420  dE=0.076420 eV
[SERVER] types_arr sample: (2, 0, 0)
[SERVER] species_map keys: [0, 1, 2, 3, 4]
  DELTA_QUERY comp=1 MOV mol_idx=9 natoms=3 n_stored=55
    E_full=-8845.367620  E_ads=-760.874894  E_cur=-8845.284671  E_ads_cur=-760.875420  dE=-0.083475 eV
  COMMIT_MOVE comp=1 mol_idx=9  E_current=-8845.367620  E_ads_current=-760.874894 eV
[SERVER] types_arr sample: (2, 0, 0)
[SERVER] species_map keys: [0, 1, 2, 3, 4]
  DELTA_QUERY comp=1 INS mol_idx=-1 natoms=3 n_stored=55
    E_full=-8859.206551  E_ads=-774.715634  E_cur=-8845.367620  E_ads_cur=-760.874894  dE=0.001808 eV
[SERVER] types_arr sample: (2, 0, 0)
[SERVER] species_map keys: [0, 1, 2, 3, 4]
  DELTA_QUERY comp=1 MOV mol_idx=48 natoms=3 n_stored=55
    E_full=-8843.340814  E_ads=-760.586360  E_cur=-8845.367620  E_ads_cur=-760.874894  dE=1.738272 eV
[SERVER] types_arr sample: (2, 0, 0)
[SERVER] species_map keys: [0, 1, 2, 3, 4]
  DELTA_QUERY comp=1 MOV mol_idx=40 natoms=3 n_stored=55
    E_full=-8845.304903  E_ads=-760.872992  E_cur=-8845.367620  E_ads_cur=-760.874894  dE=0.060815 eV
[SERVER] types_arr sample: (2, 0, 0)
[SERVER] species_map keys: [0, 1, 2, 3, 4]
  DELTA_QUERY comp=1 MOV mol_idx=10 natoms=3 n_stored=55
    E_full=-8845.327332  E_ads=-760.874882  E_cur=-8845.367620  E_ads_cur=-760.874894  dE=0.040276 eV
[SERVER] types_arr sample: (2, 0, 0)
[SERVER] species_map keys: [0, 1, 2, 3, 4]
  DELTA_QUERY comp=1 MOV mol_idx=32 natoms=3 n_stored=55
    E_full=-8845.133891  E_ads=-761.229110  E_cur=-8845.367620  E_ads_cur=-760.874894  dE=0.587945 eV
[SERVER] types_arr sample: (2, 0, 0)
[SERVER] species_map keys: [0, 1, 2, 3, 4]
  DELTA_QUERY comp=1 MOV mol_idx=38 natoms=3 n_stored=55
    E_full=-8845.396940  E_ads=-761.276860  E_cur=-8845.367620  E_ads_cur=-760.874894  dE=0.372646 eV
  DELTA_QUERY comp=1 DEL mol_idx=0 natoms=0 n_stored=55
    E_full=-8830.956046  E_ads=-746.830676  E_cur=-8845.367620  E_ads_cur=-760.874894  dE=0.367356 eV
[SERVER] types_arr sample: (2, 0, 0)
[SERVER] species_map keys: [0, 1, 2, 3, 4]
  DELTA_QUERY comp=1 MOV mol_idx=10 natoms=3 n_stored=55
    E_full=-8844.348911  E_ads=-761.095029  E_cur=-8845.367620  E_ads_cur=-760.874894  dE=1.238843 eV
[SERVER] types_arr sample: (2, 0, 0)
[SERVER] species_map keys: [0, 1, 2, 3, 4]
  DELTA_QUERY comp=1 INS mol_idx=-1 natoms=3 n_stored=55
    E_full=-8859.505520  E_ads=-775.048769  E_cur=-8845.367620  E_ads_cur=-760.874894  dE=0.035975 eV
[SERVER] types_arr sample: (2, 0, 0)
[SERVER] species_map keys: [0, 1, 2, 3, 4]
  DELTA_QUERY comp=1 MOV mol_idx=2 natoms=3 n_stored=55
    E_full=-8844.640877  E_ads=-760.895125  E_cur=-8845.367620  E_ads_cur=-760.874894  dE=0.746974 eV
[SERVER] types_arr sample: (2, 0, 0)
[SERVER] species_map keys: [0, 1, 2, 3, 4]
  DELTA_QUERY comp=1 MOV mol_idx=39 natoms=3 n_stored=55
    E_full=-8845.372056  E_ads=-760.875763  E_cur=-8845.367620  E_ads_cur=-760.874894  dE=-0.003568 eV
  COMMIT_MOVE comp=1 mol_idx=39  E_current=-8845.372056  E_ads_current=-760.875763 eV
  DELTA_QUERY comp=1 DEL mol_idx=27 natoms=0 n_stored=55
    E_full=-8830.863015  E_ads=-747.095556  E_cur=-8845.372056  E_ads_cur=-760.875763  dE=0.728834 eV
[SERVER] types_arr sample: (2, 0, 0)
[SERVER] species_map keys: [0, 1, 2, 3, 4]
  DELTA_QUERY comp=1 MOV mol_idx=50 natoms=3 n_stored=55
    E_full=-8845.336658  E_ads=-760.874958  E_cur=-8845.372056  E_ads_cur=-760.875763  dE=0.034593 eV
  DELTA_QUERY comp=1 DEL mol_idx=45 natoms=0 n_stored=55
    E_full=-8830.874606  E_ads=-746.659243  E_cur=-8845.372056  E_ads_cur=-760.875763  dE=0.280931 eV
[SERVER] types_arr sample: (2, 0, 0)
[SERVER] species_map keys: [0, 1, 2, 3, 4]
  DELTA_QUERY comp=1 INS mol_idx=-1 natoms=3 n_stored=55
    E_full=-8858.568445  E_ads=-774.839478  E_cur=-8845.372056  E_ads_cur=-760.875763  dE=0.767327 eV
[SERVER] types_arr sample: (2, 0, 0)
[SERVER] species_map keys: [0, 1, 2, 3, 4]
  DELTA_QUERY comp=1 INS mol_idx=-1 natoms=3 n_stored=55
    E_full=-8857.661611  E_ads=-774.781439  E_cur=-8845.372056  E_ads_cur=-760.875763  dE=1.616122 eV
  DELTA_QUERY comp=1 DEL mol_idx=42 natoms=0 n_stored=55
    E_full=-8830.779358  E_ads=-747.095355  E_cur=-8845.372056  E_ads_cur=-760.875763  dE=0.812291 eV
[SERVER] types_arr sample: (2, 0, 0)
[SERVER] species_map keys: [0, 1, 2, 3, 4]
  DELTA_QUERY comp=1 MOV mol_idx=33 natoms=3 n_stored=55
    E_full=-8845.332805  E_ads=-760.892414  E_cur=-8845.372056  E_ads_cur=-760.875763  dE=0.055903 eV
  COMMIT_MOVE comp=1 mol_idx=33  E_current=-8845.332805  E_ads_current=-760.892414 eV
  DELTA_QUERY comp=1 DEL mol_idx=1 natoms=0 n_stored=55
    E_full=-8830.622434  E_ads=-746.694741  E_cur=-8845.332805  E_ads_cur=-760.892414  dE=0.512698 eV
[SERVER] types_arr sample: (2, 0, 0)
[SERVER] species_map keys: [0, 1, 2, 3, 4]
  DELTA_QUERY comp=1 MOV mol_idx=45 natoms=3 n_stored=55
    E_full=-8845.223893  E_ads=-760.876580  E_cur=-8845.332805  E_ads_cur=-760.892414  dE=0.093078 eV
[SERVER] types_arr sample: (2, 0, 0)
[SERVER] species_map keys: [0, 1, 2, 3, 4]
  DELTA_QUERY comp=1 MOV mol_idx=49 natoms=3 n_stored=55
    E_full=-8842.459527  E_ads=-760.770018  E_cur=-8845.332805  E_ads_cur=-760.892414  dE=2.750882 eV
[SERVER] types_arr sample: (2, 0, 0)
[SERVER] species_map keys: [0, 1, 2, 3, 4]
  DELTA_QUERY comp=1 INS mol_idx=-1 natoms=3 n_stored=55
    E_full=-8858.799196  E_ads=-775.050125  E_cur=-8845.332805  E_ads_cur=-760.892414  dE=0.691320 eV
[SERVER] types_arr sample: (2, 0, 0)
[SERVER] species_map keys: [0, 1, 2, 3, 4]
  DELTA_QUERY comp=1 MOV mol_idx=38 natoms=3 n_stored=55
    E_full=-8844.246979  E_ads=-761.216133  E_cur=-8845.332805  E_ads_cur=-760.892414  dE=1.409546 eV
[SERVER] types_arr sample: (2, 0, 0)
[SERVER] species_map keys: [0, 1, 2, 3, 4]
  DELTA_QUERY comp=1 MOV mol_idx=17 natoms=3 n_stored=55
    E_full=-8845.274417  E_ads=-760.914037  E_cur=-8845.332805  E_ads_cur=-760.892414  dE=0.080011 eV
[SERVER] types_arr sample: (2, 0, 0)
[SERVER] species_map keys: [0, 1, 2, 3, 4]
  DELTA_QUERY comp=1 INS mol_idx=-1 natoms=3 n_stored=55
    E_full=-8859.758806  E_ads=-775.119906  E_cur=-8845.332805  E_ads_cur=-760.892414  dE=-0.198509 eV
  COMMIT_INSERT comp=1 n_stored=56  E_current=-8859.758806  E_ads_current=-775.119906 eV
[SERVER] types_arr sample: (2, 0, 0)
[SERVER] species_map keys: [0, 1, 2, 3, 4]
  DELTA_QUERY comp=1 MOV mol_idx=15 natoms=3 n_stored=56
    E_full=-8859.748033  E_ads=-775.120057  E_cur=-8859.758806  E_ads_cur=-775.119906  dE=0.010924 eV
  COMMIT_MOVE comp=1 mol_idx=15  E_current=-8859.748033  E_ads_current=-775.120057 eV
  DELTA_QUERY comp=1 DEL mol_idx=32 natoms=0 n_stored=56
    E_full=-8845.239618  E_ads=-761.335951  E_cur=-8859.748033  E_ads_cur=-775.120057  dE=0.724309 eV
[SERVER] types_arr sample: (2, 0, 0)
[SERVER] species_map keys: [0, 1, 2, 3, 4]
  DELTA_QUERY comp=1 MOV mol_idx=27 natoms=3 n_stored=56
    E_full=-8858.410728  E_ads=-775.686909  E_cur=-8859.748033  E_ads_cur=-775.120057  dE=1.904156 eV
[SERVER] types_arr sample: (2, 0, 0)
[SERVER] species_map keys: [0, 1, 2, 3, 4]
  DELTA_QUERY comp=1 MOV mol_idx=39 natoms=3 n_stored=56
    E_full=-8859.566771  E_ads=-775.330601  E_cur=-8859.748033  E_ads_cur=-775.120057  dE=0.391806 eV
[SERVER] types_arr sample: (2, 0, 0)
[SERVER] species_map keys: [0, 1, 2, 3, 4]
  DELTA_QUERY comp=1 MOV mol_idx=26 natoms=3 n_stored=56
    E_full=-8859.584076  E_ads=-775.467057  E_cur=-8859.748033  E_ads_cur=-775.120057  dE=0.510957 eV
[SERVER] types_arr sample: (2, 0, 0)
[SERVER] species_map keys: [0, 1, 2, 3, 4]
  DELTA_QUERY comp=1 MOV mol_idx=4 natoms=3 n_stored=56
    E_full=-8859.717683  E_ads=-775.119824  E_cur=-8859.748033  E_ads_cur=-775.120057  dE=0.030117 eV
[SERVER] types_arr sample: (2, 0, 0)
[SERVER] species_map keys: [0, 1, 2, 3, 4]
  DELTA_QUERY comp=1 INS mol_idx=-1 natoms=3 n_stored=56
    E_full=-8872.964008  E_ads=-788.967481  E_cur=-8859.748033  E_ads_cur=-775.120057  dE=0.631449 eV
[SERVER] types_arr sample: (2, 0, 0)
[SERVER] species_map keys: [0, 1, 2, 3, 4]
  DELTA_QUERY comp=1 MOV mol_idx=23 natoms=3 n_stored=56
    E_full=-8858.918863  E_ads=-775.186300  E_cur=-8859.748033  E_ads_cur=-775.120057  dE=0.895413 eV
[SERVER] types_arr sample: (2, 0, 0)
[SERVER] species_map keys: [0, 1, 2, 3, 4]
  DELTA_QUERY comp=1 MOV mol_idx=46 natoms=3 n_stored=56
    E_full=-8859.674495  E_ads=-775.071056  E_cur=-8859.748033  E_ads_cur=-775.120057  dE=0.024537 eV
  DELTA_QUERY comp=1 DEL mol_idx=55 natoms=0 n_stored=56
    E_full=-8845.322032  E_ads=-760.892565  E_cur=-8859.748033  E_ads_cur=-775.120057  dE=0.198509 eV
[SERVER] types_arr sample: (2, 0, 0)
[SERVER] species_map keys: [0, 1, 2, 3, 4]
  DELTA_QUERY comp=1 INS mol_idx=-1 natoms=3 n_stored=56
    E_full=-8872.857989  E_ads=-788.466999  E_cur=-8859.748033  E_ads_cur=-775.120057  dE=0.236987 eV
[SERVER] types_arr sample: (2, 0, 0)
[SERVER] species_map keys: [0, 1, 2, 3, 4]
  DELTA_QUERY comp=1 MOV mol_idx=40 natoms=3 n_stored=56
    E_full=-8859.632980  E_ads=-775.493067  E_cur=-8859.748033  E_ads_cur=-775.120057  dE=0.488063 eV
[SERVER] types_arr sample: (2, 0, 0)
[SERVER] species_map keys: [0, 1, 2, 3, 4]
  DELTA_QUERY comp=1 INS mol_idx=-1 natoms=3 n_stored=56
    E_full=-8874.222849  E_ads=-789.248346  E_cur=-8859.748033  E_ads_cur=-775.120057  dE=-0.346527 eV
  COMMIT_INSERT comp=1 n_stored=57  E_current=-8874.222849  E_ads_current=-789.248346 eV
[SERVER] types_arr sample: (2, 0, 0)
[SERVER] species_map keys: [0, 1, 2, 3, 4]
  DELTA_QUERY comp=1 MOV mol_idx=18 natoms=3 n_stored=57
    E_full=-8873.579830  E_ads=-789.424099  E_cur=-8874.222849  E_ads_cur=-789.248346  dE=0.818772 eV
[SERVER] types_arr sample: (2, 0, 0)
[SERVER] species_map keys: [0, 1, 2, 3, 4]
  DELTA_QUERY comp=1 MOV mol_idx=34 natoms=3 n_stored=57
    E_full=-8874.116675  E_ads=-789.356520  E_cur=-8874.222849  E_ads_cur=-789.248346  dE=0.214348 eV
[SERVER] types_arr sample: (2, 0, 0)
[SERVER] species_map keys: [0, 1, 2, 3, 4]
  DELTA_QUERY comp=1 MOV mol_idx=54 natoms=3 n_stored=57
    E_full=-8873.822279  E_ads=-789.244100  E_cur=-8874.222849  E_ads_cur=-789.248346  dE=0.396324 eV
[SERVER] types_arr sample: (2, 0, 0)
[SERVER] species_map keys: [0, 1, 2, 3, 4]
  DELTA_QUERY comp=1 MOV mol_idx=46 natoms=3 n_stored=57
    E_full=-8874.217499  E_ads=-789.256363  E_cur=-8874.222849  E_ads_cur=-789.248346  dE=0.013368 eV
[SERVER] types_arr sample: (2, 0, 0)
[SERVER] species_map keys: [0, 1, 2, 3, 4]
  DELTA_QUERY comp=1 MOV mol_idx=43 natoms=3 n_stored=57
    E_full=-8874.179774  E_ads=-789.244380  E_cur=-8874.222849  E_ads_cur=-789.248346  dE=0.039109 eV
[SERVER] types_arr sample: (2, 0, 0)
[SERVER] species_map keys: [0, 1, 2, 3, 4]
  DELTA_QUERY comp=1 MOV mol_idx=25 natoms=3 n_stored=57
    E_full=-8873.537680  E_ads=-789.371573  E_cur=-8874.222849  E_ads_cur=-789.248346  dE=0.808397 eV
[SERVER] types_arr sample: (2, 0, 0)
[SERVER] species_map keys: [0, 1, 2, 3, 4]
  DELTA_QUERY comp=1 MOV mol_idx=7 natoms=3 n_stored=57
    E_full=-8874.250888  E_ads=-789.248344  E_cur=-8874.222849  E_ads_cur=-789.248346  dE=-0.028040 eV
  COMMIT_MOVE comp=1 mol_idx=7  E_current=-8874.250888  E_ads_current=-789.248344 eV
[SERVER] types_arr sample: (2, 0, 0)
[SERVER] species_map keys: [0, 1, 2, 3, 4]
  DELTA_QUERY comp=1 MOV mol_idx=47 natoms=3 n_stored=57
    E_full=-8873.673776  E_ads=-789.253408  E_cur=-8874.250888  E_ads_cur=-789.248344  dE=0.582175 eV
[SERVER] types_arr sample: (2, 0, 0)
[SERVER] species_map keys: [0, 1, 2, 3, 4]
  DELTA_QUERY comp=1 MOV mol_idx=1 natoms=3 n_stored=57
    E_full=-8874.217079  E_ads=-789.276525  E_cur=-8874.250888  E_ads_cur=-789.248344  dE=0.061989 eV
[SERVER] types_arr sample: (2, 0, 0)
[SERVER] species_map keys: [0, 1, 2, 3, 4]
  DELTA_QUERY comp=1 MOV mol_idx=49 natoms=3 n_stored=57
    E_full=-8874.379033  E_ads=-789.294150  E_cur=-8874.250888  E_ads_cur=-789.248344  dE=-0.082340 eV
  COMMIT_MOVE comp=1 mol_idx=49  E_current=-8874.379033  E_ads_current=-789.294150 eV
  DELTA_QUERY comp=1 DEL mol_idx=39 natoms=0 n_stored=57
    E_full=-8859.819396  E_ads=-775.285855  E_cur=-8874.379033  E_ads_cur=-789.294150  dE=0.551342 eV
[SERVER] types_arr sample: (2, 0, 0)
[SERVER] species_map keys: [0, 1, 2, 3, 4]
  DELTA_QUERY comp=1 MOV mol_idx=10 natoms=3 n_stored=57
    E_full=-8874.135261  E_ads=-789.524055  E_cur=-8874.379033  E_ads_cur=-789.294150  dE=0.473676 eV
[SERVER] types_arr sample: (2, 0, 0)
[SERVER] species_map keys: [0, 1, 2, 3, 4]
  DELTA_QUERY comp=1 MOV mol_idx=21 natoms=3 n_stored=57
    E_full=-8874.396622  E_ads=-789.294788  E_cur=-8874.379033  E_ads_cur=-789.294150  dE=-0.016952 eV
  COMMIT_MOVE comp=1 mol_idx=21  E_current=-8874.396622  E_ads_current=-789.294788 eV
[SERVER] types_arr sample: (2, 0, 0)
[SERVER] species_map keys: [0, 1, 2, 3, 4]
  DELTA_QUERY comp=1 MOV mol_idx=51 natoms=3 n_stored=57
    E_full=-8874.297483  E_ads=-789.572478  E_cur=-8874.396622  E_ads_cur=-789.294788  dE=0.376829 eV
[SERVER] types_arr sample: (2, 0, 0)
[SERVER] species_map keys: [0, 1, 2, 3, 4]
  DELTA_QUERY comp=1 MOV mol_idx=35 natoms=3 n_stored=57
    E_full=-8874.052565  E_ads=-789.251459  E_cur=-8874.396622  E_ads_cur=-789.294788  dE=0.300728 eV
[SERVER] types_arr sample: (2, 0, 0)
[SERVER] species_map keys: [0, 1, 2, 3, 4]
  DELTA_QUERY comp=1 MOV mol_idx=20 natoms=3 n_stored=57
    E_full=-8873.836570  E_ads=-789.845437  E_cur=-8874.396622  E_ads_cur=-789.294788  dE=1.110701 eV
[SERVER] types_arr sample: (2, 0, 0)
[SERVER] species_map keys: [0, 1, 2, 3, 4]
  DELTA_QUERY comp=1 MOV mol_idx=45 natoms=3 n_stored=57
    E_full=-8874.437910  E_ads=-789.216498  E_cur=-8874.396622  E_ads_cur=-789.294788  dE=-0.119578 eV
  COMMIT_MOVE comp=1 mol_idx=45  E_current=-8874.437910  E_ads_current=-789.216498 eV
[SERVER] types_arr sample: (2, 0, 0)
[SERVER] species_map keys: [0, 1, 2, 3, 4]
  DELTA_QUERY comp=1 INS mol_idx=-1 natoms=3 n_stored=57
    E_full=-8887.093194  E_ads=-803.333843  E_cur=-8874.437910  E_ads_cur=-789.216498  dE=1.462062 eV
[SERVER] types_arr sample: (2, 0, 0)
[SERVER] species_map keys: [0, 1, 2, 3, 4]
  DELTA_QUERY comp=1 MOV mol_idx=10 natoms=3 n_stored=57
    E_full=-8873.302873  E_ads=-789.580829  E_cur=-8874.437910  E_ads_cur=-789.216498  dE=1.499368 eV
  DELTA_QUERY comp=1 DEL mol_idx=19 natoms=0 n_stored=57
    E_full=-8859.963631  E_ads=-775.431145  E_cur=-8874.437910  E_ads_cur=-789.216498  dE=0.688926 eV
  DELTA_QUERY comp=1 DEL mol_idx=43 natoms=0 n_stored=57
    E_full=-8860.087145  E_ads=-775.184312  E_cur=-8874.437910  E_ads_cur=-789.216498  dE=0.318580 eV
[SERVER] types_arr sample: (2, 0, 0)
[SERVER] species_map keys: [0, 1, 2, 3, 4]
  DELTA_QUERY comp=1 MOV mol_idx=10 natoms=3 n_stored=57
    E_full=-8874.092109  E_ads=-789.667491  E_cur=-8874.437910  E_ads_cur=-789.216498  dE=0.796794 eV
[SERVER] types_arr sample: (2, 0, 0)
[SERVER] species_map keys: [0, 1, 2, 3, 4]
  DELTA_QUERY comp=1 MOV mol_idx=34 natoms=3 n_stored=57
    E_full=-8873.570294  E_ads=-789.204913  E_cur=-8874.437910  E_ads_cur=-789.216498  dE=0.856031 eV
[SERVER] types_arr sample: (2, 0, 0)
[SERVER] species_map keys: [0, 1, 2, 3, 4]
  DELTA_QUERY comp=1 MOV mol_idx=45 natoms=3 n_stored=57
    E_full=-8873.010416  E_ads=-789.056038  E_cur=-8874.437910  E_ads_cur=-789.216498  dE=1.267034 eV
[SERVER] types_arr sample: (2, 0, 0)
[SERVER] species_map keys: [0, 1, 2, 3, 4]
  DELTA_QUERY comp=1 MOV mol_idx=32 natoms=3 n_stored=57
    E_full=-8874.480999  E_ads=-789.214521  E_cur=-8874.437910  E_ads_cur=-789.216498  dE=-0.045067 eV
  COMMIT_MOVE comp=1 mol_idx=32  E_current=-8874.480999  E_ads_current=-789.214521 eV
[SERVER] types_arr sample: (2, 0, 0)
[SERVER] species_map keys: [0, 1, 2, 3, 4]
  DELTA_QUERY comp=1 MOV mol_idx=2 natoms=3 n_stored=57
    E_full=-8874.412206  E_ads=-789.214738  E_cur=-8874.480999  E_ads_cur=-789.214521  dE=0.069011 eV
  DELTA_QUERY comp=1 DEL mol_idx=36 natoms=0 n_stored=57
    E_full=-8859.866134  E_ads=-775.045732  E_cur=-8874.480999  E_ads_cur=-789.214521  dE=0.446077 eV
[SERVER] types_arr sample: (2, 0, 0)
[SERVER] species_map keys: [0, 1, 2, 3, 4]
  DELTA_QUERY comp=1 MOV mol_idx=24 natoms=3 n_stored=57
    E_full=-8874.534739  E_ads=-789.184974  E_cur=-8874.480999  E_ads_cur=-789.214521  dE=-0.083286 eV
  COMMIT_MOVE comp=1 mol_idx=24  E_current=-8874.534739  E_ads_current=-789.184974 eV
[SERVER] types_arr sample: (2, 0, 0)
[SERVER] species_map keys: [0, 1, 2, 3, 4]
  DELTA_QUERY comp=1 MOV mol_idx=23 natoms=3 n_stored=57
    E_full=-8874.110506  E_ads=-789.151528  E_cur=-8874.534739  E_ads_cur=-789.184974  dE=0.390787 eV
[SERVER] types_arr sample: (2, 0, 0)
[SERVER] species_map keys: [0, 1, 2, 3, 4]
  DELTA_QUERY comp=1 MOV mol_idx=0 natoms=3 n_stored=57
    E_full=-8874.511020  E_ads=-789.187610  E_cur=-8874.534739  E_ads_cur=-789.184974  dE=0.026354 eV
[SERVER] types_arr sample: (2, 0, 0)
[SERVER] species_map keys: [0, 1, 2, 3, 4]
  DELTA_QUERY comp=1 MOV mol_idx=29 natoms=3 n_stored=57
    E_full=-8872.992781  E_ads=-789.406656  E_cur=-8874.534739  E_ads_cur=-789.184974  dE=1.763641 eV
[SERVER] types_arr sample: (2, 0, 0)
[SERVER] species_map keys: [0, 1, 2, 3, 4]
  DELTA_QUERY comp=1 MOV mol_idx=31 natoms=3 n_stored=57
    E_full=-8874.653742  E_ads=-789.598260  E_cur=-8874.534739  E_ads_cur=-789.184974  dE=0.294283 eV
[SERVER] types_arr sample: (2, 0, 0)
[SERVER] species_map keys: [0, 1, 2, 3, 4]
  DELTA_QUERY comp=1 MOV mol_idx=42 natoms=3 n_stored=57
    E_full=-8873.785420  E_ads=-789.439811  E_cur=-8874.534739  E_ads_cur=-789.184974  dE=1.004156 eV
[SERVER] types_arr sample: (2, 0, 0)
[SERVER] species_map keys: [0, 1, 2, 3, 4]
  DELTA_QUERY comp=1 MOV mol_idx=46 natoms=3 n_stored=57
    E_full=-8874.426097  E_ads=-789.059588  E_cur=-8874.534739  E_ads_cur=-789.184974  dE=-0.016744 eV
[SERVER] types_arr sample: (2, 0, 0)
[SERVER] species_map keys: [0, 1, 2, 3, 4]
  DELTA_QUERY comp=1 MOV mol_idx=22 natoms=3 n_stored=57
    E_full=-8874.475663  E_ads=-789.147201  E_cur=-8874.534739  E_ads_cur=-789.184974  dE=0.021303 eV
[SERVER] types_arr sample: (2, 0, 0)
[SERVER] species_map keys: [0, 1, 2, 3, 4]
  DELTA_QUERY comp=1 INS mol_idx=-1 natoms=3 n_stored=57
    E_full=-8888.189610  E_ads=-803.432870  E_cur=-8874.534739  E_ads_cur=-789.184974  dE=0.593025 eV
[SERVER] types_arr sample: (2, 0, 0)
[SERVER] species_map keys: [0, 1, 2, 3, 4]
  DELTA_QUERY comp=1 MOV mol_idx=38 natoms=3 n_stored=57
    E_full=-8874.763632  E_ads=-789.505390  E_cur=-8874.534739  E_ads_cur=-789.184974  dE=0.091524 eV
[SERVER] types_arr sample: (2, 0, 0)
[SERVER] species_map keys: [0, 1, 2, 3, 4]
  DELTA_QUERY comp=1 MOV mol_idx=47 natoms=3 n_stored=57
    E_full=-8873.980718  E_ads=-789.593992  E_cur=-8874.534739  E_ads_cur=-789.184974  dE=0.963040 eV
[SERVER] types_arr sample: (2, 0, 0)
[SERVER] species_map keys: [0, 1, 2, 3, 4]
  DELTA_QUERY comp=1 MOV mol_idx=11 natoms=3 n_stored=57
    E_full=-8874.602710  E_ads=-789.195847  E_cur=-8874.534739  E_ads_cur=-789.184974  dE=-0.057098 eV
  COMMIT_MOVE comp=1 mol_idx=11  E_current=-8874.602710  E_ads_current=-789.195847 eV
[SERVER] types_arr sample: (2, 0, 0)
[SERVER] species_map keys: [0, 1, 2, 3, 4]
  DELTA_QUERY comp=1 MOV mol_idx=18 natoms=3 n_stored=57
    E_full=-8874.564776  E_ads=-789.195745  E_cur=-8874.602710  E_ads_cur=-789.195847  dE=0.037832 eV
  COMMIT_MOVE comp=1 mol_idx=18  E_current=-8874.564776  E_ads_current=-789.195745 eV
[SERVER] types_arr sample: (2, 0, 0)
[SERVER] species_map keys: [0, 1, 2, 3, 4]
  DELTA_QUERY comp=1 INS mol_idx=-1 natoms=3 n_stored=57
    E_full=-8888.905073  E_ads=-803.275818  E_cur=-8874.564776  E_ads_cur=-789.195745  dE=-0.260224 eV
  COMMIT_INSERT comp=1 n_stored=58  E_current=-8888.905073  E_ads_current=-803.275818 eV
[SERVER] types_arr sample: (2, 0, 0)
[SERVER] species_map keys: [0, 1, 2, 3, 4]
  DELTA_QUERY comp=1 MOV mol_idx=49 natoms=3 n_stored=58
    E_full=-8888.855861  E_ads=-803.300418  E_cur=-8888.905073  E_ads_cur=-803.275818  dE=0.073812 eV
  DELTA_QUERY comp=1 DEL mol_idx=47 natoms=0 n_stored=58
    E_full=-8874.449103  E_ads=-789.483668  E_cur=-8888.905073  E_ads_cur=-803.275818  dE=0.663820 eV
[SERVER] types_arr sample: (2, 0, 0)
[SERVER] species_map keys: [0, 1, 2, 3, 4]
  DELTA_QUERY comp=1 MOV mol_idx=31 natoms=3 n_stored=58
    E_full=-8888.744465  E_ads=-803.745163  E_cur=-8888.905073  E_ads_cur=-803.275818  dE=0.629953 eV
[SERVER] types_arr sample: (2, 0, 0)
[SERVER] species_map keys: [0, 1, 2, 3, 4]
  DELTA_QUERY comp=1 MOV mol_idx=21 natoms=3 n_stored=58
    E_full=-8888.826825  E_ads=-803.276409  E_cur=-8888.905073  E_ads_cur=-803.275818  dE=0.078839 eV
  DELTA_QUERY comp=1 DEL mol_idx=18 natoms=0 n_stored=58
    E_full=-8874.455539  E_ads=-789.489669  E_cur=-8888.905073  E_ads_cur=-803.275818  dE=0.663385 eV
  DELTA_QUERY comp=1 DEL mol_idx=6 natoms=0 n_stored=58
    E_full=-8874.377949  E_ads=-789.359767  E_cur=-8888.905073  E_ads_cur=-803.275818  dE=0.611074 eV
[SERVER] types_arr sample: (2, 0, 0)
[SERVER] species_map keys: [0, 1, 2, 3, 4]
  DELTA_QUERY comp=1 MOV mol_idx=2 natoms=3 n_stored=58
    E_full=-8888.797231  E_ads=-803.299450  E_cur=-8888.905073  E_ads_cur=-803.275818  dE=0.131474 eV
  DELTA_QUERY comp=1 DEL mol_idx=26 natoms=0 n_stored=58
    E_full=-8874.521886  E_ads=-789.482272  E_cur=-8888.905073  E_ads_cur=-803.275818  dE=0.589641 eV
  DELTA_QUERY comp=1 DEL mol_idx=9 natoms=0 n_stored=58
    E_full=-8874.377398  E_ads=-789.435927  E_cur=-8888.905073  E_ads_cur=-803.275818  dE=0.687784 eV
[SERVER] types_arr sample: (2, 0, 0)
[SERVER] species_map keys: [0, 1, 2, 3, 4]
  DELTA_QUERY comp=1 MOV mol_idx=26 natoms=3 n_stored=58
    E_full=-8888.827866  E_ads=-803.278477  E_cur=-8888.905073  E_ads_cur=-803.275818  dE=0.079865 eV
  DELTA_QUERY comp=1 DEL mol_idx=51 natoms=0 n_stored=58
    E_full=-8874.466187  E_ads=-789.494723  E_cur=-8888.905073  E_ads_cur=-803.275818  dE=0.657790 eV
[SERVER] types_arr sample: (2, 0, 0)
[SERVER] species_map keys: [0, 1, 2, 3, 4]
  DELTA_QUERY comp=1 MOV mol_idx=34 natoms=3 n_stored=58
    E_full=-8889.117300  E_ads=-803.454857  E_cur=-8888.905073  E_ads_cur=-803.275818  dE=-0.033189 eV
  COMMIT_MOVE comp=1 mol_idx=34  E_current=-8889.117300  E_ads_current=-803.454857 eV
[SERVER] types_arr sample: (2, 0, 0)
[SERVER] species_map keys: [0, 1, 2, 3, 4]
  DELTA_QUERY comp=1 MOV mol_idx=32 natoms=3 n_stored=58
    E_full=-8889.111154  E_ads=-803.456175  E_cur=-8889.117300  E_ads_cur=-803.454857  dE=0.007465 eV
  COMMIT_MOVE comp=1 mol_idx=32  E_current=-8889.111154  E_ads_current=-803.456175 eV
[SERVER] types_arr sample: (2, 0, 0)
[SERVER] species_map keys: [0, 1, 2, 3, 4]
  DELTA_QUERY comp=1 MOV mol_idx=12 natoms=3 n_stored=58
    E_full=-8889.033843  E_ads=-803.459927  E_cur=-8889.111154  E_ads_cur=-803.456175  dE=0.081062 eV
[SERVER] types_arr sample: (2, 0, 0)
[SERVER] species_map keys: [0, 1, 2, 3, 4]
  DELTA_QUERY comp=1 MOV mol_idx=6 natoms=3 n_stored=58
    E_full=-8889.104396  E_ads=-803.452043  E_cur=-8889.111154  E_ads_cur=-803.456175  dE=0.002626 eV
[SERVER] types_arr sample: (2, 0, 0)
[SERVER] species_map keys: [0, 1, 2, 3, 4]
  DELTA_QUERY comp=1 MOV mol_idx=13 natoms=3 n_stored=58
    E_full=-8888.540784  E_ads=-803.527565  E_cur=-8889.111154  E_ads_cur=-803.456175  dE=0.641760 eV
  DELTA_QUERY comp=1 DEL mol_idx=36 natoms=0 n_stored=58
    E_full=-8874.497325  E_ads=-789.288162  E_cur=-8889.111154  E_ads_cur=-803.456175  dE=0.445816 eV
[SERVER] types_arr sample: (2, 0, 0)
[SERVER] species_map keys: [0, 1, 2, 3, 4]
  DELTA_QUERY comp=1 MOV mol_idx=6 natoms=3 n_stored=58
    E_full=-8889.107855  E_ads=-803.455946  E_cur=-8889.111154  E_ads_cur=-803.456175  dE=0.003069 eV
  COMMIT_MOVE comp=1 mol_idx=6  E_current=-8889.107855  E_ads_current=-803.455946 eV
[SERVER] types_arr sample: (2, 0, 0)
[SERVER] species_map keys: [0, 1, 2, 3, 4]
  DELTA_QUERY comp=1 MOV mol_idx=48 natoms=3 n_stored=58
    E_full=-8889.057368  E_ads=-803.458960  E_cur=-8889.107855  E_ads_cur=-803.455946  dE=0.053502 eV
[SERVER] types_arr sample: (2, 0, 0)
[SERVER] species_map keys: [0, 1, 2, 3, 4]
  DELTA_QUERY comp=1 MOV mol_idx=47 natoms=3 n_stored=58
    E_full=-8888.906190  E_ads=-803.601747  E_cur=-8889.107855  E_ads_cur=-803.455946  dE=0.347466 eV
[SERVER] types_arr sample: (2, 0, 0)
[SERVER] species_map keys: [0, 1, 2, 3, 4]
  DELTA_QUERY comp=1 INS mol_idx=-1 natoms=3 n_stored=58
    E_full=-8902.910411  E_ads=-817.059672  E_cur=-8889.107855  E_ads_cur=-803.455946  dE=-0.198830 eV
[SERVER] types_arr sample: (2, 0, 0)
[SERVER] species_map keys: [0, 1, 2, 3, 4]
  DELTA_QUERY comp=1 MOV mol_idx=35 natoms=3 n_stored=58
    E_full=-8887.450404  E_ads=-803.073319  E_cur=-8889.107855  E_ads_cur=-803.455946  dE=1.274824 eV
[SERVER] types_arr sample: (2, 0, 0)
[SERVER] species_map keys: [0, 1, 2, 3, 4]
  DELTA_QUERY comp=1 MOV mol_idx=12 natoms=3 n_stored=58
    E_full=-8889.032010  E_ads=-803.470638  E_cur=-8889.107855  E_ads_cur=-803.455946  dE=0.090538 eV
[SERVER] types_arr sample: (2, 0, 0)
[SERVER] species_map keys: [0, 1, 2, 3, 4]
  DELTA_QUERY comp=1 MOV mol_idx=32 natoms=3 n_stored=58
    E_full=-8886.399508  E_ads=-803.570080  E_cur=-8889.107855  E_ads_cur=-803.455946  dE=2.822481 eV
[SERVER] types_arr sample: (2, 0, 0)
[SERVER] species_map keys: [0, 1, 2, 3, 4]
  DELTA_QUERY comp=1 MOV mol_idx=7 natoms=3 n_stored=58
    E_full=-8888.321970  E_ads=-803.855374  E_cur=-8889.107855  E_ads_cur=-803.455946  dE=1.185313 eV
[SERVER] types_arr sample: (2, 0, 0)
[SERVER] species_map keys: [0, 1, 2, 3, 4]
  DELTA_QUERY comp=1 MOV mol_idx=25 natoms=3 n_stored=58
    E_full=-8887.048227  E_ads=-803.123787  E_cur=-8889.107855  E_ads_cur=-803.455946  dE=1.727470 eV
[SERVER] types_arr sample: (2, 0, 0)
[SERVER] species_map keys: [0, 1, 2, 3, 4]
  DELTA_QUERY comp=1 MOV mol_idx=11 natoms=3 n_stored=58
    E_full=-8889.047777  E_ads=-803.358393  E_cur=-8889.107855  E_ads_cur=-803.455946  dE=-0.037475 eV
[SERVER] types_arr sample: (2, 0, 0)
[SERVER] species_map keys: [0, 1, 2, 3, 4]
  DELTA_QUERY comp=1 MOV mol_idx=56 natoms=3 n_stored=58
    E_full=-8888.709172  E_ads=-803.548999  E_cur=-8889.107855  E_ads_cur=-803.455946  dE=0.491737 eV
[SERVER] types_arr sample: (2, 0, 0)
[SERVER] species_map keys: [0, 1, 2, 3, 4]
  DELTA_QUERY comp=1 MOV mol_idx=35 natoms=3 n_stored=58
    E_full=-8889.189530  E_ads=-803.479407  E_cur=-8889.107855  E_ads_cur=-803.455946  dE=-0.058214 eV
  COMMIT_MOVE comp=1 mol_idx=35  E_current=-8889.189530  E_ads_current=-803.479407 eV
[SERVER] types_arr sample: (2, 0, 0)
[SERVER] species_map keys: [0, 1, 2, 3, 4]
  DELTA_QUERY comp=1 MOV mol_idx=1 natoms=3 n_stored=58
    E_full=-8889.152947  E_ads=-803.488754  E_cur=-8889.189530  E_ads_cur=-803.479407  dE=0.045931 eV
[SERVER] types_arr sample: (2, 0, 0)
[SERVER] species_map keys: [0, 1, 2, 3, 4]
  DELTA_QUERY comp=1 MOV mol_idx=50 natoms=3 n_stored=58
    E_full=-8888.817660  E_ads=-803.463395  E_cur=-8889.189530  E_ads_cur=-803.479407  dE=0.355858 eV
[SERVER] types_arr sample: (2, 0, 0)
[SERVER] species_map keys: [0, 1, 2, 3, 4]
  DELTA_QUERY comp=1 MOV mol_idx=22 natoms=3 n_stored=58
    E_full=-8887.270493  E_ads=-803.498086  E_cur=-8889.189530  E_ads_cur=-803.479407  dE=1.937716 eV
[SERVER] types_arr sample: (2, 0, 0)
[SERVER] species_map keys: [0, 1, 2, 3, 4]
  DELTA_QUERY comp=1 MOV mol_idx=42 natoms=3 n_stored=58
    E_full=-8889.119486  E_ads=-803.478987  E_cur=-8889.189530  E_ads_cur=-803.479407  dE=0.069624 eV
  COMMIT_MOVE comp=1 mol_idx=42  E_current=-8889.119486  E_ads_current=-803.478987 eV
[SERVER] types_arr sample: (2, 0, 0)
[SERVER] species_map keys: [0, 1, 2, 3, 4]
  DELTA_QUERY comp=1 MOV mol_idx=42 natoms=3 n_stored=58
    E_full=-8886.197312  E_ads=-803.479359  E_cur=-8889.119486  E_ads_cur=-803.478987  dE=2.922546 eV
[SERVER] types_arr sample: (2, 0, 0)
[SERVER] species_map keys: [0, 1, 2, 3, 4]
  DELTA_QUERY comp=1 MOV mol_idx=40 natoms=3 n_stored=58
    E_full=-8889.105941  E_ads=-803.478382  E_cur=-8889.119486  E_ads_cur=-803.478987  dE=0.012940 eV
  COMMIT_MOVE comp=1 mol_idx=40  E_current=-8889.105941  E_ads_current=-803.478382 eV
[SERVER] types_arr sample: (2, 0, 0)
[SERVER] species_map keys: [0, 1, 2, 3, 4]
  DELTA_QUERY comp=1 MOV mol_idx=9 natoms=3 n_stored=58
    E_full=-8889.156459  E_ads=-803.483698  E_cur=-8889.105941  E_ads_cur=-803.478382  dE=-0.045202 eV
  COMMIT_MOVE comp=1 mol_idx=9  E_current=-8889.156459  E_ads_current=-803.483698 eV
  DELTA_QUERY comp=1 DEL mol_idx=17 natoms=0 n_stored=58
    E_full=-8874.716791  E_ads=-789.444387  E_cur=-8889.156459  E_ads_cur=-803.483698  dE=0.400357 eV
[SERVER] types_arr sample: (2, 0, 0)
[SERVER] species_map keys: [0, 1, 2, 3, 4]
  DELTA_QUERY comp=1 MOV mol_idx=8 natoms=3 n_stored=58
    E_full=-8889.142905  E_ads=-803.488743  E_cur=-8889.156459  E_ads_cur=-803.483698  dE=0.018599 eV
  COMMIT_MOVE comp=1 mol_idx=8  E_current=-8889.142905  E_ads_current=-803.488743 eV
  DELTA_QUERY comp=1 DEL mol_idx=26 natoms=0 n_stored=58
    E_full=-8874.761524  E_ads=-789.695387  E_cur=-8889.142905  E_ads_cur=-803.488743  dE=0.588025 eV
[SERVER] types_arr sample: (2, 0, 0)
[SERVER] species_map keys: [0, 1, 2, 3, 4]
  DELTA_QUERY comp=1 MOV mol_idx=18 natoms=3 n_stored=58
    E_full=-8889.105395  E_ads=-803.487530  E_cur=-8889.142905  E_ads_cur=-803.488743  dE=0.036297 eV
  COMMIT_MOVE comp=1 mol_idx=18  E_current=-8889.105395  E_ads_current=-803.487530 eV
[SERVER] types_arr sample: (2, 0, 0)
[SERVER] species_map keys: [0, 1, 2, 3, 4]
  DELTA_QUERY comp=1 INS mol_idx=-1 natoms=3 n_stored=58
    E_full=-8902.638344  E_ads=-817.244070  E_cur=-8889.105395  E_ads_cur=-803.487530  dE=0.223591 eV
[SERVER] types_arr sample: (2, 0, 0)
[SERVER] species_map keys: [0, 1, 2, 3, 4]
  DELTA_QUERY comp=1 MOV mol_idx=44 natoms=3 n_stored=58
    E_full=-8888.128148  E_ads=-803.526528  E_cur=-8889.105395  E_ads_cur=-803.487530  dE=1.016246 eV
[SERVER] types_arr sample: (2, 0, 0)
[SERVER] species_map keys: [0, 1, 2, 3, 4]
  DELTA_QUERY comp=1 MOV mol_idx=40 natoms=3 n_stored=58
    E_full=-8888.658052  E_ads=-803.316835  E_cur=-8889.105395  E_ads_cur=-803.487530  dE=0.276649 eV
  DELTA_QUERY comp=1 DEL mol_idx=16 natoms=0 n_stored=58
    E_full=-8874.683244  E_ads=-789.702560  E_cur=-8889.105395  E_ads_cur=-803.487530  dE=0.637182 eV
  DELTA_QUERY comp=1 DEL mol_idx=40 natoms=0 n_stored=58
    E_full=-8875.000724  E_ads=-789.702896  E_cur=-8889.105395  E_ads_cur=-803.487530  dE=0.320038 eV
[SERVER] types_arr sample: (2, 0, 0)
[SERVER] species_map keys: [0, 1, 2, 3, 4]
  DELTA_QUERY comp=1 MOV mol_idx=31 natoms=3 n_stored=58
    E_full=-8885.906000  E_ads=-803.819658  E_cur=-8889.105395  E_ads_cur=-803.487530  dE=3.531524 eV
[SERVER] types_arr sample: (2, 0, 0)
[SERVER] species_map keys: [0, 1, 2, 3, 4]
  DELTA_QUERY comp=1 MOV mol_idx=47 natoms=3 n_stored=58
    E_full=-8886.890880  E_ads=-803.799955  E_cur=-8889.105395  E_ads_cur=-803.487530  dE=2.526941 eV
[SERVER] types_arr sample: (2, 0, 0)
[SERVER] species_map keys: [0, 1, 2, 3, 4]
  DELTA_QUERY comp=1 MOV mol_idx=54 natoms=3 n_stored=58
    E_full=-8889.131514  E_ads=-803.486845  E_cur=-8889.105395  E_ads_cur=-803.487530  dE=-0.026803 eV
  COMMIT_MOVE comp=1 mol_idx=54  E_current=-8889.131514  E_ads_current=-803.486845 eV
[SERVER] types_arr sample: (2, 0, 0)
[SERVER] species_map keys: [0, 1, 2, 3, 4]
  DELTA_QUERY comp=1 MOV mol_idx=52 natoms=3 n_stored=58
    E_full=-8889.012016  E_ads=-803.440908  E_cur=-8889.131514  E_ads_cur=-803.486845  dE=0.073560 eV
[SERVER] types_arr sample: (2, 0, 0)
[SERVER] species_map keys: [0, 1, 2, 3, 4]
  DELTA_QUERY comp=1 MOV mol_idx=22 natoms=3 n_stored=58
    E_full=-8889.058837  E_ads=-803.486533  E_cur=-8889.131514  E_ads_cur=-803.486845  dE=0.072364 eV
[SERVER] types_arr sample: (2, 0, 0)
[SERVER] species_map keys: [0, 1, 2, 3, 4]
  DELTA_QUERY comp=1 MOV mol_idx=53 natoms=3 n_stored=58
    E_full=-8888.281326  E_ads=-803.362623  E_cur=-8889.131514  E_ads_cur=-803.486845  dE=0.725965 eV
  DELTA_QUERY comp=1 DEL mol_idx=22 natoms=0 n_stored=58
    E_full=-8874.802710  E_ads=-789.672440  E_cur=-8889.131514  E_ads_cur=-803.486845  dE=0.514398 eV
  DELTA_QUERY comp=1 DEL mol_idx=35 natoms=0 n_stored=58
    E_full=-8874.439472  E_ads=-789.214293  E_cur=-8889.131514  E_ads_cur=-803.486845  dE=0.419489 eV
[SERVER] types_arr sample: (2, 0, 0)
[SERVER] species_map keys: [0, 1, 2, 3, 4]
  DELTA_QUERY comp=1 MOV mol_idx=11 natoms=3 n_stored=58
    E_full=-8888.592374  E_ads=-803.371331  E_cur=-8889.131514  E_ads_cur=-803.486845  dE=0.423625 eV
[SERVER] types_arr sample: (2, 0, 0)
[SERVER] species_map keys: [0, 1, 2, 3, 4]
  DELTA_QUERY comp=1 MOV mol_idx=27 natoms=3 n_stored=58
    E_full=-8888.961142  E_ads=-803.499427  E_cur=-8889.131514  E_ads_cur=-803.486845  dE=0.182953 eV
[SERVER] types_arr sample: (2, 0, 0)
[SERVER] species_map keys: [0, 1, 2, 3, 4]
  DELTA_QUERY comp=1 MOV mol_idx=37 natoms=3 n_stored=58
    E_full=-8885.522270  E_ads=-803.506714  E_cur=-8889.131514  E_ads_cur=-803.486845  dE=3.629112 eV
[SERVER] types_arr sample: (2, 0, 0)
[SERVER] species_map keys: [0, 1, 2, 3, 4]
  DELTA_QUERY comp=1 MOV mol_idx=33 natoms=3 n_stored=58
    E_full=-8889.163836  E_ads=-803.482782  E_cur=-8889.131514  E_ads_cur=-803.486845  dE=-0.036386 eV
  COMMIT_MOVE comp=1 mol_idx=33  E_current=-8889.163836  E_ads_current=-803.482782 eV
[SERVER] types_arr sample: (2, 0, 0)
[SERVER] species_map keys: [0, 1, 2, 3, 4]
  DELTA_QUERY comp=1 MOV mol_idx=56 natoms=3 n_stored=58
    E_full=-8888.836075  E_ads=-803.553991  E_cur=-8889.163836  E_ads_cur=-803.482782  dE=0.398970 eV
[SERVER] types_arr sample: (2, 0, 0)
[SERVER] species_map keys: [0, 1, 2, 3, 4]
  DELTA_QUERY comp=1 INS mol_idx=-1 natoms=3 n_stored=58
    E_full=-8903.610730  E_ads=-817.292744  E_cur=-8889.163836  E_ads_cur=-803.482782  dE=-0.636932 eV
  COMMIT_INSERT comp=1 n_stored=59  E_current=-8903.610730  E_ads_current=-817.292744 eV
[SERVER] types_arr sample: (2, 0, 0)
[SERVER] species_map keys: [0, 1, 2, 3, 4]
  DELTA_QUERY comp=1 MOV mol_idx=31 natoms=3 n_stored=59
    E_full=-8903.210131  E_ads=-817.517132  E_cur=-8903.610730  E_ads_cur=-817.292744  dE=0.624987 eV
[SERVER] types_arr sample: (2, 0, 0)
[SERVER] species_map keys: [0, 1, 2, 3, 4]
  DELTA_QUERY comp=1 INS mol_idx=-1 natoms=3 n_stored=59
    E_full=-8917.808965  E_ads=-831.435868  E_cur=-8903.610730  E_ads_cur=-817.292744  dE=-0.055111 eV
  DELTA_QUERY comp=1 DEL mol_idx=30 natoms=0 n_stored=59
    E_full=-8889.214362  E_ads=-803.506186  E_cur=-8903.610730  E_ads_cur=-817.292744  dE=0.609810 eV
[SERVER] types_arr sample: (2, 0, 0)
[SERVER] species_map keys: [0, 1, 2, 3, 4]
  DELTA_QUERY comp=1 MOV mol_idx=23 natoms=3 n_stored=59
    E_full=-8901.902512  E_ads=-817.621821  E_cur=-8903.610730  E_ads_cur=-817.292744  dE=2.037295 eV
[SERVER] types_arr sample: (2, 0, 0)
[SERVER] species_map keys: [0, 1, 2, 3, 4]
  DELTA_QUERY comp=1 MOV mol_idx=43 natoms=3 n_stored=59
    E_full=-8903.361833  E_ads=-817.558279  E_cur=-8903.610730  E_ads_cur=-817.292744  dE=0.514432 eV
  DELTA_QUERY comp=1 DEL mol_idx=17 natoms=0 n_stored=59
    E_full=-8889.170198  E_ads=-803.253390  E_cur=-8903.610730  E_ads_cur=-817.292744  dE=0.401178 eV
  DELTA_QUERY comp=1 DEL mol_idx=54 natoms=0 n_stored=59
    E_full=-8889.231113  E_ads=-803.510199  E_cur=-8903.610730  E_ads_cur=-817.292744  dE=0.597072 eV
[SERVER] types_arr sample: (2, 0, 0)
[SERVER] species_map keys: [0, 1, 2, 3, 4]
  DELTA_QUERY comp=1 MOV mol_idx=16 natoms=3 n_stored=59
    E_full=-8903.562998  E_ads=-817.739387  E_cur=-8903.610730  E_ads_cur=-817.292744  dE=0.494375 eV
[SERVER] types_arr sample: (2, 0, 0)
[SERVER] species_map keys: [0, 1, 2, 3, 4]
  DELTA_QUERY comp=1 MOV mol_idx=13 natoms=3 n_stored=59
    E_full=-8903.618458  E_ads=-817.293139  E_cur=-8903.610730  E_ads_cur=-817.292744  dE=-0.007334 eV
  COMMIT_MOVE comp=1 mol_idx=13  E_current=-8903.618458  E_ads_current=-817.293139 eV
[SERVER] types_arr sample: (2, 0, 0)
[SERVER] species_map keys: [0, 1, 2, 3, 4]
  DELTA_QUERY comp=1 MOV mol_idx=17 natoms=3 n_stored=59
    E_full=-8900.851978  E_ads=-817.456805  E_cur=-8903.618458  E_ads_cur=-817.293139  dE=2.930146 eV
[SERVER] types_arr sample: (2, 0, 0)
[SERVER] species_map keys: [0, 1, 2, 3, 4]
  DELTA_QUERY comp=1 MOV mol_idx=50 natoms=3 n_stored=59
    E_full=-8903.554421  E_ads=-817.292943  E_cur=-8903.618458  E_ads_cur=-817.293139  dE=0.063841 eV
[SERVER] types_arr sample: (2, 0, 0)
[SERVER] species_map keys: [0, 1, 2, 3, 4]
  DELTA_QUERY comp=1 MOV mol_idx=34 natoms=3 n_stored=59
    E_full=-8903.556801  E_ads=-817.007848  E_cur=-8903.618458  E_ads_cur=-817.293139  dE=-0.223633 eV
  COMMIT_MOVE comp=1 mol_idx=34  E_current=-8903.556801  E_ads_current=-817.007848 eV
[SERVER] types_arr sample: (2, 0, 0)
[SERVER] species_map keys: [0, 1, 2, 3, 4]
  DELTA_QUERY comp=1 MOV mol_idx=18 natoms=3 n_stored=59
    E_full=-8903.610989  E_ads=-817.009206  E_cur=-8903.556801  E_ads_cur=-817.007848  dE=-0.052830 eV
  COMMIT_MOVE comp=1 mol_idx=18  E_current=-8903.610989  E_ads_current=-817.009206 eV
[SERVER] types_arr sample: (2, 0, 0)
[SERVER] species_map keys: [0, 1, 2, 3, 4]
  DELTA_QUERY comp=1 INS mol_idx=-1 natoms=3 n_stored=59
    E_full=-8917.983097  E_ads=-831.187189  E_cur=-8903.610989  E_ads_cur=-817.009206  dE=-0.194125 eV
[SERVER] types_arr sample: (2, 0, 0)
[SERVER] species_map keys: [0, 1, 2, 3, 4]
  DELTA_QUERY comp=1 MOV mol_idx=40 natoms=3 n_stored=59
    E_full=-8903.706668  E_ads=-817.438755  E_cur=-8903.610989  E_ads_cur=-817.009206  dE=0.333870 eV
[SERVER] types_arr sample: (2, 0, 0)
[SERVER] species_map keys: [0, 1, 2, 3, 4]
  DELTA_QUERY comp=1 MOV mol_idx=43 natoms=3 n_stored=59
    E_full=-8903.648321  E_ads=-816.892250  E_cur=-8903.610989  E_ads_cur=-817.009206  dE=-0.154288 eV
  COMMIT_MOVE comp=1 mol_idx=43  E_current=-8903.648321  E_ads_current=-816.892250 eV
[SERVER] types_arr sample: (2, 0, 0)
[SERVER] species_map keys: [0, 1, 2, 3, 4]
  DELTA_QUERY comp=1 MOV mol_idx=5 natoms=3 n_stored=59
    E_full=-8901.836878  E_ads=-816.986825  E_cur=-8903.648321  E_ads_cur=-816.892250  dE=1.906018 eV
[SERVER] types_arr sample: (2, 0, 0)
[SERVER] species_map keys: [0, 1, 2, 3, 4]
  DELTA_QUERY comp=1 MOV mol_idx=55 natoms=3 n_stored=59
    E_full=-8903.571490  E_ads=-816.872857  E_cur=-8903.648321  E_ads_cur=-816.892250  dE=0.057437 eV
[SERVER] types_arr sample: (2, 0, 0)
[SERVER] species_map keys: [0, 1, 2, 3, 4]
  DELTA_QUERY comp=1 INS mol_idx=-1 natoms=3 n_stored=59
    E_full=-8917.802165  E_ads=-831.106067  E_cur=-8903.648321  E_ads_cur=-816.892250  dE=0.059973 eV
[SERVER] types_arr sample: (2, 0, 0)
[SERVER] species_map keys: [0, 1, 2, 3, 4]
  DELTA_QUERY comp=1 INS mol_idx=-1 natoms=3 n_stored=59
    E_full=-8917.713906  E_ads=-831.120861  E_cur=-8903.648321  E_ads_cur=-816.892250  dE=0.163025 eV
[SERVER] types_arr sample: (2, 0, 0)
[SERVER] species_map keys: [0, 1, 2, 3, 4]
  DELTA_QUERY comp=1 MOV mol_idx=40 natoms=3 n_stored=59
    E_full=-8903.633650  E_ads=-816.896018  E_cur=-8903.648321  E_ads_cur=-816.892250  dE=0.018439 eV
[SERVER] types_arr sample: (2, 0, 0)
[SERVER] species_map keys: [0, 1, 2, 3, 4]
  DELTA_QUERY comp=1 INS mol_idx=-1 natoms=3 n_stored=59
    E_full=-8917.901711  E_ads=-830.962948  E_cur=-8903.648321  E_ads_cur=-816.892250  dE=-0.182692 eV
[SERVER] types_arr sample: (2, 0, 0)
[SERVER] species_map keys: [0, 1, 2, 3, 4]
  DELTA_QUERY comp=1 MOV mol_idx=34 natoms=3 n_stored=59
    E_full=-8903.605976  E_ads=-816.890776  E_cur=-8903.648321  E_ads_cur=-816.892250  dE=0.040870 eV
[SERVER] types_arr sample: (2, 0, 0)
[SERVER] species_map keys: [0, 1, 2, 3, 4]
  DELTA_QUERY comp=1 MOV mol_idx=10 natoms=3 n_stored=59
    E_full=-8903.551625  E_ads=-816.896044  E_cur=-8903.648321  E_ads_cur=-816.892250  dE=0.100490 eV
[SERVER] types_arr sample: (2, 0, 0)
[SERVER] species_map keys: [0, 1, 2, 3, 4]
  DELTA_QUERY comp=1 MOV mol_idx=2 natoms=3 n_stored=59
    E_full=-8903.695413  E_ads=-816.889815  E_cur=-8903.648321  E_ads_cur=-816.892250  dE=-0.049527 eV
  COMMIT_MOVE comp=1 mol_idx=2  E_current=-8903.695413  E_ads_current=-816.889815 eV
[SERVER] types_arr sample: (2, 0, 0)
[SERVER] species_map keys: [0, 1, 2, 3, 4]
  DELTA_QUERY comp=1 MOV mol_idx=13 natoms=3 n_stored=59
    E_full=-8903.675174  E_ads=-816.890033  E_cur=-8903.695413  E_ads_cur=-816.889815  dE=0.020456 eV
[SERVER] types_arr sample: (2, 0, 0)
[SERVER] species_map keys: [0, 1, 2, 3, 4]
  DELTA_QUERY comp=1 INS mol_idx=-1 natoms=3 n_stored=59
    E_full=-8917.458626  E_ads=-830.790991  E_cur=-8903.695413  E_ads_cur=-816.889815  dE=0.137963 eV
[SERVER] types_arr sample: (2, 0, 0)
[SERVER] species_map keys: [0, 1, 2, 3, 4]
  DELTA_QUERY comp=1 MOV mol_idx=32 natoms=3 n_stored=59
    E_full=-8903.650094  E_ads=-816.889241  E_cur=-8903.695413  E_ads_cur=-816.889815  dE=0.044744 eV
[SERVER] types_arr sample: (2, 0, 0)
[SERVER] species_map keys: [0, 1, 2, 3, 4]
  DELTA_QUERY comp=1 MOV mol_idx=1 natoms=3 n_stored=59
    E_full=-8903.669252  E_ads=-816.899295  E_cur=-8903.695413  E_ads_cur=-816.889815  dE=0.035641 eV
[SERVER] types_arr sample: (2, 0, 0)
[SERVER] species_map keys: [0, 1, 2, 3, 4]
  DELTA_QUERY comp=1 MOV mol_idx=23 natoms=3 n_stored=59
    E_full=-8903.297064  E_ads=-817.135378  E_cur=-8903.695413  E_ads_cur=-816.889815  dE=0.643912 eV
[SERVER] types_arr sample: (2, 0, 0)
[SERVER] species_map keys: [0, 1, 2, 3, 4]
  DELTA_QUERY comp=1 INS mol_idx=-1 natoms=3 n_stored=59
    E_full=-8915.428674  E_ads=-831.147055  E_cur=-8903.695413  E_ads_cur=-816.889815  dE=2.523979 eV
[SERVER] types_arr sample: (2, 0, 0)
[SERVER] species_map keys: [0, 1, 2, 3, 4]
  DELTA_QUERY comp=1 MOV mol_idx=22 natoms=3 n_stored=59
    E_full=-8903.788889  E_ads=-816.871846  E_cur=-8903.695413  E_ads_cur=-816.889815  dE=-0.111446 eV
  COMMIT_MOVE comp=1 mol_idx=22  E_current=-8903.788889  E_ads_current=-816.871846 eV
[SERVER] types_arr sample: (2, 0, 0)
[SERVER] species_map keys: [0, 1, 2, 3, 4]
  DELTA_QUERY comp=1 MOV mol_idx=34 natoms=3 n_stored=59
    E_full=-8903.251487  E_ads=-817.112193  E_cur=-8903.788889  E_ads_cur=-816.871846  dE=0.777749 eV
[SERVER] types_arr sample: (2, 0, 0)
[SERVER] species_map keys: [0, 1, 2, 3, 4]
  DELTA_QUERY comp=1 MOV mol_idx=3 natoms=3 n_stored=59
    E_full=-8903.778546  E_ads=-816.871846  E_cur=-8903.788889  E_ads_cur=-816.871846  dE=0.010343 eV
  DELTA_QUERY comp=1 DEL mol_idx=22 natoms=0 n_stored=59
    E_full=-8889.371660  E_ads=-803.070987  E_cur=-8903.788889  E_ads_cur=-816.871846  dE=0.616370 eV
[SERVER] types_arr sample: (2, 0, 0)
[SERVER] species_map keys: [0, 1, 2, 3, 4]
  DELTA_QUERY comp=1 MOV mol_idx=42 natoms=3 n_stored=59
    E_full=-8902.755458  E_ads=-816.872004  E_cur=-8903.788889  E_ads_cur=-816.871846  dE=1.033590 eV
[SERVER] types_arr sample: (2, 0, 0)
[SERVER] species_map keys: [0, 1, 2, 3, 4]
  DELTA_QUERY comp=1 MOV mol_idx=34 natoms=3 n_stored=59
    E_full=-8903.778589  E_ads=-816.869999  E_cur=-8903.788889  E_ads_cur=-816.871846  dE=0.008453 eV
[SERVER] types_arr sample: (2, 0, 0)
[SERVER] species_map keys: [0, 1, 2, 3, 4]
  DELTA_QUERY comp=1 MOV mol_idx=48 natoms=3 n_stored=59
    E_full=-8902.900663  E_ads=-817.296690  E_cur=-8903.788889  E_ads_cur=-816.871846  dE=1.313071 eV
[SERVER] types_arr sample: (2, 0, 0)
[SERVER] species_map keys: [0, 1, 2, 3, 4]
  DELTA_QUERY comp=1 MOV mol_idx=2 natoms=3 n_stored=59
    E_full=-8902.329993  E_ads=-816.902560  E_cur=-8903.788889  E_ads_cur=-816.871846  dE=1.489611 eV
  DELTA_QUERY comp=1 DEL mol_idx=8 natoms=0 n_stored=59
    E_full=-8889.314545  E_ads=-803.081378  E_cur=-8903.788889  E_ads_cur=-816.871846  dE=0.683876 eV
[SERVER] types_arr sample: (2, 0, 0)
[SERVER] species_map keys: [0, 1, 2, 3, 4]
  DELTA_QUERY comp=1 MOV mol_idx=8 natoms=3 n_stored=59
    E_full=-8902.919027  E_ads=-816.727017  E_cur=-8903.788889  E_ads_cur=-816.871846  dE=0.725033 eV
  DELTA_QUERY comp=1 DEL mol_idx=29 natoms=0 n_stored=59
    E_full=-8889.299044  E_ads=-803.082002  E_cur=-8903.788889  E_ads_cur=-816.871846  dE=0.700002 eV
[SERVER] types_arr sample: (2, 0, 0)
[SERVER] species_map keys: [0, 1, 2, 3, 4]
  DELTA_QUERY comp=1 MOV mol_idx=26 natoms=3 n_stored=59
    E_full=-8903.048845  E_ads=-817.103956  E_cur=-8903.788889  E_ads_cur=-816.871846  dE=0.972154 eV
[SERVER] types_arr sample: (2, 0, 0)
[SERVER] species_map keys: [0, 1, 2, 3, 4]
  DELTA_QUERY comp=1 MOV mol_idx=43 natoms=3 n_stored=59
    E_full=-8903.769671  E_ads=-816.874986  E_cur=-8903.788889  E_ads_cur=-816.871846  dE=0.022358 eV
  COMMIT_MOVE comp=1 mol_idx=43  E_current=-8903.769671  E_ads_current=-816.874986 eV
[SERVER] types_arr sample: (2, 0, 0)
[SERVER] species_map keys: [0, 1, 2, 3, 4]
  DELTA_QUERY comp=1 MOV mol_idx=22 natoms=3 n_stored=59
    E_full=-8903.645141  E_ads=-816.874028  E_cur=-8903.769671  E_ads_cur=-816.874986  dE=0.123572 eV
[SERVER] types_arr sample: (2, 0, 0)
[SERVER] species_map keys: [0, 1, 2, 3, 4]
  DELTA_QUERY comp=1 MOV mol_idx=10 natoms=3 n_stored=59
    E_full=-8902.037534  E_ads=-817.177566  E_cur=-8903.769671  E_ads_cur=-816.874986  dE=2.034717 eV
[SERVER] types_arr sample: (2, 0, 0)
[SERVER] species_map keys: [0, 1, 2, 3, 4]
  DELTA_QUERY comp=1 MOV mol_idx=36 natoms=3 n_stored=59
    E_full=-8903.776699  E_ads=-816.904482  E_cur=-8903.769671  E_ads_cur=-816.874986  dE=0.022468 eV
  COMMIT_MOVE comp=1 mol_idx=36  E_current=-8903.776699  E_ads_current=-816.904482 eV
[SERVER] types_arr sample: (2, 0, 0)
[SERVER] species_map keys: [0, 1, 2, 3, 4]
  DELTA_QUERY comp=1 MOV mol_idx=32 natoms=3 n_stored=59
    E_full=-8902.799347  E_ads=-817.036050  E_cur=-8903.776699  E_ads_cur=-816.904482  dE=1.108920 eV
  DELTA_QUERY comp=1 DEL mol_idx=28 natoms=0 n_stored=59
    E_full=-8889.390806  E_ads=-803.110543  E_cur=-8903.776699  E_ads_cur=-816.904482  dE=0.591954 eV
[SERVER] types_arr sample: (2, 0, 0)
[SERVER] species_map keys: [0, 1, 2, 3, 4]
  DELTA_QUERY comp=1 MOV mol_idx=15 natoms=3 n_stored=59
    E_full=-8903.742124  E_ads=-816.934476  E_cur=-8903.776699  E_ads_cur=-816.904482  dE=0.064570 eV
[SERVER] types_arr sample: (2, 0, 0)
[SERVER] species_map keys: [0, 1, 2, 3, 4]
  DELTA_QUERY comp=1 MOV mol_idx=44 natoms=3 n_stored=59
    E_full=-8903.612205  E_ads=-816.950858  E_cur=-8903.776699  E_ads_cur=-816.904482  dE=0.210871 eV
[SERVER] types_arr sample: (2, 0, 0)
[SERVER] species_map keys: [0, 1, 2, 3, 4]
  DELTA_QUERY comp=1 MOV mol_idx=31 natoms=3 n_stored=59
    E_full=-8903.094887  E_ads=-817.119519  E_cur=-8903.776699  E_ads_cur=-816.904482  dE=0.896849 eV
[SERVER] types_arr sample: (2, 0, 0)
[SERVER] species_map keys: [0, 1, 2, 3, 4]
  DELTA_QUERY comp=1 MOV mol_idx=6 natoms=3 n_stored=59
    E_full=-8903.805663  E_ads=-816.908594  E_cur=-8903.776699  E_ads_cur=-816.904482  dE=-0.024852 eV
  COMMIT_MOVE comp=1 mol_idx=6  E_current=-8903.805663  E_ads_current=-816.908594 eV
[SERVER] types_arr sample: (2, 0, 0)
[SERVER] species_map keys: [0, 1, 2, 3, 4]
  DELTA_QUERY comp=1 MOV mol_idx=15 natoms=3 n_stored=59
    E_full=-8903.777234  E_ads=-816.866415  E_cur=-8903.805663  E_ads_cur=-816.908594  dE=-0.013750 eV
  COMMIT_MOVE comp=1 mol_idx=15  E_current=-8903.777234  E_ads_current=-816.866415 eV
  DELTA_QUERY comp=1 DEL mol_idx=43 natoms=0 n_stored=59
    E_full=-8889.398162  E_ads=-802.948099  E_cur=-8903.777234  E_ads_cur=-816.866415  dE=0.460756 eV
  DELTA_QUERY comp=1 DEL mol_idx=35 natoms=0 n_stored=59
    E_full=-8889.082068  E_ads=-802.593937  E_cur=-8903.777234  E_ads_cur=-816.866415  dE=0.422688 eV
[SERVER] types_arr sample: (2, 0, 0)
[SERVER] species_map keys: [0, 1, 2, 3, 4]
  DELTA_QUERY comp=1 MOV mol_idx=45 natoms=3 n_stored=59
    E_full=-8903.718216  E_ads=-816.830624  E_cur=-8903.777234  E_ads_cur=-816.866415  dE=0.023227 eV
[SERVER] types_arr sample: (2, 0, 0)
[SERVER] species_map keys: [0, 1, 2, 3, 4]
  DELTA_QUERY comp=1 MOV mol_idx=39 natoms=3 n_stored=59
    E_full=-8902.531227  E_ads=-816.737019  E_cur=-8903.777234  E_ads_cur=-816.866415  dE=1.116610 eV
[SERVER] types_arr sample: (2, 0, 0)
[SERVER] species_map keys: [0, 1, 2, 3, 4]
  DELTA_QUERY comp=1 MOV mol_idx=23 natoms=3 n_stored=59
    E_full=-8903.323906  E_ads=-817.136159  E_cur=-8903.777234  E_ads_cur=-816.866415  dE=0.723073 eV
  DELTA_QUERY comp=1 DEL mol_idx=54 natoms=0 n_stored=59
    E_full=-8889.402437  E_ads=-803.083876  E_cur=-8903.777234  E_ads_cur=-816.866415  dE=0.592257 eV
[SERVER] types_arr sample: (2, 0, 0)
[SERVER] species_map keys: [0, 1, 2, 3, 4]
  DELTA_QUERY comp=1 MOV mol_idx=53 natoms=3 n_stored=59
    E_full=-8903.694419  E_ads=-816.881748  E_cur=-8903.777234  E_ads_cur=-816.866415  dE=0.098149 eV
[SERVER] types_arr sample: (2, 0, 0)
[SERVER] species_map keys: [0, 1, 2, 3, 4]
  DELTA_QUERY comp=1 INS mol_idx=-1 natoms=3 n_stored=59
    E_full=-8917.322148  E_ads=-831.142618  E_cur=-8903.777234  E_ads_cur=-816.866415  dE=0.731289 eV
[SERVER] types_arr sample: (2, 0, 0)
[SERVER] species_map keys: [0, 1, 2, 3, 4]
  DELTA_QUERY comp=1 MOV mol_idx=51 natoms=3 n_stored=59
    E_full=-8903.770238  E_ads=-816.865302  E_cur=-8903.777234  E_ads_cur=-816.866415  dE=0.005882 eV
  COMMIT_MOVE comp=1 mol_idx=51  E_current=-8903.770238  E_ads_current=-816.865302 eV
  DELTA_QUERY comp=1 DEL mol_idx=22 natoms=0 n_stored=59
    E_full=-8889.352993  E_ads=-803.064443  E_cur=-8903.770238  E_ads_cur=-816.865302  dE=0.616387 eV
[SERVER] types_arr sample: (2, 0, 0)
[SERVER] species_map keys: [0, 1, 2, 3, 4]
  DELTA_QUERY comp=1 MOV mol_idx=25 natoms=3 n_stored=59
    E_full=-8903.820753  E_ads=-816.800698  E_cur=-8903.770238  E_ads_cur=-816.865302  dE=-0.115118 eV
  COMMIT_MOVE comp=1 mol_idx=25  E_current=-8903.820753  E_ads_current=-816.800698 eV
[SERVER] types_arr sample: (2, 0, 0)
[SERVER] species_map keys: [0, 1, 2, 3, 4]
  DELTA_QUERY comp=1 MOV mol_idx=35 natoms=3 n_stored=59
    E_full=-8903.789658  E_ads=-816.778652  E_cur=-8903.820753  E_ads_cur=-816.800698  dE=0.009049 eV
[SERVER] types_arr sample: (2, 0, 0)
[SERVER] species_map keys: [0, 1, 2, 3, 4]
  DELTA_QUERY comp=1 INS mol_idx=-1 natoms=3 n_stored=59
    E_full=-8915.574810  E_ads=-831.017120  E_cur=-8903.820753  E_ads_cur=-816.800698  dE=2.462364 eV
  DELTA_QUERY comp=1 DEL mol_idx=49 natoms=0 n_stored=59
    E_full=-8889.400247  E_ads=-802.720108  E_cur=-8903.820753  E_ads_cur=-816.800698  dE=0.339915 eV
[SERVER] types_arr sample: (2, 0, 0)
[SERVER] species_map keys: [0, 1, 2, 3, 4]
  DELTA_QUERY comp=1 MOV mol_idx=41 natoms=3 n_stored=59
    E_full=-8903.164456  E_ads=-817.038173  E_cur=-8903.820753  E_ads_cur=-816.800698  dE=0.893771 eV
[SERVER] types_arr sample: (2, 0, 0)
[SERVER] species_map keys: [0, 1, 2, 3, 4]
  DELTA_QUERY comp=1 MOV mol_idx=18 natoms=3 n_stored=59
    E_full=-8903.878326  E_ads=-816.802159  E_cur=-8903.820753  E_ads_cur=-816.800698  dE=-0.056112 eV
  COMMIT_MOVE comp=1 mol_idx=18  E_current=-8903.878326  E_ads_current=-816.802159 eV
[SERVER] types_arr sample: (2, 0, 0)
[SERVER] species_map keys: [0, 1, 2, 3, 4]
  DELTA_QUERY comp=1 MOV mol_idx=12 natoms=3 n_stored=59
    E_full=-8902.640091  E_ads=-816.781784  E_cur=-8903.878326  E_ads_cur=-816.802159  dE=1.217859 eV
  DELTA_QUERY comp=1 DEL mol_idx=27 natoms=0 n_stored=59
    E_full=-8889.365348  E_ads=-803.001632  E_cur=-8903.878326  E_ads_cur=-816.802159  dE=0.712450 eV
[SERVER] types_arr sample: (2, 0, 0)
[SERVER] species_map keys: [0, 1, 2, 3, 4]
  DELTA_QUERY comp=1 MOV mol_idx=14 natoms=3 n_stored=59
    E_full=-8903.848220  E_ads=-816.808042  E_cur=-8903.878326  E_ads_cur=-816.802159  dE=0.035988 eV
  DELTA_QUERY comp=1 DEL mol_idx=17 natoms=0 n_stored=59
    E_full=-8889.438329  E_ads=-802.763232  E_cur=-8903.878326  E_ads_cur=-816.802159  dE=0.401069 eV
[SERVER] types_arr sample: (2, 0, 0)
[SERVER] species_map keys: [0, 1, 2, 3, 4]
  DELTA_QUERY comp=1 MOV mol_idx=9 natoms=3 n_stored=59
    E_full=-8903.447836  E_ads=-817.138207  E_cur=-8903.878326  E_ads_cur=-816.802159  dE=0.766537 eV
[SERVER] types_arr sample: (2, 0, 0)
[SERVER] species_map keys: [0, 1, 2, 3, 4]
  DELTA_QUERY comp=1 MOV mol_idx=49 natoms=3 n_stored=59
    E_full=-8903.828734  E_ads=-816.809825  E_cur=-8903.878326  E_ads_cur=-816.802159  dE=0.057257 eV
  COMMIT_MOVE comp=1 mol_idx=49  E_current=-8903.828734  E_ads_current=-816.809825 eV
  DELTA_QUERY comp=1 DEL mol_idx=11 natoms=0 n_stored=59
    E_full=-8889.098557  E_ads=-802.516981  E_cur=-8903.828734  E_ads_cur=-816.809825  dE=0.437333 eV
[SERVER] types_arr sample: (2, 0, 0)
[SERVER] species_map keys: [0, 1, 2, 3, 4]
  DELTA_QUERY comp=1 MOV mol_idx=51 natoms=3 n_stored=59
    E_full=-8902.787140  E_ads=-817.131965  E_cur=-8903.828734  E_ads_cur=-816.809825  dE=1.363733 eV
[SERVER] types_arr sample: (2, 0, 0)
[SERVER] species_map keys: [0, 1, 2, 3, 4]
  DELTA_QUERY comp=1 MOV mol_idx=49 natoms=3 n_stored=59
    E_full=-8903.824819  E_ads=-816.841309  E_cur=-8903.828734  E_ads_cur=-816.809825  dE=0.035399 eV
[SERVER] types_arr sample: (2, 0, 0)
[SERVER] species_map keys: [0, 1, 2, 3, 4]
  DELTA_QUERY comp=1 MOV mol_idx=18 natoms=3 n_stored=59
    E_full=-8903.323869  E_ads=-816.798434  E_cur=-8903.828734  E_ads_cur=-816.809825  dE=0.493474 eV
[SERVER] types_arr sample: (2, 0, 0)
[SERVER] species_map keys: [0, 1, 2, 3, 4]
  DELTA_QUERY comp=1 MOV mol_idx=30 natoms=3 n_stored=59
    E_full=-8903.875101  E_ads=-816.809573  E_cur=-8903.828734  E_ads_cur=-816.809825  dE=-0.046619 eV
  COMMIT_MOVE comp=1 mol_idx=30  E_current=-8903.875101  E_ads_current=-816.809573 eV
  DELTA_QUERY comp=1 DEL mol_idx=57 natoms=0 n_stored=59
    E_full=-8889.535972  E_ads=-802.729261  E_cur=-8903.875101  E_ads_cur=-816.809573  dE=0.258817 eV
[SERVER] types_arr sample: (2, 0, 0)
[SERVER] species_map keys: [0, 1, 2, 3, 4]
  DELTA_QUERY comp=1 MOV mol_idx=4 natoms=3 n_stored=59
    E_full=-8899.499310  E_ads=-813.479059  E_cur=-8903.875101  E_ads_cur=-816.809573  dE=1.045277 eV
[SERVER] types_arr sample: (2, 0, 0)
[SERVER] species_map keys: [0, 1, 2, 3, 4]
  DELTA_QUERY comp=1 MOV mol_idx=52 natoms=3 n_stored=59
    E_full=-8902.721849  E_ads=-816.823655  E_cur=-8903.875101  E_ads_cur=-816.809573  dE=1.167334 eV
[SERVER] types_arr sample: (2, 0, 0)
[SERVER] species_map keys: [0, 1, 2, 3, 4]
  DELTA_QUERY comp=1 INS mol_idx=-1 natoms=3 n_stored=59
    E_full=-8918.208371  E_ads=-830.878169  E_cur=-8903.875101  E_ads_cur=-816.809573  dE=-0.264674 eV
[SERVER] types_arr sample: (2, 0, 0)
[SERVER] species_map keys: [0, 1, 2, 3, 4]
  DELTA_QUERY comp=1 MOV mol_idx=32 natoms=3 n_stored=59
    E_full=-8903.856761  E_ads=-816.806475  E_cur=-8903.875101  E_ads_cur=-816.809573  dE=0.015242 eV
[SERVER] types_arr sample: (2, 0, 0)
[SERVER] species_map keys: [0, 1, 2, 3, 4]
  DELTA_QUERY comp=1 INS mol_idx=-1 natoms=3 n_stored=59
    E_full=-8917.295531  E_ads=-830.977131  E_cur=-8903.875101  E_ads_cur=-816.809573  dE=0.747128 eV
[SERVER] types_arr sample: (2, 0, 0)
[SERVER] species_map keys: [0, 1, 2, 3, 4]
  DELTA_QUERY comp=1 INS mol_idx=-1 natoms=3 n_stored=59
    E_full=-8918.333787  E_ads=-830.739118  E_cur=-8903.875101  E_ads_cur=-816.809573  dE=-0.529141 eV
  COMMIT_INSERT comp=1 n_stored=60  E_current=-8918.333787  E_ads_current=-830.739118 eV
[SERVER] types_arr sample: (2, 0, 0)
[SERVER] species_map keys: [0, 1, 2, 3, 4]
  DELTA_QUERY comp=1 MOV mol_idx=9 natoms=3 n_stored=60
    E_full=-8917.643078  E_ads=-830.922210  E_cur=-8918.333787  E_ads_cur=-830.739118  dE=0.873802 eV
[SERVER] types_arr sample: (2, 0, 0)
[SERVER] species_map keys: [0, 1, 2, 3, 4]
  DELTA_QUERY comp=1 MOV mol_idx=49 natoms=3 n_stored=60
    E_full=-8916.414146  E_ads=-829.595444  E_cur=-8918.333787  E_ads_cur=-830.739118  dE=0.775967 eV
[SERVER] types_arr sample: (2, 0, 0)
[SERVER] species_map keys: [0, 1, 2, 3, 4]
  DELTA_QUERY comp=1 MOV mol_idx=33 natoms=3 n_stored=60
    E_full=-8918.434367  E_ads=-830.736638  E_cur=-8918.333787  E_ads_cur=-830.739118  dE=-0.103060 eV
  COMMIT_MOVE comp=1 mol_idx=33  E_current=-8918.434367  E_ads_current=-830.736638 eV
[SERVER] types_arr sample: (2, 0, 0)
[SERVER] species_map keys: [0, 1, 2, 3, 4]
  DELTA_QUERY comp=1 MOV mol_idx=26 natoms=3 n_stored=60
    E_full=-8918.372103  E_ads=-830.740006  E_cur=-8918.434367  E_ads_cur=-830.736638  dE=0.065632 eV
  DELTA_QUERY comp=1 DEL mol_idx=30 natoms=0 n_stored=60
    E_full=-8903.995070  E_ads=-816.946796  E_cur=-8918.434367  E_ads_cur=-830.736638  dE=0.649454 eV
[SERVER] types_arr sample: (2, 0, 0)
[SERVER] species_map keys: [0, 1, 2, 3, 4]
  DELTA_QUERY comp=1 MOV mol_idx=35 natoms=3 n_stored=60
    E_full=-8918.261073  E_ads=-830.279919  E_cur=-8918.434367  E_ads_cur=-830.736638  dE=-0.283426 eV
  COMMIT_MOVE comp=1 mol_idx=35  E_current=-8918.261073  E_ads_current=-830.279919 eV
[SERVER] types_arr sample: (2, 0, 0)
[SERVER] species_map keys: [0, 1, 2, 3, 4]
  DELTA_QUERY comp=1 INS mol_idx=-1 natoms=3 n_stored=60
    E_full=-8930.798202  E_ads=-844.411650  E_cur=-8918.261073  E_ads_cur=-830.279919  dE=1.594602 eV
[SERVER] types_arr sample: (2, 0, 0)
[SERVER] species_map keys: [0, 1, 2, 3, 4]
  DELTA_QUERY comp=1 INS mol_idx=-1 natoms=3 n_stored=60
    E_full=-8931.560485  E_ads=-844.103654  E_cur=-8918.261073  E_ads_cur=-830.279919  dE=0.524322 eV
[SERVER] types_arr sample: (2, 0, 0)
[SERVER] species_map keys: [0, 1, 2, 3, 4]
  DELTA_QUERY comp=1 MOV mol_idx=48 natoms=3 n_stored=60
    E_full=-8918.262987  E_ads=-830.280366  E_cur=-8918.261073  E_ads_cur=-830.279919  dE=-0.001466 eV
  COMMIT_MOVE comp=1 mol_idx=48  E_current=-8918.262987  E_ads_current=-830.280366 eV
[SERVER] types_arr sample: (2, 0, 0)
[SERVER] species_map keys: [0, 1, 2, 3, 4]
  DELTA_QUERY comp=1 INS mol_idx=-1 natoms=3 n_stored=60
    E_full=-8932.611308  E_ads=-844.562196  E_cur=-8918.262987  E_ads_cur=-830.280366  dE=-0.066491 eV
  COMMIT_INSERT comp=1 n_stored=61  E_current=-8932.611308  E_ads_current=-844.562196 eV
[SERVER] types_arr sample: (2, 0, 0)
[SERVER] species_map keys: [0, 1, 2, 3, 4]
  DELTA_QUERY comp=1 MOV mol_idx=20 natoms=3 n_stored=61
    E_full=-8932.352662  E_ads=-844.796554  E_cur=-8932.611308  E_ads_cur=-844.562196  dE=0.493003 eV
  DELTA_QUERY comp=1 DEL mol_idx=7 natoms=0 n_stored=61
    E_full=-8918.045077  E_ads=-830.738505  E_cur=-8932.611308  E_ads_cur=-844.562196  dE=0.742539 eV
[SERVER] types_arr sample: (2, 0, 0)
[SERVER] species_map keys: [0, 1, 2, 3, 4]
  DELTA_QUERY comp=1 MOV mol_idx=16 natoms=3 n_stored=61
    E_full=-8932.643011  E_ads=-844.564785  E_cur=-8932.611308  E_ads_cur=-844.562196  dE=-0.029114 eV
  COMMIT_MOVE comp=1 mol_idx=16  E_current=-8932.643011  E_ads_current=-844.564785 eV
  DELTA_QUERY comp=1 DEL mol_idx=18 natoms=0 n_stored=61
    E_full=-8918.118886  E_ads=-830.773014  E_cur=-8932.643011  E_ads_cur=-844.564785  dE=0.732354 eV
[SERVER] types_arr sample: (2, 0, 0)
[SERVER] species_map keys: [0, 1, 2, 3, 4]
  DELTA_QUERY comp=1 MOV mol_idx=32 natoms=3 n_stored=61
    E_full=-8932.545685  E_ads=-844.565032  E_cur=-8932.643011  E_ads_cur=-844.564785  dE=0.097574 eV
[SERVER] types_arr sample: (2, 0, 0)
[SERVER] species_map keys: [0, 1, 2, 3, 4]
  DELTA_QUERY comp=1 MOV mol_idx=28 natoms=3 n_stored=61
    E_full=-8932.229726  E_ads=-844.819384  E_cur=-8932.643011  E_ads_cur=-844.564785  dE=0.667884 eV
[SERVER] types_arr sample: (2, 0, 0)
[SERVER] species_map keys: [0, 1, 2, 3, 4]
  DELTA_QUERY comp=1 MOV mol_idx=15 natoms=3 n_stored=61
    E_full=-8932.577250  E_ads=-844.553804  E_cur=-8932.643011  E_ads_cur=-844.564785  dE=0.054781 eV
  COMMIT_MOVE comp=1 mol_idx=15  E_current=-8932.577250  E_ads_current=-844.553804 eV
[SERVER] types_arr sample: (2, 0, 0)
[SERVER] species_map keys: [0, 1, 2, 3, 4]
  DELTA_QUERY comp=1 MOV mol_idx=23 natoms=3 n_stored=61
    E_full=-8932.133450  E_ads=-844.867301  E_cur=-8932.577250  E_ads_cur=-844.553804  dE=0.757297 eV
[SERVER] types_arr sample: (2, 0, 0)
[SERVER] species_map keys: [0, 1, 2, 3, 4]
  DELTA_QUERY comp=1 MOV mol_idx=30 natoms=3 n_stored=61
    E_full=-8932.447828  E_ads=-844.420867  E_cur=-8932.577250  E_ads_cur=-844.553804  dE=-0.003516 eV
[SERVER] types_arr sample: (2, 0, 0)
[SERVER] species_map keys: [0, 1, 2, 3, 4]
  DELTA_QUERY comp=1 MOV mol_idx=25 natoms=3 n_stored=61
    E_full=-8932.515471  E_ads=-844.507930  E_cur=-8932.577250  E_ads_cur=-844.553804  dE=0.015905 eV
[SERVER] types_arr sample: (2, 0, 0)
[SERVER] species_map keys: [0, 1, 2, 3, 4]
  DELTA_QUERY comp=1 MOV mol_idx=55 natoms=3 n_stored=61
    E_full=-8932.597362  E_ads=-844.525268  E_cur=-8932.577250  E_ads_cur=-844.553804  dE=-0.048649 eV
  COMMIT_MOVE comp=1 mol_idx=55  E_current=-8932.597362  E_ads_current=-844.525268 eV
[SERVER] types_arr sample: (2, 0, 0)
[SERVER] species_map keys: [0, 1, 2, 3, 4]
  DELTA_QUERY comp=1 MOV mol_idx=38 natoms=3 n_stored=61
    E_full=-8932.071708  E_ads=-844.552755  E_cur=-8932.597362  E_ads_cur=-844.525268  dE=0.553141 eV
[SERVER] types_arr sample: (2, 0, 0)
[SERVER] species_map keys: [0, 1, 2, 3, 4]
  DELTA_QUERY comp=1 MOV mol_idx=54 natoms=3 n_stored=61
    E_full=-8932.622040  E_ads=-844.525191  E_cur=-8932.597362  E_ads_cur=-844.525268  dE=-0.024754 eV
  COMMIT_MOVE comp=1 mol_idx=54  E_current=-8932.622040  E_ads_current=-844.525191 eV
  DELTA_QUERY comp=1 DEL mol_idx=6 natoms=0 n_stored=61
    E_full=-8918.069376  E_ads=-830.705377  E_cur=-8932.622040  E_ads_cur=-844.525191  dE=0.732850 eV
  DELTA_QUERY comp=1 DEL mol_idx=12 natoms=0 n_stored=61
    E_full=-8917.996596  E_ads=-830.527579  E_cur=-8932.622040  E_ads_cur=-844.525191  dE=0.627832 eV
[SERVER] types_arr sample: (2, 0, 0)
[SERVER] species_map keys: [0, 1, 2, 3, 4]
  DELTA_QUERY comp=1 MOV mol_idx=5 natoms=3 n_stored=61
    E_full=-8930.931212  E_ads=-844.971796  E_cur=-8932.622040  E_ads_cur=-844.525191  dE=2.137432 eV
[SERVER] types_arr sample: (2, 0, 0)
[SERVER] species_map keys: [0, 1, 2, 3, 4]
  DELTA_QUERY comp=1 MOV mol_idx=52 natoms=3 n_stored=61
    E_full=-8932.507707  E_ads=-844.543843  E_cur=-8932.622040  E_ads_cur=-844.525191  dE=0.132985 eV
[SERVER] types_arr sample: (2, 0, 0)
[SERVER] species_map keys: [0, 1, 2, 3, 4]
  DELTA_QUERY comp=1 MOV mol_idx=39 natoms=3 n_stored=61
    E_full=-8932.622087  E_ads=-844.518988  E_cur=-8932.622040  E_ads_cur=-844.525191  dE=-0.006251 eV
  COMMIT_MOVE comp=1 mol_idx=39  E_current=-8932.622087  E_ads_current=-844.518988 eV
[SERVER] types_arr sample: (2, 0, 0)
[SERVER] species_map keys: [0, 1, 2, 3, 4]
  DELTA_QUERY comp=1 MOV mol_idx=32 natoms=3 n_stored=61
    E_full=-8931.961850  E_ads=-844.981223  E_cur=-8932.622087  E_ads_cur=-844.518988  dE=1.122472 eV
[SERVER] types_arr sample: (2, 0, 0)
[SERVER] species_map keys: [0, 1, 2, 3, 4]
  DELTA_QUERY comp=1 MOV mol_idx=1 natoms=3 n_stored=61
    E_full=-8931.610362  E_ads=-844.302080  E_cur=-8932.622087  E_ads_cur=-844.518988  dE=0.794819 eV
[SERVER] types_arr sample: (2, 0, 0)
[SERVER] species_map keys: [0, 1, 2, 3, 4]
  DELTA_QUERY comp=1 MOV mol_idx=50 natoms=3 n_stored=61
    E_full=-8930.831286  E_ads=-844.505411  E_cur=-8932.622087  E_ads_cur=-844.518988  dE=1.777224 eV
  DELTA_QUERY comp=1 DEL mol_idx=8 natoms=0 n_stored=61
    E_full=-8918.147950  E_ads=-830.728609  E_cur=-8932.622087  E_ads_cur=-844.518988  dE=0.683759 eV
[SERVER] types_arr sample: (2, 0, 0)
[SERVER] species_map keys: [0, 1, 2, 3, 4]
  DELTA_QUERY comp=1 MOV mol_idx=25 natoms=3 n_stored=61
    E_full=-8932.557078  E_ads=-844.469722  E_cur=-8932.622087  E_ads_cur=-844.518988  dE=0.015744 eV
[SERVER] types_arr sample: (2, 0, 0)
[SERVER] species_map keys: [0, 1, 2, 3, 4]
  DELTA_QUERY comp=1 INS mol_idx=-1 natoms=3 n_stored=61
    E_full=-8947.044718  E_ads=-858.851452  E_cur=-8932.622087  E_ads_cur=-844.518988  dE=-0.090166 eV
  DELTA_QUERY comp=1 DEL mol_idx=14 natoms=0 n_stored=61
    E_full=-8918.090089  E_ads=-830.691446  E_cur=-8932.622087  E_ads_cur=-844.518988  dE=0.704456 eV
[SERVER] types_arr sample: (2, 0, 0)
[SERVER] species_map keys: [0, 1, 2, 3, 4]
  DELTA_QUERY comp=1 MOV mol_idx=4 natoms=3 n_stored=61
    E_full=-8931.882922  E_ads=-844.877943  E_cur=-8932.622087  E_ads_cur=-844.518988  dE=1.098121 eV
[SERVER] types_arr sample: (2, 0, 0)
[SERVER] species_map keys: [0, 1, 2, 3, 4]
  DELTA_QUERY comp=1 MOV mol_idx=34 natoms=3 n_stored=61
    E_full=-8932.293095  E_ads=-844.794698  E_cur=-8932.622087  E_ads_cur=-844.518988  dE=0.604703 eV
[SERVER] types_arr sample: (2, 0, 0)
[SERVER] species_map keys: [0, 1, 2, 3, 4]
  DELTA_QUERY comp=1 MOV mol_idx=16 natoms=3 n_stored=61
    E_full=-8932.615378  E_ads=-844.587249  E_cur=-8932.622087  E_ads_cur=-844.518988  dE=0.074970 eV
[SERVER] types_arr sample: (2, 0, 0)
[SERVER] species_map keys: [0, 1, 2, 3, 4]
  DELTA_QUERY comp=1 MOV mol_idx=26 natoms=3 n_stored=61
    E_full=-8931.339658  E_ads=-844.624502  E_cur=-8932.622087  E_ads_cur=-844.518988  dE=1.387944 eV
[SERVER] types_arr sample: (2, 0, 0)
[SERVER] species_map keys: [0, 1, 2, 3, 4]
  DELTA_QUERY comp=1 MOV mol_idx=23 natoms=3 n_stored=61
    E_full=-8932.647916  E_ads=-844.523011  E_cur=-8932.622087  E_ads_cur=-844.518988  dE=-0.021806 eV
  COMMIT_MOVE comp=1 mol_idx=23  E_current=-8932.647916  E_ads_current=-844.523011 eV
[SERVER] types_arr sample: (2, 0, 0)
[SERVER] species_map keys: [0, 1, 2, 3, 4]
  DELTA_QUERY comp=1 MOV mol_idx=6 natoms=3 n_stored=61
    E_full=-8932.603084  E_ads=-844.514960  E_cur=-8932.647916  E_ads_cur=-844.523011  dE=0.036782 eV
[SERVER] types_arr sample: (2, 0, 0)
[SERVER] species_map keys: [0, 1, 2, 3, 4]
  DELTA_QUERY comp=1 MOV mol_idx=46 natoms=3 n_stored=61
    E_full=-8931.135923  E_ads=-842.939963  E_cur=-8932.647916  E_ads_cur=-844.523011  dE=-0.071054 eV
[SERVER] types_arr sample: (2, 0, 0)
[SERVER] species_map keys: [0, 1, 2, 3, 4]
  DELTA_QUERY comp=1 MOV mol_idx=13 natoms=3 n_stored=61
    E_full=-8932.697954  E_ads=-844.521385  E_cur=-8932.647916  E_ads_cur=-844.523011  dE=-0.051664 eV
  COMMIT_MOVE comp=1 mol_idx=13  E_current=-8932.697954  E_ads_current=-844.521385 eV
[SERVER] types_arr sample: (2, 0, 0)
[SERVER] species_map keys: [0, 1, 2, 3, 4]
  DELTA_QUERY comp=1 MOV mol_idx=15 natoms=3 n_stored=61
    E_full=-8932.605796  E_ads=-844.431919  E_cur=-8932.697954  E_ads_cur=-844.521385  dE=0.002692 eV
  DELTA_QUERY comp=1 DEL mol_idx=49 natoms=0 n_stored=61
    E_full=-8918.328678  E_ads=-830.433205  E_cur=-8932.697954  E_ads_cur=-844.521385  dE=0.281096 eV
[SERVER] types_arr sample: (2, 0, 0)
[SERVER] species_map keys: [0, 1, 2, 3, 4]
  DELTA_QUERY comp=1 INS mol_idx=-1 natoms=3 n_stored=61
    E_full=-8946.699649  E_ads=-858.329377  E_cur=-8932.697954  E_ads_cur=-844.521385  dE=-0.193703 eV
[SERVER] types_arr sample: (2, 0, 0)
[SERVER] species_map keys: [0, 1, 2, 3, 4]
  DELTA_QUERY comp=1 MOV mol_idx=32 natoms=3 n_stored=61
    E_full=-8930.885624  E_ads=-844.824717  E_cur=-8932.697954  E_ads_cur=-844.521385  dE=2.115663 eV
[SERVER] types_arr sample: (2, 0, 0)
[SERVER] species_map keys: [0, 1, 2, 3, 4]
  DELTA_QUERY comp=1 MOV mol_idx=58 natoms=3 n_stored=61
    E_full=-8931.521440  E_ads=-844.700838  E_cur=-8932.697954  E_ads_cur=-844.521385  dE=1.355967 eV
  DELTA_QUERY comp=1 DEL mol_idx=52 natoms=0 n_stored=61
    E_full=-8918.194439  E_ads=-830.383665  E_cur=-8932.697954  E_ads_cur=-844.521385  dE=0.365796 eV
[SERVER] types_arr sample: (2, 0, 0)
[SERVER] species_map keys: [0, 1, 2, 3, 4]
  DELTA_QUERY comp=1 MOV mol_idx=43 natoms=3 n_stored=61
    E_full=-8930.130239  E_ads=-843.454514  E_cur=-8932.697954  E_ads_cur=-844.521385  dE=1.500845 eV
[SERVER] types_arr sample: (2, 0, 0)
[SERVER] species_map keys: [0, 1, 2, 3, 4]
  DELTA_QUERY comp=1 MOV mol_idx=56 natoms=3 n_stored=61
    E_full=-8932.549180  E_ads=-844.853785  E_cur=-8932.697954  E_ads_cur=-844.521385  dE=0.481174 eV
[SERVER] types_arr sample: (2, 0, 0)
[SERVER] species_map keys: [0, 1, 2, 3, 4]
  DELTA_QUERY comp=1 MOV mol_idx=31 natoms=3 n_stored=61
    E_full=-8932.581141  E_ads=-844.642202  E_cur=-8932.697954  E_ads_cur=-844.521385  dE=0.237630 eV
  DELTA_QUERY comp=1 DEL mol_idx=39 natoms=0 n_stored=61
    E_full=-8918.147283  E_ads=-830.543901  E_cur=-8932.697954  E_ads_cur=-844.521385  dE=0.573187 eV
[SERVER] types_arr sample: (2, 0, 0)
[SERVER] species_map keys: [0, 1, 2, 3, 4]
  DELTA_QUERY comp=1 MOV mol_idx=54 natoms=3 n_stored=61
    E_full=-8932.449261  E_ads=-844.908025  E_cur=-8932.697954  E_ads_cur=-844.521385  dE=0.635333 eV
[SERVER] types_arr sample: (2, 0, 0)
[SERVER] species_map keys: [0, 1, 2, 3, 4]
  DELTA_QUERY comp=1 MOV mol_idx=47 natoms=3 n_stored=61
    E_full=-8932.679300  E_ads=-844.519776  E_cur=-8932.697954  E_ads_cur=-844.521385  dE=0.017046 eV
  COMMIT_MOVE comp=1 mol_idx=47  E_current=-8932.679300  E_ads_current=-844.519776 eV
[SERVER] types_arr sample: (2, 0, 0)
[SERVER] species_map keys: [0, 1, 2, 3, 4]
  DELTA_QUERY comp=1 MOV mol_idx=28 natoms=3 n_stored=61
    E_full=-8932.678614  E_ads=-844.521457  E_cur=-8932.679300  E_ads_cur=-844.519776  dE=0.002366 eV
  COMMIT_MOVE comp=1 mol_idx=28  E_current=-8932.678614  E_ads_current=-844.521457 eV
[SERVER] types_arr sample: (2, 0, 0)
[SERVER] species_map keys: [0, 1, 2, 3, 4]
  DELTA_QUERY comp=1 MOV mol_idx=40 natoms=3 n_stored=61
    E_full=-8933.024589  E_ads=-844.692681  E_cur=-8932.678614  E_ads_cur=-844.521457  dE=-0.174752 eV
  COMMIT_MOVE comp=1 mol_idx=40  E_current=-8933.024589  E_ads_current=-844.692681 eV
[SERVER] types_arr sample: (2, 0, 0)
[SERVER] species_map keys: [0, 1, 2, 3, 4]
  DELTA_QUERY comp=1 MOV mol_idx=25 natoms=3 n_stored=61
    E_full=-8933.008248  E_ads=-844.703604  E_cur=-8933.024589  E_ads_cur=-844.692681  dE=0.027265 eV
  COMMIT_MOVE comp=1 mol_idx=25  E_current=-8933.008248  E_ads_current=-844.703604 eV
[SERVER] types_arr sample: (2, 0, 0)
[SERVER] species_map keys: [0, 1, 2, 3, 4]
  DELTA_QUERY comp=1 MOV mol_idx=25 natoms=3 n_stored=61
    E_full=-8933.047220  E_ads=-844.744623  E_cur=-8933.008248  E_ads_cur=-844.703604  dE=0.002047 eV
  COMMIT_MOVE comp=1 mol_idx=25  E_current=-8933.047220  E_ads_current=-844.744623 eV
[SERVER] types_arr sample: (2, 0, 0)
[SERVER] species_map keys: [0, 1, 2, 3, 4]
  DELTA_QUERY comp=1 MOV mol_idx=47 natoms=3 n_stored=61
    E_full=-8932.375821  E_ads=-844.942536  E_cur=-8933.047220  E_ads_cur=-844.744623  dE=0.869312 eV
[SERVER] types_arr sample: (2, 0, 0)
[SERVER] species_map keys: [0, 1, 2, 3, 4]
  DELTA_QUERY comp=1 MOV mol_idx=51 natoms=3 n_stored=61
    E_full=-8933.017685  E_ads=-844.743750  E_cur=-8933.047220  E_ads_cur=-844.744623  dE=0.028662 eV
  COMMIT_MOVE comp=1 mol_idx=51  E_current=-8933.017685  E_ads_current=-844.743750 eV
[SERVER] types_arr sample: (2, 0, 0)
[SERVER] species_map keys: [0, 1, 2, 3, 4]
  DELTA_QUERY comp=1 MOV mol_idx=45 natoms=3 n_stored=61
    E_full=-8932.648102  E_ads=-844.760889  E_cur=-8933.017685  E_ads_cur=-844.743750  dE=0.386723 eV
[SERVER] types_arr sample: (2, 0, 0)
[SERVER] species_map keys: [0, 1, 2, 3, 4]
  DELTA_QUERY comp=1 MOV mol_idx=59 natoms=3 n_stored=61
    E_full=-8932.941755  E_ads=-844.726038  E_cur=-8933.017685  E_ads_cur=-844.743750  dE=0.058218 eV
[SERVER] types_arr sample: (2, 0, 0)
[SERVER] species_map keys: [0, 1, 2, 3, 4]
  DELTA_QUERY comp=1 INS mol_idx=-1 natoms=3 n_stored=61
    E_full=-8946.953003  E_ads=-858.581216  E_cur=-8933.017685  E_ads_cur=-844.743750  dE=-0.097851 eV
[SERVER] types_arr sample: (2, 0, 0)
[SERVER] species_map keys: [0, 1, 2, 3, 4]
  DELTA_QUERY comp=1 MOV mol_idx=27 natoms=3 n_stored=61
    E_full=-8932.734615  E_ads=-844.766227  E_cur=-8933.017685  E_ads_cur=-844.743750  dE=0.305548 eV
  DELTA_QUERY comp=1 DEL mol_idx=2 natoms=0 n_stored=61
    E_full=-8918.516244  E_ads=-830.963864  E_cur=-8933.017685  E_ads_cur=-844.743750  dE=0.721555 eV
[SERVER] types_arr sample: (2, 0, 0)
[SERVER] species_map keys: [0, 1, 2, 3, 4]
  DELTA_QUERY comp=1 MOV mol_idx=49 natoms=3 n_stored=61
    E_full=-8932.982443  E_ads=-844.758371  E_cur=-8933.017685  E_ads_cur=-844.743750  dE=0.049864 eV
  COMMIT_MOVE comp=1 mol_idx=49  E_current=-8932.982443  E_ads_current=-844.758371 eV
  DELTA_QUERY comp=1 DEL mol_idx=11 natoms=0 n_stored=61
    E_full=-8918.439122  E_ads=-830.954011  E_cur=-8932.982443  E_ads_cur=-844.758371  dE=0.738960 eV
[SERVER] types_arr sample: (2, 0, 0)
[SERVER] species_map keys: [0, 1, 2, 3, 4]
  DELTA_QUERY comp=1 MOV mol_idx=50 natoms=3 n_stored=61
    E_full=-8932.967909  E_ads=-844.759594  E_cur=-8932.982443  E_ads_cur=-844.758371  dE=0.015756 eV
[SERVER] types_arr sample: (2, 0, 0)
[SERVER] species_map keys: [0, 1, 2, 3, 4]
  DELTA_QUERY comp=1 MOV mol_idx=27 natoms=3 n_stored=61
    E_full=-8932.967231  E_ads=-844.760217  E_cur=-8932.982443  E_ads_cur=-844.758371  dE=0.017058 eV
  COMMIT_MOVE comp=1 mol_idx=27  E_current=-8932.967231  E_ads_current=-844.760217 eV
[SERVER] types_arr sample: (2, 0, 0)
[SERVER] species_map keys: [0, 1, 2, 3, 4]
  DELTA_QUERY comp=1 MOV mol_idx=50 natoms=3 n_stored=61
    E_full=-8932.926407  E_ads=-844.747233  E_cur=-8932.967231  E_ads_cur=-844.760217  dE=0.027840 eV
  COMMIT_MOVE comp=1 mol_idx=50  E_current=-8932.926407  E_ads_current=-844.747233 eV
[SERVER] types_arr sample: (2, 0, 0)
[SERVER] species_map keys: [0, 1, 2, 3, 4]
  DELTA_QUERY comp=1 MOV mol_idx=48 natoms=3 n_stored=61
    E_full=-8932.271765  E_ads=-844.818512  E_cur=-8932.926407  E_ads_cur=-844.747233  dE=0.725921 eV
[SERVER] types_arr sample: (2, 0, 0)
[SERVER] species_map keys: [0, 1, 2, 3, 4]
  DELTA_QUERY comp=1 MOV mol_idx=44 natoms=3 n_stored=61
    E_full=-8932.800873  E_ads=-845.244655  E_cur=-8932.926407  E_ads_cur=-844.747233  dE=0.622956 eV
[SERVER] types_arr sample: (2, 0, 0)
[SERVER] species_map keys: [0, 1, 2, 3, 4]
  DELTA_QUERY comp=1 MOV mol_idx=35 natoms=3 n_stored=61
    E_full=-8932.955273  E_ads=-844.763922  E_cur=-8932.926407  E_ads_cur=-844.747233  dE=-0.012177 eV
  COMMIT_MOVE comp=1 mol_idx=35  E_current=-8932.955273  E_ads_current=-844.763922 eV
[SERVER] types_arr sample: (2, 0, 0)
[SERVER] species_map keys: [0, 1, 2, 3, 4]
  DELTA_QUERY comp=1 MOV mol_idx=14 natoms=3 n_stored=61
    E_full=-8932.882688  E_ads=-844.757592  E_cur=-8932.955273  E_ads_cur=-844.763922  dE=0.066255 eV
  COMMIT_MOVE comp=1 mol_idx=14  E_current=-8932.882688  E_ads_current=-844.757592 eV
[SERVER] types_arr sample: (2, 0, 0)
[SERVER] species_map keys: [0, 1, 2, 3, 4]
  DELTA_QUERY comp=1 MOV mol_idx=46 natoms=3 n_stored=61
    E_full=-8931.684096  E_ads=-843.807421  E_cur=-8932.882688  E_ads_cur=-844.757592  dE=0.248421 eV
[SERVER] types_arr sample: (2, 0, 0)
[SERVER] species_map keys: [0, 1, 2, 3, 4]
  DELTA_QUERY comp=1 INS mol_idx=-1 natoms=3 n_stored=61
    E_full=-8944.670480  E_ads=-858.623547  E_cur=-8932.882688  E_ads_cur=-844.757592  dE=2.078163 eV
[SERVER] types_arr sample: (2, 0, 0)
[SERVER] species_map keys: [0, 1, 2, 3, 4]
  DELTA_QUERY comp=1 MOV mol_idx=13 natoms=3 n_stored=61
    E_full=-8931.200410  E_ads=-844.791832  E_cur=-8932.882688  E_ads_cur=-844.757592  dE=1.716518 eV
[SERVER] types_arr sample: (2, 0, 0)
[SERVER] species_map keys: [0, 1, 2, 3, 4]
  DELTA_QUERY comp=1 MOV mol_idx=33 natoms=3 n_stored=61
    E_full=-8930.299478  E_ads=-844.768466  E_cur=-8932.882688  E_ads_cur=-844.757592  dE=2.594083 eV
[SERVER] types_arr sample: (2, 0, 0)
[SERVER] species_map keys: [0, 1, 2, 3, 4]
  DELTA_QUERY comp=1 MOV mol_idx=18 natoms=3 n_stored=61
    E_full=-8932.272848  E_ads=-844.743700  E_cur=-8932.882688  E_ads_cur=-844.757592  dE=0.595949 eV
[SERVER] types_arr sample: (2, 0, 0)
[SERVER] species_map keys: [0, 1, 2, 3, 4]
  DELTA_QUERY comp=1 MOV mol_idx=2 natoms=3 n_stored=61
    E_full=-8932.616539  E_ads=-845.234060  E_cur=-8932.882688  E_ads_cur=-844.757592  dE=0.742617 eV
  DELTA_QUERY comp=1 DEL mol_idx=58 natoms=0 n_stored=61
    E_full=-8918.436465  E_ads=-830.947626  E_cur=-8932.882688  E_ads_cur=-844.757592  dE=0.636257 eV
[SERVER] types_arr sample: (2, 0, 0)
[SERVER] species_map keys: [0, 1, 2, 3, 4]
  DELTA_QUERY comp=1 INS mol_idx=-1 natoms=3 n_stored=61
    E_full=-8947.267635  E_ads=-858.736395  E_cur=-8932.882688  E_ads_cur=-844.757592  dE=-0.406145 eV
  COMMIT_INSERT comp=1 n_stored=62  E_current=-8947.267635  E_ads_current=-858.736395 eV
[SERVER] types_arr sample: (2, 0, 0)
[SERVER] species_map keys: [0, 1, 2, 3, 4]
  DELTA_QUERY comp=1 MOV mol_idx=45 natoms=3 n_stored=62
    E_full=-8947.313851  E_ads=-858.747627  E_cur=-8947.267635  E_ads_cur=-858.736395  dE=-0.034983 eV
  COMMIT_MOVE comp=1 mol_idx=45  E_current=-8947.313851  E_ads_current=-858.747627 eV
[SERVER] types_arr sample: (2, 0, 0)
[SERVER] species_map keys: [0, 1, 2, 3, 4]
  DELTA_QUERY comp=1 INS mol_idx=-1 natoms=3 n_stored=62
    E_full=-8961.567413  E_ads=-872.536376  E_cur=-8947.313851  E_ads_cur=-858.747627  dE=-0.464814 eV
  COMMIT_INSERT comp=1 n_stored=63  E_current=-8961.567413  E_ads_current=-872.536376 eV
[SERVER] types_arr sample: (2, 0, 0)
[SERVER] species_map keys: [0, 1, 2, 3, 4]
  DELTA_QUERY comp=1 MOV mol_idx=50 natoms=3 n_stored=63
    E_full=-8961.511828  E_ads=-872.531946  E_cur=-8961.567413  E_ads_cur=-872.536376  dE=0.051155 eV
[SERVER] types_arr sample: (2, 0, 0)
[SERVER] species_map keys: [0, 1, 2, 3, 4]
  DELTA_QUERY comp=1 MOV mol_idx=1 natoms=3 n_stored=63
    E_full=-8959.845634  E_ads=-872.295730  E_cur=-8961.567413  E_ads_cur=-872.536376  dE=1.481133 eV
[SERVER] types_arr sample: (2, 0, 0)
[SERVER] species_map keys: [0, 1, 2, 3, 4]
  DELTA_QUERY comp=1 MOV mol_idx=48 natoms=3 n_stored=63
    E_full=-8961.489880  E_ads=-872.539062  E_cur=-8961.567413  E_ads_cur=-872.536376  dE=0.080220 eV
[SERVER] types_arr sample: (2, 0, 0)
[SERVER] species_map keys: [0, 1, 2, 3, 4]
  DELTA_QUERY comp=1 MOV mol_idx=62 natoms=3 n_stored=63
    E_full=-8961.842387  E_ads=-872.579093  E_cur=-8961.567413  E_ads_cur=-872.536376  dE=-0.232256 eV
  COMMIT_MOVE comp=1 mol_idx=62  E_current=-8961.842387  E_ads_current=-872.579093 eV
[SERVER] types_arr sample: (2, 0, 0)
[SERVER] species_map keys: [0, 1, 2, 3, 4]
  DELTA_QUERY comp=1 INS mol_idx=-1 natoms=3 n_stored=63
    E_full=-8976.053159  E_ads=-886.409599  E_cur=-8961.842387  E_ads_cur=-872.579093  dE=-0.380267 eV
  COMMIT_INSERT comp=1 n_stored=64  E_current=-8976.053159  E_ads_current=-886.409599 eV
[SERVER] types_arr sample: (2, 0, 0)
[SERVER] species_map keys: [0, 1, 2, 3, 4]
  DELTA_QUERY comp=1 INS mol_idx=-1 natoms=3 n_stored=64
    E_full=-8989.063625  E_ads=-899.123926  E_cur=-8976.053159  E_ads_cur=-886.409599  dE=-0.296139 eV
[SERVER] types_arr sample: (2, 0, 0)
[SERVER] species_map keys: [0, 1, 2, 3, 4]
  DELTA_QUERY comp=1 MOV mol_idx=23 natoms=3 n_stored=64
    E_full=-8976.030595  E_ads=-886.412596  E_cur=-8976.053159  E_ads_cur=-886.409599  dE=0.025561 eV
[SERVER] types_arr sample: (2, 0, 0)
[SERVER] species_map keys: [0, 1, 2, 3, 4]
  DELTA_QUERY comp=1 MOV mol_idx=13 natoms=3 n_stored=64
    E_full=-8976.007535  E_ads=-886.410205  E_cur=-8976.053159  E_ads_cur=-886.409599  dE=0.046230 eV
[SERVER] types_arr sample: (2, 0, 0)
[SERVER] species_map keys: [0, 1, 2, 3, 4]
  DELTA_QUERY comp=1 MOV mol_idx=14 natoms=3 n_stored=64
    E_full=-8974.212548  E_ads=-886.416359  E_cur=-8976.053159  E_ads_cur=-886.409599  dE=1.847371 eV
[SERVER] types_arr sample: (2, 0, 0)
[SERVER] species_map keys: [0, 1, 2, 3, 4]
  DELTA_QUERY comp=1 MOV mol_idx=1 natoms=3 n_stored=64
    E_full=-8975.249341  E_ads=-886.287607  E_cur=-8976.053159  E_ads_cur=-886.409599  dE=0.681826 eV
[SERVER] types_arr sample: (2, 0, 0)
[SERVER] species_map keys: [0, 1, 2, 3, 4]
  DELTA_QUERY comp=1 MOV mol_idx=4 natoms=3 n_stored=64
    E_full=-8976.044120  E_ads=-886.409599  E_cur=-8976.053159  E_ads_cur=-886.409599  dE=0.009039 eV
  COMMIT_MOVE comp=1 mol_idx=4  E_current=-8976.044120  E_ads_current=-886.409599 eV
[SERVER] types_arr sample: (2, 0, 0)
[SERVER] species_map keys: [0, 1, 2, 3, 4]
  DELTA_QUERY comp=1 MOV mol_idx=50 natoms=3 n_stored=64
    E_full=-8974.425498  E_ads=-886.406922  E_cur=-8976.044120  E_ads_cur=-886.409599  dE=1.615945 eV
[SERVER] types_arr sample: (2, 0, 0)
[SERVER] species_map keys: [0, 1, 2, 3, 4]
  DELTA_QUERY comp=1 INS mol_idx=-1 natoms=3 n_stored=64
    E_full=-8990.252136  E_ads=-900.425604  E_cur=-8976.044120  E_ads_cur=-886.409599  dE=-0.192011 eV
[SERVER] types_arr sample: (2, 0, 0)
[SERVER] species_map keys: [0, 1, 2, 3, 4]
  DELTA_QUERY comp=1 MOV mol_idx=14 natoms=3 n_stored=64
    E_full=-8975.974467  E_ads=-887.075036  E_cur=-8976.044120  E_ads_cur=-886.409599  dE=0.735090 eV
[SERVER] types_arr sample: (2, 0, 0)
[SERVER] species_map keys: [0, 1, 2, 3, 4]
  DELTA_QUERY comp=1 MOV mol_idx=13 natoms=3 n_stored=64
    E_full=-8976.087183  E_ads=-886.409362  E_cur=-8976.044120  E_ads_cur=-886.409599  dE=-0.043300 eV
  COMMIT_MOVE comp=1 mol_idx=13  E_current=-8976.087183  E_ads_current=-886.409362 eV
  DELTA_QUERY comp=1 DEL mol_idx=0 natoms=0 n_stored=64
    E_full=-8961.733070  E_ads=-872.491855  E_cur=-8976.087183  E_ads_cur=-886.409362  dE=0.436606 eV
  DELTA_QUERY comp=1 DEL mol_idx=61 natoms=0 n_stored=64
    E_full=-8961.705461  E_ads=-872.430567  E_cur=-8976.087183  E_ads_cur=-886.409362  dE=0.402926 eV
[SERVER] types_arr sample: (2, 0, 0)
[SERVER] species_map keys: [0, 1, 2, 3, 4]
  DELTA_QUERY comp=1 MOV mol_idx=30 natoms=3 n_stored=64
    E_full=-8975.981899  E_ads=-886.398241  E_cur=-8976.087183  E_ads_cur=-886.409362  dE=0.094163 eV
[SERVER] types_arr sample: (2, 0, 0)
[SERVER] species_map keys: [0, 1, 2, 3, 4]
  DELTA_QUERY comp=1 INS mol_idx=-1 natoms=3 n_stored=64
    E_full=-8990.286338  E_ads=-900.497393  E_cur=-8976.087183  E_ads_cur=-886.409362  dE=-0.111123 eV
  DELTA_QUERY comp=1 DEL mol_idx=26 natoms=0 n_stored=64
    E_full=-8961.703026  E_ads=-872.613710  E_cur=-8976.087183  E_ads_cur=-886.409362  dE=0.588505 eV
[SERVER] types_arr sample: (2, 0, 0)
[SERVER] species_map keys: [0, 1, 2, 3, 4]
  DELTA_QUERY comp=1 MOV mol_idx=14 natoms=3 n_stored=64
    E_full=-8974.291287  E_ads=-885.555619  E_cur=-8976.087183  E_ads_cur=-886.409362  dE=0.942153 eV
  DELTA_QUERY comp=1 DEL mol_idx=5 natoms=0 n_stored=64
    E_full=-8961.547569  E_ads=-872.630954  E_cur=-8976.087183  E_ads_cur=-886.409362  dE=0.761206 eV
[SERVER] types_arr sample: (2, 0, 0)
[SERVER] species_map keys: [0, 1, 2, 3, 4]
  DELTA_QUERY comp=1 MOV mol_idx=4 natoms=3 n_stored=64
    E_full=-8976.066711  E_ads=-886.409362  E_cur=-8976.087183  E_ads_cur=-886.409362  dE=0.020472 eV
  COMMIT_MOVE comp=1 mol_idx=4  E_current=-8976.066711  E_ads_current=-886.409362 eV
  DELTA_QUERY comp=1 DEL mol_idx=40 natoms=0 n_stored=64
    E_full=-8961.605763  E_ads=-872.333812  E_cur=-8976.066711  E_ads_cur=-886.409362  dE=0.385398 eV
[SERVER] types_arr sample: (2, 0, 0)
[SERVER] species_map keys: [0, 1, 2, 3, 4]
  DELTA_QUERY comp=1 MOV mol_idx=35 natoms=3 n_stored=64
    E_full=-8974.598201  E_ads=-886.773745  E_cur=-8976.066711  E_ads_cur=-886.409362  dE=1.832893 eV
  DELTA_QUERY comp=1 DEL mol_idx=21 natoms=0 n_stored=64
    E_full=-8961.657406  E_ads=-872.575256  E_cur=-8976.066711  E_ads_cur=-886.409362  dE=0.575199 eV
[SERVER] types_arr sample: (2, 0, 0)
[SERVER] species_map keys: [0, 1, 2, 3, 4]
  DELTA_QUERY comp=1 MOV mol_idx=40 natoms=3 n_stored=64
    E_full=-8976.213261  E_ads=-886.546188  E_cur=-8976.066711  E_ads_cur=-886.409362  dE=-0.009724 eV
  COMMIT_MOVE comp=1 mol_idx=40  E_current=-8976.213261  E_ads_current=-886.546188 eV
[SERVER] types_arr sample: (2, 0, 0)
[SERVER] species_map keys: [0, 1, 2, 3, 4]
  DELTA_QUERY comp=1 MOV mol_idx=58 natoms=3 n_stored=64
    E_full=-8976.160244  E_ads=-886.514168  E_cur=-8976.213261  E_ads_cur=-886.546188  dE=0.020997 eV
[SERVER] types_arr sample: (2, 0, 0)
[SERVER] species_map keys: [0, 1, 2, 3, 4]
  DELTA_QUERY comp=1 INS mol_idx=-1 natoms=3 n_stored=64
    E_full=-8990.728761  E_ads=-900.755496  E_cur=-8976.213261  E_ads_cur=-886.546188  dE=-0.306192 eV
  COMMIT_INSERT comp=1 n_stored=65  E_current=-8990.728761  E_ads_current=-900.755496 eV
[SERVER] types_arr sample: (2, 0, 0)
[SERVER] species_map keys: [0, 1, 2, 3, 4]
  DELTA_QUERY comp=1 MOV mol_idx=42 natoms=3 n_stored=65
    E_full=-8989.788599  E_ads=-900.759752  E_cur=-8990.728761  E_ads_cur=-900.755496  dE=0.944417 eV
[SERVER] types_arr sample: (2, 0, 0)
[SERVER] species_map keys: [0, 1, 2, 3, 4]
  DELTA_QUERY comp=1 INS mol_idx=-1 natoms=3 n_stored=65
    E_full=-9004.459268  E_ads=-914.612145  E_cur=-8990.728761  E_ads_cur=-900.755496  dE=0.126142 eV
[SERVER] types_arr sample: (2, 0, 0)
[SERVER] species_map keys: [0, 1, 2, 3, 4]
  DELTA_QUERY comp=1 MOV mol_idx=62 natoms=3 n_stored=65
    E_full=-8990.743107  E_ads=-900.751777  E_cur=-8990.728761  E_ads_cur=-900.755496  dE=-0.018065 eV
  COMMIT_MOVE comp=1 mol_idx=62  E_current=-8990.743107  E_ads_current=-900.751777 eV
[SERVER] types_arr sample: (2, 0, 0)
[SERVER] species_map keys: [0, 1, 2, 3, 4]
  DELTA_QUERY comp=1 MOV mol_idx=54 natoms=3 n_stored=65
    E_full=-8989.699827  E_ads=-901.031786  E_cur=-8990.743107  E_ads_cur=-900.751777  dE=1.323288 eV
[SERVER] types_arr sample: (2, 0, 0)
[SERVER] species_map keys: [0, 1, 2, 3, 4]
  DELTA_QUERY comp=1 MOV mol_idx=4 natoms=3 n_stored=65
    E_full=-8989.879095  E_ads=-900.769487  E_cur=-8990.743107  E_ads_cur=-900.751777  dE=0.881722 eV
[SERVER] types_arr sample: (2, 0, 0)
[SERVER] species_map keys: [0, 1, 2, 3, 4]
  DELTA_QUERY comp=1 MOV mol_idx=43 natoms=3 n_stored=65
    E_full=-8990.729602  E_ads=-900.752005  E_cur=-8990.743107  E_ads_cur=-900.751777  dE=0.013734 eV
  COMMIT_MOVE comp=1 mol_idx=43  E_current=-8990.729602  E_ads_current=-900.752005 eV
  DELTA_QUERY comp=1 DEL mol_idx=64 natoms=0 n_stored=65
    E_full=-8976.214087  E_ads=-886.542689  E_cur=-8990.729602  E_ads_cur=-900.752005  dE=0.306198 eV
[SERVER] types_arr sample: (2, 0, 0)
[SERVER] species_map keys: [0, 1, 2, 3, 4]
  DELTA_QUERY comp=1 MOV mol_idx=3 natoms=3 n_stored=65
    E_full=-8988.178651  E_ads=-901.065224  E_cur=-8990.729602  E_ads_cur=-900.752005  dE=2.864169 eV
  DELTA_QUERY comp=1 DEL mol_idx=47 natoms=0 n_stored=65
    E_full=-8976.223263  E_ads=-886.577747  E_cur=-8990.729602  E_ads_cur=-900.752005  dE=0.332081 eV
[SERVER] types_arr sample: (2, 0, 0)
[SERVER] species_map keys: [0, 1, 2, 3, 4]
  DELTA_QUERY comp=1 MOV mol_idx=39 natoms=3 n_stored=65
    E_full=-8990.750069  E_ads=-901.016869  E_cur=-8990.729602  E_ads_cur=-900.752005  dE=0.244396 eV
[SERVER] types_arr sample: (2, 0, 0)
[SERVER] species_map keys: [0, 1, 2, 3, 4]
  DELTA_QUERY comp=1 MOV mol_idx=16 natoms=3 n_stored=65
    E_full=-8990.179933  E_ads=-900.864066  E_cur=-8990.729602  E_ads_cur=-900.752005  dE=0.661729 eV
[SERVER] types_arr sample: (2, 0, 0)
[SERVER] species_map keys: [0, 1, 2, 3, 4]
  DELTA_QUERY comp=1 MOV mol_idx=19 natoms=3 n_stored=65
    E_full=-8988.884395  E_ads=-899.406268  E_cur=-8990.729602  E_ads_cur=-900.752005  dE=0.499469 eV
[SERVER] types_arr sample: (2, 0, 0)
[SERVER] species_map keys: [0, 1, 2, 3, 4]
  DELTA_QUERY comp=1 MOV mol_idx=25 natoms=3 n_stored=65
    E_full=-8990.675201  E_ads=-900.737918  E_cur=-8990.729602  E_ads_cur=-900.752005  dE=0.040313 eV
[SERVER] types_arr sample: (2, 0, 0)
[SERVER] species_map keys: [0, 1, 2, 3, 4]
  DELTA_QUERY comp=1 MOV mol_idx=5 natoms=3 n_stored=65
    E_full=-8990.729348  E_ads=-900.752665  E_cur=-8990.729602  E_ads_cur=-900.752005  dE=0.000913 eV
  COMMIT_MOVE comp=1 mol_idx=5  E_current=-8990.729348  E_ads_current=-900.752665 eV
[SERVER] types_arr sample: (2, 0, 0)
[SERVER] species_map keys: [0, 1, 2, 3, 4]
  DELTA_QUERY comp=1 MOV mol_idx=48 natoms=3 n_stored=65
    E_full=-8988.541617  E_ads=-900.772466  E_cur=-8990.729348  E_ads_cur=-900.752665  dE=2.207532 eV
[SERVER] types_arr sample: (2, 0, 0)
[SERVER] species_map keys: [0, 1, 2, 3, 4]
  DELTA_QUERY comp=1 MOV mol_idx=50 natoms=3 n_stored=65
    E_full=-8990.601052  E_ads=-900.750314  E_cur=-8990.729348  E_ads_cur=-900.752665  dE=0.125946 eV
[SERVER] types_arr sample: (2, 0, 0)
[SERVER] species_map keys: [0, 1, 2, 3, 4]
  DELTA_QUERY comp=1 MOV mol_idx=38 natoms=3 n_stored=65
    E_full=-8990.031071  E_ads=-900.665618  E_cur=-8990.729348  E_ads_cur=-900.752665  dE=0.611231 eV
  DELTA_QUERY comp=1 DEL mol_idx=41 natoms=0 n_stored=65
    E_full=-8976.282260  E_ads=-886.971641  E_cur=-8990.729348  E_ads_cur=-900.752665  dE=0.666065 eV
[SERVER] types_arr sample: (2, 0, 0)
[SERVER] species_map keys: [0, 1, 2, 3, 4]
  DELTA_QUERY comp=1 MOV mol_idx=43 natoms=3 n_stored=65
    E_full=-8990.714508  E_ads=-900.752022  E_cur=-8990.729348  E_ads_cur=-900.752665  dE=0.014196 eV
[SERVER] types_arr sample: (2, 0, 0)
[SERVER] species_map keys: [0, 1, 2, 3, 4]
  DELTA_QUERY comp=1 MOV mol_idx=46 natoms=3 n_stored=65
    E_full=-8989.559943  E_ads=-900.346650  E_cur=-8990.729348  E_ads_cur=-900.752665  dE=0.763389 eV
[SERVER] types_arr sample: (2, 0, 0)
[SERVER] species_map keys: [0, 1, 2, 3, 4]
  DELTA_QUERY comp=1 MOV mol_idx=40 natoms=3 n_stored=65
    E_full=-8990.402329  E_ads=-900.597974  E_cur=-8990.729348  E_ads_cur=-900.752665  dE=0.172328 eV
[SERVER] types_arr sample: (2, 0, 0)
[SERVER] species_map keys: [0, 1, 2, 3, 4]
  DELTA_QUERY comp=1 MOV mol_idx=29 natoms=3 n_stored=65
    E_full=-8990.693719  E_ads=-900.752362  E_cur=-8990.729348  E_ads_cur=-900.752665  dE=0.035326 eV
[SERVER] types_arr sample: (2, 0, 0)
[SERVER] species_map keys: [0, 1, 2, 3, 4]
  DELTA_QUERY comp=1 MOV mol_idx=63 natoms=3 n_stored=65
    E_full=-8990.783376  E_ads=-900.911709  E_cur=-8990.729348  E_ads_cur=-900.752665  dE=0.105016 eV
  DELTA_QUERY comp=1 DEL mol_idx=2 natoms=0 n_stored=65
    E_full=-8976.225030  E_ads=-886.972778  E_cur=-8990.729348  E_ads_cur=-900.752665  dE=0.724432 eV
[SERVER] types_arr sample: (2, 0, 0)
[SERVER] species_map keys: [0, 1, 2, 3, 4]
  DELTA_QUERY comp=1 INS mol_idx=-1 natoms=3 n_stored=65
    E_full=-9004.322880  E_ads=-914.606710  E_cur=-8990.729348  E_ads_cur=-900.752665  dE=0.260514 eV
[SERVER] types_arr sample: (2, 0, 0)
[SERVER] species_map keys: [0, 1, 2, 3, 4]
  DELTA_QUERY comp=1 MOV mol_idx=10 natoms=3 n_stored=65
    E_full=-8990.711029  E_ads=-900.752480  E_cur=-8990.729348  E_ads_cur=-900.752665  dE=0.018134 eV
[SERVER] types_arr sample: (2, 0, 0)
[SERVER] species_map keys: [0, 1, 2, 3, 4]
  DELTA_QUERY comp=1 MOV mol_idx=20 natoms=3 n_stored=65
    E_full=-8990.355009  E_ads=-900.970257  E_cur=-8990.729348  E_ads_cur=-900.752665  dE=0.591931 eV
[SERVER] types_arr sample: (2, 0, 0)
[SERVER] species_map keys: [0, 1, 2, 3, 4]
  DELTA_QUERY comp=1 MOV mol_idx=53 natoms=3 n_stored=65
    E_full=-8990.671801  E_ads=-900.764517  E_cur=-8990.729348  E_ads_cur=-900.752665  dE=0.069399 eV
[SERVER] types_arr sample: (2, 0, 0)
[SERVER] species_map keys: [0, 1, 2, 3, 4]
  DELTA_QUERY comp=1 MOV mol_idx=10 natoms=3 n_stored=65
    E_full=-8990.764917  E_ads=-900.752737  E_cur=-8990.729348  E_ads_cur=-900.752665  dE=-0.035496 eV
  COMMIT_MOVE comp=1 mol_idx=10  E_current=-8990.764917  E_ads_current=-900.752737 eV
[SERVER] types_arr sample: (2, 0, 0)
[SERVER] species_map keys: [0, 1, 2, 3, 4]
  DELTA_QUERY comp=1 MOV mol_idx=8 natoms=3 n_stored=65
    E_full=-8990.405141  E_ads=-900.762103  E_cur=-8990.764917  E_ads_cur=-900.752737  dE=0.369141 eV
[SERVER] types_arr sample: (2, 0, 0)
[SERVER] species_map keys: [0, 1, 2, 3, 4]
  DELTA_QUERY comp=1 MOV mol_idx=31 natoms=3 n_stored=65
    E_full=-8990.465966  E_ads=-900.953001  E_cur=-8990.764917  E_ads_cur=-900.752737  dE=0.499214 eV
[SERVER] types_arr sample: (2, 0, 0)
[SERVER] species_map keys: [0, 1, 2, 3, 4]
  DELTA_QUERY comp=1 MOV mol_idx=32 natoms=3 n_stored=65
    E_full=-8990.271483  E_ads=-900.774907  E_cur=-8990.764917  E_ads_cur=-900.752737  dE=0.515603 eV
[SERVER] types_arr sample: (2, 0, 0)
[SERVER] species_map keys: [0, 1, 2, 3, 4]
  DELTA_QUERY comp=1 MOV mol_idx=17 natoms=3 n_stored=65
    E_full=-8987.899495  E_ads=-898.352592  E_cur=-8990.764917  E_ads_cur=-900.752737  dE=0.465276 eV
[SERVER] types_arr sample: (2, 0, 0)
[SERVER] species_map keys: [0, 1, 2, 3, 4]
  DELTA_QUERY comp=1 MOV mol_idx=0 natoms=3 n_stored=65
    E_full=-8990.526767  E_ads=-900.868456  E_cur=-8990.764917  E_ads_cur=-900.752737  dE=0.353868 eV
[SERVER] types_arr sample: (2, 0, 0)
[SERVER] species_map keys: [0, 1, 2, 3, 4]
  DELTA_QUERY comp=1 MOV mol_idx=26 natoms=3 n_stored=65
    E_full=-8990.743843  E_ads=-900.756467  E_cur=-8990.764917  E_ads_cur=-900.752737  dE=0.024803 eV
  COMMIT_MOVE comp=1 mol_idx=26  E_current=-8990.743843  E_ads_current=-900.756467 eV
[SERVER] types_arr sample: (2, 0, 0)
[SERVER] species_map keys: [0, 1, 2, 3, 4]
  DELTA_QUERY comp=1 MOV mol_idx=10 natoms=3 n_stored=65
    E_full=-8990.188371  E_ads=-901.462333  E_cur=-8990.743843  E_ads_cur=-900.756467  dE=1.261339 eV
[SERVER] types_arr sample: (2, 0, 0)
[SERVER] species_map keys: [0, 1, 2, 3, 4]
  DELTA_QUERY comp=1 MOV mol_idx=60 natoms=3 n_stored=65
    E_full=-8990.930930  E_ads=-900.787176  E_cur=-8990.743843  E_ads_cur=-900.756467  dE=-0.156377 eV
  COMMIT_MOVE comp=1 mol_idx=60  E_current=-8990.930930  E_ads_current=-900.787176 eV
[SERVER] types_arr sample: (2, 0, 0)
[SERVER] species_map keys: [0, 1, 2, 3, 4]
  DELTA_QUERY comp=1 MOV mol_idx=41 natoms=3 n_stored=65
    E_full=-8990.056961  E_ads=-900.806120  E_cur=-8990.930930  E_ads_cur=-900.787176  dE=0.892913 eV
[SERVER] types_arr sample: (2, 0, 0)
[SERVER] species_map keys: [0, 1, 2, 3, 4]
  DELTA_QUERY comp=1 MOV mol_idx=34 natoms=3 n_stored=65
    E_full=-8990.511467  E_ads=-901.229880  E_cur=-8990.930930  E_ads_cur=-900.787176  dE=0.862166 eV
[SERVER] types_arr sample: (2, 0, 0)
[SERVER] species_map keys: [0, 1, 2, 3, 4]
  DELTA_QUERY comp=1 INS mol_idx=-1 natoms=3 n_stored=65
    E_full=-9003.964143  E_ads=-914.297154  E_cur=-8990.930930  E_ads_cur=-900.787176  dE=0.476764 eV
[SERVER] types_arr sample: (2, 0, 0)
[SERVER] species_map keys: [0, 1, 2, 3, 4]
  DELTA_QUERY comp=1 MOV mol_idx=41 natoms=3 n_stored=65
    E_full=-8990.928211  E_ads=-900.787105  E_cur=-8990.930930  E_ads_cur=-900.787176  dE=0.002647 eV
  COMMIT_MOVE comp=1 mol_idx=41  E_current=-8990.928211  E_ads_current=-900.787105 eV
[SERVER] types_arr sample: (2, 0, 0)
[SERVER] species_map keys: [0, 1, 2, 3, 4]
  DELTA_QUERY comp=1 MOV mol_idx=15 natoms=3 n_stored=65
    E_full=-8990.777357  E_ads=-900.627271  E_cur=-8990.928211  E_ads_cur=-900.787105  dE=-0.008980 eV
[SERVER] types_arr sample: (2, 0, 0)
[SERVER] species_map keys: [0, 1, 2, 3, 4]
  DELTA_QUERY comp=1 MOV mol_idx=64 natoms=3 n_stored=65
    E_full=-8990.724630  E_ads=-900.803622  E_cur=-8990.928211  E_ads_cur=-900.787105  dE=0.220098 eV
[SERVER] types_arr sample: (2, 0, 0)
[SERVER] species_map keys: [0, 1, 2, 3, 4]
  DELTA_QUERY comp=1 INS mol_idx=-1 natoms=3 n_stored=65
    E_full=-9005.229009  E_ads=-914.822242  E_cur=-8990.928211  E_ads_cur=-900.787105  dE=-0.265661 eV
  COMMIT_INSERT comp=1 n_stored=66  E_current=-9005.229009  E_ads_current=-914.822242 eV
[SERVER] types_arr sample: (2, 0, 0)
[SERVER] species_map keys: [0, 1, 2, 3, 4]
  DELTA_QUERY comp=1 MOV mol_idx=6 natoms=3 n_stored=66
    E_full=-9004.805244  E_ads=-914.855866  E_cur=-9005.229009  E_ads_cur=-914.822242  dE=0.457389 eV
[SERVER] types_arr sample: (2, 0, 0)
[SERVER] species_map keys: [0, 1, 2, 3, 4]
  DELTA_QUERY comp=1 MOV mol_idx=34 natoms=3 n_stored=66
    E_full=-9005.213066  E_ads=-914.834744  E_cur=-9005.229009  E_ads_cur=-914.822242  dE=0.028445 eV
  COMMIT_MOVE comp=1 mol_idx=34  E_current=-9005.213066  E_ads_current=-914.834744 eV
[SERVER] types_arr sample: (2, 0, 0)
[SERVER] species_map keys: [0, 1, 2, 3, 4]
  DELTA_QUERY comp=1 MOV mol_idx=14 natoms=3 n_stored=66
    E_full=-9005.245614  E_ads=-914.838309  E_cur=-9005.213066  E_ads_cur=-914.834744  dE=-0.028983 eV
  COMMIT_MOVE comp=1 mol_idx=14  E_current=-9005.245614  E_ads_current=-914.838309 eV
[SERVER] types_arr sample: (2, 0, 0)
[SERVER] species_map keys: [0, 1, 2, 3, 4]
  DELTA_QUERY comp=1 MOV mol_idx=60 natoms=3 n_stored=66
    E_full=-9004.744613  E_ads=-914.813187  E_cur=-9005.245614  E_ads_cur=-914.838309  dE=0.475879 eV
  DELTA_QUERY comp=1 DEL mol_idx=10 natoms=0 n_stored=66
    E_full=-8990.639408  E_ads=-901.060131  E_cur=-9005.245614  E_ads_cur=-914.838309  dE=0.828029 eV
[SERVER] types_arr sample: (2, 0, 0)
[SERVER] species_map keys: [0, 1, 2, 3, 4]
  DELTA_QUERY comp=1 MOV mol_idx=31 natoms=3 n_stored=66
    E_full=-9005.117166  E_ads=-914.846905  E_cur=-9005.245614  E_ads_cur=-914.838309  dE=0.137044 eV
[SERVER] types_arr sample: (2, 0, 0)
[SERVER] species_map keys: [0, 1, 2, 3, 4]
  DELTA_QUERY comp=1 INS mol_idx=-1 natoms=3 n_stored=66
    E_full=-9018.782483  E_ads=-929.085001  E_cur=-9005.245614  E_ads_cur=-914.838309  dE=0.709823 eV
[SERVER] types_arr sample: (2, 0, 0)
[SERVER] species_map keys: [0, 1, 2, 3, 4]
  DELTA_QUERY comp=1 INS mol_idx=-1 natoms=3 n_stored=66
    E_full=-9019.037245  E_ads=-928.369636  E_cur=-9005.245614  E_ads_cur=-914.838309  dE=-0.260304 eV
[SERVER] types_arr sample: (2, 0, 0)
[SERVER] species_map keys: [0, 1, 2, 3, 4]
  DELTA_QUERY comp=1 MOV mol_idx=33 natoms=3 n_stored=66
    E_full=-9005.116760  E_ads=-914.838284  E_cur=-9005.245614  E_ads_cur=-914.838309  dE=0.128829 eV
[SERVER] types_arr sample: (2, 0, 0)
[SERVER] species_map keys: [0, 1, 2, 3, 4]
  DELTA_QUERY comp=1 MOV mol_idx=59 natoms=3 n_stored=66
    E_full=-9005.303914  E_ads=-914.881258  E_cur=-9005.245614  E_ads_cur=-914.838309  dE=-0.015350 eV
  COMMIT_MOVE comp=1 mol_idx=59  E_current=-9005.303914  E_ads_current=-914.881258 eV
[SERVER] types_arr sample: (2, 0, 0)
[SERVER] species_map keys: [0, 1, 2, 3, 4]
  DELTA_QUERY comp=1 MOV mol_idx=45 natoms=3 n_stored=66
    E_full=-9004.233974  E_ads=-914.667127  E_cur=-9005.303914  E_ads_cur=-914.881258  dE=0.855808 eV
[SERVER] types_arr sample: (2, 0, 0)
[SERVER] species_map keys: [0, 1, 2, 3, 4]
  DELTA_QUERY comp=1 MOV mol_idx=21 natoms=3 n_stored=66
    E_full=-9005.250911  E_ads=-914.885686  E_cur=-9005.303914  E_ads_cur=-914.881258  dE=0.057430 eV
  COMMIT_MOVE comp=1 mol_idx=21  E_current=-9005.250911  E_ads_current=-914.885686 eV
[SERVER] types_arr sample: (2, 0, 0)
[SERVER] species_map keys: [0, 1, 2, 3, 4]
  DELTA_QUERY comp=1 MOV mol_idx=45 natoms=3 n_stored=66
    E_full=-9005.227360  E_ads=-914.925242  E_cur=-9005.250911  E_ads_cur=-914.885686  dE=0.063107 eV
  COMMIT_MOVE comp=1 mol_idx=45  E_current=-9005.227360  E_ads_current=-914.925242 eV
  DELTA_QUERY comp=1 DEL mol_idx=38 natoms=0 n_stored=66
    E_full=-8990.933594  E_ads=-900.942495  E_cur=-9005.227360  E_ads_cur=-914.925242  dE=0.311019 eV
[SERVER] types_arr sample: (2, 0, 0)
[SERVER] species_map keys: [0, 1, 2, 3, 4]
  DELTA_QUERY comp=1 MOV mol_idx=15 natoms=3 n_stored=66
    E_full=-9004.317095  E_ads=-914.944107  E_cur=-9005.227360  E_ads_cur=-914.925242  dE=0.929130 eV
[SERVER] types_arr sample: (2, 0, 0)
[SERVER] species_map keys: [0, 1, 2, 3, 4]
  DELTA_QUERY comp=1 MOV mol_idx=46 natoms=3 n_stored=66
    E_full=-9004.006392  E_ads=-914.641601  E_cur=-9005.227360  E_ads_cur=-914.925242  dE=0.937327 eV
[SERVER] types_arr sample: (2, 0, 0)
[SERVER] species_map keys: [0, 1, 2, 3, 4]
  DELTA_QUERY comp=1 MOV mol_idx=33 natoms=3 n_stored=66
    E_full=-9004.877434  E_ads=-915.427955  E_cur=-9005.227360  E_ads_cur=-914.925242  dE=0.852639 eV
[SERVER] types_arr sample: (2, 0, 0)
[SERVER] species_map keys: [0, 1, 2, 3, 4]
  DELTA_QUERY comp=1 INS mol_idx=-1 natoms=3 n_stored=66
    E_full=-9019.626960  E_ads=-929.389324  E_cur=-9005.227360  E_ads_cur=-914.925242  dE=0.064482 eV
[SERVER] types_arr sample: (2, 0, 0)
[SERVER] species_map keys: [0, 1, 2, 3, 4]
  DELTA_QUERY comp=1 MOV mol_idx=11 natoms=3 n_stored=66
    E_full=-9005.219019  E_ads=-914.930630  E_cur=-9005.227360  E_ads_cur=-914.925242  dE=0.013729 eV
  COMMIT_MOVE comp=1 mol_idx=11  E_current=-9005.219019  E_ads_current=-914.930630 eV
[SERVER] types_arr sample: (2, 0, 0)
[SERVER] species_map keys: [0, 1, 2, 3, 4]
  DELTA_QUERY comp=1 MOV mol_idx=61 natoms=3 n_stored=66
    E_full=-9005.150739  E_ads=-914.942469  E_cur=-9005.219019  E_ads_cur=-914.930630  dE=0.080119 eV
  DELTA_QUERY comp=1 DEL mol_idx=65 natoms=0 n_stored=66
    E_full=-8990.910536  E_ads=-900.892781  E_cur=-9005.219019  E_ads_cur=-914.930630  dE=0.270634 eV
[SERVER] types_arr sample: (2, 0, 0)
[SERVER] species_map keys: [0, 1, 2, 3, 4]
  DELTA_QUERY comp=1 MOV mol_idx=55 natoms=3 n_stored=66
    E_full=-9004.832751  E_ads=-914.968575  E_cur=-9005.219019  E_ads_cur=-914.930630  dE=0.424212 eV
[SERVER] types_arr sample: (2, 0, 0)
[SERVER] species_map keys: [0, 1, 2, 3, 4]
  DELTA_QUERY comp=1 MOV mol_idx=2 natoms=3 n_stored=66
    E_full=-9004.717860  E_ads=-914.997974  E_cur=-9005.219019  E_ads_cur=-914.930630  dE=0.568503 eV
[SERVER] types_arr sample: (2, 0, 0)
[SERVER] species_map keys: [0, 1, 2, 3, 4]
  DELTA_QUERY comp=1 MOV mol_idx=20 natoms=3 n_stored=66
    E_full=-9004.831609  E_ads=-914.924916  E_cur=-9005.219019  E_ads_cur=-914.930630  dE=0.381695 eV
[SERVER] types_arr sample: (2, 0, 0)
[SERVER] species_map keys: [0, 1, 2, 3, 4]
  DELTA_QUERY comp=1 MOV mol_idx=25 natoms=3 n_stored=66
    E_full=-9005.184473  E_ads=-914.902743  E_cur=-9005.219019  E_ads_cur=-914.930630  dE=0.006659 eV
[SERVER] types_arr sample: (2, 0, 0)
[SERVER] species_map keys: [0, 1, 2, 3, 4]
  DELTA_QUERY comp=1 MOV mol_idx=12 natoms=3 n_stored=66
    E_full=-9005.179380  E_ads=-914.929719  E_cur=-9005.219019  E_ads_cur=-914.930630  dE=0.038728 eV
[SERVER] types_arr sample: (2, 0, 0)
[SERVER] species_map keys: [0, 1, 2, 3, 4]
  DELTA_QUERY comp=1 MOV mol_idx=1 natoms=3 n_stored=66
    E_full=-9002.088728  E_ads=-914.693365  E_cur=-9005.219019  E_ads_cur=-914.930630  dE=2.893025 eV
[SERVER] types_arr sample: (2, 0, 0)
[SERVER] species_map keys: [0, 1, 2, 3, 4]
  DELTA_QUERY comp=1 MOV mol_idx=8 natoms=3 n_stored=66
    E_full=-9004.751397  E_ads=-915.332598  E_cur=-9005.219019  E_ads_cur=-914.930630  dE=0.869589 eV
[SERVER] types_arr sample: (2, 0, 0)
[SERVER] species_map keys: [0, 1, 2, 3, 4]
  DELTA_QUERY comp=1 MOV mol_idx=10 natoms=3 n_stored=66
    E_full=-9004.872852  E_ads=-915.024746  E_cur=-9005.219019  E_ads_cur=-914.930630  dE=0.440282 eV
[SERVER] types_arr sample: (2, 0, 0)
[SERVER] species_map keys: [0, 1, 2, 3, 4]
  DELTA_QUERY comp=1 MOV mol_idx=50 natoms=3 n_stored=66
    E_full=-9003.611364  E_ads=-914.862915  E_cur=-9005.219019  E_ads_cur=-914.930630  dE=1.539940 eV
[SERVER] types_arr sample: (2, 0, 0)
[SERVER] species_map keys: [0, 1, 2, 3, 4]
  DELTA_QUERY comp=1 INS mol_idx=-1 natoms=3 n_stored=66
    E_full=-9018.611991  E_ads=-928.806685  E_cur=-9005.219019  E_ads_cur=-914.930630  dE=0.483083 eV
[SERVER] types_arr sample: (2, 0, 0)
[SERVER] species_map keys: [0, 1, 2, 3, 4]
  DELTA_QUERY comp=1 MOV mol_idx=26 natoms=3 n_stored=66
    E_full=-9005.206660  E_ads=-915.098319  E_cur=-9005.219019  E_ads_cur=-914.930630  dE=0.180047 eV
[SERVER] types_arr sample: (2, 0, 0)
[SERVER] species_map keys: [0, 1, 2, 3, 4]
  DELTA_QUERY comp=1 MOV mol_idx=17 natoms=3 n_stored=66
    E_full=-9005.248386  E_ads=-915.004918  E_cur=-9005.219019  E_ads_cur=-914.930630  dE=0.044920 eV
[SERVER] types_arr sample: (2, 0, 0)
[SERVER] species_map keys: [0, 1, 2, 3, 4]
  DELTA_QUERY comp=1 MOV mol_idx=15 natoms=3 n_stored=66
    E_full=-9004.407878  E_ads=-915.083218  E_cur=-9005.219019  E_ads_cur=-914.930630  dE=0.963729 eV
[SERVER] types_arr sample: (2, 0, 0)
[SERVER] species_map keys: [0, 1, 2, 3, 4]
  DELTA_QUERY comp=1 MOV mol_idx=58 natoms=3 n_stored=66
    E_full=-9005.247440  E_ads=-914.956543  E_cur=-9005.219019  E_ads_cur=-914.930630  dE=-0.002507 eV
  COMMIT_MOVE comp=1 mol_idx=58  E_current=-9005.247440  E_ads_current=-914.956543 eV
[SERVER] types_arr sample: (2, 0, 0)
[SERVER] species_map keys: [0, 1, 2, 3, 4]
  DELTA_QUERY comp=1 MOV mol_idx=18 natoms=3 n_stored=66
    E_full=-9005.037820  E_ads=-915.226307  E_cur=-9005.247440  E_ads_cur=-914.956543  dE=0.479384 eV
[SERVER] types_arr sample: (2, 0, 0)
[SERVER] species_map keys: [0, 1, 2, 3, 4]
  DELTA_QUERY comp=1 MOV mol_idx=25 natoms=3 n_stored=66
    E_full=-9005.029194  E_ads=-914.585486  E_cur=-9005.247440  E_ads_cur=-914.956543  dE=-0.152812 eV
  COMMIT_MOVE comp=1 mol_idx=25  E_current=-9005.029194  E_ads_current=-914.585486 eV
[SERVER] types_arr sample: (2, 0, 0)
[SERVER] species_map keys: [0, 1, 2, 3, 4]
  DELTA_QUERY comp=1 MOV mol_idx=2 natoms=3 n_stored=66
    E_full=-9005.067277  E_ads=-914.592808  E_cur=-9005.029194  E_ads_cur=-914.585486  dE=-0.030760 eV
  COMMIT_MOVE comp=1 mol_idx=2  E_current=-9005.067277  E_ads_current=-914.592808 eV
[SERVER] types_arr sample: (2, 0, 0)
[SERVER] species_map keys: [0, 1, 2, 3, 4]
  DELTA_QUERY comp=1 INS mol_idx=-1 natoms=3 n_stored=66
    E_full=-9019.482500  E_ads=-928.589397  E_cur=-9005.067277  E_ads_cur=-914.592808  dE=-0.418634 eV
  COMMIT_INSERT comp=1 n_stored=67  E_current=-9019.482500  E_ads_current=-928.589397 eV
  DELTA_QUERY comp=1 DEL mol_idx=40 natoms=0 n_stored=67
    E_full=-9004.874686  E_ads=-914.375819  E_cur=-9019.482500  E_ads_cur=-928.589397  dE=0.394236 eV
[SERVER] types_arr sample: (2, 0, 0)
[SERVER] species_map keys: [0, 1, 2, 3, 4]
  DELTA_QUERY comp=1 MOV mol_idx=50 natoms=3 n_stored=67
    E_full=-9018.813385  E_ads=-928.840273  E_cur=-9019.482500  E_ads_cur=-928.589397  dE=0.919990 eV
[SERVER] types_arr sample: (2, 0, 0)
[SERVER] species_map keys: [0, 1, 2, 3, 4]
  DELTA_QUERY comp=1 MOV mol_idx=26 natoms=3 n_stored=67
    E_full=-9019.450249  E_ads=-928.598984  E_cur=-9019.482500  E_ads_cur=-928.589397  dE=0.041838 eV
  COMMIT_MOVE comp=1 mol_idx=26  E_current=-9019.450249  E_ads_current=-928.598984 eV
  DELTA_QUERY comp=1 DEL mol_idx=12 natoms=0 n_stored=67
    E_full=-9004.822297  E_ads=-914.601736  E_cur=-9019.450249  E_ads_cur=-928.598984  dE=0.630704 eV
[SERVER] types_arr sample: (2, 0, 0)
[SERVER] species_map keys: [0, 1, 2, 3, 4]
  DELTA_QUERY comp=1 INS mol_idx=-1 natoms=3 n_stored=67
    E_full=-9033.113345  E_ads=-942.638309  E_cur=-9019.450249  E_ads_cur=-928.598984  dE=0.376228 eV
[SERVER] types_arr sample: (2, 0, 0)
[SERVER] species_map keys: [0, 1, 2, 3, 4]
  DELTA_QUERY comp=1 INS mol_idx=-1 natoms=3 n_stored=67
    E_full=-9031.597918  E_ads=-942.792200  E_cur=-9019.450249  E_ads_cur=-928.598984  dE=2.045548 eV
[SERVER] types_arr sample: (2, 0, 0)
[SERVER] species_map keys: [0, 1, 2, 3, 4]
  DELTA_QUERY comp=1 INS mol_idx=-1 natoms=3 n_stored=67
    E_full=-9033.238659  E_ads=-942.427200  E_cur=-9019.450249  E_ads_cur=-928.598984  dE=0.039806 eV
[SERVER] types_arr sample: (2, 0, 0)
[SERVER] species_map keys: [0, 1, 2, 3, 4]
  DELTA_QUERY comp=1 MOV mol_idx=18 natoms=3 n_stored=67
    E_full=-9019.397970  E_ads=-928.598724  E_cur=-9019.450249  E_ads_cur=-928.598984  dE=0.052018 eV
  COMMIT_MOVE comp=1 mol_idx=18  E_current=-9019.397970  E_ads_current=-928.598724 eV
[SERVER] types_arr sample: (2, 0, 0)
[SERVER] species_map keys: [0, 1, 2, 3, 4]
  DELTA_QUERY comp=1 MOV mol_idx=10 natoms=3 n_stored=67
    E_full=-9018.359406  E_ads=-928.602427  E_cur=-9019.397970  E_ads_cur=-928.598724  dE=1.042268 eV
  DELTA_QUERY comp=1 DEL mol_idx=6 natoms=0 n_stored=67
    E_full=-9004.842506  E_ads=-914.769599  E_cur=-9019.397970  E_ads_cur=-928.598724  dE=0.726340 eV
[SERVER] types_arr sample: (2, 0, 0)
[SERVER] species_map keys: [0, 1, 2, 3, 4]
  DELTA_QUERY comp=1 MOV mol_idx=5 natoms=3 n_stored=67
    E_full=-9019.405396  E_ads=-928.600243  E_cur=-9019.397970  E_ads_cur=-928.598724  dE=-0.005906 eV
  COMMIT_MOVE comp=1 mol_idx=5  E_current=-9019.405396  E_ads_current=-928.600243 eV
[SERVER] types_arr sample: (2, 0, 0)
[SERVER] species_map keys: [0, 1, 2, 3, 4]
  DELTA_QUERY comp=1 MOV mol_idx=12 natoms=3 n_stored=67
    E_full=-9019.402041  E_ads=-928.600190  E_cur=-9019.405396  E_ads_cur=-928.600243  dE=0.003303 eV
  COMMIT_MOVE comp=1 mol_idx=12  E_current=-9019.402041  E_ads_current=-928.600190 eV
[SERVER] types_arr sample: (2, 0, 0)
[SERVER] species_map keys: [0, 1, 2, 3, 4]
  DELTA_QUERY comp=1 MOV mol_idx=13 natoms=3 n_stored=67
    E_full=-9019.348106  E_ads=-928.601034  E_cur=-9019.402041  E_ads_cur=-928.600190  dE=0.054779 eV
[SERVER] types_arr sample: (2, 0, 0)
[SERVER] species_map keys: [0, 1, 2, 3, 4]
  DELTA_QUERY comp=1 MOV mol_idx=56 natoms=3 n_stored=67
    E_full=-9019.307990  E_ads=-928.505713  E_cur=-9019.402041  E_ads_cur=-928.600190  dE=-0.000426 eV
[SERVER] types_arr sample: (2, 0, 0)
[SERVER] species_map keys: [0, 1, 2, 3, 4]
  DELTA_QUERY comp=1 MOV mol_idx=40 natoms=3 n_stored=67
    E_full=-9018.858097  E_ads=-928.801431  E_cur=-9019.402041  E_ads_cur=-928.600190  dE=0.745185 eV
[SERVER] types_arr sample: (2, 0, 0)
[SERVER] species_map keys: [0, 1, 2, 3, 4]
  DELTA_QUERY comp=1 MOV mol_idx=52 natoms=3 n_stored=67
    E_full=-9019.003850  E_ads=-928.603129  E_cur=-9019.402041  E_ads_cur=-928.600190  dE=0.401130 eV
  DELTA_QUERY comp=1 DEL mol_idx=20 natoms=0 n_stored=67
    E_full=-9004.890459  E_ads=-914.727265  E_cur=-9019.402041  E_ads_cur=-928.600190  dE=0.638656 eV
[SERVER] types_arr sample: (2, 0, 0)
[SERVER] species_map keys: [0, 1, 2, 3, 4]
  DELTA_QUERY comp=1 MOV mol_idx=49 natoms=3 n_stored=67
    E_full=-9018.861079  E_ads=-928.687551  E_cur=-9019.402041  E_ads_cur=-928.600190  dE=0.628323 eV
[SERVER] types_arr sample: (2, 0, 0)
[SERVER] species_map keys: [0, 1, 2, 3, 4]
  DELTA_QUERY comp=1 MOV mol_idx=57 natoms=3 n_stored=67
    E_full=-9017.480185  E_ads=-928.534065  E_cur=-9019.402041  E_ads_cur=-928.600190  dE=1.855731 eV
[SERVER] types_arr sample: (2, 0, 0)
[SERVER] species_map keys: [0, 1, 2, 3, 4]
  DELTA_QUERY comp=1 MOV mol_idx=9 natoms=3 n_stored=67
    E_full=-9018.597471  E_ads=-928.889528  E_cur=-9019.402041  E_ads_cur=-928.600190  dE=1.093908 eV
[SERVER] types_arr sample: (2, 0, 0)
[SERVER] species_map keys: [0, 1, 2, 3, 4]
  DELTA_QUERY comp=1 MOV mol_idx=51 natoms=3 n_stored=67
    E_full=-9019.362347  E_ads=-928.602120  E_cur=-9019.402041  E_ads_cur=-928.600190  dE=0.041623 eV
  DELTA_QUERY comp=1 DEL mol_idx=63 natoms=0 n_stored=67
    E_full=-9005.151349  E_ads=-914.610158  E_cur=-9019.402041  E_ads_cur=-928.600190  dE=0.260660 eV
  COMMIT_DELETE comp=1 mol_idx=63 n_stored=66  E_current=-9005.151349  E_ads_current=-914.610158 eV
[SERVER] types_arr sample: (2, 0, 0)
[SERVER] species_map keys: [0, 1, 2, 3, 4]
  DELTA_QUERY comp=1 MOV mol_idx=31 natoms=3 n_stored=66
    E_full=-9005.074409  E_ads=-914.610351  E_cur=-9005.151349  E_ads_cur=-914.610158  dE=0.077133 eV
[SERVER] types_arr sample: (2, 0, 0)
[SERVER] species_map keys: [0, 1, 2, 3, 4]
  DELTA_QUERY comp=1 INS mol_idx=-1 natoms=3 n_stored=66
    E_full=-9018.783705  E_ads=-929.011896  E_cur=-9005.151349  E_ads_cur=-914.610158  dE=0.769382 eV
[SERVER] types_arr sample: (2, 0, 0)
[SERVER] species_map keys: [0, 1, 2, 3, 4]
  DELTA_QUERY comp=1 MOV mol_idx=38 natoms=3 n_stored=66
    E_full=-9004.935641  E_ads=-914.608618  E_cur=-9005.151349  E_ads_cur=-914.610158  dE=0.214168 eV
[SERVER] types_arr sample: (2, 0, 0)
[SERVER] species_map keys: [0, 1, 2, 3, 4]
  DELTA_QUERY comp=1 MOV mol_idx=49 natoms=3 n_stored=66
    E_full=-9005.082583  E_ads=-914.630990  E_cur=-9005.151349  E_ads_cur=-914.610158  dE=0.089598 eV
[SERVER] types_arr sample: (2, 0, 0)
[SERVER] species_map keys: [0, 1, 2, 3, 4]
  DELTA_QUERY comp=1 MOV mol_idx=16 natoms=3 n_stored=66
    E_full=-9003.494510  E_ads=-914.604803  E_cur=-9005.151349  E_ads_cur=-914.610158  dE=1.651484 eV
[SERVER] types_arr sample: (2, 0, 0)
[SERVER] species_map keys: [0, 1, 2, 3, 4]
  DELTA_QUERY comp=1 MOV mol_idx=11 natoms=3 n_stored=66
    E_full=-9004.494171  E_ads=-914.905187  E_cur=-9005.151349  E_ads_cur=-914.610158  dE=0.952207 eV
[SERVER] types_arr sample: (2, 0, 0)
[SERVER] species_map keys: [0, 1, 2, 3, 4]
  DELTA_QUERY comp=1 MOV mol_idx=32 natoms=3 n_stored=66
    E_full=-9004.259681  E_ads=-915.027465  E_cur=-9005.151349  E_ads_cur=-914.610158  dE=1.308975 eV
[SERVER] types_arr sample: (2, 0, 0)
[SERVER] species_map keys: [0, 1, 2, 3, 4]
  DELTA_QUERY comp=1 INS mol_idx=-1 natoms=3 n_stored=66
    E_full=-9019.633222  E_ads=-928.634662  E_cur=-9005.151349  E_ads_cur=-914.610158  dE=-0.457369 eV
  COMMIT_INSERT comp=1 n_stored=67  E_current=-9019.633222  E_ads_current=-928.634662 eV
[SERVER] types_arr sample: (2, 0, 0)
[SERVER] species_map keys: [0, 1, 2, 3, 4]
  DELTA_QUERY comp=1 MOV mol_idx=36 natoms=3 n_stored=67
    E_full=-9017.964156  E_ads=-928.383695  E_cur=-9019.633222  E_ads_cur=-928.634662  dE=1.418098 eV
[SERVER] types_arr sample: (2, 0, 0)
[SERVER] species_map keys: [0, 1, 2, 3, 4]
  DELTA_QUERY comp=1 MOV mol_idx=31 natoms=3 n_stored=67
    E_full=-9019.544598  E_ads=-928.630328  E_cur=-9019.633222  E_ads_cur=-928.634662  dE=0.084290 eV
[SERVER] types_arr sample: (2, 0, 0)
[SERVER] species_map keys: [0, 1, 2, 3, 4]
  DELTA_QUERY comp=1 INS mol_idx=-1 natoms=3 n_stored=67
    E_full=-9033.618755  E_ads=-942.697012  E_cur=-9019.633222  E_ads_cur=-928.634662  dE=0.076816 eV
[SERVER] types_arr sample: (2, 0, 0)
[SERVER] species_map keys: [0, 1, 2, 3, 4]
  DELTA_QUERY comp=1 MOV mol_idx=1 natoms=3 n_stored=67
    E_full=-9019.607261  E_ads=-928.654047  E_cur=-9019.633222  E_ads_cur=-928.634662  dE=0.045346 eV
  COMMIT_MOVE comp=1 mol_idx=1  E_current=-9019.607261  E_ads_current=-928.654047 eV
[SERVER] types_arr sample: (2, 0, 0)
[SERVER] species_map keys: [0, 1, 2, 3, 4]
  DELTA_QUERY comp=1 MOV mol_idx=7 natoms=3 n_stored=67
    E_full=-9019.590569  E_ads=-928.653649  E_cur=-9019.607261  E_ads_cur=-928.654047  dE=0.016294 eV
[SERVER] types_arr sample: (2, 0, 0)
[SERVER] species_map keys: [0, 1, 2, 3, 4]
  DELTA_QUERY comp=1 MOV mol_idx=37 natoms=3 n_stored=67
    E_full=-9019.522662  E_ads=-928.654349  E_cur=-9019.607261  E_ads_cur=-928.654047  dE=0.084902 eV
  DELTA_QUERY comp=1 DEL mol_idx=29 natoms=0 n_stored=67
    E_full=-9005.108900  E_ads=-914.804510  E_cur=-9019.607261  E_ads_cur=-928.654047  dE=0.648824 eV
[SERVER] types_arr sample: (2, 0, 0)
[SERVER] species_map keys: [0, 1, 2, 3, 4]
  DELTA_QUERY comp=1 MOV mol_idx=0 natoms=3 n_stored=67
    E_full=-9018.211121  E_ads=-927.285779  E_cur=-9019.607261  E_ads_cur=-928.654047  dE=0.027872 eV
[SERVER] types_arr sample: (2, 0, 0)
[SERVER] species_map keys: [0, 1, 2, 3, 4]
  DELTA_QUERY comp=1 MOV mol_idx=64 natoms=3 n_stored=67
    E_full=-9019.567435  E_ads=-928.637082  E_cur=-9019.607261  E_ads_cur=-928.654047  dE=0.022861 eV
[SERVER] types_arr sample: (2, 0, 0)
[SERVER] species_map keys: [0, 1, 2, 3, 4]
  DELTA_QUERY comp=1 MOV mol_idx=33 natoms=3 n_stored=67
    E_full=-9019.056630  E_ads=-928.655727  E_cur=-9019.607261  E_ads_cur=-928.654047  dE=0.552311 eV
[SERVER] types_arr sample: (2, 0, 0)
[SERVER] species_map keys: [0, 1, 2, 3, 4]
  DELTA_QUERY comp=1 MOV mol_idx=11 natoms=3 n_stored=67
    E_full=-9019.567472  E_ads=-928.663388  E_cur=-9019.607261  E_ads_cur=-928.654047  dE=0.049130 eV
[SERVER] types_arr sample: (2, 0, 0)
[SERVER] species_map keys: [0, 1, 2, 3, 4]
  DELTA_QUERY comp=1 MOV mol_idx=22 natoms=3 n_stored=67
    E_full=-9019.463465  E_ads=-929.122190  E_cur=-9019.607261  E_ads_cur=-928.654047  dE=0.611939 eV
[SERVER] types_arr sample: (2, 0, 0)
[SERVER] species_map keys: [0, 1, 2, 3, 4]
  DELTA_QUERY comp=1 MOV mol_idx=57 natoms=3 n_stored=67
    E_full=-9019.570991  E_ads=-928.637900  E_cur=-9019.607261  E_ads_cur=-928.654047  dE=0.020123 eV
  COMMIT_MOVE comp=1 mol_idx=57  E_current=-9019.570991  E_ads_current=-928.637900 eV
[SERVER] types_arr sample: (2, 0, 0)
[SERVER] species_map keys: [0, 1, 2, 3, 4]
  DELTA_QUERY comp=1 MOV mol_idx=9 natoms=3 n_stored=67
    E_full=-9019.505821  E_ads=-928.702948  E_cur=-9019.570991  E_ads_cur=-928.637900  dE=0.130219 eV
  COMMIT_MOVE comp=1 mol_idx=9  E_current=-9019.505821  E_ads_current=-928.702948 eV
  DELTA_QUERY comp=1 DEL mol_idx=18 natoms=0 n_stored=67
    E_full=-9005.026412  E_ads=-914.881606  E_cur=-9019.505821  E_ads_cur=-928.702948  dE=0.658067 eV
[SERVER] types_arr sample: (2, 0, 0)
[SERVER] species_map keys: [0, 1, 2, 3, 4]
  DELTA_QUERY comp=1 MOV mol_idx=4 natoms=3 n_stored=67
    E_full=-9019.077213  E_ads=-928.707611  E_cur=-9019.505821  E_ads_cur=-928.702948  dE=0.433270 eV
[SERVER] types_arr sample: (2, 0, 0)
[SERVER] species_map keys: [0, 1, 2, 3, 4]
  DELTA_QUERY comp=1 MOV mol_idx=35 natoms=3 n_stored=67
    E_full=-9017.802718  E_ads=-928.783257  E_cur=-9019.505821  E_ads_cur=-928.702948  dE=1.783412 eV
  DELTA_QUERY comp=1 DEL mol_idx=51 natoms=0 n_stored=67
    E_full=-9005.096286  E_ads=-914.924837  E_cur=-9019.505821  E_ads_cur=-928.702948  dE=0.631423 eV
  DELTA_QUERY comp=1 DEL mol_idx=63 natoms=0 n_stored=67
    E_full=-9005.091855  E_ads=-914.706408  E_cur=-9019.505821  E_ads_cur=-928.702948  dE=0.417426 eV
[SERVER] types_arr sample: (2, 0, 0)
[SERVER] species_map keys: [0, 1, 2, 3, 4]
  DELTA_QUERY comp=1 MOV mol_idx=22 natoms=3 n_stored=67
    E_full=-9019.571141  E_ads=-928.703433  E_cur=-9019.505821  E_ads_cur=-928.702948  dE=-0.064835 eV
  COMMIT_MOVE comp=1 mol_idx=22  E_current=-9019.571141  E_ads_current=-928.703433 eV
  DELTA_QUERY comp=1 DEL mol_idx=60 natoms=0 n_stored=67
    E_full=-9005.057560  E_ads=-914.525523  E_cur=-9019.571141  E_ads_cur=-928.703433  dE=0.335671 eV
  DELTA_QUERY comp=1 DEL mol_idx=1 natoms=0 n_stored=67
    E_full=-9004.894565  E_ads=-914.481311  E_cur=-9019.571141  E_ads_cur=-928.703433  dE=0.454454 eV
[SERVER] types_arr sample: (2, 0, 0)
[SERVER] species_map keys: [0, 1, 2, 3, 4]
  DELTA_QUERY comp=1 MOV mol_idx=48 natoms=3 n_stored=67
    E_full=-9019.586623  E_ads=-929.322541  E_cur=-9019.571141  E_ads_cur=-928.703433  dE=0.603626 eV
  DELTA_QUERY comp=1 DEL mol_idx=28 natoms=0 n_stored=67
    E_full=-9005.157074  E_ads=-914.748194  E_cur=-9019.571141  E_ads_cur=-928.703433  dE=0.458828 eV
  DELTA_QUERY comp=1 DEL mol_idx=17 natoms=0 n_stored=67
    E_full=-9005.147078  E_ads=-914.684926  E_cur=-9019.571141  E_ads_cur=-928.703433  dE=0.405555 eV
  DELTA_QUERY comp=1 DEL mol_idx=56 natoms=0 n_stored=67
    E_full=-9005.087741  E_ads=-914.602419  E_cur=-9019.571141  E_ads_cur=-928.703433  dE=0.382385 eV
  DELTA_QUERY comp=1 DEL mol_idx=20 natoms=0 n_stored=67
    E_full=-9005.061327  E_ads=-914.832016  E_cur=-9019.571141  E_ads_cur=-928.703433  dE=0.638397 eV
[SERVER] types_arr sample: (2, 0, 0)
[SERVER] species_map keys: [0, 1, 2, 3, 4]
  DELTA_QUERY comp=1 MOV mol_idx=50 natoms=3 n_stored=67
    E_full=-9019.568324  E_ads=-928.703763  E_cur=-9019.571141  E_ads_cur=-928.703433  dE=0.003146 eV
  COMMIT_MOVE comp=1 mol_idx=50  E_current=-9019.568324  E_ads_current=-928.703763 eV
[SERVER] types_arr sample: (2, 0, 0)
[SERVER] species_map keys: [0, 1, 2, 3, 4]
  DELTA_QUERY comp=1 MOV mol_idx=4 natoms=3 n_stored=67
    E_full=-9019.597168  E_ads=-928.703763  E_cur=-9019.568324  E_ads_cur=-928.703763  dE=-0.028844 eV
  COMMIT_MOVE comp=1 mol_idx=4  E_current=-9019.597168  E_ads_current=-928.703763 eV
[SERVER] types_arr sample: (2, 0, 0)
[SERVER] species_map keys: [0, 1, 2, 3, 4]
  DELTA_QUERY comp=1 MOV mol_idx=40 natoms=3 n_stored=67
    E_full=-9017.963108  E_ads=-928.655920  E_cur=-9019.597168  E_ads_cur=-928.703763  dE=1.586218 eV
[SERVER] types_arr sample: (2, 0, 0)
[SERVER] species_map keys: [0, 1, 2, 3, 4]
  DELTA_QUERY comp=1 MOV mol_idx=66 natoms=3 n_stored=67
    E_full=-9019.433567  E_ads=-928.703267  E_cur=-9019.597168  E_ads_cur=-928.703763  dE=0.163105 eV
  DELTA_QUERY comp=1 DEL mol_idx=20 natoms=0 n_stored=67
    E_full=-9005.087347  E_ads=-914.832346  E_cur=-9019.597168  E_ads_cur=-928.703763  dE=0.638404 eV
[SERVER] types_arr sample: (2, 0, 0)
[SERVER] species_map keys: [0, 1, 2, 3, 4]
  DELTA_QUERY comp=1 MOV mol_idx=23 natoms=3 n_stored=67
    E_full=-9019.337466  E_ads=-928.758019  E_cur=-9019.597168  E_ads_cur=-928.703763  dE=0.313958 eV
[SERVER] types_arr sample: (2, 0, 0)
[SERVER] species_map keys: [0, 1, 2, 3, 4]
  DELTA_QUERY comp=1 MOV mol_idx=49 natoms=3 n_stored=67
    E_full=-9019.576455  E_ads=-928.729609  E_cur=-9019.597168  E_ads_cur=-928.703763  dE=0.046560 eV
  COMMIT_MOVE comp=1 mol_idx=49  E_current=-9019.576455  E_ads_current=-928.729609 eV
  DELTA_QUERY comp=1 DEL mol_idx=8 natoms=0 n_stored=67
    E_full=-9005.104667  E_ads=-914.940141  E_cur=-9019.576455  E_ads_cur=-928.729609  dE=0.682320 eV
  DELTA_QUERY comp=1 DEL mol_idx=37 natoms=0 n_stored=67
    E_full=-9005.014809  E_ads=-914.952069  E_cur=-9019.576455  E_ads_cur=-928.729609  dE=0.784106 eV
  DELTA_QUERY comp=1 DEL mol_idx=57 natoms=0 n_stored=67
    E_full=-9005.273377  E_ads=-914.665225  E_cur=-9019.576455  E_ads_cur=-928.729609  dE=0.238693 eV
  COMMIT_DELETE comp=1 mol_idx=57 n_stored=66  E_current=-9005.273377  E_ads_current=-914.665225 eV
[SERVER] types_arr sample: (2, 0, 0)
[SERVER] species_map keys: [0, 1, 2, 3, 4]
  DELTA_QUERY comp=1 MOV mol_idx=43 natoms=3 n_stored=66
    E_full=-9004.671168  E_ads=-915.120702  E_cur=-9005.273377  E_ads_cur=-914.665225  dE=1.057685 eV
[SERVER] types_arr sample: (2, 0, 0)
[SERVER] species_map keys: [0, 1, 2, 3, 4]
  DELTA_QUERY comp=1 MOV mol_idx=17 natoms=3 n_stored=66
    E_full=-9005.165337  E_ads=-914.956835  E_cur=-9005.273377  E_ads_cur=-914.665225  dE=0.399651 eV
[SERVER] types_arr sample: (2, 0, 0)
[SERVER] species_map keys: [0, 1, 2, 3, 4]
  DELTA_QUERY comp=1 MOV mol_idx=48 natoms=3 n_stored=66
    E_full=-9002.945934  E_ads=-914.861216  E_cur=-9005.273377  E_ads_cur=-914.665225  dE=2.523435 eV
[SERVER] types_arr sample: (2, 0, 0)
[SERVER] species_map keys: [0, 1, 2, 3, 4]
  DELTA_QUERY comp=1 MOV mol_idx=4 natoms=3 n_stored=66
    E_full=-9004.192684  E_ads=-914.668005  E_cur=-9005.273377  E_ads_cur=-914.665225  dE=1.083473 eV
[SERVER] types_arr sample: (2, 0, 0)
[SERVER] species_map keys: [0, 1, 2, 3, 4]
  DELTA_QUERY comp=1 MOV mol_idx=51 natoms=3 n_stored=66
    E_full=-9005.017209  E_ads=-914.840685  E_cur=-9005.273377  E_ads_cur=-914.665225  dE=0.431628 eV
[SERVER] types_arr sample: (2, 0, 0)
[SERVER] species_map keys: [0, 1, 2, 3, 4]
  DELTA_QUERY comp=1 MOV mol_idx=24 natoms=3 n_stored=66
    E_full=-9004.352052  E_ads=-914.306639  E_cur=-9005.273377  E_ads_cur=-914.665225  dE=0.562740 eV
[SERVER] types_arr sample: (2, 0, 0)
[SERVER] species_map keys: [0, 1, 2, 3, 4]
  DELTA_QUERY comp=1 MOV mol_idx=62 natoms=3 n_stored=66
    E_full=-9005.341314  E_ads=-914.661545  E_cur=-9005.273377  E_ads_cur=-914.665225  dE=-0.071617 eV
  COMMIT_MOVE comp=1 mol_idx=62  E_current=-9005.341314  E_ads_current=-914.661545 eV
[SERVER] types_arr sample: (2, 0, 0)
[SERVER] species_map keys: [0, 1, 2, 3, 4]
  DELTA_QUERY comp=1 MOV mol_idx=23 natoms=3 n_stored=66
    E_full=-9005.328278  E_ads=-915.030230  E_cur=-9005.341314  E_ads_cur=-914.661545  dE=0.381721 eV
[SERVER] types_arr sample: (2, 0, 0)
[SERVER] species_map keys: [0, 1, 2, 3, 4]
  DELTA_QUERY comp=1 MOV mol_idx=61 natoms=3 n_stored=66
    E_full=-9005.277038  E_ads=-914.670681  E_cur=-9005.341314  E_ads_cur=-914.661545  dE=0.073412 eV
[SERVER] types_arr sample: (2, 0, 0)
[SERVER] species_map keys: [0, 1, 2, 3, 4]
  DELTA_QUERY comp=1 MOV mol_idx=35 natoms=3 n_stored=66
    E_full=-9005.239149  E_ads=-914.660023  E_cur=-9005.341314  E_ads_cur=-914.661545  dE=0.100644 eV
[SERVER] types_arr sample: (2, 0, 0)
[SERVER] species_map keys: [0, 1, 2, 3, 4]
  DELTA_QUERY comp=1 MOV mol_idx=64 natoms=3 n_stored=66
    E_full=-9002.987036  E_ads=-914.598815  E_cur=-9005.341314  E_ads_cur=-914.661545  dE=2.291548 eV
  DELTA_QUERY comp=1 DEL mol_idx=63 natoms=0 n_stored=66
    E_full=-8990.927141  E_ads=-900.664391  E_cur=-9005.341314  E_ads_cur=-914.661545  dE=0.417020 eV
  DELTA_QUERY comp=1 DEL mol_idx=12 natoms=0 n_stored=66
    E_full=-8990.716016  E_ads=-900.663425  E_cur=-9005.341314  E_ads_cur=-914.661545  dE=0.627178 eV
[SERVER] types_arr sample: (2, 0, 0)
[SERVER] species_map keys: [0, 1, 2, 3, 4]
  DELTA_QUERY comp=1 INS mol_idx=-1 natoms=3 n_stored=66
    E_full=-9019.790758  E_ads=-928.838270  E_cur=-9005.341314  E_ads_cur=-914.661545  dE=-0.272719 eV
  COMMIT_INSERT comp=1 n_stored=67  E_current=-9019.790758  E_ads_current=-928.838270 eV
[SERVER] types_arr sample: (2, 0, 0)
[SERVER] species_map keys: [0, 1, 2, 3, 4]
  DELTA_QUERY comp=1 MOV mol_idx=45 natoms=3 n_stored=67
    E_full=-9019.705265  E_ads=-928.804150  E_cur=-9019.790758  E_ads_cur=-928.838270  dE=0.051372 eV
[SERVER] types_arr sample: (2, 0, 0)
[SERVER] species_map keys: [0, 1, 2, 3, 4]
  DELTA_QUERY comp=1 MOV mol_idx=39 natoms=3 n_stored=67
    E_full=-9019.824209  E_ads=-929.130171  E_cur=-9019.790758  E_ads_cur=-928.838270  dE=0.258450 eV
  DELTA_QUERY comp=1 DEL mol_idx=8 natoms=0 n_stored=67
    E_full=-9005.317608  E_ads=-915.048801  E_cur=-9019.790758  E_ads_cur=-928.838270  dE=0.683681 eV
[SERVER] types_arr sample: (2, 0, 0)
[SERVER] species_map keys: [0, 1, 2, 3, 4]
  DELTA_QUERY comp=1 MOV mol_idx=0 natoms=3 n_stored=67
    E_full=-9019.629930  E_ads=-928.829988  E_cur=-9019.790758  E_ads_cur=-928.838270  dE=0.152547 eV
[SERVER] types_arr sample: (2, 0, 0)
[SERVER] species_map keys: [0, 1, 2, 3, 4]
  DELTA_QUERY comp=1 MOV mol_idx=38 natoms=3 n_stored=67
    E_full=-9018.616311  E_ads=-928.977796  E_cur=-9019.790758  E_ads_cur=-928.838270  dE=1.313973 eV
[SERVER] types_arr sample: (2, 0, 0)
[SERVER] species_map keys: [0, 1, 2, 3, 4]
  DELTA_QUERY comp=1 MOV mol_idx=45 natoms=3 n_stored=67
    E_full=-9019.748357  E_ads=-928.851653  E_cur=-9019.790758  E_ads_cur=-928.838270  dE=0.055784 eV
[SERVER] types_arr sample: (2, 0, 0)
[SERVER] species_map keys: [0, 1, 2, 3, 4]
  DELTA_QUERY comp=1 INS mol_idx=-1 natoms=3 n_stored=67
    E_full=-9031.177670  E_ads=-943.170371  E_cur=-9019.790758  E_ads_cur=-928.838270  dE=2.945189 eV
[SERVER] types_arr sample: (2, 0, 0)
[SERVER] species_map keys: [0, 1, 2, 3, 4]
  DELTA_QUERY comp=1 MOV mol_idx=64 natoms=3 n_stored=67
    E_full=-9017.809240  E_ads=-928.359369  E_cur=-9019.790758  E_ads_cur=-928.838270  dE=1.502618 eV
[SERVER] types_arr sample: (2, 0, 0)
[SERVER] species_map keys: [0, 1, 2, 3, 4]
  DELTA_QUERY comp=1 MOV mol_idx=62 natoms=3 n_stored=67
    E_full=-9019.674631  E_ads=-929.291120  E_cur=-9019.790758  E_ads_cur=-928.838270  dE=0.568976 eV
[SERVER] types_arr sample: (2, 0, 0)
[SERVER] species_map keys: [0, 1, 2, 3, 4]
  DELTA_QUERY comp=1 MOV mol_idx=24 natoms=3 n_stored=67
    E_full=-9019.713325  E_ads=-928.853123  E_cur=-9019.790758  E_ads_cur=-928.838270  dE=0.092285 eV
[SERVER] types_arr sample: (2, 0, 0)
[SERVER] species_map keys: [0, 1, 2, 3, 4]
  DELTA_QUERY comp=1 INS mol_idx=-1 natoms=3 n_stored=67
    E_full=-9034.030594  E_ads=-943.017550  E_cur=-9019.790758  E_ads_cur=-928.838270  dE=-0.060556 eV
[SERVER] types_arr sample: (2, 0, 0)
[SERVER] species_map keys: [0, 1, 2, 3, 4]
  DELTA_QUERY comp=1 INS mol_idx=-1 natoms=3 n_stored=67
    E_full=-9033.001119  E_ads=-942.752816  E_cur=-9019.790758  E_ads_cur=-928.838270  dE=0.704185 eV
[SERVER] types_arr sample: (2, 0, 0)
[SERVER] species_map keys: [0, 1, 2, 3, 4]
  DELTA_QUERY comp=1 MOV mol_idx=58 natoms=3 n_stored=67
    E_full=-9019.742883  E_ads=-928.829062  E_cur=-9019.790758  E_ads_cur=-928.838270  dE=0.038667 eV
[SERVER] types_arr sample: (2, 0, 0)
[SERVER] species_map keys: [0, 1, 2, 3, 4]
  DELTA_QUERY comp=1 INS mol_idx=-1 natoms=3 n_stored=67
    E_full=-9031.202741  E_ads=-941.401735  E_cur=-9019.790758  E_ads_cur=-928.838270  dE=1.151482 eV
  DELTA_QUERY comp=1 DEL mol_idx=35 natoms=0 n_stored=67
    E_full=-9005.237924  E_ads=-915.004819  E_cur=-9019.790758  E_ads_cur=-928.838270  dE=0.719383 eV
[SERVER] types_arr sample: (2, 0, 0)
[SERVER] species_map keys: [0, 1, 2, 3, 4]
  DELTA_QUERY comp=1 MOV mol_idx=45 natoms=3 n_stored=67
    E_full=-9019.691644  E_ads=-928.826071  E_cur=-9019.790758  E_ads_cur=-928.838270  dE=0.086914 eV
[SERVER] types_arr sample: (2, 0, 0)
[SERVER] species_map keys: [0, 1, 2, 3, 4]
  DELTA_QUERY comp=1 INS mol_idx=-1 natoms=3 n_stored=67
    E_full=-9034.016556  E_ads=-943.052950  E_cur=-9019.790758  E_ads_cur=-928.838270  dE=-0.011118 eV
[SERVER] types_arr sample: (2, 0, 0)
[SERVER] species_map keys: [0, 1, 2, 3, 4]
  DELTA_QUERY comp=1 MOV mol_idx=34 natoms=3 n_stored=67
    E_full=-9019.518915  E_ads=-928.800237  E_cur=-9019.790758  E_ads_cur=-928.838270  dE=0.233810 eV
[SERVER] types_arr sample: (2, 0, 0)
[SERVER] species_map keys: [0, 1, 2, 3, 4]
  DELTA_QUERY comp=1 INS mol_idx=-1 natoms=3 n_stored=67
    E_full=-9033.950073  E_ads=-942.841595  E_cur=-9019.790758  E_ads_cur=-928.838270  dE=-0.155990 eV
  COMMIT_INSERT comp=1 n_stored=68  E_current=-9033.950073  E_ads_current=-942.841595 eV
[SERVER] types_arr sample: (2, 0, 0)
[SERVER] species_map keys: [0, 1, 2, 3, 4]
  DELTA_QUERY comp=1 MOV mol_idx=54 natoms=3 n_stored=68
    E_full=-9033.924784  E_ads=-942.846214  E_cur=-9033.950073  E_ads_cur=-942.841595  dE=0.029909 eV
  COMMIT_MOVE comp=1 mol_idx=54  E_current=-9033.924784  E_ads_current=-942.846214 eV
[SERVER] types_arr sample: (2, 0, 0)
[SERVER] species_map keys: [0, 1, 2, 3, 4]
  DELTA_QUERY comp=1 MOV mol_idx=56 natoms=3 n_stored=68
    E_full=-9033.632005  E_ads=-943.016832  E_cur=-9033.924784  E_ads_cur=-942.846214  dE=0.463396 eV
[SERVER] types_arr sample: (2, 0, 0)
[SERVER] species_map keys: [0, 1, 2, 3, 4]
  DELTA_QUERY comp=1 MOV mol_idx=19 natoms=3 n_stored=68
    E_full=-9033.930109  E_ads=-942.793513  E_cur=-9033.924784  E_ads_cur=-942.846214  dE=-0.058027 eV
  COMMIT_MOVE comp=1 mol_idx=19  E_current=-9033.930109  E_ads_current=-942.793513 eV
[SERVER] types_arr sample: (2, 0, 0)
[SERVER] species_map keys: [0, 1, 2, 3, 4]
  DELTA_QUERY comp=1 MOV mol_idx=3 natoms=3 n_stored=68
    E_full=-9033.804461  E_ads=-943.384176  E_cur=-9033.930109  E_ads_cur=-942.793513  dE=0.716312 eV
[SERVER] types_arr sample: (2, 0, 0)
[SERVER] species_map keys: [0, 1, 2, 3, 4]
  DELTA_QUERY comp=1 MOV mol_idx=31 natoms=3 n_stored=68
    E_full=-9033.183595  E_ads=-943.278830  E_cur=-9033.930109  E_ads_cur=-942.793513  dE=1.231831 eV
[SERVER] types_arr sample: (2, 0, 0)
[SERVER] species_map keys: [0, 1, 2, 3, 4]
  DELTA_QUERY comp=1 INS mol_idx=-1 natoms=3 n_stored=68
    E_full=-9048.244459  E_ads=-957.064589  E_cur=-9033.930109  E_ads_cur=-942.793513  dE=-0.043274 eV
[SERVER] types_arr sample: (2, 0, 0)
[SERVER] species_map keys: [0, 1, 2, 3, 4]
  DELTA_QUERY comp=1 MOV mol_idx=40 natoms=3 n_stored=68
    E_full=-9033.871001  E_ads=-942.790866  E_cur=-9033.930109  E_ads_cur=-942.793513  dE=0.056461 eV
[SERVER] types_arr sample: (2, 0, 0)
[SERVER] species_map keys: [0, 1, 2, 3, 4]
  DELTA_QUERY comp=1 MOV mol_idx=52 natoms=3 n_stored=68
    E_full=-9033.892055  E_ads=-942.793274  E_cur=-9033.930109  E_ads_cur=-942.793513  dE=0.037815 eV
[SERVER] types_arr sample: (2, 0, 0)
[SERVER] species_map keys: [0, 1, 2, 3, 4]
  DELTA_QUERY comp=1 INS mol_idx=-1 natoms=3 n_stored=68
    E_full=-9047.083487  E_ads=-957.191200  E_cur=-9033.930109  E_ads_cur=-942.793513  dE=1.244309 eV
[SERVER] types_arr sample: (2, 0, 0)
[SERVER] species_map keys: [0, 1, 2, 3, 4]
  DELTA_QUERY comp=1 MOV mol_idx=27 natoms=3 n_stored=68
    E_full=-9032.507776  E_ads=-942.931670  E_cur=-9033.930109  E_ads_cur=-942.793513  dE=1.560490 eV
[SERVER] types_arr sample: (2, 0, 0)
[SERVER] species_map keys: [0, 1, 2, 3, 4]
  DELTA_QUERY comp=1 MOV mol_idx=57 natoms=3 n_stored=68
    E_full=-9033.797001  E_ads=-942.780010  E_cur=-9033.930109  E_ads_cur=-942.793513  dE=0.119605 eV
[SERVER] types_arr sample: (2, 0, 0)
[SERVER] species_map keys: [0, 1, 2, 3, 4]
  DELTA_QUERY comp=1 MOV mol_idx=38 natoms=3 n_stored=68
    E_full=-9033.815339  E_ads=-942.713171  E_cur=-9033.930109  E_ads_cur=-942.793513  dE=0.034428 eV
[SERVER] types_arr sample: (2, 0, 0)
[SERVER] species_map keys: [0, 1, 2, 3, 4]
  DELTA_QUERY comp=1 MOV mol_idx=2 natoms=3 n_stored=68
    E_full=-9034.043778  E_ads=-943.032700  E_cur=-9033.930109  E_ads_cur=-942.793513  dE=0.125518 eV
[SERVER] types_arr sample: (2, 0, 0)
[SERVER] species_map keys: [0, 1, 2, 3, 4]
  DELTA_QUERY comp=1 MOV mol_idx=12 natoms=3 n_stored=68
    E_full=-9031.931847  E_ads=-942.700104  E_cur=-9033.930109  E_ads_cur=-942.793513  dE=1.904854 eV
  DELTA_QUERY comp=1 DEL mol_idx=17 natoms=0 n_stored=68
    E_full=-9019.486365  E_ads=-929.009001  E_cur=-9033.930109  E_ads_cur=-942.793513  dE=0.659232 eV
[SERVER] types_arr sample: (2, 0, 0)
[SERVER] species_map keys: [0, 1, 2, 3, 4]
  DELTA_QUERY comp=1 MOV mol_idx=41 natoms=3 n_stored=68
    E_full=-9033.942243  E_ads=-942.792391  E_cur=-9033.930109  E_ads_cur=-942.793513  dE=-0.013256 eV
  COMMIT_MOVE comp=1 mol_idx=41  E_current=-9033.942243  E_ads_current=-942.792391 eV
  DELTA_QUERY comp=1 DEL mol_idx=62 natoms=0 n_stored=68
    E_full=-9019.324044  E_ads=-928.981617  E_cur=-9033.942243  E_ads_cur=-942.792391  dE=0.807426 eV
[SERVER] types_arr sample: (2, 0, 0)
[SERVER] species_map keys: [0, 1, 2, 3, 4]
  DELTA_QUERY comp=1 MOV mol_idx=0 natoms=3 n_stored=68
    E_full=-9031.781201  E_ads=-943.033130  E_cur=-9033.942243  E_ads_cur=-942.792391  dE=2.401782 eV
[SERVER] types_arr sample: (2, 0, 0)
[SERVER] species_map keys: [0, 1, 2, 3, 4]
  DELTA_QUERY comp=1 MOV mol_idx=42 natoms=3 n_stored=68
    E_full=-9033.960270  E_ads=-942.792919  E_cur=-9033.942243  E_ads_cur=-942.792391  dE=-0.017498 eV
  COMMIT_MOVE comp=1 mol_idx=42  E_current=-9033.960270  E_ads_current=-942.792919 eV
[SERVER] types_arr sample: (2, 0, 0)
[SERVER] species_map keys: [0, 1, 2, 3, 4]
  DELTA_QUERY comp=1 MOV mol_idx=42 natoms=3 n_stored=68
    E_full=-9033.396518  E_ads=-942.782834  E_cur=-9033.960270  E_ads_cur=-942.792919  dE=0.553666 eV
[SERVER] types_arr sample: (2, 0, 0)
[SERVER] species_map keys: [0, 1, 2, 3, 4]
  DELTA_QUERY comp=1 MOV mol_idx=6 natoms=3 n_stored=68
    E_full=-9033.961942  E_ads=-942.792804  E_cur=-9033.960270  E_ads_cur=-942.792919  dE=-0.001788 eV
  COMMIT_MOVE comp=1 mol_idx=6  E_current=-9033.961942  E_ads_current=-942.792804 eV
[SERVER] types_arr sample: (2, 0, 0)
[SERVER] species_map keys: [0, 1, 2, 3, 4]
  DELTA_QUERY comp=1 MOV mol_idx=28 natoms=3 n_stored=68
    E_full=-9033.896719  E_ads=-942.804536  E_cur=-9033.961942  E_ads_cur=-942.792804  dE=0.076955 eV
[SERVER] types_arr sample: (2, 0, 0)
[SERVER] species_map keys: [0, 1, 2, 3, 4]
  DELTA_QUERY comp=1 MOV mol_idx=11 natoms=3 n_stored=68
    E_full=-9033.665785  E_ads=-942.730039  E_cur=-9033.961942  E_ads_cur=-942.792804  dE=0.233392 eV
[SERVER] types_arr sample: (2, 0, 0)
[SERVER] species_map keys: [0, 1, 2, 3, 4]
  DELTA_QUERY comp=1 MOV mol_idx=22 natoms=3 n_stored=68
    E_full=-9033.897694  E_ads=-942.793446  E_cur=-9033.961942  E_ads_cur=-942.792804  dE=0.064890 eV
[SERVER] types_arr sample: (2, 0, 0)
[SERVER] species_map keys: [0, 1, 2, 3, 4]
  DELTA_QUERY comp=1 MOV mol_idx=43 natoms=3 n_stored=68
    E_full=-9033.805247  E_ads=-942.839578  E_cur=-9033.961942  E_ads_cur=-942.792804  dE=0.203469 eV
[SERVER] types_arr sample: (2, 0, 0)
[SERVER] species_map keys: [0, 1, 2, 3, 4]
  DELTA_QUERY comp=1 MOV mol_idx=42 natoms=3 n_stored=68
    E_full=-9033.958106  E_ads=-942.788187  E_cur=-9033.961942  E_ads_cur=-942.792804  dE=-0.000780 eV
  COMMIT_MOVE comp=1 mol_idx=42  E_current=-9033.958106  E_ads_current=-942.788187 eV
[SERVER] types_arr sample: (2, 0, 0)
[SERVER] species_map keys: [0, 1, 2, 3, 4]
  DELTA_QUERY comp=1 MOV mol_idx=34 natoms=3 n_stored=68
    E_full=-9033.926916  E_ads=-942.786271  E_cur=-9033.958106  E_ads_cur=-942.788187  dE=0.029274 eV
[SERVER] types_arr sample: (2, 0, 0)
[SERVER] species_map keys: [0, 1, 2, 3, 4]
  DELTA_QUERY comp=1 MOV mol_idx=40 natoms=3 n_stored=68
    E_full=-9032.397482  E_ads=-942.578717  E_cur=-9033.958106  E_ads_cur=-942.788187  dE=1.351154 eV
  DELTA_QUERY comp=1 DEL mol_idx=60 natoms=0 n_stored=68
    E_full=-9019.442969  E_ads=-928.614136  E_cur=-9033.958106  E_ads_cur=-942.788187  dE=0.341085 eV
[SERVER] types_arr sample: (2, 0, 0)
[SERVER] species_map keys: [0, 1, 2, 3, 4]
  DELTA_QUERY comp=1 MOV mol_idx=61 natoms=3 n_stored=68
    E_full=-9033.987735  E_ads=-942.781096  E_cur=-9033.958106  E_ads_cur=-942.788187  dE=-0.036720 eV
  COMMIT_MOVE comp=1 mol_idx=61  E_current=-9033.987735  E_ads_current=-942.781096 eV
  DELTA_QUERY comp=1 DEL mol_idx=11 natoms=0 n_stored=68
    E_full=-9019.439860  E_ads=-928.930044  E_cur=-9033.987735  E_ads_cur=-942.781096  dE=0.696822 eV
[SERVER] types_arr sample: (2, 0, 0)
[SERVER] species_map keys: [0, 1, 2, 3, 4]
  DELTA_QUERY comp=1 MOV mol_idx=32 natoms=3 n_stored=68
    E_full=-9033.737975  E_ads=-942.945321  E_cur=-9033.987735  E_ads_cur=-942.781096  dE=0.413984 eV
[SERVER] types_arr sample: (2, 0, 0)
[SERVER] species_map keys: [0, 1, 2, 3, 4]
  DELTA_QUERY comp=1 MOV mol_idx=35 natoms=3 n_stored=68
    E_full=-9032.798157  E_ads=-943.147038  E_cur=-9033.987735  E_ads_cur=-942.781096  dE=1.555520 eV
[SERVER] types_arr sample: (2, 0, 0)
[SERVER] species_map keys: [0, 1, 2, 3, 4]
  DELTA_QUERY comp=1 MOV mol_idx=64 natoms=3 n_stored=68
    E_full=-9033.816459  E_ads=-942.789232  E_cur=-9033.987735  E_ads_cur=-942.781096  dE=0.179412 eV
[SERVER] types_arr sample: (2, 0, 0)
[SERVER] species_map keys: [0, 1, 2, 3, 4]
  DELTA_QUERY comp=1 MOV mol_idx=42 natoms=3 n_stored=68
    E_full=-9034.017474  E_ads=-942.784169  E_cur=-9033.987735  E_ads_cur=-942.781096  dE=-0.026666 eV
  COMMIT_MOVE comp=1 mol_idx=42  E_current=-9034.017474  E_ads_current=-942.784169 eV
[SERVER] types_arr sample: (2, 0, 0)
[SERVER] species_map keys: [0, 1, 2, 3, 4]
  DELTA_QUERY comp=1 MOV mol_idx=67 natoms=3 n_stored=68
    E_full=-9034.465383  E_ads=-942.946454  E_cur=-9034.017474  E_ads_cur=-942.784169  dE=-0.285624 eV
  COMMIT_MOVE comp=1 mol_idx=67  E_current=-9034.465383  E_ads_current=-942.946454 eV
[SERVER] types_arr sample: (2, 0, 0)
[SERVER] species_map keys: [0, 1, 2, 3, 4]
  DELTA_QUERY comp=1 MOV mol_idx=38 natoms=3 n_stored=68
    E_full=-9034.617403  E_ads=-943.053497  E_cur=-9034.465383  E_ads_cur=-942.946454  dE=-0.044977 eV
  DELTA_QUERY comp=1 DEL mol_idx=32 natoms=0 n_stored=68
    E_full=-9019.931291  E_ads=-929.158231  E_cur=-9034.465383  E_ads_cur=-942.946454  dE=0.745869 eV
[SERVER] types_arr sample: (2, 0, 0)
[SERVER] species_map keys: [0, 1, 2, 3, 4]
  DELTA_QUERY comp=1 MOV mol_idx=19 natoms=3 n_stored=68
    E_full=-9034.193875  E_ads=-943.021577  E_cur=-9034.465383  E_ads_cur=-942.946454  dE=0.346631 eV
[SERVER] types_arr sample: (2, 0, 0)
[SERVER] species_map keys: [0, 1, 2, 3, 4]
  DELTA_QUERY comp=1 MOV mol_idx=51 natoms=3 n_stored=68
    E_full=-9034.539490  E_ads=-943.089630  E_cur=-9034.465383  E_ads_cur=-942.946454  dE=0.069069 eV
[SERVER] types_arr sample: (2, 0, 0)
[SERVER] species_map keys: [0, 1, 2, 3, 4]
  DELTA_QUERY comp=1 MOV mol_idx=58 natoms=3 n_stored=68
    E_full=-9033.735534  E_ads=-942.468959  E_cur=-9034.465383  E_ads_cur=-942.946454  dE=0.252354 eV
[SERVER] types_arr sample: (2, 0, 0)
[SERVER] species_map keys: [0, 1, 2, 3, 4]
  DELTA_QUERY comp=1 MOV mol_idx=59 natoms=3 n_stored=68
    E_full=-9033.454734  E_ads=-942.245520  E_cur=-9034.465383  E_ads_cur=-942.946454  dE=0.309714 eV
[SERVER] types_arr sample: (2, 0, 0)
[SERVER] species_map keys: [0, 1, 2, 3, 4]
  DELTA_QUERY comp=1 INS mol_idx=-1 natoms=3 n_stored=68
    E_full=-9048.194970  E_ads=-956.664653  E_cur=-9034.465383  E_ads_cur=-942.946454  dE=-0.011388 eV
[SERVER] types_arr sample: (2, 0, 0)
[SERVER] species_map keys: [0, 1, 2, 3, 4]
  DELTA_QUERY comp=1 MOV mol_idx=18 natoms=3 n_stored=68
    E_full=-9034.484263  E_ads=-942.940803  E_cur=-9034.465383  E_ads_cur=-942.946454  dE=-0.024531 eV
  COMMIT_MOVE comp=1 mol_idx=18  E_current=-9034.484263  E_ads_current=-942.940803 eV
[SERVER] types_arr sample: (2, 0, 0)
[SERVER] species_map keys: [0, 1, 2, 3, 4]
  DELTA_QUERY comp=1 MOV mol_idx=42 natoms=3 n_stored=68
    E_full=-9032.892393  E_ads=-942.090640  E_cur=-9034.484263  E_ads_cur=-942.940803  dE=0.741706 eV
[SERVER] types_arr sample: (2, 0, 0)
[SERVER] species_map keys: [0, 1, 2, 3, 4]
  DELTA_QUERY comp=1 MOV mol_idx=43 natoms=3 n_stored=68
    E_full=-9034.489233  E_ads=-942.940984  E_cur=-9034.484263  E_ads_cur=-942.940803  dE=-0.004789 eV
  COMMIT_MOVE comp=1 mol_idx=43  E_current=-9034.489233  E_ads_current=-942.940984 eV
[SERVER] types_arr sample: (2, 0, 0)
[SERVER] species_map keys: [0, 1, 2, 3, 4]
  DELTA_QUERY comp=1 MOV mol_idx=8 natoms=3 n_stored=68
    E_full=-9034.294471  E_ads=-942.932974  E_cur=-9034.489233  E_ads_cur=-942.940984  dE=0.186752 eV
[SERVER] types_arr sample: (2, 0, 0)
[SERVER] species_map keys: [0, 1, 2, 3, 4]
  DELTA_QUERY comp=1 MOV mol_idx=39 natoms=3 n_stored=68
    E_full=-9034.426696  E_ads=-942.921816  E_cur=-9034.489233  E_ads_cur=-942.940984  dE=0.043368 eV
[SERVER] types_arr sample: (2, 0, 0)
[SERVER] species_map keys: [0, 1, 2, 3, 4]
  DELTA_QUERY comp=1 MOV mol_idx=17 natoms=3 n_stored=68
    E_full=-9034.388707  E_ads=-942.972527  E_cur=-9034.489233  E_ads_cur=-942.940984  dE=0.132068 eV
[SERVER] types_arr sample: (2, 0, 0)
[SERVER] species_map keys: [0, 1, 2, 3, 4]
  DELTA_QUERY comp=1 MOV mol_idx=27 natoms=3 n_stored=68
    E_full=-9034.477922  E_ads=-942.917965  E_cur=-9034.489233  E_ads_cur=-942.940984  dE=-0.011708 eV
  COMMIT_MOVE comp=1 mol_idx=27  E_current=-9034.477922  E_ads_current=-942.917965 eV
[SERVER] types_arr sample: (2, 0, 0)
[SERVER] species_map keys: [0, 1, 2, 3, 4]
  DELTA_QUERY comp=1 INS mol_idx=-1 natoms=3 n_stored=68
    E_full=-9048.720778  E_ads=-957.108983  E_cur=-9034.477922  E_ads_cur=-942.917965  dE=-0.051839 eV
[SERVER] types_arr sample: (2, 0, 0)
[SERVER] species_map keys: [0, 1, 2, 3, 4]
  DELTA_QUERY comp=1 INS mol_idx=-1 natoms=3 n_stored=68
    E_full=-9047.332636  E_ads=-957.066627  E_cur=-9034.477922  E_ads_cur=-942.917965  dE=1.293947 eV
[SERVER] types_arr sample: (2, 0, 0)
[SERVER] species_map keys: [0, 1, 2, 3, 4]
  DELTA_QUERY comp=1 MOV mol_idx=66 natoms=3 n_stored=68
    E_full=-9034.506734  E_ads=-942.836493  E_cur=-9034.477922  E_ads_cur=-942.917965  dE=-0.110284 eV
  COMMIT_MOVE comp=1 mol_idx=66  E_current=-9034.506734  E_ads_current=-942.836493 eV
[SERVER] types_arr sample: (2, 0, 0)
[SERVER] species_map keys: [0, 1, 2, 3, 4]
  DELTA_QUERY comp=1 MOV mol_idx=34 natoms=3 n_stored=68
    E_full=-9034.227527  E_ads=-942.835351  E_cur=-9034.506734  E_ads_cur=-942.836493  dE=0.278065 eV
[SERVER] types_arr sample: (2, 0, 0)
[SERVER] species_map keys: [0, 1, 2, 3, 4]
  DELTA_QUERY comp=1 MOV mol_idx=22 natoms=3 n_stored=68
    E_full=-9033.657233  E_ads=-942.923718  E_cur=-9034.506734  E_ads_cur=-942.836493  dE=0.936726 eV
[SERVER] types_arr sample: (2, 0, 0)
[SERVER] species_map keys: [0, 1, 2, 3, 4]
  DELTA_QUERY comp=1 INS mol_idx=-1 natoms=3 n_stored=68
    E_full=-9047.828986  E_ads=-956.980704  E_cur=-9034.506734  E_ads_cur=-942.836493  dE=0.821958 eV
[SERVER] types_arr sample: (2, 0, 0)
[SERVER] species_map keys: [0, 1, 2, 3, 4]
  DELTA_QUERY comp=1 MOV mol_idx=65 natoms=3 n_stored=68
    E_full=-9033.661078  E_ads=-942.810563  E_cur=-9034.506734  E_ads_cur=-942.836493  dE=0.819726 eV
[SERVER] types_arr sample: (2, 0, 0)
[SERVER] species_map keys: [0, 1, 2, 3, 4]
  DELTA_QUERY comp=1 INS mol_idx=-1 natoms=3 n_stored=68
    E_full=-9047.965292  E_ads=-957.051690  E_cur=-9034.506734  E_ads_cur=-942.836493  dE=0.756638 eV
[SERVER] types_arr sample: (2, 0, 0)
[SERVER] species_map keys: [0, 1, 2, 3, 4]
  DELTA_QUERY comp=1 MOV mol_idx=53 natoms=3 n_stored=68
    E_full=-9034.367029  E_ads=-942.869234  E_cur=-9034.506734  E_ads_cur=-942.836493  dE=0.172445 eV
[SERVER] types_arr sample: (2, 0, 0)
[SERVER] species_map keys: [0, 1, 2, 3, 4]
  DELTA_QUERY comp=1 MOV mol_idx=19 natoms=3 n_stored=68
    E_full=-9032.754885  E_ads=-942.930276  E_cur=-9034.506734  E_ads_cur=-942.836493  dE=1.845631 eV
[SERVER] types_arr sample: (2, 0, 0)
[SERVER] species_map keys: [0, 1, 2, 3, 4]
  DELTA_QUERY comp=1 MOV mol_idx=1 natoms=3 n_stored=68
    E_full=-9034.374186  E_ads=-942.731618  E_cur=-9034.506734  E_ads_cur=-942.836493  dE=0.027673 eV
[SERVER] types_arr sample: (2, 0, 0)
[SERVER] species_map keys: [0, 1, 2, 3, 4]
  DELTA_QUERY comp=1 MOV mol_idx=35 natoms=3 n_stored=68
    E_full=-9034.502250  E_ads=-942.830539  E_cur=-9034.506734  E_ads_cur=-942.836493  dE=-0.001470 eV
  COMMIT_MOVE comp=1 mol_idx=35  E_current=-9034.502250  E_ads_current=-942.830539 eV
[SERVER] types_arr sample: (2, 0, 0)
[SERVER] species_map keys: [0, 1, 2, 3, 4]
  DELTA_QUERY comp=1 MOV mol_idx=20 natoms=3 n_stored=68
    E_full=-9034.479603  E_ads=-942.839000  E_cur=-9034.502250  E_ads_cur=-942.830539  dE=0.031108 eV
[SERVER] types_arr sample: (2, 0, 0)
[SERVER] species_map keys: [0, 1, 2, 3, 4]
  DELTA_QUERY comp=1 INS mol_idx=-1 natoms=3 n_stored=68
    E_full=-9048.660520  E_ads=-956.753273  E_cur=-9034.502250  E_ads_cur=-942.830539  dE=-0.235536 eV
  COMMIT_INSERT comp=1 n_stored=69  E_current=-9048.660520  E_ads_current=-956.753273 eV
[SERVER] types_arr sample: (2, 0, 0)
[SERVER] species_map keys: [0, 1, 2, 3, 4]
  DELTA_QUERY comp=1 MOV mol_idx=24 natoms=3 n_stored=69
    E_full=-9048.459816  E_ads=-957.124926  E_cur=-9048.660520  E_ads_cur=-956.753273  dE=0.572356 eV
[SERVER] types_arr sample: (2, 0, 0)
[SERVER] species_map keys: [0, 1, 2, 3, 4]
  DELTA_QUERY comp=1 MOV mol_idx=41 natoms=3 n_stored=69
    E_full=-9047.719432  E_ads=-956.789013  E_cur=-9048.660520  E_ads_cur=-956.753273  dE=0.976828 eV
[SERVER] types_arr sample: (2, 0, 0)
[SERVER] species_map keys: [0, 1, 2, 3, 4]
  DELTA_QUERY comp=1 MOV mol_idx=26 natoms=3 n_stored=69
    E_full=-9048.913376  E_ads=-957.264902  E_cur=-9048.660520  E_ads_cur=-956.753273  dE=0.258773 eV
[SERVER] types_arr sample: (2, 0, 0)
[SERVER] species_map keys: [0, 1, 2, 3, 4]
  DELTA_QUERY comp=1 MOV mol_idx=45 natoms=3 n_stored=69
    E_full=-9048.592943  E_ads=-956.750764  E_cur=-9048.660520  E_ads_cur=-956.753273  dE=0.065067 eV
  DELTA_QUERY comp=1 DEL mol_idx=37 natoms=0 n_stored=69
    E_full=-9034.094502  E_ads=-942.975733  E_cur=-9048.660520  E_ads_cur=-956.753273  dE=0.788478 eV
[SERVER] types_arr sample: (2, 0, 0)
[SERVER] species_map keys: [0, 1, 2, 3, 4]
  DELTA_QUERY comp=1 MOV mol_idx=49 natoms=3 n_stored=69
    E_full=-9048.576510  E_ads=-956.947230  E_cur=-9048.660520  E_ads_cur=-956.753273  dE=0.277967 eV
[SERVER] types_arr sample: (2, 0, 0)
[SERVER] species_map keys: [0, 1, 2, 3, 4]
  DELTA_QUERY comp=1 MOV mol_idx=12 natoms=3 n_stored=69
    E_full=-9048.621801  E_ads=-957.155766  E_cur=-9048.660520  E_ads_cur=-956.753273  dE=0.441211 eV
[SERVER] types_arr sample: (2, 0, 0)
[SERVER] species_map keys: [0, 1, 2, 3, 4]
  DELTA_QUERY comp=1 INS mol_idx=-1 natoms=3 n_stored=69
    E_full=-9062.211119  E_ads=-970.844183  E_cur=-9048.660520  E_ads_cur=-956.753273  dE=0.540310 eV
[SERVER] types_arr sample: (2, 0, 0)
[SERVER] species_map keys: [0, 1, 2, 3, 4]
  DELTA_QUERY comp=1 MOV mol_idx=42 natoms=3 n_stored=69
    E_full=-9048.499244  E_ads=-956.965182  E_cur=-9048.660520  E_ads_cur=-956.753273  dE=0.373185 eV
[SERVER] types_arr sample: (2, 0, 0)
[SERVER] species_map keys: [0, 1, 2, 3, 4]
  DELTA_QUERY comp=1 MOV mol_idx=1 natoms=3 n_stored=69
    E_full=-9048.617249  E_ads=-956.733781  E_cur=-9048.660520  E_ads_cur=-956.753273  dE=0.023779 eV
[SERVER] types_arr sample: (2, 0, 0)
[SERVER] species_map keys: [0, 1, 2, 3, 4]
  DELTA_QUERY comp=1 MOV mol_idx=52 natoms=3 n_stored=69
    E_full=-9048.256877  E_ads=-956.728514  E_cur=-9048.660520  E_ads_cur=-956.753273  dE=0.378883 eV
[SERVER] types_arr sample: (2, 0, 0)
[SERVER] species_map keys: [0, 1, 2, 3, 4]
  DELTA_QUERY comp=1 MOV mol_idx=12 natoms=3 n_stored=69
    E_full=-9048.320481  E_ads=-956.746875  E_cur=-9048.660520  E_ads_cur=-956.753273  dE=0.333640 eV
[SERVER] types_arr sample: (2, 0, 0)
[SERVER] species_map keys: [0, 1, 2, 3, 4]
  DELTA_QUERY comp=1 INS mol_idx=-1 natoms=3 n_stored=69
    E_full=-9061.188141  E_ads=-969.477621  E_cur=-9048.660520  E_ads_cur=-956.753273  dE=0.196726 eV
[SERVER] types_arr sample: (2, 0, 0)
[SERVER] species_map keys: [0, 1, 2, 3, 4]
  DELTA_QUERY comp=1 MOV mol_idx=39 natoms=3 n_stored=69
    E_full=-9048.588297  E_ads=-956.762577  E_cur=-9048.660520  E_ads_cur=-956.753273  dE=0.081527 eV
  DELTA_QUERY comp=1 DEL mol_idx=58 natoms=0 n_stored=69
    E_full=-9034.194118  E_ads=-942.639750  E_cur=-9048.660520  E_ads_cur=-956.753273  dE=0.352879 eV
[SERVER] types_arr sample: (2, 0, 0)
[SERVER] species_map keys: [0, 1, 2, 3, 4]
  DELTA_QUERY comp=1 MOV mol_idx=10 natoms=3 n_stored=69
    E_full=-9048.621675  E_ads=-956.784054  E_cur=-9048.660520  E_ads_cur=-956.753273  dE=0.069626 eV
  COMMIT_MOVE comp=1 mol_idx=10  E_current=-9048.621675  E_ads_current=-956.784054 eV
[SERVER] types_arr sample: (2, 0, 0)
[SERVER] species_map keys: [0, 1, 2, 3, 4]
  DELTA_QUERY comp=1 MOV mol_idx=33 natoms=3 n_stored=69
    E_full=-9048.546726  E_ads=-956.784371  E_cur=-9048.621675  E_ads_cur=-956.784054  dE=0.075266 eV
[SERVER] types_arr sample: (2, 0, 0)
[SERVER] species_map keys: [0, 1, 2, 3, 4]
  DELTA_QUERY comp=1 INS mol_idx=-1 natoms=3 n_stored=69
    E_full=-9063.165718  E_ads=-970.887504  E_cur=-9048.621675  E_ads_cur=-956.784054  dE=-0.440593 eV
  COMMIT_INSERT comp=1 n_stored=70  E_current=-9063.165718  E_ads_current=-970.887504 eV
[SERVER] types_arr sample: (2, 0, 0)
[SERVER] species_map keys: [0, 1, 2, 3, 4]
  DELTA_QUERY comp=1 MOV mol_idx=7 natoms=3 n_stored=70
    E_full=-9063.066558  E_ads=-971.217641  E_cur=-9063.165718  E_ads_cur=-970.887504  dE=0.429296 eV
  DELTA_QUERY comp=1 DEL mol_idx=34 natoms=0 n_stored=70
    E_full=-9048.692266  E_ads=-957.057604  E_cur=-9063.165718  E_ads_cur=-970.887504  dE=0.643552 eV
[SERVER] types_arr sample: (2, 0, 0)
[SERVER] species_map keys: [0, 1, 2, 3, 4]
  DELTA_QUERY comp=1 INS mol_idx=-1 natoms=3 n_stored=70
    E_full=-9077.152700  E_ads=-985.193301  E_cur=-9063.165718  E_ads_cur=-970.887504  dE=0.318815 eV
[SERVER] types_arr sample: (2, 0, 0)
[SERVER] species_map keys: [0, 1, 2, 3, 4]
  DELTA_QUERY comp=1 MOV mol_idx=64 natoms=3 n_stored=70
    E_full=-9060.862729  E_ads=-970.981314  E_cur=-9063.165718  E_ads_cur=-970.887504  dE=2.396799 eV
[SERVER] types_arr sample: (2, 0, 0)
[SERVER] species_map keys: [0, 1, 2, 3, 4]
  DELTA_QUERY comp=1 MOV mol_idx=23 natoms=3 n_stored=70
    E_full=-9062.779131  E_ads=-970.918753  E_cur=-9063.165718  E_ads_cur=-970.887504  dE=0.417836 eV
[SERVER] types_arr sample: (2, 0, 0)
[SERVER] species_map keys: [0, 1, 2, 3, 4]
  DELTA_QUERY comp=1 MOV mol_idx=15 natoms=3 n_stored=70
    E_full=-9063.123021  E_ads=-970.855270  E_cur=-9063.165718  E_ads_cur=-970.887504  dE=0.010463 eV
[SERVER] types_arr sample: (2, 0, 0)
[SERVER] species_map keys: [0, 1, 2, 3, 4]
  DELTA_QUERY comp=1 MOV mol_idx=47 natoms=3 n_stored=70
    E_full=-9063.180330  E_ads=-970.927713  E_cur=-9063.165718  E_ads_cur=-970.887504  dE=0.025597 eV
  COMMIT_MOVE comp=1 mol_idx=47  E_current=-9063.180330  E_ads_current=-970.927713 eV
  DELTA_QUERY comp=1 DEL mol_idx=34 natoms=0 n_stored=70
    E_full=-9048.706882  E_ads=-957.097813  E_cur=-9063.180330  E_ads_cur=-970.927713  dE=0.643547 eV
[SERVER] types_arr sample: (2, 0, 0)
[SERVER] species_map keys: [0, 1, 2, 3, 4]
  DELTA_QUERY comp=1 MOV mol_idx=40 natoms=3 n_stored=70
    E_full=-9063.147237  E_ads=-970.888565  E_cur=-9063.180330  E_ads_cur=-970.927713  dE=-0.006056 eV
  DELTA_QUERY comp=1 DEL mol_idx=31 natoms=0 n_stored=70
    E_full=-9048.705182  E_ads=-957.125707  E_cur=-9063.180330  E_ads_cur=-970.927713  dE=0.673141 eV
[SERVER] types_arr sample: (2, 0, 0)
[SERVER] species_map keys: [0, 1, 2, 3, 4]
  DELTA_QUERY comp=1 MOV mol_idx=69 natoms=3 n_stored=70
    E_full=-9062.349123  E_ads=-970.746486  E_cur=-9063.180330  E_ads_cur=-970.927713  dE=0.649979 eV
[SERVER] types_arr sample: (2, 0, 0)
[SERVER] species_map keys: [0, 1, 2, 3, 4]
  DELTA_QUERY comp=1 MOV mol_idx=6 natoms=3 n_stored=70
    E_full=-9063.173560  E_ads=-970.925940  E_cur=-9063.180330  E_ads_cur=-970.927713  dE=0.004996 eV
  COMMIT_MOVE comp=1 mol_idx=6  E_current=-9063.173560  E_ads_current=-970.925940 eV
[SERVER] types_arr sample: (2, 0, 0)
[SERVER] species_map keys: [0, 1, 2, 3, 4]
  DELTA_QUERY comp=1 MOV mol_idx=36 natoms=3 n_stored=70
    E_full=-9063.255873  E_ads=-971.096081  E_cur=-9063.173560  E_ads_cur=-970.925940  dE=0.087828 eV
  COMMIT_MOVE comp=1 mol_idx=36  E_current=-9063.255873  E_ads_current=-971.096081 eV
  DELTA_QUERY comp=1 DEL mol_idx=15 natoms=0 n_stored=70
    E_full=-9048.913769  E_ads=-957.058041  E_cur=-9063.255873  E_ads_cur=-971.096081  dE=0.304064 eV
  DELTA_QUERY comp=1 DEL mol_idx=39 natoms=0 n_stored=70
    E_full=-9048.719276  E_ads=-957.102238  E_cur=-9063.255873  E_ads_cur=-971.096081  dE=0.542753 eV
[SERVER] types_arr sample: (2, 0, 0)
[SERVER] species_map keys: [0, 1, 2, 3, 4]
  DELTA_QUERY comp=1 MOV mol_idx=5 natoms=3 n_stored=70
    E_full=-9062.797924  E_ads=-971.128609  E_cur=-9063.255873  E_ads_cur=-971.096081  dE=0.490477 eV
[SERVER] types_arr sample: (2, 0, 0)
[SERVER] species_map keys: [0, 1, 2, 3, 4]
  DELTA_QUERY comp=1 MOV mol_idx=52 natoms=3 n_stored=70
    E_full=-9063.141683  E_ads=-971.051391  E_cur=-9063.255873  E_ads_cur=-971.096081  dE=0.069501 eV
[SERVER] types_arr sample: (2, 0, 0)
[SERVER] species_map keys: [0, 1, 2, 3, 4]
  DELTA_QUERY comp=1 MOV mol_idx=31 natoms=3 n_stored=70
    E_full=-9062.874754  E_ads=-971.253856  E_cur=-9063.255873  E_ads_cur=-971.096081  dE=0.538895 eV
[SERVER] types_arr sample: (2, 0, 0)
[SERVER] species_map keys: [0, 1, 2, 3, 4]
  DELTA_QUERY comp=1 INS mol_idx=-1 natoms=3 n_stored=70
    E_full=-9076.069991  E_ads=-985.117775  E_cur=-9063.255873  E_ads_cur=-971.096081  dE=1.207576 eV
[SERVER] types_arr sample: (2, 0, 0)
[SERVER] species_map keys: [0, 1, 2, 3, 4]
  DELTA_QUERY comp=1 MOV mol_idx=38 natoms=3 n_stored=70
    E_full=-9062.645309  E_ads=-971.324597  E_cur=-9063.255873  E_ads_cur=-971.096081  dE=0.839080 eV
[SERVER] types_arr sample: (2, 0, 0)
[SERVER] species_map keys: [0, 1, 2, 3, 4]
  DELTA_QUERY comp=1 MOV mol_idx=43 natoms=3 n_stored=70
    E_full=-9061.861966  E_ads=-970.648227  E_cur=-9063.255873  E_ads_cur=-971.096081  dE=0.946052 eV
[SERVER] types_arr sample: (2, 0, 0)
[SERVER] species_map keys: [0, 1, 2, 3, 4]
  DELTA_QUERY comp=1 MOV mol_idx=27 natoms=3 n_stored=70
    E_full=-9063.235633  E_ads=-971.102232  E_cur=-9063.255873  E_ads_cur=-971.096081  dE=0.026391 eV
[SERVER] types_arr sample: (2, 0, 0)
[SERVER] species_map keys: [0, 1, 2, 3, 4]
  DELTA_QUERY comp=1 MOV mol_idx=64 natoms=3 n_stored=70
    E_full=-9061.650785  E_ads=-971.100631  E_cur=-9063.255873  E_ads_cur=-971.096081  dE=1.609638 eV
[SERVER] types_arr sample: (2, 0, 0)
[SERVER] species_map keys: [0, 1, 2, 3, 4]
  DELTA_QUERY comp=1 MOV mol_idx=33 natoms=3 n_stored=70
    E_full=-9062.995562  E_ads=-971.489458  E_cur=-9063.255873  E_ads_cur=-971.096081  dE=0.653689 eV
  DELTA_QUERY comp=1 DEL mol_idx=0 natoms=0 n_stored=70
    E_full=-9048.882251  E_ads=-957.112086  E_cur=-9063.255873  E_ads_cur=-971.096081  dE=0.389627 eV
[SERVER] types_arr sample: (2, 0, 0)
[SERVER] species_map keys: [0, 1, 2, 3, 4]
  DELTA_QUERY comp=1 MOV mol_idx=66 natoms=3 n_stored=70
    E_full=-9063.225797  E_ads=-971.152142  E_cur=-9063.255873  E_ads_cur=-971.096081  dE=0.086137 eV
[SERVER] types_arr sample: (2, 0, 0)
[SERVER] species_map keys: [0, 1, 2, 3, 4]
  DELTA_QUERY comp=1 MOV mol_idx=2 natoms=3 n_stored=70
    E_full=-9063.219414  E_ads=-971.094725  E_cur=-9063.255873  E_ads_cur=-971.096081  dE=0.035102 eV
[SERVER] types_arr sample: (2, 0, 0)
[SERVER] species_map keys: [0, 1, 2, 3, 4]
  DELTA_QUERY comp=1 MOV mol_idx=18 natoms=3 n_stored=70
    E_full=-9062.712299  E_ads=-971.537463  E_cur=-9063.255873  E_ads_cur=-971.096081  dE=0.984957 eV
[SERVER] types_arr sample: (2, 0, 0)
[SERVER] species_map keys: [0, 1, 2, 3, 4]
  DELTA_QUERY comp=1 MOV mol_idx=13 natoms=3 n_stored=70
    E_full=-9061.032402  E_ads=-971.514197  E_cur=-9063.255873  E_ads_cur=-971.096081  dE=2.641587 eV
[SERVER] types_arr sample: (2, 0, 0)
[SERVER] species_map keys: [0, 1, 2, 3, 4]
  DELTA_QUERY comp=1 INS mol_idx=-1 natoms=3 n_stored=70
    E_full=-9077.648395  E_ads=-984.906202  E_cur=-9063.255873  E_ads_cur=-971.096081  dE=-0.582401 eV
  COMMIT_INSERT comp=1 n_stored=71  E_current=-9077.648395  E_ads_current=-984.906202 eV
[SERVER] types_arr sample: (2, 0, 0)
[SERVER] species_map keys: [0, 1, 2, 3, 4]
  DELTA_QUERY comp=1 MOV mol_idx=44 natoms=3 n_stored=71
    E_full=-9077.719027  E_ads=-985.353108  E_cur=-9077.648395  E_ads_cur=-984.906202  dE=0.376274 eV
[SERVER] types_arr sample: (2, 0, 0)
[SERVER] species_map keys: [0, 1, 2, 3, 4]
  DELTA_QUERY comp=1 MOV mol_idx=59 natoms=3 n_stored=71
    E_full=-9076.943091  E_ads=-984.943568  E_cur=-9077.648395  E_ads_cur=-984.906202  dE=0.742670 eV
  DELTA_QUERY comp=1 DEL mol_idx=49 natoms=0 n_stored=71
    E_full=-9063.370481  E_ads=-970.947136  E_cur=-9077.648395  E_ads_cur=-984.906202  dE=0.318849 eV
[SERVER] types_arr sample: (2, 0, 0)
[SERVER] species_map keys: [0, 1, 2, 3, 4]
  DELTA_QUERY comp=1 MOV mol_idx=10 natoms=3 n_stored=71
    E_full=-9077.687574  E_ads=-984.934113  E_cur=-9077.648395  E_ads_cur=-984.906202  dE=-0.011267 eV
  COMMIT_MOVE comp=1 mol_idx=10  E_current=-9077.687574  E_ads_current=-984.934113 eV
[SERVER] types_arr sample: (2, 0, 0)
[SERVER] species_map keys: [0, 1, 2, 3, 4]
  DELTA_QUERY comp=1 MOV mol_idx=9 natoms=3 n_stored=71
    E_full=-9077.714437  E_ads=-984.950024  E_cur=-9077.687574  E_ads_cur=-984.934113  dE=-0.010952 eV
  COMMIT_MOVE comp=1 mol_idx=9  E_current=-9077.714437  E_ads_current=-984.950024 eV
[SERVER] types_arr sample: (2, 0, 0)
[SERVER] species_map keys: [0, 1, 2, 3, 4]
  DELTA_QUERY comp=1 INS mol_idx=-1 natoms=3 n_stored=71
    E_full=-9092.161453  E_ads=-999.218452  E_cur=-9077.714437  E_ads_cur=-984.950024  dE=-0.178588 eV
[SERVER] types_arr sample: (2, 0, 0)
[SERVER] species_map keys: [0, 1, 2, 3, 4]
  DELTA_QUERY comp=1 MOV mol_idx=61 natoms=3 n_stored=71
    E_full=-9077.710171  E_ads=-984.935709  E_cur=-9077.714437  E_ads_cur=-984.950024  dE=-0.010049 eV
  COMMIT_MOVE comp=1 mol_idx=61  E_current=-9077.710171  E_ads_current=-984.935709 eV
[SERVER] types_arr sample: (2, 0, 0)
[SERVER] species_map keys: [0, 1, 2, 3, 4]
  DELTA_QUERY comp=1 MOV mol_idx=9 natoms=3 n_stored=71
    E_full=-9077.698315  E_ads=-984.945447  E_cur=-9077.710171  E_ads_cur=-984.935709  dE=0.021594 eV
  COMMIT_MOVE comp=1 mol_idx=9  E_current=-9077.698315  E_ads_current=-984.945447 eV
[SERVER] types_arr sample: (2, 0, 0)
[SERVER] species_map keys: [0, 1, 2, 3, 4]
  DELTA_QUERY comp=1 MOV mol_idx=8 natoms=3 n_stored=71
    E_full=-9077.680871  E_ads=-984.939539  E_cur=-9077.698315  E_ads_cur=-984.945447  dE=0.011535 eV
  COMMIT_MOVE comp=1 mol_idx=8  E_current=-9077.680871  E_ads_current=-984.939539 eV
[SERVER] types_arr sample: (2, 0, 0)
[SERVER] species_map keys: [0, 1, 2, 3, 4]
  DELTA_QUERY comp=1 MOV mol_idx=49 natoms=3 n_stored=71
    E_full=-9077.585146  E_ads=-984.973549  E_cur=-9077.680871  E_ads_cur=-984.939539  dE=0.129736 eV
[SERVER] types_arr sample: (2, 0, 0)
[SERVER] species_map keys: [0, 1, 2, 3, 4]
  DELTA_QUERY comp=1 MOV mol_idx=54 natoms=3 n_stored=71
    E_full=-9074.615075  E_ads=-985.217317  E_cur=-9077.680871  E_ads_cur=-984.939539  dE=3.343575 eV
[SERVER] types_arr sample: (2, 0, 0)
[SERVER] species_map keys: [0, 1, 2, 3, 4]
  DELTA_QUERY comp=1 MOV mol_idx=62 natoms=3 n_stored=71
    E_full=-9076.382373  E_ads=-985.262635  E_cur=-9077.680871  E_ads_cur=-984.939539  dE=1.621594 eV
[SERVER] types_arr sample: (2, 0, 0)
[SERVER] species_map keys: [0, 1, 2, 3, 4]
  DELTA_QUERY comp=1 MOV mol_idx=64 natoms=3 n_stored=71
    E_full=-9076.362680  E_ads=-985.097409  E_cur=-9077.680871  E_ads_cur=-984.939539  dE=1.476060 eV
[SERVER] types_arr sample: (2, 0, 0)
[SERVER] species_map keys: [0, 1, 2, 3, 4]
  DELTA_QUERY comp=1 MOV mol_idx=62 natoms=3 n_stored=71
    E_full=-9077.635747  E_ads=-984.945748  E_cur=-9077.680871  E_ads_cur=-984.939539  dE=0.051333 eV
  COMMIT_MOVE comp=1 mol_idx=62  E_current=-9077.635747  E_ads_current=-984.945748 eV
[SERVER] types_arr sample: (2, 0, 0)
[SERVER] species_map keys: [0, 1, 2, 3, 4]
  DELTA_QUERY comp=1 MOV mol_idx=30 natoms=3 n_stored=71
    E_full=-9076.909957  E_ads=-984.959281  E_cur=-9077.635747  E_ads_cur=-984.945748  dE=0.739324 eV
[SERVER] types_arr sample: (2, 0, 0)
[SERVER] species_map keys: [0, 1, 2, 3, 4]
  DELTA_QUERY comp=1 MOV mol_idx=8 natoms=3 n_stored=71
    E_full=-9077.738818  E_ads=-984.944961  E_cur=-9077.635747  E_ads_cur=-984.945748  dE=-0.103858 eV
  COMMIT_MOVE comp=1 mol_idx=8  E_current=-9077.738818  E_ads_current=-984.944961 eV
[SERVER] types_arr sample: (2, 0, 0)
[SERVER] species_map keys: [0, 1, 2, 3, 4]
  DELTA_QUERY comp=1 MOV mol_idx=34 natoms=3 n_stored=71
    E_full=-9077.083522  E_ads=-985.079322  E_cur=-9077.738818  E_ads_cur=-984.944961  dE=0.789657 eV
[SERVER] types_arr sample: (2, 0, 0)
[SERVER] species_map keys: [0, 1, 2, 3, 4]
  DELTA_QUERY comp=1 MOV mol_idx=67 natoms=3 n_stored=71
    E_full=-9075.855503  E_ads=-985.027129  E_cur=-9077.738818  E_ads_cur=-984.944961  dE=1.965483 eV
[SERVER] types_arr sample: (2, 0, 0)
[SERVER] species_map keys: [0, 1, 2, 3, 4]
  DELTA_QUERY comp=1 MOV mol_idx=43 natoms=3 n_stored=71
    E_full=-9077.754154  E_ads=-984.946908  E_cur=-9077.738818  E_ads_cur=-984.944961  dE=-0.013388 eV
  COMMIT_MOVE comp=1 mol_idx=43  E_current=-9077.754154  E_ads_current=-984.946908 eV
[SERVER] types_arr sample: (2, 0, 0)
[SERVER] species_map keys: [0, 1, 2, 3, 4]
  DELTA_QUERY comp=1 MOV mol_idx=7 natoms=3 n_stored=71
    E_full=-9074.472956  E_ads=-985.219881  E_cur=-9077.754154  E_ads_cur=-984.946908  dE=3.554171 eV
[SERVER] types_arr sample: (2, 0, 0)
[SERVER] species_map keys: [0, 1, 2, 3, 4]
  DELTA_QUERY comp=1 MOV mol_idx=70 natoms=3 n_stored=71
    E_full=-9077.725658  E_ads=-984.946590  E_cur=-9077.754154  E_ads_cur=-984.946908  dE=0.028177 eV
  COMMIT_MOVE comp=1 mol_idx=70  E_current=-9077.725658  E_ads_current=-984.946590 eV
[SERVER] types_arr sample: (2, 0, 0)
[SERVER] species_map keys: [0, 1, 2, 3, 4]
  DELTA_QUERY comp=1 MOV mol_idx=9 natoms=3 n_stored=71
    E_full=-9077.712093  E_ads=-984.927668  E_cur=-9077.725658  E_ads_cur=-984.946590  dE=-0.005356 eV
  COMMIT_MOVE comp=1 mol_idx=9  E_current=-9077.712093  E_ads_current=-984.927668 eV
[SERVER] types_arr sample: (2, 0, 0)
[SERVER] species_map keys: [0, 1, 2, 3, 4]
  DELTA_QUERY comp=1 MOV mol_idx=36 natoms=3 n_stored=71
    E_full=-9077.475212  E_ads=-985.291323  E_cur=-9077.712093  E_ads_cur=-984.927668  dE=0.600536 eV
[SERVER] types_arr sample: (2, 0, 0)
[SERVER] species_map keys: [0, 1, 2, 3, 4]
  DELTA_QUERY comp=1 MOV mol_idx=17 natoms=3 n_stored=71
    E_full=-9077.470877  E_ads=-985.258804  E_cur=-9077.712093  E_ads_cur=-984.927668  dE=0.572351 eV
[SERVER] types_arr sample: (2, 0, 0)
[SERVER] species_map keys: [0, 1, 2, 3, 4]
  DELTA_QUERY comp=1 MOV mol_idx=33 natoms=3 n_stored=71
    E_full=-9077.764113  E_ads=-984.927827  E_cur=-9077.712093  E_ads_cur=-984.927668  dE=-0.051862 eV
  COMMIT_MOVE comp=1 mol_idx=33  E_current=-9077.764113  E_ads_current=-984.927827 eV
[SERVER] types_arr sample: (2, 0, 0)
[SERVER] species_map keys: [0, 1, 2, 3, 4]
  DELTA_QUERY comp=1 MOV mol_idx=55 natoms=3 n_stored=71
    E_full=-9077.752313  E_ads=-984.883781  E_cur=-9077.764113  E_ads_cur=-984.927827  dE=-0.032245 eV
  COMMIT_MOVE comp=1 mol_idx=55  E_current=-9077.752313  E_ads_current=-984.883781 eV
[SERVER] types_arr sample: (2, 0, 0)
[SERVER] species_map keys: [0, 1, 2, 3, 4]
  DELTA_QUERY comp=1 MOV mol_idx=51 natoms=3 n_stored=71
    E_full=-9077.777533  E_ads=-984.884307  E_cur=-9077.752313  E_ads_cur=-984.883781  dE=-0.024695 eV
  COMMIT_MOVE comp=1 mol_idx=51  E_current=-9077.777533  E_ads_current=-984.884307 eV
[SERVER] types_arr sample: (2, 0, 0)
[SERVER] species_map keys: [0, 1, 2, 3, 4]
  DELTA_QUERY comp=1 MOV mol_idx=49 natoms=3 n_stored=71
    E_full=-9077.744032  E_ads=-984.877813  E_cur=-9077.777533  E_ads_cur=-984.884307  dE=0.027007 eV
  COMMIT_MOVE comp=1 mol_idx=49  E_current=-9077.744032  E_ads_current=-984.877813 eV
[SERVER] types_arr sample: (2, 0, 0)
[SERVER] species_map keys: [0, 1, 2, 3, 4]
  DELTA_QUERY comp=1 MOV mol_idx=47 natoms=3 n_stored=71
    E_full=-9077.716481  E_ads=-984.825669  E_cur=-9077.744032  E_ads_cur=-984.877813  dE=-0.024592 eV
  COMMIT_MOVE comp=1 mol_idx=47  E_current=-9077.716481  E_ads_current=-984.825669 eV
[SERVER] types_arr sample: (2, 0, 0)
[SERVER] species_map keys: [0, 1, 2, 3, 4]
  DELTA_QUERY comp=1 MOV mol_idx=19 natoms=3 n_stored=71
    E_full=-9077.399823  E_ads=-984.778897  E_cur=-9077.716481  E_ads_cur=-984.825669  dE=0.269886 eV
  DELTA_QUERY comp=1 DEL mol_idx=34 natoms=0 n_stored=71
    E_full=-9063.244039  E_ads=-970.995760  E_cur=-9077.716481  E_ads_cur=-984.825669  dE=0.642532 eV
[SERVER] types_arr sample: (2, 0, 0)
[SERVER] species_map keys: [0, 1, 2, 3, 4]
  DELTA_QUERY comp=1 MOV mol_idx=38 natoms=3 n_stored=71
    E_full=-9077.538320  E_ads=-984.817317  E_cur=-9077.716481  E_ads_cur=-984.825669  dE=0.169808 eV
[SERVER] types_arr sample: (2, 0, 0)
[SERVER] species_map keys: [0, 1, 2, 3, 4]
  DELTA_QUERY comp=1 INS mol_idx=-1 natoms=3 n_stored=71
    E_full=-9091.579865  E_ads=-998.940431  E_cur=-9077.716481  E_ads_cur=-984.825669  dE=0.251377 eV
  DELTA_QUERY comp=1 DEL mol_idx=51 natoms=0 n_stored=71
    E_full=-9063.288317  E_ads=-971.044882  E_cur=-9077.716481  E_ads_cur=-984.825669  dE=0.647377 eV
[SERVER] types_arr sample: (2, 0, 0)
[SERVER] species_map keys: [0, 1, 2, 3, 4]
  DELTA_QUERY comp=1 MOV mol_idx=50 natoms=3 n_stored=71
    E_full=-9077.721634  E_ads=-984.824051  E_cur=-9077.716481  E_ads_cur=-984.825669  dE=-0.006772 eV
  COMMIT_MOVE comp=1 mol_idx=50  E_current=-9077.721634  E_ads_current=-984.824051 eV
  DELTA_QUERY comp=1 DEL mol_idx=17 natoms=0 n_stored=71
    E_full=-9063.253053  E_ads=-970.719388  E_cur=-9077.721634  E_ads_cur=-984.824051  dE=0.363919 eV
  DELTA_QUERY comp=1 DEL mol_idx=61 natoms=0 n_stored=71
    E_full=-9063.321371  E_ads=-970.866575  E_cur=-9077.721634  E_ads_cur=-984.824051  dE=0.442787 eV
[SERVER] types_arr sample: (2, 0, 0)
[SERVER] species_map keys: [0, 1, 2, 3, 4]
  DELTA_QUERY comp=1 INS mol_idx=-1 natoms=3 n_stored=71
    E_full=-9090.674373  E_ads=-998.853658  E_cur=-9077.721634  E_ads_cur=-984.824051  dE=1.076868 eV
[SERVER] types_arr sample: (2, 0, 0)
[SERVER] species_map keys: [0, 1, 2, 3, 4]
  DELTA_QUERY comp=1 MOV mol_idx=37 natoms=3 n_stored=71
    E_full=-9077.651880  E_ads=-984.824039  E_cur=-9077.721634  E_ads_cur=-984.824051  dE=0.069743 eV
[SERVER] types_arr sample: (2, 0, 0)
[SERVER] species_map keys: [0, 1, 2, 3, 4]
  DELTA_QUERY comp=1 MOV mol_idx=2 natoms=3 n_stored=71
    E_full=-9077.724661  E_ads=-984.815130  E_cur=-9077.721634  E_ads_cur=-984.824051  dE=-0.011947 eV
  COMMIT_MOVE comp=1 mol_idx=2  E_current=-9077.724661  E_ads_current=-984.815130 eV
[SERVER] types_arr sample: (2, 0, 0)
[SERVER] species_map keys: [0, 1, 2, 3, 4]
  DELTA_QUERY comp=1 MOV mol_idx=36 natoms=3 n_stored=71
    E_full=-9077.545591  E_ads=-984.972890  E_cur=-9077.724661  E_ads_cur=-984.815130  dE=0.336829 eV
[SERVER] types_arr sample: (2, 0, 0)
[SERVER] species_map keys: [0, 1, 2, 3, 4]
  DELTA_QUERY comp=1 MOV mol_idx=52 natoms=3 n_stored=71
    E_full=-9077.606455  E_ads=-984.780537  E_cur=-9077.724661  E_ads_cur=-984.815130  dE=0.083611 eV
[SERVER] types_arr sample: (2, 0, 0)
[SERVER] species_map keys: [0, 1, 2, 3, 4]
  DELTA_QUERY comp=1 MOV mol_idx=64 natoms=3 n_stored=71
    E_full=-9076.293985  E_ads=-985.052308  E_cur=-9077.724661  E_ads_cur=-984.815130  dE=1.667853 eV
  DELTA_QUERY comp=1 DEL mol_idx=9 natoms=0 n_stored=71
    E_full=-9063.220276  E_ads=-970.823940  E_cur=-9077.724661  E_ads_cur=-984.815130  dE=0.513194 eV
[SERVER] types_arr sample: (2, 0, 0)
[SERVER] species_map keys: [0, 1, 2, 3, 4]
  DELTA_QUERY comp=1 MOV mol_idx=37 natoms=3 n_stored=71
    E_full=-9077.602566  E_ads=-984.815131  E_cur=-9077.724661  E_ads_cur=-984.815130  dE=0.122095 eV
[SERVER] types_arr sample: (2, 0, 0)
[SERVER] species_map keys: [0, 1, 2, 3, 4]
  DELTA_QUERY comp=1 MOV mol_idx=10 natoms=3 n_stored=71
    E_full=-9077.347373  E_ads=-984.884891  E_cur=-9077.724661  E_ads_cur=-984.815130  dE=0.447048 eV
[SERVER] types_arr sample: (2, 0, 0)
[SERVER] species_map keys: [0, 1, 2, 3, 4]
  DELTA_QUERY comp=1 INS mol_idx=-1 natoms=3 n_stored=71
    E_full=-9091.422539  E_ads=-998.725731  E_cur=-9077.724661  E_ads_cur=-984.815130  dE=0.212723 eV
[SERVER] types_arr sample: (2, 0, 0)
[SERVER] species_map keys: [0, 1, 2, 3, 4]
  DELTA_QUERY comp=1 INS mol_idx=-1 natoms=3 n_stored=71
    E_full=-9090.364574  E_ads=-997.882980  E_cur=-9077.724661  E_ads_cur=-984.815130  dE=0.427937 eV
  DELTA_QUERY comp=1 DEL mol_idx=66 natoms=0 n_stored=71
    E_full=-9063.189479  E_ads=-970.662632  E_cur=-9077.724661  E_ads_cur=-984.815130  dE=0.382684 eV
[SERVER] types_arr sample: (2, 0, 0)
[SERVER] species_map keys: [0, 1, 2, 3, 4]
  DELTA_QUERY comp=1 MOV mol_idx=3 natoms=3 n_stored=71
    E_full=-9075.903830  E_ads=-984.973812  E_cur=-9077.724661  E_ads_cur=-984.815130  dE=1.979512 eV
[SERVER] types_arr sample: (2, 0, 0)
[SERVER] species_map keys: [0, 1, 2, 3, 4]
  DELTA_QUERY comp=1 MOV mol_idx=51 natoms=3 n_stored=71
    E_full=-9077.679107  E_ads=-984.816590  E_cur=-9077.724661  E_ads_cur=-984.815130  dE=0.047013 eV
[SERVER] types_arr sample: (2, 0, 0)
[SERVER] species_map keys: [0, 1, 2, 3, 4]
  DELTA_QUERY comp=1 MOV mol_idx=40 natoms=3 n_stored=71
    E_full=-9076.817656  E_ads=-984.982249  E_cur=-9077.724661  E_ads_cur=-984.815130  dE=1.074123 eV
[SERVER] types_arr sample: (2, 0, 0)
[SERVER] species_map keys: [0, 1, 2, 3, 4]
  DELTA_QUERY comp=1 MOV mol_idx=67 natoms=3 n_stored=71
    E_full=-9077.090967  E_ads=-984.724242  E_cur=-9077.724661  E_ads_cur=-984.815130  dE=0.542806 eV
  DELTA_QUERY comp=1 DEL mol_idx=19 natoms=0 n_stored=71
    E_full=-9063.160595  E_ads=-970.705907  E_cur=-9077.724661  E_ads_cur=-984.815130  dE=0.454841 eV
[SERVER] types_arr sample: (2, 0, 0)
[SERVER] species_map keys: [0, 1, 2, 3, 4]
  DELTA_QUERY comp=1 MOV mol_idx=9 natoms=3 n_stored=71
    E_full=-9077.655240  E_ads=-984.826891  E_cur=-9077.724661  E_ads_cur=-984.815130  dE=0.081181 eV
  DELTA_QUERY comp=1 DEL mol_idx=59 natoms=0 n_stored=71
    E_full=-9063.180545  E_ads=-970.635319  E_cur=-9077.724661  E_ads_cur=-984.815130  dE=0.364304 eV
[SERVER] types_arr sample: (2, 0, 0)
[SERVER] species_map keys: [0, 1, 2, 3, 4]
  DELTA_QUERY comp=1 MOV mol_idx=2 natoms=3 n_stored=71
    E_full=-9077.095822  E_ads=-985.087429  E_cur=-9077.724661  E_ads_cur=-984.815130  dE=0.901137 eV
[SERVER] types_arr sample: (2, 0, 0)
[SERVER] species_map keys: [0, 1, 2, 3, 4]
  DELTA_QUERY comp=1 MOV mol_idx=2 natoms=3 n_stored=71
    E_full=-9077.672678  E_ads=-984.807905  E_cur=-9077.724661  E_ads_cur=-984.815130  dE=0.044758 eV
[SERVER] types_arr sample: (2, 0, 0)
[SERVER] species_map keys: [0, 1, 2, 3, 4]
  DELTA_QUERY comp=1 MOV mol_idx=11 natoms=3 n_stored=71
    E_full=-9077.633826  E_ads=-985.058024  E_cur=-9077.724661  E_ads_cur=-984.815130  dE=0.333728 eV
[SERVER] types_arr sample: (2, 0, 0)
[SERVER] species_map keys: [0, 1, 2, 3, 4]
  DELTA_QUERY comp=1 INS mol_idx=-1 natoms=3 n_stored=71
    E_full=-9092.245583  E_ads=-999.098786  E_cur=-9077.724661  E_ads_cur=-984.815130  dE=-0.237267 eV
  COMMIT_INSERT comp=1 n_stored=72  E_current=-9092.245583  E_ads_current=-999.098786 eV
[SERVER] types_arr sample: (2, 0, 0)
[SERVER] species_map keys: [0, 1, 2, 3, 4]
  DELTA_QUERY comp=1 MOV mol_idx=30 natoms=3 n_stored=72
    E_full=-9091.312391  E_ads=-998.798323  E_cur=-9092.245583  E_ads_cur=-999.098786  dE=0.632730 eV
[SERVER] types_arr sample: (2, 0, 0)
[SERVER] species_map keys: [0, 1, 2, 3, 4]
  DELTA_QUERY comp=1 MOV mol_idx=66 natoms=3 n_stored=72
    E_full=-9092.223915  E_ads=-999.059390  E_cur=-9092.245583  E_ads_cur=-999.098786  dE=-0.017728 eV
[SERVER] types_arr sample: (2, 0, 0)
[SERVER] species_map keys: [0, 1, 2, 3, 4]
  DELTA_QUERY comp=1 MOV mol_idx=37 natoms=3 n_stored=72
    E_full=-9091.377590  E_ads=-999.110140  E_cur=-9092.245583  E_ads_cur=-999.098786  dE=0.879347 eV
[SERVER] types_arr sample: (2, 0, 0)
[SERVER] species_map keys: [0, 1, 2, 3, 4]
  DELTA_QUERY comp=1 MOV mol_idx=3 natoms=3 n_stored=72
    E_full=-9091.633105  E_ads=-999.282437  E_cur=-9092.245583  E_ads_cur=-999.098786  dE=0.796129 eV
[SERVER] types_arr sample: (2, 0, 0)
[SERVER] species_map keys: [0, 1, 2, 3, 4]
  DELTA_QUERY comp=1 MOV mol_idx=48 natoms=3 n_stored=72
    E_full=-9092.184009  E_ads=-999.563810  E_cur=-9092.245583  E_ads_cur=-999.098786  dE=0.526598 eV
[SERVER] types_arr sample: (2, 0, 0)
[SERVER] species_map keys: [0, 1, 2, 3, 4]
  DELTA_QUERY comp=1 INS mol_idx=-1 natoms=3 n_stored=72
    E_full=-9106.160131  E_ads=-1013.328359  E_cur=-9092.245583  E_ads_cur=-999.098786  dE=0.315025 eV
[SERVER] types_arr sample: (2, 0, 0)
[SERVER] species_map keys: [0, 1, 2, 3, 4]
  DELTA_QUERY comp=1 MOV mol_idx=49 natoms=3 n_stored=72
    E_full=-9090.636038  E_ads=-999.331003  E_cur=-9092.245583  E_ads_cur=-999.098786  dE=1.841762 eV
[SERVER] types_arr sample: (2, 0, 0)
[SERVER] species_map keys: [0, 1, 2, 3, 4]
  DELTA_QUERY comp=1 MOV mol_idx=28 natoms=3 n_stored=72
    E_full=-9091.945489  E_ads=-999.332801  E_cur=-9092.245583  E_ads_cur=-999.098786  dE=0.534109 eV
[SERVER] types_arr sample: (2, 0, 0)
[SERVER] species_map keys: [0, 1, 2, 3, 4]
  DELTA_QUERY comp=1 INS mol_idx=-1 natoms=3 n_stored=72
    E_full=-9106.791437  E_ads=-1013.279497  E_cur=-9092.245583  E_ads_cur=-999.098786  dE=-0.365143 eV
  COMMIT_INSERT comp=1 n_stored=73  E_current=-9106.791437  E_ads_current=-1013.279497 eV
[SERVER] types_arr sample: (2, 0, 0)
[SERVER] species_map keys: [0, 1, 2, 3, 4]
  DELTA_QUERY comp=1 INS mol_idx=-1 natoms=3 n_stored=73
    E_full=-9120.844085  E_ads=-1027.478537  E_cur=-9106.791437  E_ads_cur=-1013.279497  dE=0.146393 eV
  DELTA_QUERY comp=1 DEL mol_idx=33 natoms=0 n_stored=73
    E_full=-9092.251895  E_ads=-999.501382  E_cur=-9106.791437  E_ads_cur=-1013.279497  dE=0.761427 eV
[SERVER] types_arr sample: (2, 0, 0)
[SERVER] species_map keys: [0, 1, 2, 3, 4]
  DELTA_QUERY comp=1 MOV mol_idx=45 natoms=3 n_stored=73
    E_full=-9106.226358  E_ads=-1013.370759  E_cur=-9106.791437  E_ads_cur=-1013.279497  dE=0.656341 eV
[SERVER] types_arr sample: (2, 0, 0)
[SERVER] species_map keys: [0, 1, 2, 3, 4]
  DELTA_QUERY comp=1 MOV mol_idx=60 natoms=3 n_stored=73
    E_full=-9105.368958  E_ads=-1012.800997  E_cur=-9106.791437  E_ads_cur=-1013.279497  dE=0.943979 eV
[SERVER] types_arr sample: (2, 0, 0)
[SERVER] species_map keys: [0, 1, 2, 3, 4]
  DELTA_QUERY comp=1 MOV mol_idx=67 natoms=3 n_stored=73
    E_full=-9106.836721  E_ads=-1013.296326  E_cur=-9106.791437  E_ads_cur=-1013.279497  dE=-0.028455 eV
  COMMIT_MOVE comp=1 mol_idx=67  E_current=-9106.836721  E_ads_current=-1013.296326 eV
[SERVER] types_arr sample: (2, 0, 0)
[SERVER] species_map keys: [0, 1, 2, 3, 4]
  DELTA_QUERY comp=1 MOV mol_idx=49 natoms=3 n_stored=73
    E_full=-9106.868845  E_ads=-1013.297059  E_cur=-9106.836721  E_ads_cur=-1013.296326  dE=-0.031391 eV
  COMMIT_MOVE comp=1 mol_idx=49  E_current=-9106.868845  E_ads_current=-1013.297059 eV
[SERVER] types_arr sample: (2, 0, 0)
[SERVER] species_map keys: [0, 1, 2, 3, 4]
  DELTA_QUERY comp=1 INS mol_idx=-1 natoms=3 n_stored=73
    E_full=-9120.219969  E_ads=-1027.466083  E_cur=-9106.868845  E_ads_cur=-1013.297059  dE=0.817900 eV
[SERVER] types_arr sample: (2, 0, 0)
[SERVER] species_map keys: [0, 1, 2, 3, 4]
  DELTA_QUERY comp=1 MOV mol_idx=15 natoms=3 n_stored=73
    E_full=-9103.838476  E_ads=-1013.553692  E_cur=-9106.868845  E_ads_cur=-1013.297059  dE=3.287001 eV
[SERVER] types_arr sample: (2, 0, 0)
[SERVER] species_map keys: [0, 1, 2, 3, 4]
  DELTA_QUERY comp=1 MOV mol_idx=16 natoms=3 n_stored=73
    E_full=-9105.179524  E_ads=-1013.547517  E_cur=-9106.868845  E_ads_cur=-1013.297059  dE=1.939780 eV
[SERVER] types_arr sample: (2, 0, 0)
[SERVER] species_map keys: [0, 1, 2, 3, 4]
  DELTA_QUERY comp=1 MOV mol_idx=43 natoms=3 n_stored=73
    E_full=-9106.266346  E_ads=-1013.983600  E_cur=-9106.868845  E_ads_cur=-1013.297059  dE=1.289041 eV
[SERVER] types_arr sample: (2, 0, 0)
[SERVER] species_map keys: [0, 1, 2, 3, 4]
  DELTA_QUERY comp=1 MOV mol_idx=14 natoms=3 n_stored=73
    E_full=-9106.374539  E_ads=-1013.242624  E_cur=-9106.868845  E_ads_cur=-1013.297059  dE=0.439871 eV
[SERVER] types_arr sample: (2, 0, 0)
[SERVER] species_map keys: [0, 1, 2, 3, 4]
  DELTA_QUERY comp=1 MOV mol_idx=65 natoms=3 n_stored=73
    E_full=-9106.660183  E_ads=-1013.110350  E_cur=-9106.868845  E_ads_cur=-1013.297059  dE=0.021953 eV
[SERVER] types_arr sample: (2, 0, 0)
[SERVER] species_map keys: [0, 1, 2, 3, 4]
  DELTA_QUERY comp=1 MOV mol_idx=1 natoms=3 n_stored=73
    E_full=-9106.891300  E_ads=-1013.308192  E_cur=-9106.868845  E_ads_cur=-1013.297059  dE=-0.011322 eV
  COMMIT_MOVE comp=1 mol_idx=1  E_current=-9106.891300  E_ads_current=-1013.308192 eV
[SERVER] types_arr sample: (2, 0, 0)
[SERVER] species_map keys: [0, 1, 2, 3, 4]
  DELTA_QUERY comp=1 MOV mol_idx=68 natoms=3 n_stored=73
    E_full=-9106.296502  E_ads=-1013.710629  E_cur=-9106.891300  E_ads_cur=-1013.308192  dE=0.997235 eV
[SERVER] types_arr sample: (2, 0, 0)
[SERVER] species_map keys: [0, 1, 2, 3, 4]
  DELTA_QUERY comp=1 INS mol_idx=-1 natoms=3 n_stored=73
    E_full=-9120.907440  E_ads=-1027.480058  E_cur=-9106.891300  E_ads_cur=-1013.308192  dE=0.155726 eV
[SERVER] types_arr sample: (2, 0, 0)
[SERVER] species_map keys: [0, 1, 2, 3, 4]
  DELTA_QUERY comp=1 MOV mol_idx=26 natoms=3 n_stored=73
    E_full=-9106.927518  E_ads=-1013.316045  E_cur=-9106.891300  E_ads_cur=-1013.308192  dE=-0.028364 eV
  COMMIT_MOVE comp=1 mol_idx=26  E_current=-9106.927518  E_ads_current=-1013.316045 eV
[SERVER] types_arr sample: (2, 0, 0)
[SERVER] species_map keys: [0, 1, 2, 3, 4]
  DELTA_QUERY comp=1 MOV mol_idx=26 natoms=3 n_stored=73
    E_full=-9106.678792  E_ads=-1013.254177  E_cur=-9106.927518  E_ads_cur=-1013.316045  dE=0.186857 eV
[SERVER] types_arr sample: (2, 0, 0)
[SERVER] species_map keys: [0, 1, 2, 3, 4]
  DELTA_QUERY comp=1 MOV mol_idx=3 natoms=3 n_stored=73
    E_full=-9106.800399  E_ads=-1013.268500  E_cur=-9106.927518  E_ads_cur=-1013.316045  dE=0.079573 eV
[SERVER] types_arr sample: (2, 0, 0)
[SERVER] species_map keys: [0, 1, 2, 3, 4]
  DELTA_QUERY comp=1 MOV mol_idx=54 natoms=3 n_stored=73
    E_full=-9105.279781  E_ads=-1013.434572  E_cur=-9106.927518  E_ads_cur=-1013.316045  dE=1.766264 eV
  DELTA_QUERY comp=1 DEL mol_idx=56 natoms=0 n_stored=73
    E_full=-9092.427877  E_ads=-999.185345  E_cur=-9106.927518  E_ads_cur=-1013.316045  dE=0.368941 eV
[SERVER] types_arr sample: (2, 0, 0)
[SERVER] species_map keys: [0, 1, 2, 3, 4]
  DELTA_QUERY comp=1 MOV mol_idx=45 natoms=3 n_stored=73
    E_full=-9106.404877  E_ads=-1013.051936  E_cur=-9106.927518  E_ads_cur=-1013.316045  dE=0.258531 eV
[SERVER] types_arr sample: (2, 0, 0)
[SERVER] species_map keys: [0, 1, 2, 3, 4]
  DELTA_QUERY comp=1 MOV mol_idx=42 natoms=3 n_stored=73
    E_full=-9106.954184  E_ads=-1013.315679  E_cur=-9106.927518  E_ads_cur=-1013.316045  dE=-0.027032 eV
  COMMIT_MOVE comp=1 mol_idx=42  E_current=-9106.954184  E_ads_current=-1013.315679 eV
[SERVER] types_arr sample: (2, 0, 0)
[SERVER] species_map keys: [0, 1, 2, 3, 4]
  DELTA_QUERY comp=1 MOV mol_idx=4 natoms=3 n_stored=73
    E_full=-9106.386571  E_ads=-1013.594555  E_cur=-9106.954184  E_ads_cur=-1013.315679  dE=0.846488 eV
[SERVER] types_arr sample: (2, 0, 0)
[SERVER] species_map keys: [0, 1, 2, 3, 4]
  DELTA_QUERY comp=1 INS mol_idx=-1 natoms=3 n_stored=73
    E_full=-9121.016856  E_ads=-1027.263353  E_cur=-9106.954184  E_ads_cur=-1013.315679  dE=-0.114999 eV
[SERVER] types_arr sample: (2, 0, 0)
[SERVER] species_map keys: [0, 1, 2, 3, 4]
  DELTA_QUERY comp=1 INS mol_idx=-1 natoms=3 n_stored=73
    E_full=-9121.223387  E_ads=-1027.519141  E_cur=-9106.954184  E_ads_cur=-1013.315679  dE=-0.065741 eV
[SERVER] types_arr sample: (2, 0, 0)
[SERVER] species_map keys: [0, 1, 2, 3, 4]
  DELTA_QUERY comp=1 MOV mol_idx=68 natoms=3 n_stored=73
    E_full=-9106.877934  E_ads=-1013.310381  E_cur=-9106.954184  E_ads_cur=-1013.315679  dE=0.070951 eV
[SERVER] types_arr sample: (2, 0, 0)
[SERVER] species_map keys: [0, 1, 2, 3, 4]
  DELTA_QUERY comp=1 MOV mol_idx=8 natoms=3 n_stored=73
    E_full=-9105.983501  E_ads=-1013.872198  E_cur=-9106.954184  E_ads_cur=-1013.315679  dE=1.527201 eV
  DELTA_QUERY comp=1 DEL mol_idx=43 natoms=0 n_stored=73
    E_full=-9092.585386  E_ads=-999.513519  E_cur=-9106.954184  E_ads_cur=-1013.315679  dE=0.566638 eV
[SERVER] types_arr sample: (2, 0, 0)
[SERVER] species_map keys: [0, 1, 2, 3, 4]
  DELTA_QUERY comp=1 MOV mol_idx=64 natoms=3 n_stored=73
    E_full=-9106.812397  E_ads=-1013.320272  E_cur=-9106.954184  E_ads_cur=-1013.315679  dE=0.146379 eV
  DELTA_QUERY comp=1 DEL mol_idx=53 natoms=0 n_stored=73
    E_full=-9092.369359  E_ads=-999.329440  E_cur=-9106.954184  E_ads_cur=-1013.315679  dE=0.598586 eV
[SERVER] types_arr sample: (2, 0, 0)
[SERVER] species_map keys: [0, 1, 2, 3, 4]
  DELTA_QUERY comp=1 MOV mol_idx=45 natoms=3 n_stored=73
    E_full=-9106.859908  E_ads=-1013.415733  E_cur=-9106.954184  E_ads_cur=-1013.315679  dE=0.194330 eV
[SERVER] types_arr sample: (2, 0, 0)
[SERVER] species_map keys: [0, 1, 2, 3, 4]
  DELTA_QUERY comp=1 MOV mol_idx=17 natoms=3 n_stored=73
    E_full=-9106.583726  E_ads=-1013.083596  E_cur=-9106.954184  E_ads_cur=-1013.315679  dE=0.138375 eV
  DELTA_QUERY comp=1 DEL mol_idx=54 natoms=0 n_stored=73
    E_full=-9092.539388  E_ads=-999.336204  E_cur=-9106.954184  E_ads_cur=-1013.315679  dE=0.435320 eV
[SERVER] types_arr sample: (2, 0, 0)
[SERVER] species_map keys: [0, 1, 2, 3, 4]
  DELTA_QUERY comp=1 MOV mol_idx=61 natoms=3 n_stored=73
    E_full=-9105.512031  E_ads=-1012.670999  E_cur=-9106.954184  E_ads_cur=-1013.315679  dE=0.797473 eV
[SERVER] types_arr sample: (2, 0, 0)
[SERVER] species_map keys: [0, 1, 2, 3, 4]
  DELTA_QUERY comp=1 MOV mol_idx=16 natoms=3 n_stored=73
    E_full=-9106.972576  E_ads=-1013.315360  E_cur=-9106.954184  E_ads_cur=-1013.315679  dE=-0.018711 eV
  COMMIT_MOVE comp=1 mol_idx=16  E_current=-9106.972576  E_ads_current=-1013.315360 eV
[SERVER] types_arr sample: (2, 0, 0)
[SERVER] species_map keys: [0, 1, 2, 3, 4]
  DELTA_QUERY comp=1 MOV mol_idx=38 natoms=3 n_stored=73
    E_full=-9106.743432  E_ads=-1013.303595  E_cur=-9106.972576  E_ads_cur=-1013.315360  dE=0.217378 eV
[SERVER] types_arr sample: (2, 0, 0)
[SERVER] species_map keys: [0, 1, 2, 3, 4]
  DELTA_QUERY comp=1 MOV mol_idx=9 natoms=3 n_stored=73
    E_full=-9106.891962  E_ads=-1013.307247  E_cur=-9106.972576  E_ads_cur=-1013.315360  dE=0.072501 eV
[SERVER] types_arr sample: (2, 0, 0)
[SERVER] species_map keys: [0, 1, 2, 3, 4]
  DELTA_QUERY comp=1 MOV mol_idx=19 natoms=3 n_stored=73
    E_full=-9104.868443  E_ads=-1012.892068  E_cur=-9106.972576  E_ads_cur=-1013.315360  dE=1.680841 eV
[SERVER] types_arr sample: (2, 0, 0)
[SERVER] species_map keys: [0, 1, 2, 3, 4]
  DELTA_QUERY comp=1 MOV mol_idx=72 natoms=3 n_stored=73
    E_full=-9106.972648  E_ads=-1013.284002  E_cur=-9106.972576  E_ads_cur=-1013.315360  dE=-0.031430 eV
  COMMIT_MOVE comp=1 mol_idx=72  E_current=-9106.972648  E_ads_current=-1013.284002 eV
  DELTA_QUERY comp=1 DEL mol_idx=0 natoms=0 n_stored=73
    E_full=-9092.583370  E_ads=-999.297365  E_cur=-9106.972648  E_ads_cur=-1013.284002  dE=0.402640 eV
[SERVER] types_arr sample: (2, 0, 0)
[SERVER] species_map keys: [0, 1, 2, 3, 4]
  DELTA_QUERY comp=1 MOV mol_idx=34 natoms=3 n_stored=73
    E_full=-9106.806211  E_ads=-1013.601913  E_cur=-9106.972648  E_ads_cur=-1013.284002  dE=0.484349 eV
[SERVER] types_arr sample: (2, 0, 0)
[SERVER] species_map keys: [0, 1, 2, 3, 4]
  DELTA_QUERY comp=1 MOV mol_idx=69 natoms=3 n_stored=73
    E_full=-9106.298485  E_ads=-1012.549925  E_cur=-9106.972648  E_ads_cur=-1013.284002  dE=-0.059913 eV
[SERVER] types_arr sample: (2, 0, 0)
[SERVER] species_map keys: [0, 1, 2, 3, 4]
  DELTA_QUERY comp=1 MOV mol_idx=59 natoms=3 n_stored=73
    E_full=-9106.717498  E_ads=-1013.337594  E_cur=-9106.972648  E_ads_cur=-1013.284002  dE=0.308742 eV
[SERVER] types_arr sample: (2, 0, 0)
[SERVER] species_map keys: [0, 1, 2, 3, 4]
  DELTA_QUERY comp=1 MOV mol_idx=4 natoms=3 n_stored=73
    E_full=-9105.965148  E_ads=-1013.773866  E_cur=-9106.972648  E_ads_cur=-1013.284002  dE=1.497364 eV
[SERVER] types_arr sample: (2, 0, 0)
[SERVER] species_map keys: [0, 1, 2, 3, 4]
  DELTA_QUERY comp=1 MOV mol_idx=8 natoms=3 n_stored=73
    E_full=-9106.616618  E_ads=-1013.308589  E_cur=-9106.972648  E_ads_cur=-1013.284002  dE=0.380616 eV
  DELTA_QUERY comp=1 DEL mol_idx=36 natoms=0 n_stored=73
    E_full=-9092.441932  E_ads=-999.281597  E_cur=-9106.972648  E_ads_cur=-1013.284002  dE=0.528311 eV
[SERVER] types_arr sample: (2, 0, 0)
[SERVER] species_map keys: [0, 1, 2, 3, 4]
  DELTA_QUERY comp=1 MOV mol_idx=71 natoms=3 n_stored=73
    E_full=-9106.899313  E_ads=-1013.157780  E_cur=-9106.972648  E_ads_cur=-1013.284002  dE=-0.052886 eV
  DELTA_QUERY comp=1 DEL mol_idx=16 natoms=0 n_stored=73
    E_full=-9092.497310  E_ads=-999.497469  E_cur=-9106.972648  E_ads_cur=-1013.284002  dE=0.688805 eV
[SERVER] types_arr sample: (2, 0, 0)
[SERVER] species_map keys: [0, 1, 2, 3, 4]
  DELTA_QUERY comp=1 MOV mol_idx=37 natoms=3 n_stored=73
    E_full=-9106.083017  E_ads=-1013.350998  E_cur=-9106.972648  E_ads_cur=-1013.284002  dE=0.956627 eV
[SERVER] types_arr sample: (2, 0, 0)
[SERVER] species_map keys: [0, 1, 2, 3, 4]
  DELTA_QUERY comp=1 MOV mol_idx=6 natoms=3 n_stored=73
    E_full=-9106.971031  E_ads=-1013.285463  E_cur=-9106.972648  E_ads_cur=-1013.284002  dE=0.003077 eV
[SERVER] types_arr sample: (2, 0, 0)
[SERVER] species_map keys: [0, 1, 2, 3, 4]
  DELTA_QUERY comp=1 MOV mol_idx=32 natoms=3 n_stored=73
    E_full=-9106.669625  E_ads=-1013.286628  E_cur=-9106.972648  E_ads_cur=-1013.284002  dE=0.305649 eV
[SERVER] types_arr sample: (2, 0, 0)
[SERVER] species_map keys: [0, 1, 2, 3, 4]
  DELTA_QUERY comp=1 MOV mol_idx=59 natoms=3 n_stored=73
    E_full=-9106.889409  E_ads=-1013.249687  E_cur=-9106.972648  E_ads_cur=-1013.284002  dE=0.048924 eV
[SERVER] types_arr sample: (2, 0, 0)
[SERVER] species_map keys: [0, 1, 2, 3, 4]
  DELTA_QUERY comp=1 MOV mol_idx=19 natoms=3 n_stored=73
    E_full=-9106.874789  E_ads=-1013.263562  E_cur=-9106.972648  E_ads_cur=-1013.284002  dE=0.077419 eV
[SERVER] types_arr sample: (2, 0, 0)
[SERVER] species_map keys: [0, 1, 2, 3, 4]
  DELTA_QUERY comp=1 MOV mol_idx=67 natoms=3 n_stored=73
    E_full=-9106.681892  E_ads=-1013.074214  E_cur=-9106.972648  E_ads_cur=-1013.284002  dE=0.080968 eV
[SERVER] types_arr sample: (2, 0, 0)
[SERVER] species_map keys: [0, 1, 2, 3, 4]
  DELTA_QUERY comp=1 MOV mol_idx=49 natoms=3 n_stored=73
    E_full=-9107.037803  E_ads=-1013.158916  E_cur=-9106.972648  E_ads_cur=-1013.284002  dE=-0.190240 eV
  COMMIT_MOVE comp=1 mol_idx=49  E_current=-9107.037803  E_ads_current=-1013.158916 eV
  DELTA_QUERY comp=1 DEL mol_idx=42 natoms=0 n_stored=73
    E_full=-9092.434207  E_ads=-999.295600  E_cur=-9107.037803  E_ads_cur=-1013.158916  dE=0.740279 eV
[SERVER] types_arr sample: (2, 0, 0)
[SERVER] species_map keys: [0, 1, 2, 3, 4]
  DELTA_QUERY comp=1 MOV mol_idx=39 natoms=3 n_stored=73
    E_full=-9106.986120  E_ads=-1013.198230  E_cur=-9107.037803  E_ads_cur=-1013.158916  dE=0.090996 eV
[SERVER] types_arr sample: (2, 0, 0)
[SERVER] species_map keys: [0, 1, 2, 3, 4]
  DELTA_QUERY comp=1 MOV mol_idx=13 natoms=3 n_stored=73
    E_full=-9106.856413  E_ads=-1013.187355  E_cur=-9107.037803  E_ads_cur=-1013.158916  dE=0.209829 eV
[SERVER] types_arr sample: (2, 0, 0)
[SERVER] species_map keys: [0, 1, 2, 3, 4]
  DELTA_QUERY comp=1 MOV mol_idx=57 natoms=3 n_stored=73
    E_full=-9106.183523  E_ads=-1012.827770  E_cur=-9107.037803  E_ads_cur=-1013.158916  dE=0.523133 eV
[SERVER] types_arr sample: (2, 0, 0)
[SERVER] species_map keys: [0, 1, 2, 3, 4]
  DELTA_QUERY comp=1 MOV mol_idx=58 natoms=3 n_stored=73
    E_full=-9106.592781  E_ads=-1013.332976  E_cur=-9107.037803  E_ads_cur=-1013.158916  dE=0.619081 eV
[SERVER] types_arr sample: (2, 0, 0)
[SERVER] species_map keys: [0, 1, 2, 3, 4]
  DELTA_QUERY comp=1 MOV mol_idx=20 natoms=3 n_stored=73
    E_full=-9106.892521  E_ads=-1013.195861  E_cur=-9107.037803  E_ads_cur=-1013.158916  dE=0.182226 eV
[SERVER] types_arr sample: (2, 0, 0)
[SERVER] species_map keys: [0, 1, 2, 3, 4]
  DELTA_QUERY comp=1 MOV mol_idx=12 natoms=3 n_stored=73
    E_full=-9107.055313  E_ads=-1013.161922  E_cur=-9107.037803  E_ads_cur=-1013.158916  dE=-0.014506 eV
  COMMIT_MOVE comp=1 mol_idx=12  E_current=-9107.055313  E_ads_current=-1013.161922 eV
[SERVER] types_arr sample: (2, 0, 0)
[SERVER] species_map keys: [0, 1, 2, 3, 4]
  DELTA_QUERY comp=1 MOV mol_idx=31 natoms=3 n_stored=73
    E_full=-9106.878740  E_ads=-1013.351194  E_cur=-9107.055313  E_ads_cur=-1013.161922  dE=0.365845 eV
[SERVER] types_arr sample: (2, 0, 0)
[SERVER] species_map keys: [0, 1, 2, 3, 4]
  DELTA_QUERY comp=1 INS mol_idx=-1 natoms=3 n_stored=73
    E_full=-9121.460201  E_ads=-1027.247692  E_cur=-9107.055313  E_ads_cur=-1013.161922  dE=-0.319117 eV
  COMMIT_INSERT comp=1 n_stored=74  E_current=-9121.460201  E_ads_current=-1027.247692 eV
[SERVER] types_arr sample: (2, 0, 0)
[SERVER] species_map keys: [0, 1, 2, 3, 4]
  DELTA_QUERY comp=1 INS mol_idx=-1 natoms=3 n_stored=74
    E_full=-9135.577448  E_ads=-1041.557367  E_cur=-9121.460201  E_ads_cur=-1027.247692  dE=0.192429 eV
[SERVER] types_arr sample: (2, 0, 0)
[SERVER] species_map keys: [0, 1, 2, 3, 4]
  DELTA_QUERY comp=1 MOV mol_idx=0 natoms=3 n_stored=74
    E_full=-9121.415018  E_ads=-1027.249113  E_cur=-9121.460201  E_ads_cur=-1027.247692  dE=0.046604 eV
  COMMIT_MOVE comp=1 mol_idx=0  E_current=-9121.415018  E_ads_current=-1027.249113 eV
[SERVER] types_arr sample: (2, 0, 0)
[SERVER] species_map keys: [0, 1, 2, 3, 4]
  DELTA_QUERY comp=1 MOV mol_idx=29 natoms=3 n_stored=74
    E_full=-9121.214716  E_ads=-1027.250755  E_cur=-9121.415018  E_ads_cur=-1027.249113  dE=0.201944 eV
  DELTA_QUERY comp=1 DEL mol_idx=50 natoms=0 n_stored=74
    E_full=-9106.832935  E_ads=-1013.335983  E_cur=-9121.415018  E_ads_cur=-1027.249113  dE=0.668954 eV
[SERVER] types_arr sample: (2, 0, 0)
[SERVER] species_map keys: [0, 1, 2, 3, 4]
  DELTA_QUERY comp=1 INS mol_idx=-1 natoms=3 n_stored=74
    E_full=-9135.666800  E_ads=-1041.566303  E_cur=-9121.415018  E_ads_cur=-1027.249113  dE=0.065409 eV
  COMMIT_INSERT comp=1 n_stored=75  E_current=-9135.666800  E_ads_current=-1041.566303 eV
[SERVER] types_arr sample: (2, 0, 0)
[SERVER] species_map keys: [0, 1, 2, 3, 4]
  DELTA_QUERY comp=1 INS mol_idx=-1 natoms=3 n_stored=75
    E_full=-9148.082837  E_ads=-1055.272012  E_cur=-9135.666800  E_ads_cur=-1041.566303  dE=1.289672 eV
[SERVER] types_arr sample: (2, 0, 0)
[SERVER] species_map keys: [0, 1, 2, 3, 4]
  DELTA_QUERY comp=1 INS mol_idx=-1 natoms=3 n_stored=75
    E_full=-9149.347876  E_ads=-1055.805329  E_cur=-9135.666800  E_ads_cur=-1041.566303  dE=0.557949 eV
[SERVER] types_arr sample: (2, 0, 0)
[SERVER] species_map keys: [0, 1, 2, 3, 4]
  DELTA_QUERY comp=1 INS mol_idx=-1 natoms=3 n_stored=75
    E_full=-9149.891905  E_ads=-1055.774100  E_cur=-9135.666800  E_ads_cur=-1041.566303  dE=-0.017308 eV
  DELTA_QUERY comp=1 DEL mol_idx=62 natoms=0 n_stored=75
    E_full=-9121.036001  E_ads=-1027.315943  E_cur=-9135.666800  E_ads_cur=-1041.566303  dE=0.380438 eV
[SERVER] types_arr sample: (2, 0, 0)
[SERVER] species_map keys: [0, 1, 2, 3, 4]
  DELTA_QUERY comp=1 MOV mol_idx=72 natoms=3 n_stored=75
    E_full=-9119.265317  E_ads=-1025.142187  E_cur=-9135.666800  E_ads_cur=-1041.566303  dE=-0.022633 eV
[SERVER] types_arr sample: (2, 0, 0)
[SERVER] species_map keys: [0, 1, 2, 3, 4]
  DELTA_QUERY comp=1 MOV mol_idx=58 natoms=3 n_stored=75
    E_full=-9135.685259  E_ads=-1041.573797  E_cur=-9135.666800  E_ads_cur=-1041.566303  dE=-0.010965 eV
  COMMIT_MOVE comp=1 mol_idx=58  E_current=-9135.685259  E_ads_current=-1041.573797 eV
[SERVER] types_arr sample: (2, 0, 0)
[SERVER] species_map keys: [0, 1, 2, 3, 4]
  DELTA_QUERY comp=1 MOV mol_idx=10 natoms=3 n_stored=75
    E_full=-9135.300814  E_ads=-1041.673025  E_cur=-9135.685259  E_ads_cur=-1041.573797  dE=0.483674 eV
[SERVER] types_arr sample: (2, 0, 0)
[SERVER] species_map keys: [0, 1, 2, 3, 4]
  DELTA_QUERY comp=1 MOV mol_idx=58 natoms=3 n_stored=75
    E_full=-9134.862801  E_ads=-1041.797777  E_cur=-9135.685259  E_ads_cur=-1041.573797  dE=1.046438 eV
[SERVER] types_arr sample: (2, 0, 0)
[SERVER] species_map keys: [0, 1, 2, 3, 4]
  DELTA_QUERY comp=1 MOV mol_idx=39 natoms=3 n_stored=75
    E_full=-9135.659762  E_ads=-1041.574283  E_cur=-9135.685259  E_ads_cur=-1041.573797  dE=0.025983 eV
  DELTA_QUERY comp=1 DEL mol_idx=54 natoms=0 n_stored=75
    E_full=-9121.270568  E_ads=-1027.594326  E_cur=-9135.685259  E_ads_cur=-1041.573797  dE=0.435220 eV
[SERVER] types_arr sample: (2, 0, 0)
[SERVER] species_map keys: [0, 1, 2, 3, 4]
  DELTA_QUERY comp=1 MOV mol_idx=25 natoms=3 n_stored=75
    E_full=-9134.432167  E_ads=-1040.562354  E_cur=-9135.685259  E_ads_cur=-1041.573797  dE=0.241650 eV
[SERVER] types_arr sample: (2, 0, 0)
[SERVER] species_map keys: [0, 1, 2, 3, 4]
  DELTA_QUERY comp=1 MOV mol_idx=8 natoms=3 n_stored=75
    E_full=-9135.655708  E_ads=-1041.574256  E_cur=-9135.685259  E_ads_cur=-1041.573797  dE=0.030010 eV
[SERVER] types_arr sample: (2, 0, 0)
[SERVER] species_map keys: [0, 1, 2, 3, 4]
  DELTA_QUERY comp=1 MOV mol_idx=16 natoms=3 n_stored=75
    E_full=-9134.980535  E_ads=-1041.645609  E_cur=-9135.685259  E_ads_cur=-1041.573797  dE=0.776536 eV
[SERVER] types_arr sample: (2, 0, 0)
[SERVER] species_map keys: [0, 1, 2, 3, 4]
  DELTA_QUERY comp=1 MOV mol_idx=63 natoms=3 n_stored=75
    E_full=-9135.289690  E_ads=-1041.286224  E_cur=-9135.685259  E_ads_cur=-1041.573797  dE=0.107996 eV
[SERVER] types_arr sample: (2, 0, 0)
[SERVER] species_map keys: [0, 1, 2, 3, 4]
  DELTA_QUERY comp=1 MOV mol_idx=62 natoms=3 n_stored=75
    E_full=-9135.255004  E_ads=-1041.653477  E_cur=-9135.685259  E_ads_cur=-1041.573797  dE=0.509935 eV
  DELTA_QUERY comp=1 DEL mol_idx=27 natoms=0 n_stored=75
    E_full=-9121.177419  E_ads=-1027.730342  E_cur=-9135.685259  E_ads_cur=-1041.573797  dE=0.664385 eV
[SERVER] types_arr sample: (2, 0, 0)
[SERVER] species_map keys: [0, 1, 2, 3, 4]
  DELTA_QUERY comp=1 MOV mol_idx=4 natoms=3 n_stored=75
    E_full=-9132.106443  E_ads=-1041.595768  E_cur=-9135.685259  E_ads_cur=-1041.573797  dE=3.600787 eV
[SERVER] types_arr sample: (2, 0, 0)
[SERVER] species_map keys: [0, 1, 2, 3, 4]
  DELTA_QUERY comp=1 MOV mol_idx=24 natoms=3 n_stored=75
    E_full=-9135.338371  E_ads=-1042.119587  E_cur=-9135.685259  E_ads_cur=-1041.573797  dE=0.892678 eV
[SERVER] types_arr sample: (2, 0, 0)
[SERVER] species_map keys: [0, 1, 2, 3, 4]
  DELTA_QUERY comp=1 INS mol_idx=-1 natoms=3 n_stored=75
    E_full=-9149.793258  E_ads=-1055.505506  E_cur=-9135.685259  E_ads_cur=-1041.573797  dE=-0.176290 eV
[SERVER] types_arr sample: (2, 0, 0)
[SERVER] species_map keys: [0, 1, 2, 3, 4]
  DELTA_QUERY comp=1 MOV mol_idx=55 natoms=3 n_stored=75
    E_full=-9135.207895  E_ads=-1041.677796  E_cur=-9135.685259  E_ads_cur=-1041.573797  dE=0.581363 eV
[SERVER] types_arr sample: (2, 0, 0)
[SERVER] species_map keys: [0, 1, 2, 3, 4]
  DELTA_QUERY comp=1 MOV mol_idx=16 natoms=3 n_stored=75
    E_full=-9134.029470  E_ads=-1041.708489  E_cur=-9135.685259  E_ads_cur=-1041.573797  dE=1.790481 eV
[SERVER] types_arr sample: (2, 0, 0)
[SERVER] species_map keys: [0, 1, 2, 3, 4]
  DELTA_QUERY comp=1 MOV mol_idx=17 natoms=3 n_stored=75
    E_full=-9135.643685  E_ads=-1041.536034  E_cur=-9135.685259  E_ads_cur=-1041.573797  dE=0.003811 eV
  COMMIT_MOVE comp=1 mol_idx=17  E_current=-9135.643685  E_ads_current=-1041.536034 eV
  DELTA_QUERY comp=1 DEL mol_idx=62 natoms=0 n_stored=75
    E_full=-9121.013018  E_ads=-1027.285675  E_cur=-9135.643685  E_ads_cur=-1041.536034  dE=0.380307 eV
[SERVER] types_arr sample: (2, 0, 0)
[SERVER] species_map keys: [0, 1, 2, 3, 4]
  DELTA_QUERY comp=1 INS mol_idx=-1 natoms=3 n_stored=75
    E_full=-9149.745518  E_ads=-1055.711712  E_cur=-9135.643685  E_ads_cur=-1041.536034  dE=0.073845 eV
[SERVER] types_arr sample: (2, 0, 0)
[SERVER] species_map keys: [0, 1, 2, 3, 4]
  DELTA_QUERY comp=1 MOV mol_idx=20 natoms=3 n_stored=75
    E_full=-9134.991471  E_ads=-1042.010763  E_cur=-9135.643685  E_ads_cur=-1041.536034  dE=1.126943 eV
[SERVER] types_arr sample: (2, 0, 0)
[SERVER] species_map keys: [0, 1, 2, 3, 4]
  DELTA_QUERY comp=1 MOV mol_idx=2 natoms=3 n_stored=75
    E_full=-9132.811704  E_ads=-1041.832701  E_cur=-9135.643685  E_ads_cur=-1041.536034  dE=3.128648 eV
[SERVER] types_arr sample: (2, 0, 0)
[SERVER] species_map keys: [0, 1, 2, 3, 4]
  DELTA_QUERY comp=1 MOV mol_idx=6 natoms=3 n_stored=75
    E_full=-9134.886179  E_ads=-1041.619285  E_cur=-9135.643685  E_ads_cur=-1041.536034  dE=0.840758 eV
[SERVER] types_arr sample: (2, 0, 0)
[SERVER] species_map keys: [0, 1, 2, 3, 4]
  DELTA_QUERY comp=1 MOV mol_idx=58 natoms=3 n_stored=75
    E_full=-9135.595240  E_ads=-1041.523944  E_cur=-9135.643685  E_ads_cur=-1041.536034  dE=0.036354 eV
  COMMIT_MOVE comp=1 mol_idx=58  E_current=-9135.595240  E_ads_current=-1041.523944 eV
  DELTA_QUERY comp=1 DEL mol_idx=35 natoms=0 n_stored=75
    E_full=-9121.043908  E_ads=-1027.699717  E_cur=-9135.595240  E_ads_cur=-1041.523944  dE=0.727106 eV
[SERVER] types_arr sample: (2, 0, 0)
[SERVER] species_map keys: [0, 1, 2, 3, 4]
  DELTA_QUERY comp=1 MOV mol_idx=51 natoms=3 n_stored=75
    E_full=-9135.566061  E_ads=-1041.522595  E_cur=-9135.595240  E_ads_cur=-1041.523944  dE=0.027831 eV
  COMMIT_MOVE comp=1 mol_idx=51  E_current=-9135.566061  E_ads_current=-1041.522595 eV
[SERVER] types_arr sample: (2, 0, 0)
[SERVER] species_map keys: [0, 1, 2, 3, 4]
  DELTA_QUERY comp=1 MOV mol_idx=18 natoms=3 n_stored=75
    E_full=-9135.564762  E_ads=-1042.147119  E_cur=-9135.566061  E_ads_cur=-1041.522595  dE=0.625823 eV
[SERVER] types_arr sample: (2, 0, 0)
[SERVER] species_map keys: [0, 1, 2, 3, 4]
  DELTA_QUERY comp=1 MOV mol_idx=33 natoms=3 n_stored=75
    E_full=-9135.557238  E_ads=-1041.522416  E_cur=-9135.566061  E_ads_cur=-1041.522595  dE=0.008643 eV
  COMMIT_MOVE comp=1 mol_idx=33  E_current=-9135.557238  E_ads_current=-1041.522416 eV
  DELTA_QUERY comp=1 DEL mol_idx=58 natoms=0 n_stored=75
    E_full=-9121.120486  E_ads=-1027.421211  E_cur=-9135.557238  E_ads_cur=-1041.522416  dE=0.335547 eV
  COMMIT_DELETE comp=1 mol_idx=58 n_stored=74  E_current=-9121.120486  E_ads_current=-1027.421211 eV
[SERVER] types_arr sample: (2, 0, 0)
[SERVER] species_map keys: [0, 1, 2, 3, 4]
  DELTA_QUERY comp=1 MOV mol_idx=60 natoms=3 n_stored=74
    E_full=-9120.973485  E_ads=-1027.814904  E_cur=-9121.120486  E_ads_cur=-1027.421211  dE=0.540694 eV
[SERVER] types_arr sample: (2, 0, 0)
[SERVER] species_map keys: [0, 1, 2, 3, 4]
  DELTA_QUERY comp=1 MOV mol_idx=38 natoms=3 n_stored=74
    E_full=-9121.222328  E_ads=-1027.418403  E_cur=-9121.120486  E_ads_cur=-1027.421211  dE=-0.104650 eV
  COMMIT_MOVE comp=1 mol_idx=38  E_current=-9121.222328  E_ads_current=-1027.418403 eV
[SERVER] types_arr sample: (2, 0, 0)
[SERVER] species_map keys: [0, 1, 2, 3, 4]
  DELTA_QUERY comp=1 INS mol_idx=-1 natoms=3 n_stored=74
    E_full=-9134.908378  E_ads=-1041.704410  E_cur=-9121.222328  E_ads_cur=-1027.418403  dE=0.599957 eV
  DELTA_QUERY comp=1 DEL mol_idx=62 natoms=0 n_stored=74
    E_full=-9106.592045  E_ads=-1013.168049  E_cur=-9121.222328  E_ads_cur=-1027.418403  dE=0.379928 eV
[SERVER] types_arr sample: (2, 0, 0)
[SERVER] species_map keys: [0, 1, 2, 3, 4]
  DELTA_QUERY comp=1 INS mol_idx=-1 natoms=3 n_stored=74
    E_full=-9134.936533  E_ads=-1041.275240  E_cur=-9121.222328  E_ads_cur=-1027.418403  dE=0.142631 eV
[SERVER] types_arr sample: (2, 0, 0)
[SERVER] species_map keys: [0, 1, 2, 3, 4]
  DELTA_QUERY comp=1 MOV mol_idx=38 natoms=3 n_stored=74
    E_full=-9119.548314  E_ads=-1027.307276  E_cur=-9121.222328  E_ads_cur=-1027.418403  dE=1.562887 eV
  DELTA_QUERY comp=1 DEL mol_idx=4 natoms=0 n_stored=74
    E_full=-9106.659508  E_ads=-1013.640874  E_cur=-9121.222328  E_ads_cur=-1027.418403  dE=0.785291 eV
[SERVER] types_arr sample: (2, 0, 0)
[SERVER] species_map keys: [0, 1, 2, 3, 4]
  DELTA_QUERY comp=1 MOV mol_idx=58 natoms=3 n_stored=74
    E_full=-9121.184526  E_ads=-1027.420462  E_cur=-9121.222328  E_ads_cur=-1027.418403  dE=0.039861 eV
[SERVER] types_arr sample: (2, 0, 0)
[SERVER] species_map keys: [0, 1, 2, 3, 4]
  DELTA_QUERY comp=1 MOV mol_idx=15 natoms=3 n_stored=74
    E_full=-9120.642865  E_ads=-1027.041317  E_cur=-9121.222328  E_ads_cur=-1027.418403  dE=0.202377 eV
[SERVER] types_arr sample: (2, 0, 0)
[SERVER] species_map keys: [0, 1, 2, 3, 4]
  DELTA_QUERY comp=1 MOV mol_idx=27 natoms=3 n_stored=74
    E_full=-9120.520267  E_ads=-1027.315162  E_cur=-9121.222328  E_ads_cur=-1027.418403  dE=0.598820 eV
[SERVER] types_arr sample: (2, 0, 0)
[SERVER] species_map keys: [0, 1, 2, 3, 4]
  DELTA_QUERY comp=1 INS mol_idx=-1 natoms=3 n_stored=74
    E_full=-9135.790640  E_ads=-1041.672470  E_cur=-9121.222328  E_ads_cur=-1027.418403  dE=-0.314244 eV
  COMMIT_INSERT comp=1 n_stored=75  E_current=-9135.790640  E_ads_current=-1041.672470 eV
[SERVER] types_arr sample: (2, 0, 0)
[SERVER] species_map keys: [0, 1, 2, 3, 4]
  DELTA_QUERY comp=1 MOV mol_idx=37 natoms=3 n_stored=75
    E_full=-9135.687474  E_ads=-1041.672833  E_cur=-9135.790640  E_ads_cur=-1041.672470  dE=0.103528 eV
  DELTA_QUERY comp=1 DEL mol_idx=30 natoms=0 n_stored=75
    E_full=-9121.352385  E_ads=-1027.866591  E_cur=-9135.790640  E_ads_cur=-1041.672470  dE=0.632375 eV
[SERVER] types_arr sample: (2, 0, 0)
[SERVER] species_map keys: [0, 1, 2, 3, 4]
  DELTA_QUERY comp=1 MOV mol_idx=31 natoms=3 n_stored=75
    E_full=-9134.705672  E_ads=-1041.063272  E_cur=-9135.790640  E_ads_cur=-1041.672470  dE=0.475769 eV
[SERVER] types_arr sample: (2, 0, 0)
[SERVER] species_map keys: [0, 1, 2, 3, 4]
  DELTA_QUERY comp=1 INS mol_idx=-1 natoms=3 n_stored=75
    E_full=-9150.282150  E_ads=-1055.739222  E_cur=-9135.790640  E_ads_cur=-1041.672470  dE=-0.424760 eV
  COMMIT_INSERT comp=1 n_stored=76  E_current=-9150.282150  E_ads_current=-1055.739222 eV
[SERVER] types_arr sample: (2, 0, 0)
[SERVER] species_map keys: [0, 1, 2, 3, 4]
  DELTA_QUERY comp=1 MOV mol_idx=48 natoms=3 n_stored=76
    E_full=-9150.255511  E_ads=-1055.740227  E_cur=-9150.282150  E_ads_cur=-1055.739222  dE=0.027644 eV
  COMMIT_MOVE comp=1 mol_idx=48  E_current=-9150.255511  E_ads_current=-1055.740227 eV
[SERVER] types_arr sample: (2, 0, 0)
[SERVER] species_map keys: [0, 1, 2, 3, 4]
  DELTA_QUERY comp=1 MOV mol_idx=43 natoms=3 n_stored=76
    E_full=-9149.484842  E_ads=-1055.917827  E_cur=-9150.255511  E_ads_cur=-1055.740227  dE=0.948269 eV
[SERVER] types_arr sample: (2, 0, 0)
[SERVER] species_map keys: [0, 1, 2, 3, 4]
  DELTA_QUERY comp=1 MOV mol_idx=75 natoms=3 n_stored=76
    E_full=-9149.565795  E_ads=-1055.753366  E_cur=-9150.255511  E_ads_cur=-1055.740227  dE=0.702856 eV
[SERVER] types_arr sample: (2, 0, 0)
[SERVER] species_map keys: [0, 1, 2, 3, 4]
  DELTA_QUERY comp=1 MOV mol_idx=46 natoms=3 n_stored=76
    E_full=-9150.169607  E_ads=-1055.722921  E_cur=-9150.255511  E_ads_cur=-1055.740227  dE=0.068598 eV
[SERVER] types_arr sample: (2, 0, 0)
[SERVER] species_map keys: [0, 1, 2, 3, 4]
  DELTA_QUERY comp=1 MOV mol_idx=15 natoms=3 n_stored=76
    E_full=-9149.762043  E_ads=-1055.846541  E_cur=-9150.255511  E_ads_cur=-1055.740227  dE=0.599782 eV
[SERVER] types_arr sample: (2, 0, 0)
[SERVER] species_map keys: [0, 1, 2, 3, 4]
  DELTA_QUERY comp=1 MOV mol_idx=71 natoms=3 n_stored=76
    E_full=-9149.578299  E_ads=-1055.671921  E_cur=-9150.255511  E_ads_cur=-1055.740227  dE=0.608907 eV
  DELTA_QUERY comp=1 DEL mol_idx=2 natoms=0 n_stored=76
    E_full=-9135.695750  E_ads=-1041.818122  E_cur=-9150.255511  E_ads_cur=-1055.740227  dE=0.637657 eV
  DELTA_QUERY comp=1 DEL mol_idx=2 natoms=0 n_stored=76
    E_full=-9135.695750  E_ads=-1041.818122  E_cur=-9150.255511  E_ads_cur=-1055.740227  dE=0.637657 eV
[SERVER] types_arr sample: (2, 0, 0)
[SERVER] species_map keys: [0, 1, 2, 3, 4]
  DELTA_QUERY comp=1 MOV mol_idx=58 natoms=3 n_stored=76
    E_full=-9150.325943  E_ads=-1055.719009  E_cur=-9150.255511  E_ads_cur=-1055.740227  dE=-0.091649 eV
  COMMIT_MOVE comp=1 mol_idx=58  E_current=-9150.325943  E_ads_current=-1055.719009 eV
[SERVER] types_arr sample: (2, 0, 0)
[SERVER] species_map keys: [0, 1, 2, 3, 4]
  DELTA_QUERY comp=1 MOV mol_idx=52 natoms=3 n_stored=76
    E_full=-9150.287686  E_ads=-1055.741168  E_cur=-9150.325943  E_ads_cur=-1055.719009  dE=0.060416 eV
  DELTA_QUERY comp=1 DEL mol_idx=62 natoms=0 n_stored=76
    E_full=-9135.696057  E_ads=-1041.468651  E_cur=-9150.325943  E_ads_cur=-1055.719009  dE=0.379528 eV
[SERVER] types_arr sample: (2, 0, 0)
[SERVER] species_map keys: [0, 1, 2, 3, 4]
  DELTA_QUERY comp=1 MOV mol_idx=38 natoms=3 n_stored=76
    E_full=-9148.159935  E_ads=-1055.623330  E_cur=-9150.325943  E_ads_cur=-1055.719009  dE=2.070330 eV
[SERVER] types_arr sample: (2, 0, 0)
[SERVER] species_map keys: [0, 1, 2, 3, 4]
  DELTA_QUERY comp=1 MOV mol_idx=35 natoms=3 n_stored=76
    E_full=-9150.238319  E_ads=-1056.040314  E_cur=-9150.325943  E_ads_cur=-1055.719009  dE=0.408929 eV
[SERVER] types_arr sample: (2, 0, 0)
[SERVER] species_map keys: [0, 1, 2, 3, 4]
  DELTA_QUERY comp=1 INS mol_idx=-1 natoms=3 n_stored=76
    E_full=-9164.130663  E_ads=-1069.606530  E_cur=-9150.325943  E_ads_cur=-1055.719009  dE=0.082801 eV
  DELTA_QUERY comp=1 DEL mol_idx=54 natoms=0 n_stored=76
    E_full=-9135.911981  E_ads=-1041.740181  E_cur=-9150.325943  E_ads_cur=-1055.719009  dE=0.435134 eV
[SERVER] types_arr sample: (2, 0, 0)
[SERVER] species_map keys: [0, 1, 2, 3, 4]
  DELTA_QUERY comp=1 MOV mol_idx=22 natoms=3 n_stored=76
    E_full=-9150.284471  E_ads=-1055.743848  E_cur=-9150.325943  E_ads_cur=-1055.719009  dE=0.066311 eV
[SERVER] types_arr sample: (2, 0, 0)
[SERVER] species_map keys: [0, 1, 2, 3, 4]
  DELTA_QUERY comp=1 MOV mol_idx=34 natoms=3 n_stored=76
    E_full=-9148.931969  E_ads=-1055.668106  E_cur=-9150.325943  E_ads_cur=-1055.719009  dE=1.343071 eV
[SERVER] types_arr sample: (2, 0, 0)
[SERVER] species_map keys: [0, 1, 2, 3, 4]
  DELTA_QUERY comp=1 MOV mol_idx=41 natoms=3 n_stored=76
    E_full=-9150.105565  E_ads=-1056.155895  E_cur=-9150.325943  E_ads_cur=-1055.719009  dE=0.657264 eV
[SERVER] types_arr sample: (2, 0, 0)
[SERVER] species_map keys: [0, 1, 2, 3, 4]
  DELTA_QUERY comp=1 MOV mol_idx=22 natoms=3 n_stored=76
    E_full=-9150.146588  E_ads=-1055.593295  E_cur=-9150.325943  E_ads_cur=-1055.719009  dE=0.053641 eV
[SERVER] types_arr sample: (2, 0, 0)
[SERVER] species_map keys: [0, 1, 2, 3, 4]
  DELTA_QUERY comp=1 MOV mol_idx=21 natoms=3 n_stored=76
    E_full=-9149.127423  E_ads=-1055.569342  E_cur=-9150.325943  E_ads_cur=-1055.719009  dE=1.048853 eV
[SERVER] types_arr sample: (2, 0, 0)
[SERVER] species_map keys: [0, 1, 2, 3, 4]
  DELTA_QUERY comp=1 MOV mol_idx=44 natoms=3 n_stored=76
    E_full=-9148.914769  E_ads=-1055.999250  E_cur=-9150.325943  E_ads_cur=-1055.719009  dE=1.691416 eV
[SERVER] types_arr sample: (2, 0, 0)
[SERVER] species_map keys: [0, 1, 2, 3, 4]
  DELTA_QUERY comp=1 MOV mol_idx=18 natoms=3 n_stored=76
    E_full=-9148.871880  E_ads=-1055.102146  E_cur=-9150.325943  E_ads_cur=-1055.719009  dE=0.837200 eV
  DELTA_QUERY comp=1 DEL mol_idx=59 natoms=0 n_stored=76
    E_full=-9135.783962  E_ads=-1041.555940  E_cur=-9150.325943  E_ads_cur=-1055.719009  dE=0.378912 eV
[SERVER] types_arr sample: (2, 0, 0)
[SERVER] species_map keys: [0, 1, 2, 3, 4]
  DELTA_QUERY comp=1 INS mol_idx=-1 natoms=3 n_stored=76
    E_full=-9163.517055  E_ads=-1068.968501  E_cur=-9150.325943  E_ads_cur=-1055.719009  dE=0.058380 eV
[SERVER] types_arr sample: (2, 0, 0)
[SERVER] species_map keys: [0, 1, 2, 3, 4]
  DELTA_QUERY comp=1 MOV mol_idx=30 natoms=3 n_stored=76
    E_full=-9150.211003  E_ads=-1055.963470  E_cur=-9150.325943  E_ads_cur=-1055.719009  dE=0.359401 eV
[SERVER] types_arr sample: (2, 0, 0)
[SERVER] species_map keys: [0, 1, 2, 3, 4]
  DELTA_QUERY comp=1 MOV mol_idx=4 natoms=3 n_stored=76
    E_full=-9148.698913  E_ads=-1055.801495  E_cur=-9150.325943  E_ads_cur=-1055.719009  dE=1.709517 eV
[SERVER] types_arr sample: (2, 0, 0)
[SERVER] species_map keys: [0, 1, 2, 3, 4]
  DELTA_QUERY comp=1 MOV mol_idx=10 natoms=3 n_stored=76
    E_full=-9149.761398  E_ads=-1055.790911  E_cur=-9150.325943  E_ads_cur=-1055.719009  dE=0.636447 eV
[SERVER] types_arr sample: (2, 0, 0)
[SERVER] species_map keys: [0, 1, 2, 3, 4]
  DELTA_QUERY comp=1 MOV mol_idx=20 natoms=3 n_stored=76
    E_full=-9149.280079  E_ads=-1055.388422  E_cur=-9150.325943  E_ads_cur=-1055.719009  dE=0.715277 eV
  DELTA_QUERY comp=1 DEL mol_idx=56 natoms=0 n_stored=76
    E_full=-9135.824850  E_ads=-1041.588108  E_cur=-9150.325943  E_ads_cur=-1055.719009  dE=0.370193 eV
[SERVER] types_arr sample: (2, 0, 0)
[SERVER] species_map keys: [0, 1, 2, 3, 4]
  DELTA_QUERY comp=1 MOV mol_idx=51 natoms=3 n_stored=76
    E_full=-9150.340389  E_ads=-1055.717093  E_cur=-9150.325943  E_ads_cur=-1055.719009  dE=-0.016362 eV
  COMMIT_MOVE comp=1 mol_idx=51  E_current=-9150.340389  E_ads_current=-1055.717093 eV
  DELTA_QUERY comp=1 DEL mol_idx=63 natoms=0 n_stored=76
    E_full=-9135.828275  E_ads=-1041.393975  E_cur=-9150.340389  E_ads_cur=-1055.717093  dE=0.188995 eV
  DELTA_QUERY comp=1 DEL mol_idx=52 natoms=0 n_stored=76
    E_full=-9135.829997  E_ads=-1041.542460  E_cur=-9150.340389  E_ads_cur=-1055.717093  dE=0.335759 eV
[SERVER] types_arr sample: (2, 0, 0)
[SERVER] species_map keys: [0, 1, 2, 3, 4]
  DELTA_QUERY comp=1 MOV mol_idx=37 natoms=3 n_stored=76
    E_full=-9150.269814  E_ads=-1055.719019  E_cur=-9150.340389  E_ads_cur=-1055.717093  dE=0.072501 eV
  DELTA_QUERY comp=1 DEL mol_idx=53 natoms=0 n_stored=76
    E_full=-9135.754133  E_ads=-1041.730794  E_cur=-9150.340389  E_ads_cur=-1055.717093  dE=0.599957 eV
[SERVER] types_arr sample: (2, 0, 0)
[SERVER] species_map keys: [0, 1, 2, 3, 4]
  DELTA_QUERY comp=1 MOV mol_idx=28 natoms=3 n_stored=76
    E_full=-9150.418825  E_ads=-1055.719635  E_cur=-9150.340389  E_ads_cur=-1055.717093  dE=-0.075894 eV
  COMMIT_MOVE comp=1 mol_idx=28  E_current=-9150.418825  E_ads_current=-1055.719635 eV
[SERVER] types_arr sample: (2, 0, 0)
[SERVER] species_map keys: [0, 1, 2, 3, 4]
  DELTA_QUERY comp=1 MOV mol_idx=13 natoms=3 n_stored=76
    E_full=-9150.383407  E_ads=-1055.720581  E_cur=-9150.418825  E_ads_cur=-1055.719635  dE=0.036364 eV
[SERVER] types_arr sample: (2, 0, 0)
[SERVER] species_map keys: [0, 1, 2, 3, 4]
  DELTA_QUERY comp=1 MOV mol_idx=25 natoms=3 n_stored=76
    E_full=-9149.206774  E_ads=-1055.531531  E_cur=-9150.418825  E_ads_cur=-1055.719635  dE=1.023947 eV
  DELTA_QUERY comp=1 DEL mol_idx=20 natoms=0 n_stored=76
    E_full=-9135.926000  E_ads=-1041.870796  E_cur=-9150.418825  E_ads_cur=-1055.719635  dE=0.643986 eV
[SERVER] types_arr sample: (2, 0, 0)
[SERVER] species_map keys: [0, 1, 2, 3, 4]
  DELTA_QUERY comp=1 MOV mol_idx=73 natoms=3 n_stored=76
    E_full=-9150.293840  E_ads=-1055.981545  E_cur=-9150.418825  E_ads_cur=-1055.719635  dE=0.386895 eV
[SERVER] types_arr sample: (2, 0, 0)
[SERVER] species_map keys: [0, 1, 2, 3, 4]
  DELTA_QUERY comp=1 MOV mol_idx=47 natoms=3 n_stored=76
    E_full=-9146.893132  E_ads=-1055.611701  E_cur=-9150.418825  E_ads_cur=-1055.719635  dE=3.417759 eV
[SERVER] types_arr sample: (2, 0, 0)
[SERVER] species_map keys: [0, 1, 2, 3, 4]
  DELTA_QUERY comp=1 MOV mol_idx=11 natoms=3 n_stored=76
    E_full=-9149.582047  E_ads=-1055.996678  E_cur=-9150.418825  E_ads_cur=-1055.719635  dE=1.113821 eV
[SERVER] types_arr sample: (2, 0, 0)
[SERVER] species_map keys: [0, 1, 2, 3, 4]
  DELTA_QUERY comp=1 MOV mol_idx=11 natoms=3 n_stored=76
    E_full=-9149.384554  E_ads=-1055.764558  E_cur=-9150.418825  E_ads_cur=-1055.719635  dE=1.079194 eV
[SERVER] types_arr sample: (2, 0, 0)
[SERVER] species_map keys: [0, 1, 2, 3, 4]
  DELTA_QUERY comp=1 MOV mol_idx=44 natoms=3 n_stored=76
    E_full=-9150.376040  E_ads=-1055.718699  E_cur=-9150.418825  E_ads_cur=-1055.719635  dE=0.041849 eV
  COMMIT_MOVE comp=1 mol_idx=44  E_current=-9150.376040  E_ads_current=-1055.718699 eV
[SERVER] types_arr sample: (2, 0, 0)
[SERVER] species_map keys: [0, 1, 2, 3, 4]
  DELTA_QUERY comp=1 MOV mol_idx=14 natoms=3 n_stored=76
    E_full=-9150.060283  E_ads=-1055.854886  E_cur=-9150.376040  E_ads_cur=-1055.718699  dE=0.451944 eV
[SERVER] types_arr sample: (2, 0, 0)
[SERVER] species_map keys: [0, 1, 2, 3, 4]
  DELTA_QUERY comp=1 MOV mol_idx=50 natoms=3 n_stored=76
    E_full=-9149.559497  E_ads=-1055.832078  E_cur=-9150.376040  E_ads_cur=-1055.718699  dE=0.929921 eV
[SERVER] types_arr sample: (2, 0, 0)
[SERVER] species_map keys: [0, 1, 2, 3, 4]
  DELTA_QUERY comp=1 INS mol_idx=-1 natoms=3 n_stored=76
    E_full=-9164.194672  E_ads=-1069.742743  E_cur=-9150.376040  E_ads_cur=-1055.718699  dE=0.205412 eV
[SERVER] types_arr sample: (2, 0, 0)
[SERVER] species_map keys: [0, 1, 2, 3, 4]
  DELTA_QUERY comp=1 MOV mol_idx=3 natoms=3 n_stored=76
    E_full=-9150.388255  E_ads=-1055.731182  E_cur=-9150.376040  E_ads_cur=-1055.718699  dE=0.000267 eV
  COMMIT_MOVE comp=1 mol_idx=3  E_current=-9150.388255  E_ads_current=-1055.731182 eV
[SERVER] types_arr sample: (2, 0, 0)
[SERVER] species_map keys: [0, 1, 2, 3, 4]
  DELTA_QUERY comp=1 MOV mol_idx=22 natoms=3 n_stored=76
    E_full=-9150.360248  E_ads=-1055.707180  E_cur=-9150.388255  E_ads_cur=-1055.731182  dE=0.004006 eV
  COMMIT_MOVE comp=1 mol_idx=22  E_current=-9150.360248  E_ads_current=-1055.707180 eV
[SERVER] types_arr sample: (2, 0, 0)
[SERVER] species_map keys: [0, 1, 2, 3, 4]
  DELTA_QUERY comp=1 MOV mol_idx=71 natoms=3 n_stored=76
    E_full=-9150.164235  E_ads=-1055.672484  E_cur=-9150.360248  E_ads_cur=-1055.707180  dE=0.161317 eV
[SERVER] types_arr sample: (2, 0, 0)
[SERVER] species_map keys: [0, 1, 2, 3, 4]
  DELTA_QUERY comp=1 MOV mol_idx=13 natoms=3 n_stored=76
    E_full=-9150.276474  E_ads=-1055.703076  E_cur=-9150.360248  E_ads_cur=-1055.707180  dE=0.079669 eV
[SERVER] types_arr sample: (2, 0, 0)
[SERVER] species_map keys: [0, 1, 2, 3, 4]
  DELTA_QUERY comp=1 MOV mol_idx=73 natoms=3 n_stored=76
    E_full=-9150.323307  E_ads=-1055.709124  E_cur=-9150.360248  E_ads_cur=-1055.707180  dE=0.038885 eV
  COMMIT_MOVE comp=1 mol_idx=73  E_current=-9150.323307  E_ads_current=-1055.709124 eV
[SERVER] types_arr sample: (2, 0, 0)
[SERVER] species_map keys: [0, 1, 2, 3, 4]
  DELTA_QUERY comp=1 MOV mol_idx=22 natoms=3 n_stored=76
    E_full=-9149.432693  E_ads=-1055.779558  E_cur=-9150.323307  E_ads_cur=-1055.709124  dE=0.961047 eV
[SERVER] types_arr sample: (2, 0, 0)
[SERVER] species_map keys: [0, 1, 2, 3, 4]
  DELTA_QUERY comp=1 MOV mol_idx=43 natoms=3 n_stored=76
    E_full=-9148.782178  E_ads=-1055.611570  E_cur=-9150.323307  E_ads_cur=-1055.709124  dE=1.443574 eV
[SERVER] types_arr sample: (2, 0, 0)
[SERVER] species_map keys: [0, 1, 2, 3, 4]
  DELTA_QUERY comp=1 MOV mol_idx=22 natoms=3 n_stored=76
    E_full=-9150.256407  E_ads=-1055.665206  E_cur=-9150.323307  E_ads_cur=-1055.709124  dE=0.022981 eV
[SERVER] types_arr sample: (2, 0, 0)
[SERVER] species_map keys: [0, 1, 2, 3, 4]
  DELTA_QUERY comp=1 MOV mol_idx=31 natoms=3 n_stored=76
    E_full=-9149.231406  E_ads=-1055.433833  E_cur=-9150.323307  E_ads_cur=-1055.709124  dE=0.816610 eV
[SERVER] types_arr sample: (2, 0, 0)
[SERVER] species_map keys: [0, 1, 2, 3, 4]
  DELTA_QUERY comp=1 MOV mol_idx=3 natoms=3 n_stored=76
    E_full=-9150.332443  E_ads=-1055.714274  E_cur=-9150.323307  E_ads_cur=-1055.709124  dE=-0.003987 eV
  COMMIT_MOVE comp=1 mol_idx=3  E_current=-9150.332443  E_ads_current=-1055.714274 eV
[SERVER] types_arr sample: (2, 0, 0)
[SERVER] species_map keys: [0, 1, 2, 3, 4]
  DELTA_QUERY comp=1 MOV mol_idx=15 natoms=3 n_stored=76
    E_full=-9150.050127  E_ads=-1055.382980  E_cur=-9150.332443  E_ads_cur=-1055.714274  dE=-0.048978 eV
[SERVER] types_arr sample: (2, 0, 0)
[SERVER] species_map keys: [0, 1, 2, 3, 4]
  DELTA_QUERY comp=1 MOV mol_idx=48 natoms=3 n_stored=76
    E_full=-9150.323750  E_ads=-1055.714392  E_cur=-9150.332443  E_ads_cur=-1055.714274  dE=0.008810 eV
  COMMIT_MOVE comp=1 mol_idx=48  E_current=-9150.323750  E_ads_current=-1055.714392 eV
[SERVER] types_arr sample: (2, 0, 0)
[SERVER] species_map keys: [0, 1, 2, 3, 4]
  DELTA_QUERY comp=1 MOV mol_idx=58 natoms=3 n_stored=76
    E_full=-9150.199750  E_ads=-1055.740403  E_cur=-9150.323750  E_ads_cur=-1055.714392  dE=0.150012 eV
[SERVER] types_arr sample: (2, 0, 0)
[SERVER] species_map keys: [0, 1, 2, 3, 4]
  DELTA_QUERY comp=1 MOV mol_idx=67 natoms=3 n_stored=76
    E_full=-9150.013950  E_ads=-1055.738020  E_cur=-9150.323750  E_ads_cur=-1055.714392  dE=0.333430 eV
[SERVER] types_arr sample: (2, 0, 0)
[SERVER] species_map keys: [0, 1, 2, 3, 4]
  DELTA_QUERY comp=1 MOV mol_idx=8 natoms=3 n_stored=76
    E_full=-9150.230456  E_ads=-1055.831023  E_cur=-9150.323750  E_ads_cur=-1055.714392  dE=0.209926 eV
[SERVER] types_arr sample: (2, 0, 0)
[SERVER] species_map keys: [0, 1, 2, 3, 4]
  DELTA_QUERY comp=1 MOV mol_idx=16 natoms=3 n_stored=76
    E_full=-9150.328311  E_ads=-1055.716702  E_cur=-9150.323750  E_ads_cur=-1055.714392  dE=-0.002250 eV
  COMMIT_MOVE comp=1 mol_idx=16  E_current=-9150.328311  E_ads_current=-1055.716702 eV
[SERVER] types_arr sample: (2, 0, 0)
[SERVER] species_map keys: [0, 1, 2, 3, 4]
  DELTA_QUERY comp=1 MOV mol_idx=1 natoms=3 n_stored=76
    E_full=-9149.157514  E_ads=-1055.700288  E_cur=-9150.328311  E_ads_cur=-1055.716702  dE=1.154383 eV
[SERVER] types_arr sample: (2, 0, 0)
[SERVER] species_map keys: [0, 1, 2, 3, 4]
  DELTA_QUERY comp=1 MOV mol_idx=75 natoms=3 n_stored=76
    E_full=-9150.258910  E_ads=-1055.672769  E_cur=-9150.328311  E_ads_cur=-1055.716702  dE=0.025467 eV
[SERVER] types_arr sample: (2, 0, 0)
[SERVER] species_map keys: [0, 1, 2, 3, 4]
  DELTA_QUERY comp=1 INS mol_idx=-1 natoms=3 n_stored=76
    E_full=-9163.554301  E_ads=-1069.685641  E_cur=-9150.328311  E_ads_cur=-1055.716702  dE=0.742949 eV
[SERVER] types_arr sample: (2, 0, 0)
[SERVER] species_map keys: [0, 1, 2, 3, 4]
  DELTA_QUERY comp=1 MOV mol_idx=71 natoms=3 n_stored=76
    E_full=-9150.221901  E_ads=-1055.768637  E_cur=-9150.328311  E_ads_cur=-1055.716702  dE=0.158345 eV
[SERVER] types_arr sample: (2, 0, 0)
[SERVER] species_map keys: [0, 1, 2, 3, 4]
  DELTA_QUERY comp=1 MOV mol_idx=11 natoms=3 n_stored=76
    E_full=-9150.346814  E_ads=-1055.718824  E_cur=-9150.328311  E_ads_cur=-1055.716702  dE=-0.016381 eV
  COMMIT_MOVE comp=1 mol_idx=11  E_current=-9150.346814  E_ads_current=-1055.718824 eV
  DELTA_QUERY comp=1 DEL mol_idx=40 natoms=0 n_stored=76
    E_full=-9135.766768  E_ads=-1041.542468  E_cur=-9150.346814  E_ads_cur=-1055.718824  dE=0.403690 eV
[SERVER] types_arr sample: (2, 0, 0)
[SERVER] species_map keys: [0, 1, 2, 3, 4]
  DELTA_QUERY comp=1 MOV mol_idx=49 natoms=3 n_stored=76
    E_full=-9150.380402  E_ads=-1055.717308  E_cur=-9150.346814  E_ads_cur=-1055.718824  dE=-0.035105 eV
  COMMIT_MOVE comp=1 mol_idx=49  E_current=-9150.380402  E_ads_current=-1055.717308 eV
[SERVER] types_arr sample: (2, 0, 0)
[SERVER] species_map keys: [0, 1, 2, 3, 4]
  DELTA_QUERY comp=1 MOV mol_idx=2 natoms=3 n_stored=76
    E_full=-9150.378821  E_ads=-1055.717419  E_cur=-9150.380402  E_ads_cur=-1055.717308  dE=0.001692 eV
  COMMIT_MOVE comp=1 mol_idx=2  E_current=-9150.378821  E_ads_current=-1055.717419 eV
  DELTA_QUERY comp=1 DEL mol_idx=6 natoms=0 n_stored=76
    E_full=-9135.834365  E_ads=-1041.893296  E_cur=-9150.378821  E_ads_cur=-1055.717419  dE=0.720333 eV
[SERVER] types_arr sample: (2, 0, 0)
[SERVER] species_map keys: [0, 1, 2, 3, 4]
  DELTA_QUERY comp=1 MOV mol_idx=26 natoms=3 n_stored=76
    E_full=-9150.387478  E_ads=-1055.714383  E_cur=-9150.378821  E_ads_cur=-1055.717419  dE=-0.011692 eV
  COMMIT_MOVE comp=1 mol_idx=26  E_current=-9150.387478  E_ads_current=-1055.714383 eV
  DELTA_QUERY comp=1 DEL mol_idx=52 natoms=0 n_stored=76
    E_full=-9135.876649  E_ads=-1041.539702  E_cur=-9150.387478  E_ads_cur=-1055.714383  dE=0.336148 eV
[SERVER] types_arr sample: (2, 0, 0)
[SERVER] species_map keys: [0, 1, 2, 3, 4]
  DELTA_QUERY comp=1 INS mol_idx=-1 natoms=3 n_stored=76
    E_full=-9164.673611  E_ads=-1069.808778  E_cur=-9150.387478  E_ads_cur=-1055.714383  dE=-0.191738 eV
[SERVER] types_arr sample: (2, 0, 0)
[SERVER] species_map keys: [0, 1, 2, 3, 4]
  DELTA_QUERY comp=1 MOV mol_idx=58 natoms=3 n_stored=76
    E_full=-9150.270352  E_ads=-1055.730380  E_cur=-9150.387478  E_ads_cur=-1055.714383  dE=0.133122 eV
[SERVER] types_arr sample: (2, 0, 0)
[SERVER] species_map keys: [0, 1, 2, 3, 4]
  DELTA_QUERY comp=1 MOV mol_idx=43 natoms=3 n_stored=76
    E_full=-9149.892006  E_ads=-1055.877863  E_cur=-9150.387478  E_ads_cur=-1055.714383  dE=0.658951 eV
[SERVER] types_arr sample: (2, 0, 0)
[SERVER] species_map keys: [0, 1, 2, 3, 4]
  DELTA_QUERY comp=1 MOV mol_idx=2 natoms=3 n_stored=76
    E_full=-9150.318664  E_ads=-1055.806815  E_cur=-9150.387478  E_ads_cur=-1055.714383  dE=0.161246 eV
[SERVER] types_arr sample: (2, 0, 0)
[SERVER] species_map keys: [0, 1, 2, 3, 4]
  DELTA_QUERY comp=1 MOV mol_idx=70 natoms=3 n_stored=76
    E_full=-9150.331786  E_ads=-1055.693824  E_cur=-9150.387478  E_ads_cur=-1055.714383  dE=0.035133 eV
[SERVER] types_arr sample: (2, 0, 0)
[SERVER] species_map keys: [0, 1, 2, 3, 4]
  DELTA_QUERY comp=1 MOV mol_idx=57 natoms=3 n_stored=76
    E_full=-9149.685624  E_ads=-1055.136882  E_cur=-9150.387478  E_ads_cur=-1055.714383  dE=0.124353 eV
[SERVER] types_arr sample: (2, 0, 0)
[SERVER] species_map keys: [0, 1, 2, 3, 4]
  DELTA_QUERY comp=1 INS mol_idx=-1 natoms=3 n_stored=76
    E_full=-9163.819835  E_ads=-1069.714644  E_cur=-9150.387478  E_ads_cur=-1055.714383  dE=0.567904 eV
[SERVER] types_arr sample: (2, 0, 0)
[SERVER] species_map keys: [0, 1, 2, 3, 4]
  DELTA_QUERY comp=1 MOV mol_idx=51 natoms=3 n_stored=76
    E_full=-9150.104473  E_ads=-1056.001105  E_cur=-9150.387478  E_ads_cur=-1055.714383  dE=0.569727 eV
[SERVER] types_arr sample: (2, 0, 0)
[SERVER] species_map keys: [0, 1, 2, 3, 4]
  DELTA_QUERY comp=1 MOV mol_idx=0 natoms=3 n_stored=76
    E_full=-9150.431674  E_ads=-1055.717710  E_cur=-9150.387478  E_ads_cur=-1055.714383  dE=-0.040868 eV
  COMMIT_MOVE comp=1 mol_idx=0  E_current=-9150.431674  E_ads_current=-1055.717710 eV
[SERVER] types_arr sample: (2, 0, 0)
[SERVER] species_map keys: [0, 1, 2, 3, 4]
  DELTA_QUERY comp=1 MOV mol_idx=48 natoms=3 n_stored=76
    E_full=-9150.280875  E_ads=-1055.732614  E_cur=-9150.431674  E_ads_cur=-1055.717710  dE=0.165702 eV
[SERVER] types_arr sample: (2, 0, 0)
[SERVER] species_map keys: [0, 1, 2, 3, 4]
  DELTA_QUERY comp=1 MOV mol_idx=7 natoms=3 n_stored=76
    E_full=-9147.787147  E_ads=-1053.641374  E_cur=-9150.431674  E_ads_cur=-1055.717710  dE=0.568190 eV
[SERVER] types_arr sample: (2, 0, 0)
[SERVER] species_map keys: [0, 1, 2, 3, 4]
  DELTA_QUERY comp=1 INS mol_idx=-1 natoms=3 n_stored=76
    E_full=-9164.727865  E_ads=-1069.821217  E_cur=-9150.431674  E_ads_cur=-1055.717710  dE=-0.192685 eV
[SERVER] types_arr sample: (2, 0, 0)
[SERVER] species_map keys: [0, 1, 2, 3, 4]
  DELTA_QUERY comp=1 MOV mol_idx=3 natoms=3 n_stored=76
    E_full=-9150.405382  E_ads=-1055.727098  E_cur=-9150.431674  E_ads_cur=-1055.717710  dE=0.035679 eV
  COMMIT_MOVE comp=1 mol_idx=3  E_current=-9150.405382  E_ads_current=-1055.727098 eV
[SERVER] types_arr sample: (2, 0, 0)
[SERVER] species_map keys: [0, 1, 2, 3, 4]
  DELTA_QUERY comp=1 MOV mol_idx=7 natoms=3 n_stored=76
    E_full=-9150.362625  E_ads=-1055.726888  E_cur=-9150.405382  E_ads_cur=-1055.727098  dE=0.042548 eV
[SERVER] types_arr sample: (2, 0, 0)
[SERVER] species_map keys: [0, 1, 2, 3, 4]
  DELTA_QUERY comp=1 INS mol_idx=-1 natoms=3 n_stored=76
    E_full=-9164.511266  E_ads=-1069.982709  E_cur=-9150.405382  E_ads_cur=-1055.727098  dE=0.149727 eV
[SERVER] types_arr sample: (2, 0, 0)
[SERVER] species_map keys: [0, 1, 2, 3, 4]
  DELTA_QUERY comp=1 MOV mol_idx=70 natoms=3 n_stored=76
    E_full=-9149.666924  E_ads=-1055.513330  E_cur=-9150.405382  E_ads_cur=-1055.727098  dE=0.524690 eV
[SERVER] types_arr sample: (2, 0, 0)
[SERVER] species_map keys: [0, 1, 2, 3, 4]
  DELTA_QUERY comp=1 MOV mol_idx=31 natoms=3 n_stored=76
    E_full=-9150.373812  E_ads=-1055.699865  E_cur=-9150.405382  E_ads_cur=-1055.727098  dE=0.004338 eV
  DELTA_QUERY comp=1 DEL mol_idx=34 natoms=0 n_stored=76
    E_full=-9135.937328  E_ads=-1041.897137  E_cur=-9150.405382  E_ads_cur=-1055.727098  dE=0.638094 eV
[SERVER] types_arr sample: (2, 0, 0)
[SERVER] species_map keys: [0, 1, 2, 3, 4]
  DELTA_QUERY comp=1 MOV mol_idx=37 natoms=3 n_stored=76
    E_full=-9150.356768  E_ads=-1055.726932  E_cur=-9150.405382  E_ads_cur=-1055.727098  dE=0.048448 eV
[SERVER] types_arr sample: (2, 0, 0)
[SERVER] species_map keys: [0, 1, 2, 3, 4]
  DELTA_QUERY comp=1 MOV mol_idx=31 natoms=3 n_stored=76
    E_full=-9147.473039  E_ads=-1053.095682  E_cur=-9150.405382  E_ads_cur=-1055.727098  dE=0.300928 eV
[SERVER] types_arr sample: (2, 0, 0)
[SERVER] species_map keys: [0, 1, 2, 3, 4]
  DELTA_QUERY comp=1 MOV mol_idx=5 natoms=3 n_stored=76
    E_full=-9150.310346  E_ads=-1055.726865  E_cur=-9150.405382  E_ads_cur=-1055.727098  dE=0.094803 eV
[SERVER] types_arr sample: (2, 0, 0)
[SERVER] species_map keys: [0, 1, 2, 3, 4]
  DELTA_QUERY comp=1 MOV mol_idx=21 natoms=3 n_stored=76
    E_full=-9150.395148  E_ads=-1055.728206  E_cur=-9150.405382  E_ads_cur=-1055.727098  dE=0.011342 eV
[SERVER] types_arr sample: (2, 0, 0)
[SERVER] species_map keys: [0, 1, 2, 3, 4]
  DELTA_QUERY comp=1 INS mol_idx=-1 natoms=3 n_stored=76
    E_full=-9164.892979  E_ads=-1069.652845  E_cur=-9150.405382  E_ads_cur=-1055.727098  dE=-0.561850 eV
  COMMIT_INSERT comp=1 n_stored=77  E_current=-9164.892979  E_ads_current=-1069.652845 eV
[SERVER] types_arr sample: (2, 0, 0)
[SERVER] species_map keys: [0, 1, 2, 3, 4]
  DELTA_QUERY comp=1 MOV mol_idx=54 natoms=3 n_stored=77
    E_full=-9164.871618  E_ads=-1069.663325  E_cur=-9164.892979  E_ads_cur=-1069.652845  dE=0.031841 eV
  COMMIT_MOVE comp=1 mol_idx=54  E_current=-9164.871618  E_ads_current=-1069.663325 eV
[SERVER] types_arr sample: (2, 0, 0)
[SERVER] species_map keys: [0, 1, 2, 3, 4]
  DELTA_QUERY comp=1 MOV mol_idx=40 natoms=3 n_stored=77
    E_full=-9163.543335  E_ads=-1069.083030  E_cur=-9164.871618  E_ads_cur=-1069.663325  dE=0.747988 eV
[SERVER] types_arr sample: (2, 0, 0)
[SERVER] species_map keys: [0, 1, 2, 3, 4]
  DELTA_QUERY comp=1 MOV mol_idx=70 natoms=3 n_stored=77
    E_full=-9164.836203  E_ads=-1069.558324  E_cur=-9164.871618  E_ads_cur=-1069.663325  dE=-0.069586 eV
  COMMIT_MOVE comp=1 mol_idx=70  E_current=-9164.836203  E_ads_current=-1069.558324 eV
[SERVER] types_arr sample: (2, 0, 0)
[SERVER] species_map keys: [0, 1, 2, 3, 4]
  DELTA_QUERY comp=1 MOV mol_idx=49 natoms=3 n_stored=77
    E_full=-9164.596453  E_ads=-1069.925086  E_cur=-9164.836203  E_ads_cur=-1069.558324  dE=0.606513 eV
[SERVER] types_arr sample: (2, 0, 0)
[SERVER] species_map keys: [0, 1, 2, 3, 4]
  DELTA_QUERY comp=1 MOV mol_idx=61 natoms=3 n_stored=77
    E_full=-9164.838564  E_ads=-1069.561598  E_cur=-9164.836203  E_ads_cur=-1069.558324  dE=0.000913 eV
  COMMIT_MOVE comp=1 mol_idx=61  E_current=-9164.838564  E_ads_current=-1069.561598 eV
[SERVER] types_arr sample: (2, 0, 0)
[SERVER] species_map keys: [0, 1, 2, 3, 4]
  DELTA_QUERY comp=1 MOV mol_idx=40 natoms=3 n_stored=77
    E_full=-9163.642749  E_ads=-1069.596394  E_cur=-9164.838564  E_ads_cur=-1069.561598  dE=1.230611 eV
[SERVER] types_arr sample: (2, 0, 0)
[SERVER] species_map keys: [0, 1, 2, 3, 4]
  DELTA_QUERY comp=1 MOV mol_idx=2 natoms=3 n_stored=77
    E_full=-9162.793117  E_ads=-1069.690655  E_cur=-9164.838564  E_ads_cur=-1069.561598  dE=2.174504 eV
[SERVER] types_arr sample: (2, 0, 0)
[SERVER] species_map keys: [0, 1, 2, 3, 4]
  DELTA_QUERY comp=1 MOV mol_idx=55 natoms=3 n_stored=77
    E_full=-9164.378866  E_ads=-1069.462737  E_cur=-9164.838564  E_ads_cur=-1069.561598  dE=0.360837 eV
[SERVER] types_arr sample: (2, 0, 0)
[SERVER] species_map keys: [0, 1, 2, 3, 4]
  DELTA_QUERY comp=1 INS mol_idx=-1 natoms=3 n_stored=77
    E_full=-9178.611794  E_ads=-1083.938648  E_cur=-9164.838564  E_ads_cur=-1069.561598  dE=0.603820 eV
[SERVER] types_arr sample: (2, 0, 0)
[SERVER] species_map keys: [0, 1, 2, 3, 4]
  DELTA_QUERY comp=1 INS mol_idx=-1 natoms=3 n_stored=77
    E_full=-9178.542850  E_ads=-1083.713785  E_cur=-9164.838564  E_ads_cur=-1069.561598  dE=0.447901 eV
[SERVER] types_arr sample: (2, 0, 0)
[SERVER] species_map keys: [0, 1, 2, 3, 4]
  DELTA_QUERY comp=1 INS mol_idx=-1 natoms=3 n_stored=77
    E_full=-9179.137355  E_ads=-1083.513882  E_cur=-9164.838564  E_ads_cur=-1069.561598  dE=-0.346507 eV
  COMMIT_INSERT comp=1 n_stored=78  E_current=-9179.137355  E_ads_current=-1083.513882 eV
  DELTA_QUERY comp=1 DEL mol_idx=8 natoms=0 n_stored=78
    E_full=-9164.586380  E_ads=-1069.727615  E_cur=-9179.137355  E_ads_cur=-1083.513882  dE=0.764707 eV
[SERVER] types_arr sample: (2, 0, 0)
[SERVER] species_map keys: [0, 1, 2, 3, 4]
  DELTA_QUERY comp=1 MOV mol_idx=60 natoms=3 n_stored=78
    E_full=-9179.017127  E_ads=-1083.517399  E_cur=-9179.137355  E_ads_cur=-1083.513882  dE=0.123744 eV
[SERVER] types_arr sample: (2, 0, 0)
[SERVER] species_map keys: [0, 1, 2, 3, 4]
  DELTA_QUERY comp=1 MOV mol_idx=40 natoms=3 n_stored=78
    E_full=-9178.191774  E_ads=-1083.640261  E_cur=-9179.137355  E_ads_cur=-1083.513882  dE=1.071960 eV
[SERVER] types_arr sample: (2, 0, 0)
[SERVER] species_map keys: [0, 1, 2, 3, 4]
  DELTA_QUERY comp=1 MOV mol_idx=26 natoms=3 n_stored=78
    E_full=-9178.572151  E_ads=-1083.448094  E_cur=-9179.137355  E_ads_cur=-1083.513882  dE=0.499416 eV
[SERVER] types_arr sample: (2, 0, 0)
[SERVER] species_map keys: [0, 1, 2, 3, 4]
  DELTA_QUERY comp=1 MOV mol_idx=49 natoms=3 n_stored=78
    E_full=-9177.543890  E_ads=-1083.874252  E_cur=-9179.137355  E_ads_cur=-1083.513882  dE=1.953835 eV
[SERVER] types_arr sample: (2, 0, 0)
[SERVER] species_map keys: [0, 1, 2, 3, 4]
  DELTA_QUERY comp=1 MOV mol_idx=46 natoms=3 n_stored=78
    E_full=-9178.840186  E_ads=-1083.030313  E_cur=-9179.137355  E_ads_cur=-1083.513882  dE=-0.186400 eV
[SERVER] types_arr sample: (2, 0, 0)
[SERVER] species_map keys: [0, 1, 2, 3, 4]
  DELTA_QUERY comp=1 INS mol_idx=-1 natoms=3 n_stored=78
    E_full=-9193.482203  E_ads=-1097.831948  E_cur=-9179.137355  E_ads_cur=-1083.513882  dE=-0.026782 eV
[SERVER] types_arr sample: (2, 0, 0)
[SERVER] species_map keys: [0, 1, 2, 3, 4]
  DELTA_QUERY comp=1 MOV mol_idx=44 natoms=3 n_stored=78
    E_full=-9179.141049  E_ads=-1083.512663  E_cur=-9179.137355  E_ads_cur=-1083.513882  dE=-0.004912 eV
  COMMIT_MOVE comp=1 mol_idx=44  E_current=-9179.141049  E_ads_current=-1083.512663 eV
  DELTA_QUERY comp=1 DEL mol_idx=77 natoms=0 n_stored=78
    E_full=-9164.842263  E_ads=-1069.560352  E_cur=-9179.141049  E_ads_cur=-1083.512663  dE=0.346475 eV
  DELTA_QUERY comp=1 DEL mol_idx=35 natoms=0 n_stored=78
    E_full=-9164.584790  E_ads=-1069.686762  E_cur=-9179.141049  E_ads_cur=-1083.512663  dE=0.730358 eV
  DELTA_QUERY comp=1 DEL mol_idx=42 natoms=0 n_stored=78
    E_full=-9164.528874  E_ads=-1069.621631  E_cur=-9179.141049  E_ads_cur=-1083.512663  dE=0.721142 eV
[SERVER] types_arr sample: (2, 0, 0)
[SERVER] species_map keys: [0, 1, 2, 3, 4]
  DELTA_QUERY comp=1 MOV mol_idx=61 natoms=3 n_stored=78
    E_full=-9179.117599  E_ads=-1083.514189  E_cur=-9179.141049  E_ads_cur=-1083.512663  dE=0.024975 eV
  COMMIT_MOVE comp=1 mol_idx=61  E_current=-9179.117599  E_ads_current=-1083.514189 eV
  DELTA_QUERY comp=1 DEL mol_idx=33 natoms=0 n_stored=78
    E_full=-9164.588030  E_ads=-1069.735646  E_cur=-9179.117599  E_ads_cur=-1083.514189  dE=0.751026 eV
  DELTA_QUERY comp=1 DEL mol_idx=76 natoms=0 n_stored=78
    E_full=-9164.626021  E_ads=-1069.588441  E_cur=-9179.117599  E_ads_cur=-1083.514189  dE=0.565830 eV
[SERVER] types_arr sample: (2, 0, 0)
[SERVER] species_map keys: [0, 1, 2, 3, 4]
  DELTA_QUERY comp=1 MOV mol_idx=22 natoms=3 n_stored=78
    E_full=-9178.465435  E_ads=-1083.501886  E_cur=-9179.117599  E_ads_cur=-1083.514189  dE=0.639862 eV
[SERVER] types_arr sample: (2, 0, 0)
[SERVER] species_map keys: [0, 1, 2, 3, 4]
  DELTA_QUERY comp=1 MOV mol_idx=29 natoms=3 n_stored=78
    E_full=-9177.295377  E_ads=-1083.728305  E_cur=-9179.117599  E_ads_cur=-1083.514189  dE=2.036339 eV
[SERVER] types_arr sample: (2, 0, 0)
[SERVER] species_map keys: [0, 1, 2, 3, 4]
  DELTA_QUERY comp=1 MOV mol_idx=66 natoms=3 n_stored=78
    E_full=-9179.090292  E_ads=-1083.494546  E_cur=-9179.117599  E_ads_cur=-1083.514189  dE=0.007664 eV
[SERVER] types_arr sample: (2, 0, 0)
[SERVER] species_map keys: [0, 1, 2, 3, 4]
  DELTA_QUERY comp=1 MOV mol_idx=37 natoms=3 n_stored=78
    E_full=-9179.105367  E_ads=-1083.525666  E_cur=-9179.117599  E_ads_cur=-1083.514189  dE=0.023710 eV
  COMMIT_MOVE comp=1 mol_idx=37  E_current=-9179.105367  E_ads_current=-1083.525666 eV
[SERVER] types_arr sample: (2, 0, 0)
[SERVER] species_map keys: [0, 1, 2, 3, 4]
  DELTA_QUERY comp=1 MOV mol_idx=67 natoms=3 n_stored=78
    E_full=-9177.938669  E_ads=-1083.470465  E_cur=-9179.105367  E_ads_cur=-1083.525666  dE=1.111497 eV
  DELTA_QUERY comp=1 DEL mol_idx=28 natoms=0 n_stored=78
    E_full=-9164.612069  E_ads=-1069.561075  E_cur=-9179.105367  E_ads_cur=-1083.525666  dE=0.528706 eV
[SERVER] types_arr sample: (2, 0, 0)
[SERVER] species_map keys: [0, 1, 2, 3, 4]
  DELTA_QUERY comp=1 MOV mol_idx=26 natoms=3 n_stored=78
    E_full=-9179.024081  E_ads=-1083.464609  E_cur=-9179.105367  E_ads_cur=-1083.525666  dE=0.020229 eV
[SERVER] types_arr sample: (2, 0, 0)
[SERVER] species_map keys: [0, 1, 2, 3, 4]
  DELTA_QUERY comp=1 MOV mol_idx=22 natoms=3 n_stored=78
    E_full=-9179.172857  E_ads=-1083.609820  E_cur=-9179.105367  E_ads_cur=-1083.525666  dE=0.016664 eV
  COMMIT_MOVE comp=1 mol_idx=22  E_current=-9179.172857  E_ads_current=-1083.609820 eV
[SERVER] types_arr sample: (2, 0, 0)
[SERVER] species_map keys: [0, 1, 2, 3, 4]
  DELTA_QUERY comp=1 MOV mol_idx=56 natoms=3 n_stored=78
    E_full=-9179.071864  E_ads=-1083.514175  E_cur=-9179.172857  E_ads_cur=-1083.609820  dE=0.005349 eV
[SERVER] types_arr sample: (2, 0, 0)
[SERVER] species_map keys: [0, 1, 2, 3, 4]
  DELTA_QUERY comp=1 MOV mol_idx=30 natoms=3 n_stored=78
    E_full=-9177.601086  E_ads=-1083.588331  E_cur=-9179.172857  E_ads_cur=-1083.609820  dE=1.550282 eV
[SERVER] types_arr sample: (2, 0, 0)
[SERVER] species_map keys: [0, 1, 2, 3, 4]
  DELTA_QUERY comp=1 MOV mol_idx=9 natoms=3 n_stored=78
    E_full=-9179.098712  E_ads=-1083.590015  E_cur=-9179.172857  E_ads_cur=-1083.609820  dE=0.054341 eV
[SERVER] types_arr sample: (2, 0, 0)
[SERVER] species_map keys: [0, 1, 2, 3, 4]
  DELTA_QUERY comp=1 INS mol_idx=-1 natoms=3 n_stored=78
    E_full=-9193.429849  E_ads=-1097.878840  E_cur=-9179.172857  E_ads_cur=-1083.609820  dE=0.012029 eV
[SERVER] types_arr sample: (2, 0, 0)
[SERVER] species_map keys: [0, 1, 2, 3, 4]
  DELTA_QUERY comp=1 MOV mol_idx=67 natoms=3 n_stored=78
    E_full=-9179.033187  E_ads=-1083.493535  E_cur=-9179.172857  E_ads_cur=-1083.609820  dE=0.023386 eV
[SERVER] types_arr sample: (2, 0, 0)
[SERVER] species_map keys: [0, 1, 2, 3, 4]
  DELTA_QUERY comp=1 MOV mol_idx=39 natoms=3 n_stored=78
    E_full=-9178.400096  E_ads=-1083.530481  E_cur=-9179.172857  E_ads_cur=-1083.609820  dE=0.693422 eV
[SERVER] types_arr sample: (2, 0, 0)
[SERVER] species_map keys: [0, 1, 2, 3, 4]
  DELTA_QUERY comp=1 MOV mol_idx=28 natoms=3 n_stored=78
    E_full=-9179.036590  E_ads=-1083.615900  E_cur=-9179.172857  E_ads_cur=-1083.609820  dE=0.142347 eV
[SERVER] types_arr sample: (2, 0, 0)
[SERVER] species_map keys: [0, 1, 2, 3, 4]
  DELTA_QUERY comp=1 MOV mol_idx=34 natoms=3 n_stored=78
    E_full=-9177.887261  E_ads=-1083.610392  E_cur=-9179.172857  E_ads_cur=-1083.609820  dE=1.286168 eV
[SERVER] types_arr sample: (2, 0, 0)
[SERVER] species_map keys: [0, 1, 2, 3, 4]
  DELTA_QUERY comp=1 MOV mol_idx=19 natoms=3 n_stored=78
    E_full=-9179.115805  E_ads=-1083.653338  E_cur=-9179.172857  E_ads_cur=-1083.609820  dE=0.100570 eV
  DELTA_QUERY comp=1 DEL mol_idx=72 natoms=0 n_stored=78
    E_full=-9164.622954  E_ads=-1069.460288  E_cur=-9179.172857  E_ads_cur=-1083.609820  dE=0.400371 eV
  DELTA_QUERY comp=1 DEL mol_idx=40 natoms=0 n_stored=78
    E_full=-9164.593103  E_ads=-1069.433386  E_cur=-9179.172857  E_ads_cur=-1083.609820  dE=0.403320 eV
[SERVER] types_arr sample: (2, 0, 0)
[SERVER] species_map keys: [0, 1, 2, 3, 4]
  DELTA_QUERY comp=1 MOV mol_idx=17 natoms=3 n_stored=78
    E_full=-9178.504829  E_ads=-1083.190958  E_cur=-9179.172857  E_ads_cur=-1083.609820  dE=0.249166 eV
[SERVER] types_arr sample: (2, 0, 0)
[SERVER] species_map keys: [0, 1, 2, 3, 4]
  DELTA_QUERY comp=1 MOV mol_idx=15 natoms=3 n_stored=78
    E_full=-9179.215815  E_ads=-1083.629241  E_cur=-9179.172857  E_ads_cur=-1083.609820  dE=-0.023537 eV
  COMMIT_MOVE comp=1 mol_idx=15  E_current=-9179.215815  E_ads_current=-1083.629241 eV
[SERVER] types_arr sample: (2, 0, 0)
[SERVER] species_map keys: [0, 1, 2, 3, 4]
  DELTA_QUERY comp=1 MOV mol_idx=63 natoms=3 n_stored=78
    E_full=-9179.087038  E_ads=-1083.612428  E_cur=-9179.215815  E_ads_cur=-1083.629241  dE=0.111965 eV
[SERVER] types_arr sample: (2, 0, 0)
[SERVER] species_map keys: [0, 1, 2, 3, 4]
  DELTA_QUERY comp=1 MOV mol_idx=25 natoms=3 n_stored=78
    E_full=-9178.560766  E_ads=-1083.588676  E_cur=-9179.215815  E_ads_cur=-1083.629241  dE=0.614485 eV
[SERVER] types_arr sample: (2, 0, 0)
[SERVER] species_map keys: [0, 1, 2, 3, 4]
  DELTA_QUERY comp=1 MOV mol_idx=21 natoms=3 n_stored=78
    E_full=-9178.865380  E_ads=-1083.706010  E_cur=-9179.215815  E_ads_cur=-1083.629241  dE=0.427205 eV
[SERVER] types_arr sample: (2, 0, 0)
[SERVER] species_map keys: [0, 1, 2, 3, 4]
  DELTA_QUERY comp=1 MOV mol_idx=61 natoms=3 n_stored=78
    E_full=-9179.300942  E_ads=-1083.669734  E_cur=-9179.215815  E_ads_cur=-1083.629241  dE=-0.044633 eV
  COMMIT_MOVE comp=1 mol_idx=61  E_current=-9179.300942  E_ads_current=-1083.669734 eV
[SERVER] types_arr sample: (2, 0, 0)
[SERVER] species_map keys: [0, 1, 2, 3, 4]
  DELTA_QUERY comp=1 MOV mol_idx=50 natoms=3 n_stored=78
    E_full=-9179.285810  E_ads=-1083.662491  E_cur=-9179.300942  E_ads_cur=-1083.669734  dE=0.007889 eV
  COMMIT_MOVE comp=1 mol_idx=50  E_current=-9179.285810  E_ads_current=-1083.662491 eV
[SERVER] types_arr sample: (2, 0, 0)
[SERVER] species_map keys: [0, 1, 2, 3, 4]
  DELTA_QUERY comp=1 MOV mol_idx=33 natoms=3 n_stored=78
    E_full=-9179.184655  E_ads=-1083.662085  E_cur=-9179.285810  E_ads_cur=-1083.662491  dE=0.100748 eV
[SERVER] types_arr sample: (2, 0, 0)
[SERVER] species_map keys: [0, 1, 2, 3, 4]
  DELTA_QUERY comp=1 MOV mol_idx=29 natoms=3 n_stored=78
    E_full=-9179.224702  E_ads=-1083.665623  E_cur=-9179.285810  E_ads_cur=-1083.662491  dE=0.064240 eV
[SERVER] types_arr sample: (2, 0, 0)
[SERVER] species_map keys: [0, 1, 2, 3, 4]
  DELTA_QUERY comp=1 MOV mol_idx=33 natoms=3 n_stored=78
    E_full=-9179.245083  E_ads=-1084.031594  E_cur=-9179.285810  E_ads_cur=-1083.662491  dE=0.409829 eV
[SERVER] types_arr sample: (2, 0, 0)
[SERVER] species_map keys: [0, 1, 2, 3, 4]
  DELTA_QUERY comp=1 MOV mol_idx=16 natoms=3 n_stored=78
    E_full=-9178.587510  E_ads=-1083.581394  E_cur=-9179.285810  E_ads_cur=-1083.662491  dE=0.617202 eV
[SERVER] types_arr sample: (2, 0, 0)
[SERVER] species_map keys: [0, 1, 2, 3, 4]
  DELTA_QUERY comp=1 INS mol_idx=-1 natoms=3 n_stored=78
    E_full=-9191.778576  E_ads=-1097.161697  E_cur=-9179.285810  E_ads_cur=-1083.662491  dE=1.006440 eV
[SERVER] types_arr sample: (2, 0, 0)
[SERVER] species_map keys: [0, 1, 2, 3, 4]
  DELTA_QUERY comp=1 MOV mol_idx=38 natoms=3 n_stored=78
    E_full=-9178.427973  E_ads=-1083.863856  E_cur=-9179.285810  E_ads_cur=-1083.662491  dE=1.059201 eV
[SERVER] types_arr sample: (2, 0, 0)
[SERVER] species_map keys: [0, 1, 2, 3, 4]
  DELTA_QUERY comp=1 MOV mol_idx=43 natoms=3 n_stored=78
    E_full=-9179.324321  E_ads=-1083.680521  E_cur=-9179.285810  E_ads_cur=-1083.662491  dE=-0.020481 eV
  COMMIT_MOVE comp=1 mol_idx=43  E_current=-9179.324321  E_ads_current=-1083.680521 eV
[SERVER] types_arr sample: (2, 0, 0)
[SERVER] species_map keys: [0, 1, 2, 3, 4]
  DELTA_QUERY comp=1 MOV mol_idx=3 natoms=3 n_stored=78
    E_full=-9179.303236  E_ads=-1083.685265  E_cur=-9179.324321  E_ads_cur=-1083.680521  dE=0.025829 eV
[SERVER] types_arr sample: (2, 0, 0)
[SERVER] species_map keys: [0, 1, 2, 3, 4]
  DELTA_QUERY comp=1 MOV mol_idx=40 natoms=3 n_stored=78
    E_full=-9179.267726  E_ads=-1083.652690  E_cur=-9179.324321  E_ads_cur=-1083.680521  dE=0.028764 eV
  COMMIT_MOVE comp=1 mol_idx=40  E_current=-9179.267726  E_ads_current=-1083.652690 eV
[SERVER] types_arr sample: (2, 0, 0)
[SERVER] species_map keys: [0, 1, 2, 3, 4]
  DELTA_QUERY comp=1 MOV mol_idx=49 natoms=3 n_stored=78
    E_full=-9179.174992  E_ads=-1083.654076  E_cur=-9179.267726  E_ads_cur=-1083.652690  dE=0.094119 eV
[SERVER] types_arr sample: (2, 0, 0)
[SERVER] species_map keys: [0, 1, 2, 3, 4]
  DELTA_QUERY comp=1 MOV mol_idx=49 natoms=3 n_stored=78
    E_full=-9179.227887  E_ads=-1083.836659  E_cur=-9179.267726  E_ads_cur=-1083.652690  dE=0.223808 eV
[SERVER] types_arr sample: (2, 0, 0)
[SERVER] species_map keys: [0, 1, 2, 3, 4]
  DELTA_QUERY comp=1 MOV mol_idx=27 natoms=3 n_stored=78
    E_full=-9179.301210  E_ads=-1083.657746  E_cur=-9179.267726  E_ads_cur=-1083.652690  dE=-0.028428 eV
  COMMIT_MOVE comp=1 mol_idx=27  E_current=-9179.301210  E_ads_current=-1083.657746 eV
[SERVER] types_arr sample: (2, 0, 0)
[SERVER] species_map keys: [0, 1, 2, 3, 4]
  DELTA_QUERY comp=1 MOV mol_idx=19 natoms=3 n_stored=78
    E_full=-9179.056420  E_ads=-1083.561931  E_cur=-9179.301210  E_ads_cur=-1083.657746  dE=0.148975 eV
[SERVER] types_arr sample: (2, 0, 0)
[SERVER] species_map keys: [0, 1, 2, 3, 4]
  DELTA_QUERY comp=1 MOV mol_idx=4 natoms=3 n_stored=78
    E_full=-9178.297301  E_ads=-1083.762304  E_cur=-9179.301210  E_ads_cur=-1083.657746  dE=1.108468 eV
[SERVER] types_arr sample: (2, 0, 0)
[SERVER] species_map keys: [0, 1, 2, 3, 4]
  DELTA_QUERY comp=1 MOV mol_idx=73 natoms=3 n_stored=78
    E_full=-9179.291344  E_ads=-1083.655715  E_cur=-9179.301210  E_ads_cur=-1083.657746  dE=0.007835 eV
[SERVER] types_arr sample: (2, 0, 0)
[SERVER] species_map keys: [0, 1, 2, 3, 4]
  DELTA_QUERY comp=1 MOV mol_idx=15 natoms=3 n_stored=78
    E_full=-9179.248675  E_ads=-1083.617855  E_cur=-9179.301210  E_ads_cur=-1083.657746  dE=0.012644 eV
  COMMIT_MOVE comp=1 mol_idx=15  E_current=-9179.248675  E_ads_current=-1083.617855 eV
[SERVER] types_arr sample: (2, 0, 0)
[SERVER] species_map keys: [0, 1, 2, 3, 4]
  DELTA_QUERY comp=1 MOV mol_idx=48 natoms=3 n_stored=78
    E_full=-9179.007966  E_ads=-1083.654435  E_cur=-9179.248675  E_ads_cur=-1083.617855  dE=0.277289 eV
[SERVER] types_arr sample: (2, 0, 0)
[SERVER] species_map keys: [0, 1, 2, 3, 4]
  DELTA_QUERY comp=1 MOV mol_idx=48 natoms=3 n_stored=78
    E_full=-9176.760971  E_ads=-1084.057722  E_cur=-9179.248675  E_ads_cur=-1083.617855  dE=2.927570 eV
[SERVER] types_arr sample: (2, 0, 0)
[SERVER] species_map keys: [0, 1, 2, 3, 4]
  DELTA_QUERY comp=1 MOV mol_idx=51 natoms=3 n_stored=78
    E_full=-9179.273384  E_ads=-1083.617414  E_cur=-9179.248675  E_ads_cur=-1083.617855  dE=-0.025150 eV
  COMMIT_MOVE comp=1 mol_idx=51  E_current=-9179.273384  E_ads_current=-1083.617414 eV
  DELTA_QUERY comp=1 DEL mol_idx=53 natoms=0 n_stored=78
    E_full=-9164.687284  E_ads=-1069.631029  E_cur=-9179.273384  E_ads_cur=-1083.617414  dE=0.599716 eV
[SERVER] types_arr sample: (2, 0, 0)
[SERVER] species_map keys: [0, 1, 2, 3, 4]
  DELTA_QUERY comp=1 MOV mol_idx=20 natoms=3 n_stored=78
    E_full=-9179.158309  E_ads=-1084.076301  E_cur=-9179.273384  E_ads_cur=-1083.617414  dE=0.573962 eV
[SERVER] types_arr sample: (2, 0, 0)
[SERVER] species_map keys: [0, 1, 2, 3, 4]
  DELTA_QUERY comp=1 INS mol_idx=-1 natoms=3 n_stored=78
    E_full=-9193.318673  E_ads=-1097.666554  E_cur=-9179.273384  E_ads_cur=-1083.617414  dE=0.003851 eV
[SERVER] types_arr sample: (2, 0, 0)
[SERVER] species_map keys: [0, 1, 2, 3, 4]
  DELTA_QUERY comp=1 MOV mol_idx=40 natoms=3 n_stored=78
    E_full=-9179.321861  E_ads=-1083.658507  E_cur=-9179.273384  E_ads_cur=-1083.617414  dE=-0.007383 eV
  COMMIT_MOVE comp=1 mol_idx=40  E_current=-9179.321861  E_ads_current=-1083.658507 eV
[SERVER] types_arr sample: (2, 0, 0)
[SERVER] species_map keys: [0, 1, 2, 3, 4]
  DELTA_QUERY comp=1 MOV mol_idx=53 natoms=3 n_stored=78
    E_full=-9179.187508  E_ads=-1083.657392  E_cur=-9179.321861  E_ads_cur=-1083.658507  dE=0.133237 eV
[SERVER] types_arr sample: (2, 0, 0)
[SERVER] species_map keys: [0, 1, 2, 3, 4]
  DELTA_QUERY comp=1 MOV mol_idx=61 natoms=3 n_stored=78
    E_full=-9177.495543  E_ads=-1083.879651  E_cur=-9179.321861  E_ads_cur=-1083.658507  dE=2.047462 eV
[SERVER] types_arr sample: (2, 0, 0)
[SERVER] species_map keys: [0, 1, 2, 3, 4]
  DELTA_QUERY comp=1 MOV mol_idx=34 natoms=3 n_stored=78
    E_full=-9179.316217  E_ads=-1083.686224  E_cur=-9179.321861  E_ads_cur=-1083.658507  dE=0.033360 eV
  DELTA_QUERY comp=1 DEL mol_idx=21 natoms=0 n_stored=78
    E_full=-9164.975528  E_ads=-1069.784392  E_cur=-9179.321861  E_ads_cur=-1083.658507  dE=0.472217 eV
[SERVER] types_arr sample: (2, 0, 0)
[SERVER] species_map keys: [0, 1, 2, 3, 4]
  DELTA_QUERY comp=1 INS mol_idx=-1 natoms=3 n_stored=78
    E_full=-9191.574935  E_ads=-1095.970418  E_cur=-9179.321861  E_ads_cur=-1083.658507  dE=0.058837 eV
[SERVER] types_arr sample: (2, 0, 0)
[SERVER] species_map keys: [0, 1, 2, 3, 4]
  DELTA_QUERY comp=1 MOV mol_idx=8 natoms=3 n_stored=78
    E_full=-9179.272432  E_ads=-1083.652540  E_cur=-9179.321861  E_ads_cur=-1083.658507  dE=0.043462 eV
[SERVER] types_arr sample: (2, 0, 0)
[SERVER] species_map keys: [0, 1, 2, 3, 4]
  DELTA_QUERY comp=1 MOV mol_idx=77 natoms=3 n_stored=78
    E_full=-9179.468621  E_ads=-1083.782307  E_cur=-9179.321861  E_ads_cur=-1083.658507  dE=-0.022960 eV
  COMMIT_MOVE comp=1 mol_idx=77  E_current=-9179.468621  E_ads_current=-1083.782307 eV
[SERVER] types_arr sample: (2, 0, 0)
[SERVER] species_map keys: [0, 1, 2, 3, 4]
  DELTA_QUERY comp=1 MOV mol_idx=38 natoms=3 n_stored=78
    E_full=-9176.487377  E_ads=-1081.594941  E_cur=-9179.468621  E_ads_cur=-1083.782307  dE=0.793878 eV
  DELTA_QUERY comp=1 DEL mol_idx=63 natoms=0 n_stored=78
    E_full=-9164.957326  E_ads=-1069.459150  E_cur=-9179.468621  E_ads_cur=-1083.782307  dE=0.188138 eV
[SERVER] types_arr sample: (2, 0, 0)
[SERVER] species_map keys: [0, 1, 2, 3, 4]
  DELTA_QUERY comp=1 MOV mol_idx=32 natoms=3 n_stored=78
    E_full=-9179.350474  E_ads=-1083.797487  E_cur=-9179.468621  E_ads_cur=-1083.782307  dE=0.133327 eV
  DELTA_QUERY comp=1 DEL mol_idx=13 natoms=0 n_stored=78
    E_full=-9164.923165  E_ads=-1069.992065  E_cur=-9179.468621  E_ads_cur=-1083.782307  dE=0.755213 eV
[SERVER] types_arr sample: (2, 0, 0)
[SERVER] species_map keys: [0, 1, 2, 3, 4]
  DELTA_QUERY comp=1 MOV mol_idx=5 natoms=3 n_stored=78
    E_full=-9179.468791  E_ads=-1083.782119  E_cur=-9179.468621  E_ads_cur=-1083.782307  dE=-0.000358 eV
  COMMIT_MOVE comp=1 mol_idx=5  E_current=-9179.468791  E_ads_current=-1083.782119 eV
[SERVER] types_arr sample: (2, 0, 0)
[SERVER] species_map keys: [0, 1, 2, 3, 4]
  DELTA_QUERY comp=1 MOV mol_idx=58 natoms=3 n_stored=78
    E_full=-9179.694230  E_ads=-1083.788174  E_cur=-9179.468791  E_ads_cur=-1083.782119  dE=-0.219384 eV
  COMMIT_MOVE comp=1 mol_idx=58  E_current=-9179.694230  E_ads_current=-1083.788174 eV
[SERVER] types_arr sample: (2, 0, 0)
[SERVER] species_map keys: [0, 1, 2, 3, 4]
  DELTA_QUERY comp=1 MOV mol_idx=47 natoms=3 n_stored=78
    E_full=-9179.186403  E_ads=-1083.519911  E_cur=-9179.694230  E_ads_cur=-1083.788174  dE=0.239564 eV
[SERVER] types_arr sample: (2, 0, 0)
[SERVER] species_map keys: [0, 1, 2, 3, 4]
  DELTA_QUERY comp=1 MOV mol_idx=64 natoms=3 n_stored=78
    E_full=-9179.718600  E_ads=-1083.753130  E_cur=-9179.694230  E_ads_cur=-1083.788174  dE=-0.059414 eV
  COMMIT_MOVE comp=1 mol_idx=64  E_current=-9179.718600  E_ads_current=-1083.753130 eV
[SERVER] types_arr sample: (2, 0, 0)
[SERVER] species_map keys: [0, 1, 2, 3, 4]
  DELTA_QUERY comp=1 MOV mol_idx=54 natoms=3 n_stored=78
    E_full=-9178.493400  E_ads=-1083.837911  E_cur=-9179.718600  E_ads_cur=-1083.753130  dE=1.309981 eV
[SERVER] types_arr sample: (2, 0, 0)
[SERVER] species_map keys: [0, 1, 2, 3, 4]
  DELTA_QUERY comp=1 MOV mol_idx=35 natoms=3 n_stored=78
    E_full=-9179.328330  E_ads=-1084.031735  E_cur=-9179.718600  E_ads_cur=-1083.753130  dE=0.668875 eV
[SERVER] types_arr sample: (2, 0, 0)
[SERVER] species_map keys: [0, 1, 2, 3, 4]
  DELTA_QUERY comp=1 INS mol_idx=-1 natoms=3 n_stored=78
    E_full=-9194.184265  E_ads=-1097.925463  E_cur=-9179.718600  E_ads_cur=-1083.753130  dE=-0.293332 eV
  COMMIT_INSERT comp=1 n_stored=79  E_current=-9194.184265  E_ads_current=-1097.925463 eV
[SERVER] types_arr sample: (2, 0, 0)
[SERVER] species_map keys: [0, 1, 2, 3, 4]
  DELTA_QUERY comp=1 MOV mol_idx=46 natoms=3 n_stored=79
    E_full=-9192.848316  E_ads=-1097.296456  E_cur=-9194.184265  E_ads_cur=-1097.925463  dE=0.706942 eV
[SERVER] types_arr sample: (2, 0, 0)
[SERVER] species_map keys: [0, 1, 2, 3, 4]
  DELTA_QUERY comp=1 MOV mol_idx=30 natoms=3 n_stored=79
    E_full=-9194.186260  E_ads=-1097.926012  E_cur=-9194.184265  E_ads_cur=-1097.925463  dE=-0.001446 eV
  COMMIT_MOVE comp=1 mol_idx=30  E_current=-9194.186260  E_ads_current=-1097.926012 eV
[SERVER] types_arr sample: (2, 0, 0)
[SERVER] species_map keys: [0, 1, 2, 3, 4]
  DELTA_QUERY comp=1 INS mol_idx=-1 natoms=3 n_stored=79
    E_full=-9207.953605  E_ads=-1111.674797  E_cur=-9194.186260  E_ads_cur=-1097.926012  dE=-0.018560 eV
[SERVER] types_arr sample: (2, 0, 0)
[SERVER] species_map keys: [0, 1, 2, 3, 4]
  DELTA_QUERY comp=1 MOV mol_idx=63 natoms=3 n_stored=79
    E_full=-9194.236682  E_ads=-1097.968542  E_cur=-9194.186260  E_ads_cur=-1097.926012  dE=-0.007892 eV
  COMMIT_MOVE comp=1 mol_idx=63  E_current=-9194.236682  E_ads_current=-1097.968542 eV
  DELTA_QUERY comp=1 DEL mol_idx=2 natoms=0 n_stored=79
    E_full=-9179.678191  E_ads=-1084.046400  E_cur=-9194.236682  E_ads_cur=-1097.968542  dE=0.636349 eV
[SERVER] types_arr sample: (2, 0, 0)
[SERVER] species_map keys: [0, 1, 2, 3, 4]
  DELTA_QUERY comp=1 MOV mol_idx=51 natoms=3 n_stored=79
    E_full=-9193.536683  E_ads=-1098.007139  E_cur=-9194.236682  E_ads_cur=-1097.968542  dE=0.738597 eV
[SERVER] types_arr sample: (2, 0, 0)
[SERVER] species_map keys: [0, 1, 2, 3, 4]
  DELTA_QUERY comp=1 MOV mol_idx=0 natoms=3 n_stored=79
    E_full=-9192.297543  E_ads=-1097.990301  E_cur=-9194.236682  E_ads_cur=-1097.968542  dE=1.960899 eV
[SERVER] types_arr sample: (2, 0, 0)
[SERVER] species_map keys: [0, 1, 2, 3, 4]
  DELTA_QUERY comp=1 INS mol_idx=-1 natoms=3 n_stored=79
    E_full=-9208.317490  E_ads=-1111.867602  E_cur=-9194.236682  E_ads_cur=-1097.968542  dE=-0.181748 eV
[SERVER] types_arr sample: (2, 0, 0)
[SERVER] species_map keys: [0, 1, 2, 3, 4]
  DELTA_QUERY comp=1 MOV mol_idx=50 natoms=3 n_stored=79
    E_full=-9194.201525  E_ads=-1097.981751  E_cur=-9194.236682  E_ads_cur=-1097.968542  dE=0.048366 eV
[SERVER] types_arr sample: (2, 0, 0)
[SERVER] species_map keys: [0, 1, 2, 3, 4]
  DELTA_QUERY comp=1 MOV mol_idx=78 natoms=3 n_stored=79
    E_full=-9194.192967  E_ads=-1097.802804  E_cur=-9194.236682  E_ads_cur=-1097.968542  dE=-0.122023 eV
  COMMIT_MOVE comp=1 mol_idx=78  E_current=-9194.192967  E_ads_current=-1097.802804 eV
[SERVER] types_arr sample: (2, 0, 0)
[SERVER] species_map keys: [0, 1, 2, 3, 4]
  DELTA_QUERY comp=1 MOV mol_idx=65 natoms=3 n_stored=79
    E_full=-9194.176928  E_ads=-1097.821119  E_cur=-9194.192967  E_ads_cur=-1097.802804  dE=0.034354 eV
  COMMIT_MOVE comp=1 mol_idx=65  E_current=-9194.176928  E_ads_current=-1097.821119 eV
[SERVER] types_arr sample: (2, 0, 0)
[SERVER] species_map keys: [0, 1, 2, 3, 4]
  DELTA_QUERY comp=1 MOV mol_idx=29 natoms=3 n_stored=79
    E_full=-9194.136225  E_ads=-1097.823499  E_cur=-9194.176928  E_ads_cur=-1097.821119  dE=0.043083 eV
[SERVER] types_arr sample: (2, 0, 0)
[SERVER] species_map keys: [0, 1, 2, 3, 4]
  DELTA_QUERY comp=1 INS mol_idx=-1 natoms=3 n_stored=79
    E_full=-9208.356810  E_ads=-1111.873589  E_cur=-9194.176928  E_ads_cur=-1097.821119  dE=-0.127412 eV
[SERVER] types_arr sample: (2, 0, 0)
[SERVER] species_map keys: [0, 1, 2, 3, 4]
  DELTA_QUERY comp=1 MOV mol_idx=32 natoms=3 n_stored=79
    E_full=-9194.090070  E_ads=-1097.845091  E_cur=-9194.176928  E_ads_cur=-1097.821119  dE=0.110830 eV
[SERVER] types_arr sample: (2, 0, 0)
[SERVER] species_map keys: [0, 1, 2, 3, 4]
  DELTA_QUERY comp=1 MOV mol_idx=44 natoms=3 n_stored=79
    E_full=-9194.139270  E_ads=-1097.868874  E_cur=-9194.176928  E_ads_cur=-1097.821119  dE=0.085413 eV
[SERVER] types_arr sample: (2, 0, 0)
[SERVER] species_map keys: [0, 1, 2, 3, 4]
  DELTA_QUERY comp=1 MOV mol_idx=13 natoms=3 n_stored=79
    E_full=-9194.145058  E_ads=-1097.818762  E_cur=-9194.176928  E_ads_cur=-1097.821119  dE=0.029513 eV
[SERVER] types_arr sample: (2, 0, 0)
[SERVER] species_map keys: [0, 1, 2, 3, 4]
  DELTA_QUERY comp=1 MOV mol_idx=20 natoms=3 n_stored=79
    E_full=-9193.249947  E_ads=-1097.932403  E_cur=-9194.176928  E_ads_cur=-1097.821119  dE=1.038264 eV
[SERVER] types_arr sample: (2, 0, 0)
[SERVER] species_map keys: [0, 1, 2, 3, 4]
  DELTA_QUERY comp=1 MOV mol_idx=22 natoms=3 n_stored=79
    E_full=-9194.215255  E_ads=-1097.837139  E_cur=-9194.176928  E_ads_cur=-1097.821119  dE=-0.022308 eV
  COMMIT_MOVE comp=1 mol_idx=22  E_current=-9194.215255  E_ads_current=-1097.837139 eV
  DELTA_QUERY comp=1 DEL mol_idx=6 natoms=0 n_stored=79
    E_full=-9179.675205  E_ads=-1084.014288  E_cur=-9194.215255  E_ads_cur=-1097.837139  dE=0.717200 eV
[SERVER] types_arr sample: (2, 0, 0)
[SERVER] species_map keys: [0, 1, 2, 3, 4]
  DELTA_QUERY comp=1 MOV mol_idx=67 natoms=3 n_stored=79
    E_full=-9194.145514  E_ads=-1097.841343  E_cur=-9194.215255  E_ads_cur=-1097.837139  dE=0.073946 eV
[SERVER] types_arr sample: (2, 0, 0)
[SERVER] species_map keys: [0, 1, 2, 3, 4]
  DELTA_QUERY comp=1 MOV mol_idx=12 natoms=3 n_stored=79
    E_full=-9194.200051  E_ads=-1097.834205  E_cur=-9194.215255  E_ads_cur=-1097.837139  dE=0.012271 eV
  COMMIT_MOVE comp=1 mol_idx=12  E_current=-9194.200051  E_ads_current=-1097.834205 eV
[SERVER] types_arr sample: (2, 0, 0)
[SERVER] species_map keys: [0, 1, 2, 3, 4]
  DELTA_QUERY comp=1 MOV mol_idx=8 natoms=3 n_stored=79
    E_full=-9190.654805  E_ads=-1098.045148  E_cur=-9194.200051  E_ads_cur=-1097.834205  dE=3.756189 eV
  DELTA_QUERY comp=1 DEL mol_idx=3 natoms=0 n_stored=79
    E_full=-9179.676012  E_ads=-1083.794758  E_cur=-9194.200051  E_ads_cur=-1097.834205  dE=0.484593 eV
[SERVER] types_arr sample: (2, 0, 0)
[SERVER] species_map keys: [0, 1, 2, 3, 4]
  DELTA_QUERY comp=1 INS mol_idx=-1 natoms=3 n_stored=79
    E_full=-9208.332232  E_ads=-1112.214727  E_cur=-9194.200051  E_ads_cur=-1097.834205  dE=0.248341 eV
[SERVER] types_arr sample: (2, 0, 0)
[SERVER] species_map keys: [0, 1, 2, 3, 4]
  DELTA_QUERY comp=1 MOV mol_idx=35 natoms=3 n_stored=79
    E_full=-9194.162730  E_ads=-1098.032620  E_cur=-9194.200051  E_ads_cur=-1097.834205  dE=0.235736 eV
[SERVER] types_arr sample: (2, 0, 0)
[SERVER] species_map keys: [0, 1, 2, 3, 4]
  DELTA_QUERY comp=1 MOV mol_idx=7 natoms=3 n_stored=79
    E_full=-9192.428402  E_ads=-1097.872396  E_cur=-9194.200051  E_ads_cur=-1097.834205  dE=1.809840 eV
[SERVER] types_arr sample: (2, 0, 0)
[SERVER] species_map keys: [0, 1, 2, 3, 4]
  DELTA_QUERY comp=1 MOV mol_idx=77 natoms=3 n_stored=79
    E_full=-9192.373958  E_ads=-1097.940144  E_cur=-9194.200051  E_ads_cur=-1097.834205  dE=1.932032 eV
[SERVER] types_arr sample: (2, 0, 0)
[SERVER] species_map keys: [0, 1, 2, 3, 4]
  DELTA_QUERY comp=1 MOV mol_idx=10 natoms=3 n_stored=79
    E_full=-9194.177115  E_ads=-1097.834327  E_cur=-9194.200051  E_ads_cur=-1097.834205  dE=0.023057 eV
[SERVER] types_arr sample: (2, 0, 0)
[SERVER] species_map keys: [0, 1, 2, 3, 4]
  DELTA_QUERY comp=1 MOV mol_idx=15 natoms=3 n_stored=79
    E_full=-9194.086581  E_ads=-1097.721360  E_cur=-9194.200051  E_ads_cur=-1097.834205  dE=0.000625 eV
[SERVER] types_arr sample: (2, 0, 0)
[SERVER] species_map keys: [0, 1, 2, 3, 4]
  DELTA_QUERY comp=1 MOV mol_idx=62 natoms=3 n_stored=79
    E_full=-9194.149951  E_ads=-1097.839709  E_cur=-9194.200051  E_ads_cur=-1097.834205  dE=0.055604 eV
[SERVER] types_arr sample: (2, 0, 0)
[SERVER] species_map keys: [0, 1, 2, 3, 4]
  DELTA_QUERY comp=1 MOV mol_idx=9 natoms=3 n_stored=79
    E_full=-9194.123548  E_ads=-1097.817228  E_cur=-9194.200051  E_ads_cur=-1097.834205  dE=0.059526 eV
  DELTA_QUERY comp=1 DEL mol_idx=40 natoms=0 n_stored=79
    E_full=-9179.628676  E_ads=-1083.643017  E_cur=-9194.200051  E_ads_cur=-1097.834205  dE=0.380187 eV
[SERVER] types_arr sample: (2, 0, 0)
[SERVER] species_map keys: [0, 1, 2, 3, 4]
  DELTA_QUERY comp=1 MOV mol_idx=17 natoms=3 n_stored=79
    E_full=-9194.038796  E_ads=-1097.610083  E_cur=-9194.200051  E_ads_cur=-1097.834205  dE=-0.062866 eV
[SERVER] types_arr sample: (2, 0, 0)
[SERVER] species_map keys: [0, 1, 2, 3, 4]
  DELTA_QUERY comp=1 MOV mol_idx=25 natoms=3 n_stored=79
    E_full=-9193.611023  E_ads=-1097.757342  E_cur=-9194.200051  E_ads_cur=-1097.834205  dE=0.512166 eV
[SERVER] types_arr sample: (2, 0, 0)
[SERVER] species_map keys: [0, 1, 2, 3, 4]
  DELTA_QUERY comp=1 MOV mol_idx=78 natoms=3 n_stored=79
    E_full=-9194.062911  E_ads=-1097.831069  E_cur=-9194.200051  E_ads_cur=-1097.834205  dE=0.134004 eV
[SERVER] types_arr sample: (2, 0, 0)
[SERVER] species_map keys: [0, 1, 2, 3, 4]
  DELTA_QUERY comp=1 MOV mol_idx=2 natoms=3 n_stored=79
    E_full=-9194.226833  E_ads=-1097.844636  E_cur=-9194.200051  E_ads_cur=-1097.834205  dE=-0.016351 eV
  COMMIT_MOVE comp=1 mol_idx=2  E_current=-9194.226833  E_ads_current=-1097.844636 eV
[SERVER] types_arr sample: (2, 0, 0)
[SERVER] species_map keys: [0, 1, 2, 3, 4]
  DELTA_QUERY comp=1 MOV mol_idx=11 natoms=3 n_stored=79
    E_full=-9194.152881  E_ads=-1097.850549  E_cur=-9194.226833  E_ads_cur=-1097.844636  dE=0.079865 eV
[SERVER] types_arr sample: (2, 0, 0)
[SERVER] species_map keys: [0, 1, 2, 3, 4]
  DELTA_QUERY comp=1 MOV mol_idx=22 natoms=3 n_stored=79
    E_full=-9193.016014  E_ads=-1097.637078  E_cur=-9194.226833  E_ads_cur=-1097.844636  dE=1.003262 eV
[SERVER] types_arr sample: (2, 0, 0)
[SERVER] species_map keys: [0, 1, 2, 3, 4]
  DELTA_QUERY comp=1 MOV mol_idx=67 natoms=3 n_stored=79
    E_full=-9193.858897  E_ads=-1097.834501  E_cur=-9194.226833  E_ads_cur=-1097.844636  dE=0.357800 eV
[SERVER] types_arr sample: (2, 0, 0)
[SERVER] species_map keys: [0, 1, 2, 3, 4]
  DELTA_QUERY comp=1 MOV mol_idx=39 natoms=3 n_stored=79
    E_full=-9194.228264  E_ads=-1097.844322  E_cur=-9194.226833  E_ads_cur=-1097.844636  dE=-0.001745 eV
  COMMIT_MOVE comp=1 mol_idx=39  E_current=-9194.228264  E_ads_current=-1097.844322 eV
[SERVER] types_arr sample: (2, 0, 0)
[SERVER] species_map keys: [0, 1, 2, 3, 4]
  DELTA_QUERY comp=1 MOV mol_idx=2 natoms=3 n_stored=79
    E_full=-9193.906727  E_ads=-1097.818486  E_cur=-9194.228264  E_ads_cur=-1097.844322  dE=0.295701 eV
[SERVER] types_arr sample: (2, 0, 0)
[SERVER] species_map keys: [0, 1, 2, 3, 4]
  DELTA_QUERY comp=1 MOV mol_idx=22 natoms=3 n_stored=79
    E_full=-9194.193589  E_ads=-1097.776800  E_cur=-9194.228264  E_ads_cur=-1097.844322  dE=-0.032847 eV
  COMMIT_MOVE comp=1 mol_idx=22  E_current=-9194.193589  E_ads_current=-1097.776800 eV
[SERVER] types_arr sample: (2, 0, 0)
[SERVER] species_map keys: [0, 1, 2, 3, 4]
  DELTA_QUERY comp=1 MOV mol_idx=73 natoms=3 n_stored=79
    E_full=-9192.713565  E_ads=-1097.710589  E_cur=-9194.193589  E_ads_cur=-1097.776800  dE=1.413813 eV
[SERVER] types_arr sample: (2, 0, 0)
[SERVER] species_map keys: [0, 1, 2, 3, 4]
  DELTA_QUERY comp=1 INS mol_idx=-1 natoms=3 n_stored=79
    E_full=-9208.007040  E_ads=-1111.615634  E_cur=-9194.193589  E_ads_cur=-1097.776800  dE=0.025382 eV
[SERVER] types_arr sample: (2, 0, 0)
[SERVER] species_map keys: [0, 1, 2, 3, 4]
  DELTA_QUERY comp=1 MOV mol_idx=0 natoms=3 n_stored=79
    E_full=-9194.191151  E_ads=-1097.768545  E_cur=-9194.193589  E_ads_cur=-1097.776800  dE=-0.005817 eV
  COMMIT_MOVE comp=1 mol_idx=0  E_current=-9194.191151  E_ads_current=-1097.768545 eV
[SERVER] types_arr sample: (2, 0, 0)
[SERVER] species_map keys: [0, 1, 2, 3, 4]
  DELTA_QUERY comp=1 MOV mol_idx=37 natoms=3 n_stored=79
    E_full=-9193.189554  E_ads=-1097.918640  E_cur=-9194.191151  E_ads_cur=-1097.768545  dE=1.151692 eV
  DELTA_QUERY comp=1 DEL mol_idx=44 natoms=0 n_stored=79
    E_full=-9179.796800  E_ads=-1083.981727  E_cur=-9194.191151  E_ads_cur=-1097.768545  dE=0.607532 eV
[SERVER] types_arr sample: (2, 0, 0)
[SERVER] species_map keys: [0, 1, 2, 3, 4]
  DELTA_QUERY comp=1 INS mol_idx=-1 natoms=3 n_stored=79
    E_full=-9208.225183  E_ads=-1112.092794  E_cur=-9194.191151  E_ads_cur=-1097.768545  dE=0.290217 eV
[SERVER] types_arr sample: (2, 0, 0)
[SERVER] species_map keys: [0, 1, 2, 3, 4]
  DELTA_QUERY comp=1 MOV mol_idx=28 natoms=3 n_stored=79
    E_full=-9194.157896  E_ads=-1097.788972  E_cur=-9194.191151  E_ads_cur=-1097.768545  dE=0.053683 eV
[SERVER] types_arr sample: (2, 0, 0)
[SERVER] species_map keys: [0, 1, 2, 3, 4]
  DELTA_QUERY comp=1 MOV mol_idx=52 natoms=3 n_stored=79
    E_full=-9193.985651  E_ads=-1098.029771  E_cur=-9194.191151  E_ads_cur=-1097.768545  dE=0.466726 eV
[SERVER] types_arr sample: (2, 0, 0)
[SERVER] species_map keys: [0, 1, 2, 3, 4]
  DELTA_QUERY comp=1 MOV mol_idx=52 natoms=3 n_stored=79
    E_full=-9193.778006  E_ads=-1097.494094  E_cur=-9194.191151  E_ads_cur=-1097.768545  dE=0.138694 eV
[SERVER] types_arr sample: (2, 0, 0)
[SERVER] species_map keys: [0, 1, 2, 3, 4]
  DELTA_QUERY comp=1 MOV mol_idx=5 natoms=3 n_stored=79
    E_full=-9194.185195  E_ads=-1097.766808  E_cur=-9194.191151  E_ads_cur=-1097.768545  dE=0.004219 eV
[SERVER] types_arr sample: (2, 0, 0)
[SERVER] species_map keys: [0, 1, 2, 3, 4]
  DELTA_QUERY comp=1 MOV mol_idx=64 natoms=3 n_stored=79
    E_full=-9193.700984  E_ads=-1097.735888  E_cur=-9194.191151  E_ads_cur=-1097.768545  dE=0.457510 eV
[SERVER] types_arr sample: (2, 0, 0)
[SERVER] species_map keys: [0, 1, 2, 3, 4]
  DELTA_QUERY comp=1 MOV mol_idx=14 natoms=3 n_stored=79
    E_full=-9191.596048  E_ads=-1098.094781  E_cur=-9194.191151  E_ads_cur=-1097.768545  dE=2.921339 eV
[SERVER] types_arr sample: (2, 0, 0)
[SERVER] species_map keys: [0, 1, 2, 3, 4]
  DELTA_QUERY comp=1 MOV mol_idx=49 natoms=3 n_stored=79
    E_full=-9193.872699  E_ads=-1098.137409  E_cur=-9194.191151  E_ads_cur=-1097.768545  dE=0.687316 eV
[SERVER] types_arr sample: (2, 0, 0)
[SERVER] species_map keys: [0, 1, 2, 3, 4]
  DELTA_QUERY comp=1 INS mol_idx=-1 natoms=3 n_stored=79
    E_full=-9205.878127  E_ads=-1111.231509  E_cur=-9194.191151  E_ads_cur=-1097.768545  dE=1.775988 eV
[SERVER] types_arr sample: (2, 0, 0)
[SERVER] species_map keys: [0, 1, 2, 3, 4]
  DELTA_QUERY comp=1 MOV mol_idx=37 natoms=3 n_stored=79
    E_full=-9194.146503  E_ads=-1097.726576  E_cur=-9194.191151  E_ads_cur=-1097.768545  dE=0.002679 eV
  DELTA_QUERY comp=1 DEL mol_idx=48 natoms=0 n_stored=79
    E_full=-9179.734120  E_ads=-1083.977234  E_cur=-9194.191151  E_ads_cur=-1097.768545  dE=0.665720 eV
[SERVER] types_arr sample: (2, 0, 0)
[SERVER] species_map keys: [0, 1, 2, 3, 4]
  DELTA_QUERY comp=1 MOV mol_idx=2 natoms=3 n_stored=79
    E_full=-9194.169815  E_ads=-1097.810768  E_cur=-9194.191151  E_ads_cur=-1097.768545  dE=0.063559 eV
  COMMIT_MOVE comp=1 mol_idx=2  E_current=-9194.169815  E_ads_current=-1097.810768 eV
[SERVER] types_arr sample: (2, 0, 0)
[SERVER] species_map keys: [0, 1, 2, 3, 4]
  DELTA_QUERY comp=1 MOV mol_idx=48 natoms=3 n_stored=79
    E_full=-9191.902746  E_ads=-1097.854667  E_cur=-9194.169815  E_ads_cur=-1097.810768  dE=2.310967 eV
[SERVER] types_arr sample: (2, 0, 0)
[SERVER] species_map keys: [0, 1, 2, 3, 4]
  DELTA_QUERY comp=1 MOV mol_idx=63 natoms=3 n_stored=79
    E_full=-9194.148939  E_ads=-1097.789808  E_cur=-9194.169815  E_ads_cur=-1097.810768  dE=-0.000085 eV
  COMMIT_MOVE comp=1 mol_idx=63  E_current=-9194.148939  E_ads_current=-1097.789808 eV
[SERVER] types_arr sample: (2, 0, 0)
[SERVER] species_map keys: [0, 1, 2, 3, 4]
  DELTA_QUERY comp=1 MOV mol_idx=25 natoms=3 n_stored=79
    E_full=-9193.901989  E_ads=-1097.889849  E_cur=-9194.148939  E_ads_cur=-1097.789808  dE=0.346992 eV
  DELTA_QUERY comp=1 DEL mol_idx=4 natoms=0 n_stored=79
    E_full=-9179.584821  E_ads=-1084.012279  E_cur=-9194.148939  E_ads_cur=-1097.789808  dE=0.786590 eV
  DELTA_QUERY comp=1 DEL mol_idx=64 natoms=0 n_stored=79
    E_full=-9179.644139  E_ads=-1083.666874  E_cur=-9194.148939  E_ads_cur=-1097.789808  dE=0.381866 eV
[SERVER] types_arr sample: (2, 0, 0)
[SERVER] species_map keys: [0, 1, 2, 3, 4]
  DELTA_QUERY comp=1 MOV mol_idx=22 natoms=3 n_stored=79
    E_full=-9194.126394  E_ads=-1097.762274  E_cur=-9194.148939  E_ads_cur=-1097.789808  dE=-0.004989 eV
  COMMIT_MOVE comp=1 mol_idx=22  E_current=-9194.126394  E_ads_current=-1097.762274 eV
[SERVER] types_arr sample: (2, 0, 0)
[SERVER] species_map keys: [0, 1, 2, 3, 4]
  DELTA_QUERY comp=1 MOV mol_idx=9 natoms=3 n_stored=79
    E_full=-9194.154189  E_ads=-1097.769939  E_cur=-9194.126394  E_ads_cur=-1097.762274  dE=-0.020129 eV
  COMMIT_MOVE comp=1 mol_idx=9  E_current=-9194.154189  E_ads_current=-1097.769939 eV
[SERVER] types_arr sample: (2, 0, 0)
[SERVER] species_map keys: [0, 1, 2, 3, 4]
  DELTA_QUERY comp=1 MOV mol_idx=44 natoms=3 n_stored=79
    E_full=-9194.047496  E_ads=-1097.942195  E_cur=-9194.154189  E_ads_cur=-1097.769939  dE=0.278948 eV
  DELTA_QUERY comp=1 DEL mol_idx=1 natoms=0 n_stored=79
    E_full=-9179.453634  E_ads=-1083.536933  E_cur=-9194.154189  E_ads_cur=-1097.769939  dE=0.467549 eV
[SERVER] types_arr sample: (2, 0, 0)
[SERVER] species_map keys: [0, 1, 2, 3, 4]
  DELTA_QUERY comp=1 INS mol_idx=-1 natoms=3 n_stored=79
    E_full=-9208.363061  E_ads=-1112.038230  E_cur=-9194.154189  E_ads_cur=-1097.769939  dE=0.059419 eV
[SERVER] types_arr sample: (2, 0, 0)
[SERVER] species_map keys: [0, 1, 2, 3, 4]
  DELTA_QUERY comp=1 MOV mol_idx=3 natoms=3 n_stored=79
    E_full=-9193.403571  E_ads=-1097.885160  E_cur=-9194.154189  E_ads_cur=-1097.769939  dE=0.865838 eV
[SERVER] types_arr sample: (2, 0, 0)
[SERVER] species_map keys: [0, 1, 2, 3, 4]
  DELTA_QUERY comp=1 MOV mol_idx=4 natoms=3 n_stored=79
    E_full=-9191.578770  E_ads=-1097.874059  E_cur=-9194.154189  E_ads_cur=-1097.769939  dE=2.679538 eV
[SERVER] types_arr sample: (2, 0, 0)
[SERVER] species_map keys: [0, 1, 2, 3, 4]
  DELTA_QUERY comp=1 MOV mol_idx=52 natoms=3 n_stored=79
    E_full=-9193.473816  E_ads=-1097.870387  E_cur=-9194.154189  E_ads_cur=-1097.769939  dE=0.780820 eV
[SERVER] types_arr sample: (2, 0, 0)
[SERVER] species_map keys: [0, 1, 2, 3, 4]
  DELTA_QUERY comp=1 INS mol_idx=-1 natoms=3 n_stored=79
    E_full=-9208.160033  E_ads=-1111.660427  E_cur=-9194.154189  E_ads_cur=-1097.769939  dE=-0.115356 eV
[SERVER] types_arr sample: (2, 0, 0)
[SERVER] species_map keys: [0, 1, 2, 3, 4]
  DELTA_QUERY comp=1 MOV mol_idx=21 natoms=3 n_stored=79
    E_full=-9193.877196  E_ads=-1097.852387  E_cur=-9194.154189  E_ads_cur=-1097.769939  dE=0.359440 eV
[SERVER] types_arr sample: (2, 0, 0)
[SERVER] species_map keys: [0, 1, 2, 3, 4]
  DELTA_QUERY comp=1 MOV mol_idx=55 natoms=3 n_stored=79
    E_full=-9194.003985  E_ads=-1097.762275  E_cur=-9194.154189  E_ads_cur=-1097.769939  dE=0.142540 eV
  DELTA_QUERY comp=1 DEL mol_idx=64 natoms=0 n_stored=79
    E_full=-9179.649389  E_ads=-1083.647006  E_cur=-9194.154189  E_ads_cur=-1097.769939  dE=0.381866 eV
[SERVER] types_arr sample: (2, 0, 0)
[SERVER] species_map keys: [0, 1, 2, 3, 4]
  DELTA_QUERY comp=1 MOV mol_idx=51 natoms=3 n_stored=79
    E_full=-9193.584671  E_ads=-1098.194353  E_cur=-9194.154189  E_ads_cur=-1097.769939  dE=0.993932 eV
  DELTA_QUERY comp=1 DEL mol_idx=21 natoms=0 n_stored=79
    E_full=-9179.816494  E_ads=-1083.898444  E_cur=-9194.154189  E_ads_cur=-1097.769939  dE=0.466200 eV
[SERVER] types_arr sample: (2, 0, 0)
[SERVER] species_map keys: [0, 1, 2, 3, 4]
  DELTA_QUERY comp=1 MOV mol_idx=60 natoms=3 n_stored=79
    E_full=-9193.630023  E_ads=-1097.903169  E_cur=-9194.154189  E_ads_cur=-1097.769939  dE=0.657396 eV
[SERVER] types_arr sample: (2, 0, 0)
[SERVER] species_map keys: [0, 1, 2, 3, 4]
  DELTA_QUERY comp=1 MOV mol_idx=64 natoms=3 n_stored=79
    E_full=-9192.671425  E_ads=-1096.749716  E_cur=-9194.154189  E_ads_cur=-1097.769939  dE=0.462541 eV
[SERVER] types_arr sample: (2, 0, 0)
[SERVER] species_map keys: [0, 1, 2, 3, 4]
  DELTA_QUERY comp=1 INS mol_idx=-1 natoms=3 n_stored=79
    E_full=-9208.467788  E_ads=-1111.952203  E_cur=-9194.154189  E_ads_cur=-1097.769939  dE=-0.131335 eV
[SERVER] types_arr sample: (2, 0, 0)
[SERVER] species_map keys: [0, 1, 2, 3, 4]
  DELTA_QUERY comp=1 MOV mol_idx=25 natoms=3 n_stored=79
    E_full=-9194.048294  E_ads=-1097.770056  E_cur=-9194.154189  E_ads_cur=-1097.769939  dE=0.106012 eV
[SERVER] types_arr sample: (2, 0, 0)
[SERVER] species_map keys: [0, 1, 2, 3, 4]
  DELTA_QUERY comp=1 MOV mol_idx=43 natoms=3 n_stored=79
    E_full=-9193.752735  E_ads=-1097.889953  E_cur=-9194.154189  E_ads_cur=-1097.769939  dE=0.521468 eV
[SERVER] types_arr sample: (2, 0, 0)
[SERVER] species_map keys: [0, 1, 2, 3, 4]
  DELTA_QUERY comp=1 MOV mol_idx=30 natoms=3 n_stored=79
    E_full=-9194.126358  E_ads=-1098.183726  E_cur=-9194.154189  E_ads_cur=-1097.769939  dE=0.441618 eV
  DELTA_QUERY comp=1 DEL mol_idx=8 natoms=0 n_stored=79
    E_full=-9179.603855  E_ads=-1083.983676  E_cur=-9194.154189  E_ads_cur=-1097.769939  dE=0.764071 eV
  DELTA_QUERY comp=1 DEL mol_idx=13 natoms=0 n_stored=79
    E_full=-9179.607030  E_ads=-1083.980175  E_cur=-9194.154189  E_ads_cur=-1097.769939  dE=0.757394 eV
[SERVER] types_arr sample: (2, 0, 0)
[SERVER] species_map keys: [0, 1, 2, 3, 4]
  DELTA_QUERY comp=1 MOV mol_idx=44 natoms=3 n_stored=79
    E_full=-9194.116646  E_ads=-1097.772236  E_cur=-9194.154189  E_ads_cur=-1097.769939  dE=0.039839 eV
  COMMIT_MOVE comp=1 mol_idx=44  E_current=-9194.116646  E_ads_current=-1097.772236 eV
[SERVER] types_arr sample: (2, 0, 0)
[SERVER] species_map keys: [0, 1, 2, 3, 4]
  DELTA_QUERY comp=1 MOV mol_idx=78 natoms=3 n_stored=79
    E_full=-9194.131458  E_ads=-1097.784096  E_cur=-9194.116646  E_ads_cur=-1097.772236  dE=-0.002952 eV
[SERVER] types_arr sample: (2, 0, 0)
[SERVER] species_map keys: [0, 1, 2, 3, 4]
  DELTA_QUERY comp=1 MOV mol_idx=2 natoms=3 n_stored=79
    E_full=-9194.034286  E_ads=-1097.730645  E_cur=-9194.116646  E_ads_cur=-1097.772236  dE=0.040769 eV
[SERVER] types_arr sample: (2, 0, 0)
[SERVER] species_map keys: [0, 1, 2, 3, 4]
  DELTA_QUERY comp=1 MOV mol_idx=54 natoms=3 n_stored=79
    E_full=-9194.097227  E_ads=-1097.759533  E_cur=-9194.116646  E_ads_cur=-1097.772236  dE=0.006717 eV
  COMMIT_MOVE comp=1 mol_idx=54  E_current=-9194.097227  E_ads_current=-1097.759533 eV
[SERVER] types_arr sample: (2, 0, 0)
[SERVER] species_map keys: [0, 1, 2, 3, 4]
  DELTA_QUERY comp=1 MOV mol_idx=4 natoms=3 n_stored=79
    E_full=-9193.118166  E_ads=-1097.760407  E_cur=-9194.097227  E_ads_cur=-1097.759533  dE=0.979935 eV
[SERVER] types_arr sample: (2, 0, 0)
[SERVER] species_map keys: [0, 1, 2, 3, 4]
  DELTA_QUERY comp=1 MOV mol_idx=45 natoms=3 n_stored=79
    E_full=-9193.996823  E_ads=-1097.935274  E_cur=-9194.097227  E_ads_cur=-1097.759533  dE=0.276144 eV
[SERVER] types_arr sample: (2, 0, 0)
[SERVER] species_map keys: [0, 1, 2, 3, 4]
  DELTA_QUERY comp=1 MOV mol_idx=74 natoms=3 n_stored=79
    E_full=-9194.068115  E_ads=-1097.757341  E_cur=-9194.097227  E_ads_cur=-1097.759533  dE=0.026920 eV
  COMMIT_MOVE comp=1 mol_idx=74  E_current=-9194.068115  E_ads_current=-1097.757341 eV
[SERVER] types_arr sample: (2, 0, 0)
[SERVER] species_map keys: [0, 1, 2, 3, 4]
  DELTA_QUERY comp=1 MOV mol_idx=9 natoms=3 n_stored=79
    E_full=-9193.457745  E_ads=-1097.755448  E_cur=-9194.068115  E_ads_cur=-1097.757341  dE=0.608477 eV
[SERVER] types_arr sample: (2, 0, 0)
[SERVER] species_map keys: [0, 1, 2, 3, 4]
  DELTA_QUERY comp=1 MOV mol_idx=50 natoms=3 n_stored=79
    E_full=-9193.945840  E_ads=-1097.765990  E_cur=-9194.068115  E_ads_cur=-1097.757341  dE=0.130925 eV
[SERVER] types_arr sample: (2, 0, 0)
[SERVER] species_map keys: [0, 1, 2, 3, 4]
  DELTA_QUERY comp=1 MOV mol_idx=45 natoms=3 n_stored=79
    E_full=-9194.026345  E_ads=-1097.745480  E_cur=-9194.068115  E_ads_cur=-1097.757341  dE=0.029909 eV
[SERVER] types_arr sample: (2, 0, 0)
[SERVER] species_map keys: [0, 1, 2, 3, 4]
  DELTA_QUERY comp=1 MOV mol_idx=2 natoms=3 n_stored=79
    E_full=-9194.009440  E_ads=-1097.795781  E_cur=-9194.068115  E_ads_cur=-1097.757341  dE=0.097116 eV
[SERVER] types_arr sample: (2, 0, 0)
[SERVER] species_map keys: [0, 1, 2, 3, 4]
  DELTA_QUERY comp=1 MOV mol_idx=61 natoms=3 n_stored=79
    E_full=-9191.983809  E_ads=-1097.594204  E_cur=-9194.068115  E_ads_cur=-1097.757341  dE=1.921169 eV
[SERVER] types_arr sample: (2, 0, 0)
[SERVER] species_map keys: [0, 1, 2, 3, 4]
  DELTA_QUERY comp=1 MOV mol_idx=45 natoms=3 n_stored=79
    E_full=-9193.967332  E_ads=-1097.568496  E_cur=-9194.068115  E_ads_cur=-1097.757341  dE=-0.088062 eV
  COMMIT_MOVE comp=1 mol_idx=45  E_current=-9193.967332  E_ads_current=-1097.568496 eV
[SERVER] types_arr sample: (2, 0, 0)
[SERVER] species_map keys: [0, 1, 2, 3, 4]
  DELTA_QUERY comp=1 MOV mol_idx=73 natoms=3 n_stored=79
    E_full=-9193.542659  E_ads=-1097.438696  E_cur=-9193.967332  E_ads_cur=-1097.568496  dE=0.294873 eV
[SERVER] types_arr sample: (2, 0, 0)
[SERVER] species_map keys: [0, 1, 2, 3, 4]
  DELTA_QUERY comp=1 MOV mol_idx=27 natoms=3 n_stored=79
    E_full=-9192.893573  E_ads=-1097.676326  E_cur=-9193.967332  E_ads_cur=-1097.568496  dE=1.181589 eV
  DELTA_QUERY comp=1 DEL mol_idx=2 natoms=0 n_stored=79
    E_full=-9179.392756  E_ads=-1083.576489  E_cur=-9193.967332  E_ads_cur=-1097.568496  dE=0.582569 eV
[SERVER] types_arr sample: (2, 0, 0)
[SERVER] species_map keys: [0, 1, 2, 3, 4]
  DELTA_QUERY comp=1 MOV mol_idx=34 natoms=3 n_stored=79
    E_full=-9193.902913  E_ads=-1097.570401  E_cur=-9193.967332  E_ads_cur=-1097.568496  dE=0.066325 eV
  DELTA_QUERY comp=1 DEL mol_idx=10 natoms=0 n_stored=79
    E_full=-9179.325189  E_ads=-1083.440009  E_cur=-9193.967332  E_ads_cur=-1097.568496  dE=0.513656 eV
[SERVER] types_arr sample: (2, 0, 0)
[SERVER] species_map keys: [0, 1, 2, 3, 4]
  DELTA_QUERY comp=1 MOV mol_idx=35 natoms=3 n_stored=79
    E_full=-9193.054009  E_ads=-1097.674402  E_cur=-9193.967332  E_ads_cur=-1097.568496  dE=1.019229 eV
[SERVER] types_arr sample: (2, 0, 0)
[SERVER] species_map keys: [0, 1, 2, 3, 4]
  DELTA_QUERY comp=1 MOV mol_idx=48 natoms=3 n_stored=79
    E_full=-9193.995660  E_ads=-1097.567821  E_cur=-9193.967332  E_ads_cur=-1097.568496  dE=-0.029003 eV
  COMMIT_MOVE comp=1 mol_idx=48  E_current=-9193.995660  E_ads_current=-1097.567821 eV
  DELTA_QUERY comp=1 DEL mol_idx=9 natoms=0 n_stored=79
    E_full=-9179.459365  E_ads=-1083.567106  E_cur=-9193.995660  E_ads_cur=-1097.567821  dE=0.535581 eV
[SERVER] types_arr sample: (2, 0, 0)
[SERVER] species_map keys: [0, 1, 2, 3, 4]
  DELTA_QUERY comp=1 MOV mol_idx=76 natoms=3 n_stored=79
    E_full=-9190.700145  E_ads=-1096.501802  E_cur=-9193.995660  E_ads_cur=-1097.567821  dE=2.229496 eV
[SERVER] types_arr sample: (2, 0, 0)
[SERVER] species_map keys: [0, 1, 2, 3, 4]
  DELTA_QUERY comp=1 MOV mol_idx=41 natoms=3 n_stored=79
    E_full=-9193.538075  E_ads=-1098.096840  E_cur=-9193.995660  E_ads_cur=-1097.567821  dE=0.986604 eV
[SERVER] types_arr sample: (2, 0, 0)
[SERVER] species_map keys: [0, 1, 2, 3, 4]
  DELTA_QUERY comp=1 MOV mol_idx=59 natoms=3 n_stored=79
    E_full=-9192.626870  E_ads=-1097.670289  E_cur=-9193.995660  E_ads_cur=-1097.567821  dE=1.471259 eV
[SERVER] types_arr sample: (2, 0, 0)
[SERVER] species_map keys: [0, 1, 2, 3, 4]
  DELTA_QUERY comp=1 MOV mol_idx=63 natoms=3 n_stored=79
    E_full=-9192.167859  E_ads=-1097.436110  E_cur=-9193.995660  E_ads_cur=-1097.567821  dE=1.696090 eV
[SERVER] types_arr sample: (2, 0, 0)
[SERVER] species_map keys: [0, 1, 2, 3, 4]
  DELTA_QUERY comp=1 MOV mol_idx=47 natoms=3 n_stored=79
    E_full=-9194.005895  E_ads=-1097.521069  E_cur=-9193.995660  E_ads_cur=-1097.567821  dE=-0.056987 eV
  COMMIT_MOVE comp=1 mol_idx=47  E_current=-9194.005895  E_ads_current=-1097.521069 eV
[SERVER] types_arr sample: (2, 0, 0)
[SERVER] species_map keys: [0, 1, 2, 3, 4]
  DELTA_QUERY comp=1 MOV mol_idx=78 natoms=3 n_stored=79
    E_full=-9192.321961  E_ads=-1097.628931  E_cur=-9194.005895  E_ads_cur=-1097.521069  dE=1.791796 eV
[SERVER] types_arr sample: (2, 0, 0)
[SERVER] species_map keys: [0, 1, 2, 3, 4]
  DELTA_QUERY comp=1 MOV mol_idx=44 natoms=3 n_stored=79
    E_full=-9193.224216  E_ads=-1097.623404  E_cur=-9194.005895  E_ads_cur=-1097.521069  dE=0.884014 eV
[SERVER] types_arr sample: (2, 0, 0)
[SERVER] species_map keys: [0, 1, 2, 3, 4]
  DELTA_QUERY comp=1 MOV mol_idx=30 natoms=3 n_stored=79
    E_full=-9193.784176  E_ads=-1097.682694  E_cur=-9194.005895  E_ads_cur=-1097.521069  dE=0.383344 eV
[SERVER] types_arr sample: (2, 0, 0)
[SERVER] species_map keys: [0, 1, 2, 3, 4]
  DELTA_QUERY comp=1 MOV mol_idx=64 natoms=3 n_stored=79
    E_full=-9193.976842  E_ads=-1097.488247  E_cur=-9194.005895  E_ads_cur=-1097.521069  dE=-0.003769 eV
  COMMIT_MOVE comp=1 mol_idx=64  E_current=-9193.976842  E_ads_current=-1097.488247 eV
[SERVER] types_arr sample: (2, 0, 0)
[SERVER] species_map keys: [0, 1, 2, 3, 4]
  DELTA_QUERY comp=1 MOV mol_idx=22 natoms=3 n_stored=79
    E_full=-9193.757336  E_ads=-1097.683082  E_cur=-9193.976842  E_ads_cur=-1097.488247  dE=0.414341 eV
  DELTA_QUERY comp=1 DEL mol_idx=26 natoms=0 n_stored=79
    E_full=-9179.532998  E_ads=-1083.476048  E_cur=-9193.976842  E_ads_cur=-1097.488247  dE=0.431645 eV
  DELTA_QUERY comp=1 DEL mol_idx=60 natoms=0 n_stored=79
    E_full=-9179.490211  E_ads=-1083.613800  E_cur=-9193.976842  E_ads_cur=-1097.488247  dE=0.612184 eV
[SERVER] types_arr sample: (2, 0, 0)
[SERVER] species_map keys: [0, 1, 2, 3, 4]
  DELTA_QUERY comp=1 MOV mol_idx=9 natoms=3 n_stored=79
    E_full=-9192.836792  E_ads=-1097.480083  E_cur=-9193.976842  E_ads_cur=-1097.488247  dE=1.131886 eV
  DELTA_QUERY comp=1 DEL mol_idx=15 natoms=0 n_stored=79
    E_full=-9179.651233  E_ads=-1083.469091  E_cur=-9193.976842  E_ads_cur=-1097.488247  dE=0.306453 eV
[SERVER] types_arr sample: (2, 0, 0)
[SERVER] species_map keys: [0, 1, 2, 3, 4]
  DELTA_QUERY comp=1 INS mol_idx=-1 natoms=3 n_stored=79
    E_full=-9208.339656  E_ads=-1112.002870  E_cur=-9193.976842  E_ads_cur=-1097.488247  dE=0.151809 eV
[SERVER] types_arr sample: (2, 0, 0)
[SERVER] species_map keys: [0, 1, 2, 3, 4]
  DELTA_QUERY comp=1 INS mol_idx=-1 natoms=3 n_stored=79
    E_full=-9206.928174  E_ads=-1110.295131  E_cur=-9193.976842  E_ads_cur=-1097.488247  dE=-0.144447 eV
[SERVER] types_arr sample: (2, 0, 0)
[SERVER] species_map keys: [0, 1, 2, 3, 4]
  DELTA_QUERY comp=1 MOV mol_idx=32 natoms=3 n_stored=79
    E_full=-9193.513360  E_ads=-1097.735175  E_cur=-9193.976842  E_ads_cur=-1097.488247  dE=0.710410 eV
  DELTA_QUERY comp=1 DEL mol_idx=77 natoms=0 n_stored=79
    E_full=-9179.519804  E_ads=-1083.396789  E_cur=-9193.976842  E_ads_cur=-1097.488247  dE=0.365580 eV
  COMMIT_DELETE comp=1 mol_idx=77 n_stored=78  E_current=-9179.519804  E_ads_current=-1083.396789 eV
[SERVER] types_arr sample: (2, 0, 0)
[SERVER] species_map keys: [0, 1, 2, 3, 4]
  DELTA_QUERY comp=1 MOV mol_idx=33 natoms=3 n_stored=78
    E_full=-9179.493803  E_ads=-1083.396577  E_cur=-9179.519804  E_ads_cur=-1083.396789  dE=0.025790 eV
  COMMIT_MOVE comp=1 mol_idx=33  E_current=-9179.493803  E_ads_current=-1083.396577 eV
[SERVER] types_arr sample: (2, 0, 0)
[SERVER] species_map keys: [0, 1, 2, 3, 4]
  DELTA_QUERY comp=1 INS mol_idx=-1 natoms=3 n_stored=78
    E_full=-9193.240438  E_ads=-1097.555625  E_cur=-9179.493803  E_ads_cur=-1083.396577  dE=0.412413 eV
[SERVER] types_arr sample: (2, 0, 0)
[SERVER] species_map keys: [0, 1, 2, 3, 4]
  DELTA_QUERY comp=1 MOV mol_idx=39 natoms=3 n_stored=78
    E_full=-9179.069768  E_ads=-1083.412247  E_cur=-9179.493803  E_ads_cur=-1083.396577  dE=0.439705 eV
[SERVER] types_arr sample: (2, 0, 0)
[SERVER] species_map keys: [0, 1, 2, 3, 4]
  DELTA_QUERY comp=1 INS mol_idx=-1 natoms=3 n_stored=78
    E_full=-9193.320939  E_ads=-1097.625606  E_cur=-9179.493803  E_ads_cur=-1083.396577  dE=0.401893 eV
[SERVER] types_arr sample: (2, 0, 0)
[SERVER] species_map keys: [0, 1, 2, 3, 4]
  DELTA_QUERY comp=1 MOV mol_idx=3 natoms=3 n_stored=78
    E_full=-9177.367681  E_ads=-1083.228565  E_cur=-9179.493803  E_ads_cur=-1083.396577  dE=1.958110 eV
  DELTA_QUERY comp=1 DEL mol_idx=49 natoms=0 n_stored=78
    E_full=-9165.087872  E_ads=-1069.470236  E_cur=-9179.493803  E_ads_cur=-1083.396577  dE=0.479589 eV
[SERVER] types_arr sample: (2, 0, 0)
[SERVER] species_map keys: [0, 1, 2, 3, 4]
  DELTA_QUERY comp=1 INS mol_idx=-1 natoms=3 n_stored=78
    E_full=-9193.914087  E_ads=-1097.726299  E_cur=-9179.493803  E_ads_cur=-1083.396577  dE=-0.090563 eV
[SERVER] types_arr sample: (2, 0, 0)
[SERVER] species_map keys: [0, 1, 2, 3, 4]
  DELTA_QUERY comp=1 MOV mol_idx=28 natoms=3 n_stored=78
    E_full=-9178.902430  E_ads=-1083.260818  E_cur=-9179.493803  E_ads_cur=-1083.396577  dE=0.455613 eV
[SERVER] types_arr sample: (2, 0, 0)
[SERVER] species_map keys: [0, 1, 2, 3, 4]
  DELTA_QUERY comp=1 MOV mol_idx=72 natoms=3 n_stored=78
    E_full=-9179.220775  E_ads=-1083.376674  E_cur=-9179.493803  E_ads_cur=-1083.396577  dE=0.253125 eV
[SERVER] types_arr sample: (2, 0, 0)
[SERVER] species_map keys: [0, 1, 2, 3, 4]
  DELTA_QUERY comp=1 MOV mol_idx=44 natoms=3 n_stored=78
    E_full=-9177.887340  E_ads=-1083.656250  E_cur=-9179.493803  E_ads_cur=-1083.396577  dE=1.866136 eV
  DELTA_QUERY comp=1 DEL mol_idx=25 natoms=0 n_stored=78
    E_full=-9164.973034  E_ads=-1069.302079  E_cur=-9179.493803  E_ads_cur=-1083.396577  dE=0.426271 eV
[SERVER] types_arr sample: (2, 0, 0)
[SERVER] species_map keys: [0, 1, 2, 3, 4]
  DELTA_QUERY comp=1 MOV mol_idx=25 natoms=3 n_stored=78
    E_full=-9179.264406  E_ads=-1083.664639  E_cur=-9179.493803  E_ads_cur=-1083.396577  dE=0.497459 eV
[SERVER] types_arr sample: (2, 0, 0)
[SERVER] species_map keys: [0, 1, 2, 3, 4]
  DELTA_QUERY comp=1 INS mol_idx=-1 natoms=3 n_stored=78
    E_full=-9193.521202  E_ads=-1097.401571  E_cur=-9179.493803  E_ads_cur=-1083.396577  dE=-0.022405 eV
[SERVER] types_arr sample: (2, 0, 0)
[SERVER] species_map keys: [0, 1, 2, 3, 4]
  DELTA_QUERY comp=1 MOV mol_idx=55 natoms=3 n_stored=78
    E_full=-9179.451481  E_ads=-1083.453256  E_cur=-9179.493803  E_ads_cur=-1083.396577  dE=0.099000 eV
[SERVER] types_arr sample: (2, 0, 0)
[SERVER] species_map keys: [0, 1, 2, 3, 4]
  DELTA_QUERY comp=1 MOV mol_idx=10 natoms=3 n_stored=78
    E_full=-9179.286504  E_ads=-1083.194619  E_cur=-9179.493803  E_ads_cur=-1083.396577  dE=0.005340 eV
[SERVER] types_arr sample: (2, 0, 0)
[SERVER] species_map keys: [0, 1, 2, 3, 4]
  DELTA_QUERY comp=1 MOV mol_idx=27 natoms=3 n_stored=78
    E_full=-9179.458290  E_ads=-1083.393497  E_cur=-9179.493803  E_ads_cur=-1083.396577  dE=0.032432 eV
[SERVER] types_arr sample: (2, 0, 0)
[SERVER] species_map keys: [0, 1, 2, 3, 4]
  DELTA_QUERY comp=1 MOV mol_idx=62 natoms=3 n_stored=78
    E_full=-9179.511794  E_ads=-1083.401739  E_cur=-9179.493803  E_ads_cur=-1083.396577  dE=-0.012829 eV
  COMMIT_MOVE comp=1 mol_idx=62  E_current=-9179.511794  E_ads_current=-1083.401739 eV
[SERVER] types_arr sample: (2, 0, 0)
[SERVER] species_map keys: [0, 1, 2, 3, 4]
  DELTA_QUERY comp=1 MOV mol_idx=11 natoms=3 n_stored=78
    E_full=-9179.079694  E_ads=-1083.580262  E_cur=-9179.511794  E_ads_cur=-1083.401739  dE=0.610624 eV
[SERVER] types_arr sample: (2, 0, 0)
[SERVER] species_map keys: [0, 1, 2, 3, 4]
  DELTA_QUERY comp=1 MOV mol_idx=62 natoms=3 n_stored=78
    E_full=-9179.495361  E_ads=-1083.436178  E_cur=-9179.511794  E_ads_cur=-1083.401739  dE=0.050872 eV
[SERVER] types_arr sample: (2, 0, 0)
[SERVER] species_map keys: [0, 1, 2, 3, 4]
  DELTA_QUERY comp=1 MOV mol_idx=58 natoms=3 n_stored=78
    E_full=-9178.842265  E_ads=-1082.841461  E_cur=-9179.511794  E_ads_cur=-1083.401739  dE=0.109250 eV
  DELTA_QUERY comp=1 DEL mol_idx=29 natoms=0 n_stored=78
    E_full=-9165.044729  E_ads=-1069.609261  E_cur=-9179.511794  E_ads_cur=-1083.401739  dE=0.674586 eV
[SERVER] types_arr sample: (2, 0, 0)
[SERVER] species_map keys: [0, 1, 2, 3, 4]
  DELTA_QUERY comp=1 MOV mol_idx=13 natoms=3 n_stored=78
    E_full=-9179.457934  E_ads=-1083.402930  E_cur=-9179.511794  E_ads_cur=-1083.401739  dE=0.055051 eV
[SERVER] types_arr sample: (2, 0, 0)
[SERVER] species_map keys: [0, 1, 2, 3, 4]
  DELTA_QUERY comp=1 MOV mol_idx=29 natoms=3 n_stored=78
    E_full=-9178.167930  E_ads=-1083.066882  E_cur=-9179.511794  E_ads_cur=-1083.401739  dE=1.009007 eV
[SERVER] types_arr sample: (2, 0, 0)
[SERVER] species_map keys: [0, 1, 2, 3, 4]
  DELTA_QUERY comp=1 MOV mol_idx=64 natoms=3 n_stored=78
    E_full=-9178.466646  E_ads=-1083.075174  E_cur=-9179.511794  E_ads_cur=-1083.401739  dE=0.718583 eV
[SERVER] types_arr sample: (2, 0, 0)
[SERVER] species_map keys: [0, 1, 2, 3, 4]
  DELTA_QUERY comp=1 INS mol_idx=-1 natoms=3 n_stored=78
    E_full=-9192.739501  E_ads=-1097.451870  E_cur=-9179.511794  E_ads_cur=-1083.401739  dE=0.822424 eV
[SERVER] types_arr sample: (2, 0, 0)
[SERVER] species_map keys: [0, 1, 2, 3, 4]
  DELTA_QUERY comp=1 MOV mol_idx=30 natoms=3 n_stored=78
    E_full=-9177.804229  E_ads=-1083.495764  E_cur=-9179.511794  E_ads_cur=-1083.401739  dE=1.801590 eV
[SERVER] types_arr sample: (2, 0, 0)
[SERVER] species_map keys: [0, 1, 2, 3, 4]
  DELTA_QUERY comp=1 MOV mol_idx=27 natoms=3 n_stored=78
    E_full=-9179.502020  E_ads=-1083.405227  E_cur=-9179.511794  E_ads_cur=-1083.401739  dE=0.013263 eV
  COMMIT_MOVE comp=1 mol_idx=27  E_current=-9179.502020  E_ads_current=-1083.405227 eV
[SERVER] types_arr sample: (2, 0, 0)
[SERVER] species_map keys: [0, 1, 2, 3, 4]
  DELTA_QUERY comp=1 MOV mol_idx=11 natoms=3 n_stored=78
    E_full=-9179.513558  E_ads=-1083.387861  E_cur=-9179.502020  E_ads_cur=-1083.405227  dE=-0.028905 eV
[SERVER] types_arr sample: (2, 0, 0)
[SERVER] species_map keys: [0, 1, 2, 3, 4]
  DELTA_QUERY comp=1 MOV mol_idx=4 natoms=3 n_stored=78
    E_full=-9179.443526  E_ads=-1083.405227  E_cur=-9179.502020  E_ads_cur=-1083.405227  dE=0.058494 eV
  DELTA_QUERY comp=1 DEL mol_idx=11 natoms=0 n_stored=78
    E_full=-9164.922155  E_ads=-1069.388460  E_cur=-9179.502020  E_ads_cur=-1083.405227  dE=0.563097 eV
[SERVER] types_arr sample: (2, 0, 0)
[SERVER] species_map keys: [0, 1, 2, 3, 4]
  DELTA_QUERY comp=1 MOV mol_idx=64 natoms=3 n_stored=78
    E_full=-9177.362966  E_ads=-1081.853208  E_cur=-9179.502020  E_ads_cur=-1083.405227  dE=0.587035 eV
[SERVER] types_arr sample: (2, 0, 0)
[SERVER] species_map keys: [0, 1, 2, 3, 4]
  DELTA_QUERY comp=1 MOV mol_idx=76 natoms=3 n_stored=78
    E_full=-9179.580444  E_ads=-1083.302830  E_cur=-9179.502020  E_ads_cur=-1083.405227  dE=-0.180822 eV
  COMMIT_MOVE comp=1 mol_idx=76  E_current=-9179.580444  E_ads_current=-1083.302830 eV
[SERVER] types_arr sample: (2, 0, 0)
[SERVER] species_map keys: [0, 1, 2, 3, 4]
  DELTA_QUERY comp=1 MOV mol_idx=57 natoms=3 n_stored=78
    E_full=-9179.533494  E_ads=-1083.305002  E_cur=-9179.580444  E_ads_cur=-1083.302830  dE=0.049122 eV
  COMMIT_MOVE comp=1 mol_idx=57  E_current=-9179.533494  E_ads_current=-1083.305002 eV
[SERVER] types_arr sample: (2, 0, 0)
[SERVER] species_map keys: [0, 1, 2, 3, 4]
  DELTA_QUERY comp=1 MOV mol_idx=56 natoms=3 n_stored=78
    E_full=-9179.402674  E_ads=-1083.471619  E_cur=-9179.533494  E_ads_cur=-1083.305002  dE=0.297437 eV
[SERVER] types_arr sample: (2, 0, 0)
[SERVER] species_map keys: [0, 1, 2, 3, 4]
  DELTA_QUERY comp=1 MOV mol_idx=59 natoms=3 n_stored=78
    E_full=-9179.485982  E_ads=-1083.298667  E_cur=-9179.533494  E_ads_cur=-1083.305002  dE=0.041177 eV
  COMMIT_MOVE comp=1 mol_idx=59  E_current=-9179.485982  E_ads_current=-1083.298667 eV
[SERVER] types_arr sample: (2, 0, 0)
[SERVER] species_map keys: [0, 1, 2, 3, 4]
  DELTA_QUERY comp=1 MOV mol_idx=36 natoms=3 n_stored=78
    E_full=-9178.557053  E_ads=-1083.382827  E_cur=-9179.485982  E_ads_cur=-1083.298667  dE=1.013090 eV
[SERVER] types_arr sample: (2, 0, 0)
[SERVER] species_map keys: [0, 1, 2, 3, 4]
  DELTA_QUERY comp=1 MOV mol_idx=75 natoms=3 n_stored=78
    E_full=-9179.501203  E_ads=-1083.318510  E_cur=-9179.485982  E_ads_cur=-1083.298667  dE=0.004622 eV
  COMMIT_MOVE comp=1 mol_idx=75  E_current=-9179.501203  E_ads_current=-1083.318510 eV
[SERVER] types_arr sample: (2, 0, 0)
[SERVER] species_map keys: [0, 1, 2, 3, 4]
  DELTA_QUERY comp=1 INS mol_idx=-1 natoms=3 n_stored=78
    E_full=-9193.109046  E_ads=-1096.836750  E_cur=-9179.501203  E_ads_cur=-1083.318510  dE=-0.089603 eV
  DELTA_QUERY comp=1 DEL mol_idx=21 natoms=0 n_stored=78
    E_full=-9165.161253  E_ads=-1069.446478  E_cur=-9179.501203  E_ads_cur=-1083.318510  dE=0.467918 eV
[SERVER] types_arr sample: (2, 0, 0)
[SERVER] species_map keys: [0, 1, 2, 3, 4]
  DELTA_QUERY comp=1 MOV mol_idx=11 natoms=3 n_stored=78
    E_full=-9179.493643  E_ads=-1083.315965  E_cur=-9179.501203  E_ads_cur=-1083.318510  dE=0.005016 eV
  COMMIT_MOVE comp=1 mol_idx=11  E_current=-9179.493643  E_ads_current=-1083.315965 eV
  DELTA_QUERY comp=1 DEL mol_idx=50 natoms=0 n_stored=78
    E_full=-9164.899349  E_ads=-1069.290928  E_cur=-9179.493643  E_ads_cur=-1083.315965  dE=0.569257 eV
[SERVER] types_arr sample: (2, 0, 0)
[SERVER] species_map keys: [0, 1, 2, 3, 4]
  DELTA_QUERY comp=1 MOV mol_idx=61 natoms=3 n_stored=78
    E_full=-9179.506671  E_ads=-1083.311154  E_cur=-9179.493643  E_ads_cur=-1083.315965  dE=-0.017840 eV
  COMMIT_MOVE comp=1 mol_idx=61  E_current=-9179.506671  E_ads_current=-1083.311154 eV
[SERVER] types_arr sample: (2, 0, 0)
[SERVER] species_map keys: [0, 1, 2, 3, 4]
  DELTA_QUERY comp=1 MOV mol_idx=38 natoms=3 n_stored=78
    E_full=-9179.459238  E_ads=-1083.605228  E_cur=-9179.506671  E_ads_cur=-1083.311154  dE=0.341508 eV
[SERVER] types_arr sample: (2, 0, 0)
[SERVER] species_map keys: [0, 1, 2, 3, 4]
  DELTA_QUERY comp=1 MOV mol_idx=23 natoms=3 n_stored=78
    E_full=-9179.537439  E_ads=-1083.312773  E_cur=-9179.506671  E_ads_cur=-1083.311154  dE=-0.029148 eV
  COMMIT_MOVE comp=1 mol_idx=23  E_current=-9179.537439  E_ads_current=-1083.312773 eV
[SERVER] types_arr sample: (2, 0, 0)
[SERVER] species_map keys: [0, 1, 2, 3, 4]
  DELTA_QUERY comp=1 MOV mol_idx=71 natoms=3 n_stored=78
    E_full=-9179.540837  E_ads=-1083.352325  E_cur=-9179.537439  E_ads_cur=-1083.312773  dE=0.036153 eV
  COMMIT_MOVE comp=1 mol_idx=71  E_current=-9179.540837  E_ads_current=-1083.352325 eV
[SERVER] types_arr sample: (2, 0, 0)
[SERVER] species_map keys: [0, 1, 2, 3, 4]
  DELTA_QUERY comp=1 INS mol_idx=-1 natoms=3 n_stored=78
    E_full=-9192.430833  E_ads=-1097.553769  E_cur=-9179.540837  E_ads_cur=-1083.352325  dE=1.311448 eV
[SERVER] types_arr sample: (2, 0, 0)
[SERVER] species_map keys: [0, 1, 2, 3, 4]
  DELTA_QUERY comp=1 MOV mol_idx=75 natoms=3 n_stored=78
    E_full=-9179.081564  E_ads=-1083.293123  E_cur=-9179.540837  E_ads_cur=-1083.352325  dE=0.400072 eV
[SERVER] types_arr sample: (2, 0, 0)
[SERVER] species_map keys: [0, 1, 2, 3, 4]
  DELTA_QUERY comp=1 MOV mol_idx=29 natoms=3 n_stored=78
    E_full=-9178.931368  E_ads=-1083.674520  E_cur=-9179.540837  E_ads_cur=-1083.352325  dE=0.931665 eV
[SERVER] types_arr sample: (2, 0, 0)
[SERVER] species_map keys: [0, 1, 2, 3, 4]
  DELTA_QUERY comp=1 MOV mol_idx=57 natoms=3 n_stored=78
    E_full=-9179.300628  E_ads=-1083.370403  E_cur=-9179.540837  E_ads_cur=-1083.352325  dE=0.258288 eV
[SERVER] types_arr sample: (2, 0, 0)
[SERVER] species_map keys: [0, 1, 2, 3, 4]
  DELTA_QUERY comp=1 MOV mol_idx=25 natoms=3 n_stored=78
    E_full=-9179.530303  E_ads=-1083.350131  E_cur=-9179.540837  E_ads_cur=-1083.352325  dE=0.008341 eV
  COMMIT_MOVE comp=1 mol_idx=25  E_current=-9179.530303  E_ads_current=-1083.350131 eV
[SERVER] types_arr sample: (2, 0, 0)
[SERVER] species_map keys: [0, 1, 2, 3, 4]
  DELTA_QUERY comp=1 MOV mol_idx=75 natoms=3 n_stored=78
    E_full=-9179.429530  E_ads=-1083.304063  E_cur=-9179.530303  E_ads_cur=-1083.350131  dE=0.054705 eV
  DELTA_QUERY comp=1 DEL mol_idx=57 natoms=0 n_stored=78
    E_full=-9165.108998  E_ads=-1069.325176  E_cur=-9179.530303  E_ads_cur=-1083.350131  dE=0.396349 eV
[SERVER] types_arr sample: (2, 0, 0)
[SERVER] species_map keys: [0, 1, 2, 3, 4]
  DELTA_QUERY comp=1 MOV mol_idx=62 natoms=3 n_stored=78
    E_full=-9179.530657  E_ads=-1083.396344  E_cur=-9179.530303  E_ads_cur=-1083.350131  dE=0.045859 eV
  COMMIT_MOVE comp=1 mol_idx=62  E_current=-9179.530657  E_ads_current=-1083.396344 eV
[SERVER] types_arr sample: (2, 0, 0)
[SERVER] species_map keys: [0, 1, 2, 3, 4]
  DELTA_QUERY comp=1 MOV mol_idx=62 natoms=3 n_stored=78
    E_full=-9178.349097  E_ads=-1082.796077  E_cur=-9179.530657  E_ads_cur=-1083.396344  dE=0.581293 eV
[SERVER] types_arr sample: (2, 0, 0)
[SERVER] species_map keys: [0, 1, 2, 3, 4]
  DELTA_QUERY comp=1 INS mol_idx=-1 natoms=3 n_stored=78
    E_full=-9193.260469  E_ads=-1097.267556  E_cur=-9179.530657  E_ads_cur=-1083.396344  dE=0.141400 eV
[SERVER] types_arr sample: (2, 0, 0)
[SERVER] species_map keys: [0, 1, 2, 3, 4]
  DELTA_QUERY comp=1 MOV mol_idx=53 natoms=3 n_stored=78
    E_full=-9179.494441  E_ads=-1083.367073  E_cur=-9179.530657  E_ads_cur=-1083.396344  dE=0.006945 eV
  DELTA_QUERY comp=1 DEL mol_idx=7 natoms=0 n_stored=78
    E_full=-9164.995815  E_ads=-1069.618397  E_cur=-9179.530657  E_ads_cur=-1083.396344  dE=0.756895 eV
[SERVER] types_arr sample: (2, 0, 0)
[SERVER] species_map keys: [0, 1, 2, 3, 4]
  DELTA_QUERY comp=1 MOV mol_idx=35 natoms=3 n_stored=78
    E_full=-9178.254893  E_ads=-1083.523431  E_cur=-9179.530657  E_ads_cur=-1083.396344  dE=1.402850 eV
[SERVER] types_arr sample: (2, 0, 0)
[SERVER] species_map keys: [0, 1, 2, 3, 4]
  DELTA_QUERY comp=1 INS mol_idx=-1 natoms=3 n_stored=78
    E_full=-9194.125340  E_ads=-1097.583891  E_cur=-9179.530657  E_ads_cur=-1083.396344  dE=-0.407136 eV
  COMMIT_INSERT comp=1 n_stored=79  E_current=-9194.125340  E_ads_current=-1097.583891 eV
[SERVER] types_arr sample: (2, 0, 0)
[SERVER] species_map keys: [0, 1, 2, 3, 4]
  DELTA_QUERY comp=1 INS mol_idx=-1 natoms=3 n_stored=79
    E_full=-9207.904206  E_ads=-1111.529116  E_cur=-9194.125340  E_ads_cur=-1097.583891  dE=0.166359 eV
[SERVER] types_arr sample: (2, 0, 0)
[SERVER] species_map keys: [0, 1, 2, 3, 4]
  DELTA_QUERY comp=1 MOV mol_idx=21 natoms=3 n_stored=79
    E_full=-9193.085835  E_ads=-1097.585890  E_cur=-9194.125340  E_ads_cur=-1097.583891  dE=1.041503 eV
[SERVER] types_arr sample: (2, 0, 0)
[SERVER] species_map keys: [0, 1, 2, 3, 4]
  DELTA_QUERY comp=1 MOV mol_idx=24 natoms=3 n_stored=79
    E_full=-9192.628599  E_ads=-1097.661745  E_cur=-9194.125340  E_ads_cur=-1097.583891  dE=1.574595 eV
[SERVER] types_arr sample: (2, 0, 0)
[SERVER] species_map keys: [0, 1, 2, 3, 4]
  DELTA_QUERY comp=1 MOV mol_idx=5 natoms=3 n_stored=79
    E_full=-9191.279488  E_ads=-1095.463008  E_cur=-9194.125340  E_ads_cur=-1097.583891  dE=0.724969 eV
[SERVER] types_arr sample: (2, 0, 0)
[SERVER] species_map keys: [0, 1, 2, 3, 4]
  DELTA_QUERY comp=1 MOV mol_idx=16 natoms=3 n_stored=79
    E_full=-9194.080087  E_ads=-1097.551089  E_cur=-9194.125340  E_ads_cur=-1097.583891  dE=0.012451 eV
[SERVER] types_arr sample: (2, 0, 0)
[SERVER] species_map keys: [0, 1, 2, 3, 4]
  DELTA_QUERY comp=1 MOV mol_idx=46 natoms=3 n_stored=79
    E_full=-9193.426815  E_ads=-1097.293637  E_cur=-9194.125340  E_ads_cur=-1097.583891  dE=0.408271 eV
[SERVER] types_arr sample: (2, 0, 0)
[SERVER] species_map keys: [0, 1, 2, 3, 4]
  DELTA_QUERY comp=1 MOV mol_idx=29 natoms=3 n_stored=79
    E_full=-9194.110605  E_ads=-1097.584629  E_cur=-9194.125340  E_ads_cur=-1097.583891  dE=0.015473 eV
[SERVER] types_arr sample: (2, 0, 0)
[SERVER] species_map keys: [0, 1, 2, 3, 4]
  DELTA_QUERY comp=1 MOV mol_idx=49 natoms=3 n_stored=79
    E_full=-9194.139985  E_ads=-1097.580302  E_cur=-9194.125340  E_ads_cur=-1097.583891  dE=-0.018234 eV
  COMMIT_MOVE comp=1 mol_idx=49  E_current=-9194.139985  E_ads_current=-1097.580302 eV
[SERVER] types_arr sample: (2, 0, 0)
[SERVER] species_map keys: [0, 1, 2, 3, 4]
  DELTA_QUERY comp=1 MOV mol_idx=44 natoms=3 n_stored=79
    E_full=-9193.910784  E_ads=-1098.016055  E_cur=-9194.139985  E_ads_cur=-1097.580302  dE=0.664954 eV
[SERVER] types_arr sample: (2, 0, 0)
[SERVER] species_map keys: [0, 1, 2, 3, 4]
  DELTA_QUERY comp=1 MOV mol_idx=2 natoms=3 n_stored=79
    E_full=-9192.347855  E_ads=-1097.931348  E_cur=-9194.139985  E_ads_cur=-1097.580302  dE=2.143176 eV
[SERVER] types_arr sample: (2, 0, 0)
[SERVER] species_map keys: [0, 1, 2, 3, 4]
  DELTA_QUERY comp=1 MOV mol_idx=31 natoms=3 n_stored=79
    E_full=-9194.162657  E_ads=-1097.571655  E_cur=-9194.139985  E_ads_cur=-1097.580302  dE=-0.031319 eV
  COMMIT_MOVE comp=1 mol_idx=31  E_current=-9194.162657  E_ads_current=-1097.571655 eV
[SERVER] types_arr sample: (2, 0, 0)
[SERVER] species_map keys: [0, 1, 2, 3, 4]
  DELTA_QUERY comp=1 MOV mol_idx=56 natoms=3 n_stored=79
    E_full=-9193.854190  E_ads=-1097.504571  E_cur=-9194.162657  E_ads_cur=-1097.571655  dE=0.241382 eV
  DELTA_QUERY comp=1 DEL mol_idx=15 natoms=0 n_stored=79
    E_full=-9179.836313  E_ads=-1083.552259  E_cur=-9194.162657  E_ads_cur=-1097.571655  dE=0.306949 eV
[SERVER] types_arr sample: (2, 0, 0)
[SERVER] species_map keys: [0, 1, 2, 3, 4]
  DELTA_QUERY comp=1 MOV mol_idx=56 natoms=3 n_stored=79
    E_full=-9193.501448  E_ads=-1097.706845  E_cur=-9194.162657  E_ads_cur=-1097.571655  dE=0.796400 eV
  DELTA_QUERY comp=1 DEL mol_idx=8 natoms=0 n_stored=79
    E_full=-9179.614334  E_ads=-1083.791010  E_cur=-9194.162657  E_ads_cur=-1097.571655  dE=0.767679 eV
  DELTA_QUERY comp=1 DEL mol_idx=77 natoms=0 n_stored=79
    E_full=-9179.740149  E_ads=-1083.565467  E_cur=-9194.162657  E_ads_cur=-1097.571655  dE=0.416320 eV
  DELTA_QUERY comp=1 DEL mol_idx=22 natoms=0 n_stored=79
    E_full=-9179.524202  E_ads=-1083.374850  E_cur=-9194.162657  E_ads_cur=-1097.571655  dE=0.441650 eV
[SERVER] types_arr sample: (2, 0, 0)
[SERVER] species_map keys: [0, 1, 2, 3, 4]
  DELTA_QUERY comp=1 MOV mol_idx=48 natoms=3 n_stored=79
    E_full=-9191.053759  E_ads=-1097.795936  E_cur=-9194.162657  E_ads_cur=-1097.571655  dE=3.333179 eV
  DELTA_QUERY comp=1 DEL mol_idx=26 natoms=0 n_stored=79
    E_full=-9179.716677  E_ads=-1083.558187  E_cur=-9194.162657  E_ads_cur=-1097.571655  dE=0.432513 eV
  DELTA_QUERY comp=1 DEL mol_idx=59 natoms=0 n_stored=79
    E_full=-9179.678426  E_ads=-1083.369148  E_cur=-9194.162657  E_ads_cur=-1097.571655  dE=0.281724 eV
  DELTA_QUERY comp=1 DEL mol_idx=62 natoms=0 n_stored=79
    E_full=-9179.510704  E_ads=-1083.269422  E_cur=-9194.162657  E_ads_cur=-1097.571655  dE=0.349720 eV
[SERVER] types_arr sample: (2, 0, 0)
[SERVER] species_map keys: [0, 1, 2, 3, 4]
  DELTA_QUERY comp=1 MOV mol_idx=36 natoms=3 n_stored=79
    E_full=-9194.108238  E_ads=-1097.556286  E_cur=-9194.162657  E_ads_cur=-1097.571655  dE=0.039051 eV
  COMMIT_MOVE comp=1 mol_idx=36  E_current=-9194.108238  E_ads_current=-1097.556286 eV
[SERVER] types_arr sample: (2, 0, 0)
[SERVER] species_map keys: [0, 1, 2, 3, 4]
  DELTA_QUERY comp=1 MOV mol_idx=57 natoms=3 n_stored=79
    E_full=-9194.128882  E_ads=-1097.552627  E_cur=-9194.108238  E_ads_cur=-1097.556286  dE=-0.024303 eV
  COMMIT_MOVE comp=1 mol_idx=57  E_current=-9194.128882  E_ads_current=-1097.552627 eV
  DELTA_QUERY comp=1 DEL mol_idx=20 natoms=0 n_stored=79
    E_full=-9179.634347  E_ads=-1083.704975  E_cur=-9194.128882  E_ads_cur=-1097.552627  dE=0.646883 eV
[SERVER] types_arr sample: (2, 0, 0)
[SERVER] species_map keys: [0, 1, 2, 3, 4]
  DELTA_QUERY comp=1 INS mol_idx=-1 natoms=3 n_stored=79
    E_full=-9207.869767  E_ads=-1111.190985  E_cur=-9194.128882  E_ads_cur=-1097.552627  dE=-0.102527 eV
[SERVER] types_arr sample: (2, 0, 0)
[SERVER] species_map keys: [0, 1, 2, 3, 4]
  DELTA_QUERY comp=1 MOV mol_idx=31 natoms=3 n_stored=79
    E_full=-9194.143405  E_ads=-1097.552565  E_cur=-9194.128882  E_ads_cur=-1097.552627  dE=-0.014585 eV
  COMMIT_MOVE comp=1 mol_idx=31  E_current=-9194.143405  E_ads_current=-1097.552565 eV
  DELTA_QUERY comp=1 DEL mol_idx=35 natoms=0 n_stored=79
    E_full=-9179.579291  E_ads=-1083.749876  E_cur=-9194.143405  E_ads_cur=-1097.552565  dE=0.761425 eV
[SERVER] types_arr sample: (2, 0, 0)
[SERVER] species_map keys: [0, 1, 2, 3, 4]
  DELTA_QUERY comp=1 MOV mol_idx=42 natoms=3 n_stored=79
    E_full=-9194.107721  E_ads=-1097.546855  E_cur=-9194.143405  E_ads_cur=-1097.552565  dE=0.029974 eV
  COMMIT_MOVE comp=1 mol_idx=42  E_current=-9194.107721  E_ads_current=-1097.546855 eV
  DELTA_QUERY comp=1 DEL mol_idx=26 natoms=0 n_stored=79
    E_full=-9179.661662  E_ads=-1083.533387  E_cur=-9194.107721  E_ads_cur=-1097.546855  dE=0.432591 eV
[SERVER] types_arr sample: (2, 0, 0)
[SERVER] species_map keys: [0, 1, 2, 3, 4]
  DELTA_QUERY comp=1 INS mol_idx=-1 natoms=3 n_stored=79
    E_full=-9207.535445  E_ads=-1111.752198  E_cur=-9194.107721  E_ads_cur=-1097.546855  dE=0.777619 eV
[SERVER] types_arr sample: (2, 0, 0)
[SERVER] species_map keys: [0, 1, 2, 3, 4]
  DELTA_QUERY comp=1 MOV mol_idx=60 natoms=3 n_stored=79
    E_full=-9194.148898  E_ads=-1097.486901  E_cur=-9194.107721  E_ads_cur=-1097.546855  dE=-0.101131 eV
  COMMIT_MOVE comp=1 mol_idx=60  E_current=-9194.148898  E_ads_current=-1097.486901 eV
[SERVER] types_arr sample: (2, 0, 0)
[SERVER] species_map keys: [0, 1, 2, 3, 4]
  DELTA_QUERY comp=1 MOV mol_idx=3 natoms=3 n_stored=79
    E_full=-9193.902450  E_ads=-1097.681724  E_cur=-9194.148898  E_ads_cur=-1097.486901  dE=0.441271 eV
[SERVER] types_arr sample: (2, 0, 0)
[SERVER] species_map keys: [0, 1, 2, 3, 4]
  DELTA_QUERY comp=1 MOV mol_idx=27 natoms=3 n_stored=79
    E_full=-9192.918625  E_ads=-1097.697897  E_cur=-9194.148898  E_ads_cur=-1097.486901  dE=1.441269 eV
[SERVER] types_arr sample: (2, 0, 0)
[SERVER] species_map keys: [0, 1, 2, 3, 4]
  DELTA_QUERY comp=1 INS mol_idx=-1 natoms=3 n_stored=79
    E_full=-9208.432949  E_ads=-1111.546929  E_cur=-9194.148898  E_ads_cur=-1097.486901  dE=-0.224023 eV
[SERVER] types_arr sample: (2, 0, 0)
[SERVER] species_map keys: [0, 1, 2, 3, 4]
  DELTA_QUERY comp=1 MOV mol_idx=5 natoms=3 n_stored=79
    E_full=-9193.900320  E_ads=-1097.754490  E_cur=-9194.148898  E_ads_cur=-1097.486901  dE=0.516167 eV
[SERVER] types_arr sample: (2, 0, 0)
[SERVER] species_map keys: [0, 1, 2, 3, 4]
  DELTA_QUERY comp=1 MOV mol_idx=20 natoms=3 n_stored=79
    E_full=-9194.039234  E_ads=-1097.491479  E_cur=-9194.148898  E_ads_cur=-1097.486901  dE=0.114242 eV
[SERVER] types_arr sample: (2, 0, 0)
[SERVER] species_map keys: [0, 1, 2, 3, 4]
  DELTA_QUERY comp=1 MOV mol_idx=31 natoms=3 n_stored=79
    E_full=-9194.139699  E_ads=-1097.425633  E_cur=-9194.148898  E_ads_cur=-1097.486901  dE=-0.052068 eV
[SERVER] types_arr sample: (2, 0, 0)
[SERVER] species_map keys: [0, 1, 2, 3, 4]
  DELTA_QUERY comp=1 MOV mol_idx=4 natoms=3 n_stored=79
    E_full=-9193.479033  E_ads=-1097.774536  E_cur=-9194.148898  E_ads_cur=-1097.486901  dE=0.957500 eV
[SERVER] types_arr sample: (2, 0, 0)
[SERVER] species_map keys: [0, 1, 2, 3, 4]
  DELTA_QUERY comp=1 MOV mol_idx=20 natoms=3 n_stored=79
    E_full=-9193.702056  E_ads=-1097.478937  E_cur=-9194.148898  E_ads_cur=-1097.486901  dE=0.438879 eV
[SERVER] types_arr sample: (2, 0, 0)
[SERVER] species_map keys: [0, 1, 2, 3, 4]
  DELTA_QUERY comp=1 MOV mol_idx=15 natoms=3 n_stored=79
    E_full=-9194.233080  E_ads=-1097.592041  E_cur=-9194.148898  E_ads_cur=-1097.486901  dE=0.020958 eV
  COMMIT_MOVE comp=1 mol_idx=15  E_current=-9194.233080  E_ads_current=-1097.592041 eV
  DELTA_QUERY comp=1 DEL mol_idx=62 natoms=0 n_stored=79
    E_full=-9179.582440  E_ads=-1083.289863  E_cur=-9194.233080  E_ads_cur=-1097.592041  dE=0.348462 eV
[SERVER] types_arr sample: (2, 0, 0)
[SERVER] species_map keys: [0, 1, 2, 3, 4]
  DELTA_QUERY comp=1 MOV mol_idx=12 natoms=3 n_stored=79
    E_full=-9193.595688  E_ads=-1097.769777  E_cur=-9194.233080  E_ads_cur=-1097.592041  dE=0.815128 eV
[SERVER] types_arr sample: (2, 0, 0)
[SERVER] species_map keys: [0, 1, 2, 3, 4]
  DELTA_QUERY comp=1 MOV mol_idx=52 natoms=3 n_stored=79
    E_full=-9194.237489  E_ads=-1097.609892  E_cur=-9194.233080  E_ads_cur=-1097.592041  dE=0.013442 eV
  COMMIT_MOVE comp=1 mol_idx=52  E_current=-9194.237489  E_ads_current=-1097.609892 eV
[SERVER] types_arr sample: (2, 0, 0)
[SERVER] species_map keys: [0, 1, 2, 3, 4]
  DELTA_QUERY comp=1 MOV mol_idx=77 natoms=3 n_stored=79
    E_full=-9193.795659  E_ads=-1097.925225  E_cur=-9194.237489  E_ads_cur=-1097.609892  dE=0.757162 eV
[SERVER] types_arr sample: (2, 0, 0)
[SERVER] species_map keys: [0, 1, 2, 3, 4]
  DELTA_QUERY comp=1 MOV mol_idx=13 natoms=3 n_stored=79
    E_full=-9194.195808  E_ads=-1097.588804  E_cur=-9194.237489  E_ads_cur=-1097.609892  dE=0.020593 eV
[SERVER] types_arr sample: (2, 0, 0)
[SERVER] species_map keys: [0, 1, 2, 3, 4]
  DELTA_QUERY comp=1 INS mol_idx=-1 natoms=3 n_stored=79
    E_full=-9206.869397  E_ads=-1110.974890  E_cur=-9194.237489  E_ads_cur=-1097.609892  dE=0.733090 eV
[SERVER] types_arr sample: (2, 0, 0)
[SERVER] species_map keys: [0, 1, 2, 3, 4]
  DELTA_QUERY comp=1 MOV mol_idx=44 natoms=3 n_stored=79
    E_full=-9194.312952  E_ads=-1098.000209  E_cur=-9194.237489  E_ads_cur=-1097.609892  dE=0.314854 eV
[SERVER] types_arr sample: (2, 0, 0)
[SERVER] species_map keys: [0, 1, 2, 3, 4]
  DELTA_QUERY comp=1 MOV mol_idx=57 natoms=3 n_stored=79
    E_full=-9194.133744  E_ads=-1097.604386  E_cur=-9194.237489  E_ads_cur=-1097.609892  dE=0.098239 eV
[SERVER] types_arr sample: (2, 0, 0)
[SERVER] species_map keys: [0, 1, 2, 3, 4]
  DELTA_QUERY comp=1 MOV mol_idx=19 natoms=3 n_stored=79
    E_full=-9192.895377  E_ads=-1096.857413  E_cur=-9194.237489  E_ads_cur=-1097.609892  dE=0.589633 eV
[SERVER] types_arr sample: (2, 0, 0)
[SERVER] species_map keys: [0, 1, 2, 3, 4]
  DELTA_QUERY comp=1 MOV mol_idx=18 natoms=3 n_stored=79
    E_full=-9194.128977  E_ads=-1097.621352  E_cur=-9194.237489  E_ads_cur=-1097.609892  dE=0.119971 eV
[SERVER] types_arr sample: (2, 0, 0)
[SERVER] species_map keys: [0, 1, 2, 3, 4]
  DELTA_QUERY comp=1 MOV mol_idx=14 natoms=3 n_stored=79
    E_full=-9194.222656  E_ads=-1097.634358  E_cur=-9194.237489  E_ads_cur=-1097.609892  dE=0.039299 eV
  DELTA_QUERY comp=1 DEL mol_idx=18 natoms=0 n_stored=79
    E_full=-9179.712772  E_ads=-1083.633614  E_cur=-9194.237489  E_ads_cur=-1097.609892  dE=0.548439 eV
[SERVER] types_arr sample: (2, 0, 0)
[SERVER] species_map keys: [0, 1, 2, 3, 4]
  DELTA_QUERY comp=1 MOV mol_idx=74 natoms=3 n_stored=79
    E_full=-9193.401013  E_ads=-1097.668733  E_cur=-9194.237489  E_ads_cur=-1097.609892  dE=0.895316 eV
[SERVER] types_arr sample: (2, 0, 0)
[SERVER] species_map keys: [0, 1, 2, 3, 4]
  DELTA_QUERY comp=1 MOV mol_idx=3 natoms=3 n_stored=79
    E_full=-9194.246549  E_ads=-1097.595793  E_cur=-9194.237489  E_ads_cur=-1097.609892  dE=-0.023159 eV
  COMMIT_MOVE comp=1 mol_idx=3  E_current=-9194.246549  E_ads_current=-1097.595793 eV
[SERVER] types_arr sample: (2, 0, 0)
[SERVER] species_map keys: [0, 1, 2, 3, 4]
  DELTA_QUERY comp=1 MOV mol_idx=27 natoms=3 n_stored=79
    E_full=-9194.130805  E_ads=-1097.588282  E_cur=-9194.246549  E_ads_cur=-1097.595793  dE=0.108232 eV
  DELTA_QUERY comp=1 DEL mol_idx=44 natoms=0 n_stored=79
    E_full=-9179.889624  E_ads=-1083.808781  E_cur=-9194.246549  E_ads_cur=-1097.595793  dE=0.569912 eV
[SERVER] types_arr sample: (2, 0, 0)
[SERVER] species_map keys: [0, 1, 2, 3, 4]
  DELTA_QUERY comp=1 MOV mol_idx=29 natoms=3 n_stored=79
    E_full=-9194.151712  E_ads=-1097.593034  E_cur=-9194.246549  E_ads_cur=-1097.595793  dE=0.092078 eV
[SERVER] types_arr sample: (2, 0, 0)
[SERVER] species_map keys: [0, 1, 2, 3, 4]
  DELTA_QUERY comp=1 MOV mol_idx=61 natoms=3 n_stored=79
    E_full=-9194.276031  E_ads=-1097.582721  E_cur=-9194.246549  E_ads_cur=-1097.595793  dE=-0.042555 eV
  COMMIT_MOVE comp=1 mol_idx=61  E_current=-9194.276031  E_ads_current=-1097.582721 eV
[SERVER] types_arr sample: (2, 0, 0)
[SERVER] species_map keys: [0, 1, 2, 3, 4]
  DELTA_QUERY comp=1 MOV mol_idx=76 natoms=3 n_stored=79
    E_full=-9191.881738  E_ads=-1097.943037  E_cur=-9194.276031  E_ads_cur=-1097.582721  dE=2.754609 eV
[SERVER] types_arr sample: (2, 0, 0)
[SERVER] species_map keys: [0, 1, 2, 3, 4]
  DELTA_QUERY comp=1 MOV mol_idx=41 natoms=3 n_stored=79
    E_full=-9194.288187  E_ads=-1097.582277  E_cur=-9194.276031  E_ads_cur=-1097.582721  dE=-0.012600 eV
  COMMIT_MOVE comp=1 mol_idx=41  E_current=-9194.288187  E_ads_current=-1097.582277 eV
  DELTA_QUERY comp=1 DEL mol_idx=68 natoms=0 n_stored=79
    E_full=-9180.144457  E_ads=-1083.680584  E_cur=-9194.288187  E_ads_cur=-1097.582277  dE=0.242036 eV
[SERVER] types_arr sample: (2, 0, 0)
[SERVER] species_map keys: [0, 1, 2, 3, 4]
  DELTA_QUERY comp=1 MOV mol_idx=46 natoms=3 n_stored=79
    E_full=-9194.179933  E_ads=-1097.606775  E_cur=-9194.288187  E_ads_cur=-1097.582277  dE=0.132752 eV
[SERVER] types_arr sample: (2, 0, 0)
[SERVER] species_map keys: [0, 1, 2, 3, 4]
  DELTA_QUERY comp=1 MOV mol_idx=64 natoms=3 n_stored=79
    E_full=-9192.930966  E_ads=-1097.625726  E_cur=-9194.288187  E_ads_cur=-1097.582277  dE=1.400669 eV
[SERVER] types_arr sample: (2, 0, 0)
[SERVER] species_map keys: [0, 1, 2, 3, 4]
  DELTA_QUERY comp=1 MOV mol_idx=59 natoms=3 n_stored=79
    E_full=-9194.280694  E_ads=-1097.592870  E_cur=-9194.288187  E_ads_cur=-1097.582277  dE=0.018086 eV
  COMMIT_MOVE comp=1 mol_idx=59  E_current=-9194.280694  E_ads_current=-1097.592870 eV
[SERVER] types_arr sample: (2, 0, 0)
[SERVER] species_map keys: [0, 1, 2, 3, 4]
  DELTA_QUERY comp=1 MOV mol_idx=49 natoms=3 n_stored=79
    E_full=-9194.059540  E_ads=-1097.991475  E_cur=-9194.280694  E_ads_cur=-1097.592870  dE=0.619758 eV
[SERVER] types_arr sample: (2, 0, 0)
[SERVER] species_map keys: [0, 1, 2, 3, 4]
  DELTA_QUERY comp=1 INS mol_idx=-1 natoms=3 n_stored=79
    E_full=-9208.696142  E_ads=-1111.812022  E_cur=-9194.280694  E_ads_cur=-1097.592870  dE=-0.196297 eV
  COMMIT_INSERT comp=1 n_stored=80  E_current=-9208.696142  E_ads_current=-1111.812022 eV
[SERVER] types_arr sample: (2, 0, 0)
[SERVER] species_map keys: [0, 1, 2, 3, 4]
  DELTA_QUERY comp=1 MOV mol_idx=51 natoms=3 n_stored=80
    E_full=-9207.922504  E_ads=-1112.001243  E_cur=-9208.696142  E_ads_cur=-1111.812022  dE=0.962859 eV
[SERVER] types_arr sample: (2, 0, 0)
[SERVER] species_map keys: [0, 1, 2, 3, 4]
  DELTA_QUERY comp=1 INS mol_idx=-1 natoms=3 n_stored=80
    E_full=-9222.347795  E_ads=-1126.036104  E_cur=-9208.696142  E_ads_cur=-1111.812022  dE=0.572429 eV
[SERVER] types_arr sample: (2, 0, 0)
[SERVER] species_map keys: [0, 1, 2, 3, 4]
  DELTA_QUERY comp=1 MOV mol_idx=59 natoms=3 n_stored=80
    E_full=-9204.973906  E_ads=-1109.648368  E_cur=-9208.696142  E_ads_cur=-1111.812022  dE=1.558581 eV
[SERVER] types_arr sample: (2, 0, 0)
[SERVER] species_map keys: [0, 1, 2, 3, 4]
  DELTA_QUERY comp=1 INS mol_idx=-1 natoms=3 n_stored=80
    E_full=-9220.529770  E_ads=-1124.688604  E_cur=-9208.696142  E_ads_cur=-1111.812022  dE=1.042954 eV
  DELTA_QUERY comp=1 DEL mol_idx=7 natoms=0 n_stored=80
    E_full=-9194.161055  E_ads=-1098.034074  E_cur=-9208.696142  E_ads_cur=-1111.812022  dE=0.757139 eV
[SERVER] types_arr sample: (2, 0, 0)
[SERVER] species_map keys: [0, 1, 2, 3, 4]
  DELTA_QUERY comp=1 MOV mol_idx=49 natoms=3 n_stored=80
    E_full=-9208.675690  E_ads=-1111.815555  E_cur=-9208.696142  E_ads_cur=-1111.812022  dE=0.023985 eV
  COMMIT_MOVE comp=1 mol_idx=49  E_current=-9208.675690  E_ads_current=-1111.815555 eV
[SERVER] types_arr sample: (2, 0, 0)
[SERVER] species_map keys: [0, 1, 2, 3, 4]
  DELTA_QUERY comp=1 MOV mol_idx=59 natoms=3 n_stored=80
    E_full=-9208.702878  E_ads=-1111.817376  E_cur=-9208.675690  E_ads_cur=-1111.815555  dE=-0.025367 eV
  COMMIT_MOVE comp=1 mol_idx=59  E_current=-9208.702878  E_ads_current=-1111.817376 eV
  DELTA_QUERY comp=1 DEL mol_idx=72 natoms=0 n_stored=80
    E_full=-9194.090830  E_ads=-1097.615802  E_cur=-9208.702878  E_ads_cur=-1111.817376  dE=0.410474 eV
[SERVER] types_arr sample: (2, 0, 0)
[SERVER] species_map keys: [0, 1, 2, 3, 4]
  DELTA_QUERY comp=1 MOV mol_idx=40 natoms=3 n_stored=80
    E_full=-9208.713003  E_ads=-1111.872644  E_cur=-9208.702878  E_ads_cur=-1111.817376  dE=0.045143 eV
[SERVER] types_arr sample: (2, 0, 0)
[SERVER] species_map keys: [0, 1, 2, 3, 4]
  DELTA_QUERY comp=1 MOV mol_idx=8 natoms=3 n_stored=80
    E_full=-9208.688545  E_ads=-1111.817949  E_cur=-9208.702878  E_ads_cur=-1111.817376  dE=0.014906 eV
  COMMIT_MOVE comp=1 mol_idx=8  E_current=-9208.688545  E_ads_current=-1111.817949 eV
[SERVER] types_arr sample: (2, 0, 0)
[SERVER] species_map keys: [0, 1, 2, 3, 4]
  DELTA_QUERY comp=1 INS mol_idx=-1 natoms=3 n_stored=80
    E_full=-9222.761460  E_ads=-1126.117036  E_cur=-9208.688545  E_ads_cur=-1111.817949  dE=0.226173 eV
[SERVER] types_arr sample: (2, 0, 0)
[SERVER] species_map keys: [0, 1, 2, 3, 4]
  DELTA_QUERY comp=1 INS mol_idx=-1 natoms=3 n_stored=80
    E_full=-9222.886276  E_ads=-1126.083113  E_cur=-9208.688545  E_ads_cur=-1111.817949  dE=0.067434 eV
[SERVER] types_arr sample: (2, 0, 0)
[SERVER] species_map keys: [0, 1, 2, 3, 4]
  DELTA_QUERY comp=1 MOV mol_idx=40 natoms=3 n_stored=80
    E_full=-9208.678927  E_ads=-1111.835065  E_cur=-9208.688545  E_ads_cur=-1111.817949  dE=0.026734 eV
[SERVER] types_arr sample: (2, 0, 0)
[SERVER] species_map keys: [0, 1, 2, 3, 4]
  DELTA_QUERY comp=1 MOV mol_idx=26 natoms=3 n_stored=80
    E_full=-9208.620469  E_ads=-1111.788706  E_cur=-9208.688545  E_ads_cur=-1111.817949  dE=0.038833 eV
[SERVER] types_arr sample: (2, 0, 0)
[SERVER] species_map keys: [0, 1, 2, 3, 4]
  DELTA_QUERY comp=1 MOV mol_idx=45 natoms=3 n_stored=80
    E_full=-9206.312520  E_ads=-1109.668790  E_cur=-9208.688545  E_ads_cur=-1111.817949  dE=0.226867 eV
[SERVER] types_arr sample: (2, 0, 0)
[SERVER] species_map keys: [0, 1, 2, 3, 4]
  DELTA_QUERY comp=1 MOV mol_idx=19 natoms=3 n_stored=80
    E_full=-9208.711277  E_ads=-1111.873838  E_cur=-9208.688545  E_ads_cur=-1111.817949  dE=0.033157 eV
  COMMIT_MOVE comp=1 mol_idx=19  E_current=-9208.711277  E_ads_current=-1111.873838 eV
[SERVER] types_arr sample: (2, 0, 0)
[SERVER] species_map keys: [0, 1, 2, 3, 4]
  DELTA_QUERY comp=1 INS mol_idx=-1 natoms=3 n_stored=80
    E_full=-9220.422101  E_ads=-1124.765802  E_cur=-9208.711277  E_ads_cur=-1111.873838  dE=1.181141 eV
[SERVER] types_arr sample: (2, 0, 0)
[SERVER] species_map keys: [0, 1, 2, 3, 4]
  DELTA_QUERY comp=1 MOV mol_idx=52 natoms=3 n_stored=80
    E_full=-9208.134040  E_ads=-1112.217614  E_cur=-9208.711277  E_ads_cur=-1111.873838  dE=0.921014 eV
[SERVER] types_arr sample: (2, 0, 0)
[SERVER] species_map keys: [0, 1, 2, 3, 4]
  DELTA_QUERY comp=1 MOV mol_idx=55 natoms=3 n_stored=80
    E_full=-9205.008634  E_ads=-1108.878342  E_cur=-9208.711277  E_ads_cur=-1111.873838  dE=0.707147 eV
[SERVER] types_arr sample: (2, 0, 0)
[SERVER] species_map keys: [0, 1, 2, 3, 4]
  DELTA_QUERY comp=1 MOV mol_idx=11 natoms=3 n_stored=80
    E_full=-9208.735774  E_ads=-1111.863752  E_cur=-9208.711277  E_ads_cur=-1111.873838  dE=-0.034583 eV
  COMMIT_MOVE comp=1 mol_idx=11  E_current=-9208.735774  E_ads_current=-1111.863752 eV
  DELTA_QUERY comp=1 DEL mol_idx=61 natoms=0 n_stored=80
    E_full=-9194.237054  E_ads=-1097.884569  E_cur=-9208.735774  E_ads_cur=-1111.863752  dE=0.519538 eV
  DELTA_QUERY comp=1 DEL mol_idx=27 natoms=0 n_stored=80
    E_full=-9194.210930  E_ads=-1098.015947  E_cur=-9208.735774  E_ads_cur=-1111.863752  dE=0.677040 eV
[SERVER] types_arr sample: (2, 0, 0)
[SERVER] species_map keys: [0, 1, 2, 3, 4]
  DELTA_QUERY comp=1 MOV mol_idx=67 natoms=3 n_stored=80
    E_full=-9208.060781  E_ads=-1111.656145  E_cur=-9208.735774  E_ads_cur=-1111.863752  dE=0.467386 eV
[SERVER] types_arr sample: (2, 0, 0)
[SERVER] species_map keys: [0, 1, 2, 3, 4]
  DELTA_QUERY comp=1 MOV mol_idx=59 natoms=3 n_stored=80
    E_full=-9208.558460  E_ads=-1111.887624  E_cur=-9208.735774  E_ads_cur=-1111.863752  dE=0.201186 eV
  DELTA_QUERY comp=1 DEL mol_idx=10 natoms=0 n_stored=80
    E_full=-9194.093708  E_ads=-1097.735310  E_cur=-9208.735774  E_ads_cur=-1111.863752  dE=0.513625 eV
[SERVER] types_arr sample: (2, 0, 0)
[SERVER] species_map keys: [0, 1, 2, 3, 4]
  DELTA_QUERY comp=1 MOV mol_idx=15 natoms=3 n_stored=80
    E_full=-9208.754874  E_ads=-1111.886287  E_cur=-9208.735774  E_ads_cur=-1111.863752  dE=0.003436 eV
  COMMIT_MOVE comp=1 mol_idx=15  E_current=-9208.754874  E_ads_current=-1111.886287 eV
  DELTA_QUERY comp=1 DEL mol_idx=6 natoms=0 n_stored=80
    E_full=-9194.220811  E_ads=-1098.072811  E_cur=-9208.754874  E_ads_cur=-1111.886287  dE=0.720586 eV
  DELTA_QUERY comp=1 DEL mol_idx=12 natoms=0 n_stored=80
    E_full=-9194.142651  E_ads=-1097.886443  E_cur=-9208.754874  E_ads_cur=-1111.886287  dE=0.612379 eV
[SERVER] types_arr sample: (2, 0, 0)
[SERVER] species_map keys: [0, 1, 2, 3, 4]
  DELTA_QUERY comp=1 MOV mol_idx=64 natoms=3 n_stored=80
    E_full=-9206.658577  E_ads=-1109.970055  E_cur=-9208.754874  E_ads_cur=-1111.886287  dE=0.180065 eV
[SERVER] types_arr sample: (2, 0, 0)
[SERVER] species_map keys: [0, 1, 2, 3, 4]
  DELTA_QUERY comp=1 MOV mol_idx=29 natoms=3 n_stored=80
    E_full=-9208.758979  E_ads=-1111.888337  E_cur=-9208.754874  E_ads_cur=-1111.886287  dE=-0.002055 eV
  COMMIT_MOVE comp=1 mol_idx=29  E_current=-9208.758979  E_ads_current=-1111.888337 eV
[SERVER] types_arr sample: (2, 0, 0)
[SERVER] species_map keys: [0, 1, 2, 3, 4]
  DELTA_QUERY comp=1 MOV mol_idx=36 natoms=3 n_stored=80
    E_full=-9207.411413  E_ads=-1112.169483  E_cur=-9208.758979  E_ads_cur=-1111.888337  dE=1.628712 eV
[SERVER] types_arr sample: (2, 0, 0)
[SERVER] species_map keys: [0, 1, 2, 3, 4]
  DELTA_QUERY comp=1 MOV mol_idx=70 natoms=3 n_stored=80
    E_full=-9207.637186  E_ads=-1111.901230  E_cur=-9208.758979  E_ads_cur=-1111.888337  dE=1.134685 eV
[SERVER] types_arr sample: (2, 0, 0)
[SERVER] species_map keys: [0, 1, 2, 3, 4]
  DELTA_QUERY comp=1 INS mol_idx=-1 natoms=3 n_stored=80
    E_full=-9222.926302  E_ads=-1126.009449  E_cur=-9208.758979  E_ads_cur=-1111.888337  dE=-0.046211 eV
[SERVER] types_arr sample: (2, 0, 0)
[SERVER] species_map keys: [0, 1, 2, 3, 4]
  DELTA_QUERY comp=1 INS mol_idx=-1 natoms=3 n_stored=80
    E_full=-9222.841657  E_ads=-1126.161192  E_cur=-9208.758979  E_ads_cur=-1111.888337  dE=0.190177 eV
  DELTA_QUERY comp=1 DEL mol_idx=77 natoms=0 n_stored=80
    E_full=-9194.331550  E_ads=-1097.868345  E_cur=-9208.758979  E_ads_cur=-1111.888337  dE=0.407437 eV
[SERVER] types_arr sample: (2, 0, 0)
[SERVER] species_map keys: [0, 1, 2, 3, 4]
  DELTA_QUERY comp=1 MOV mol_idx=43 natoms=3 n_stored=80
    E_full=-9208.763892  E_ads=-1111.906299  E_cur=-9208.758979  E_ads_cur=-1111.888337  dE=0.013049 eV
  COMMIT_MOVE comp=1 mol_idx=43  E_current=-9208.763892  E_ads_current=-1111.906299 eV
[SERVER] types_arr sample: (2, 0, 0)
[SERVER] species_map keys: [0, 1, 2, 3, 4]
  DELTA_QUERY comp=1 MOV mol_idx=43 natoms=3 n_stored=80
    E_full=-9206.957057  E_ads=-1111.704591  E_cur=-9208.763892  E_ads_cur=-1111.906299  dE=1.605127 eV
  DELTA_QUERY comp=1 DEL mol_idx=8 natoms=0 n_stored=80
    E_full=-9194.228093  E_ads=-1098.126483  E_cur=-9208.763892  E_ads_cur=-1111.906299  dE=0.755982 eV
[SERVER] types_arr sample: (2, 0, 0)
[SERVER] species_map keys: [0, 1, 2, 3, 4]
  DELTA_QUERY comp=1 MOV mol_idx=37 natoms=3 n_stored=80
    E_full=-9207.325175  E_ads=-1111.938553  E_cur=-9208.763892  E_ads_cur=-1111.906299  dE=1.470971 eV
[SERVER] types_arr sample: (2, 0, 0)
[SERVER] species_map keys: [0, 1, 2, 3, 4]
  DELTA_QUERY comp=1 MOV mol_idx=44 natoms=3 n_stored=80
    E_full=-9207.763446  E_ads=-1112.029918  E_cur=-9208.763892  E_ads_cur=-1111.906299  dE=1.124065 eV
[SERVER] types_arr sample: (2, 0, 0)
[SERVER] species_map keys: [0, 1, 2, 3, 4]
  DELTA_QUERY comp=1 INS mol_idx=-1 natoms=3 n_stored=80
    E_full=-9222.094229  E_ads=-1125.881094  E_cur=-9208.763892  E_ads_cur=-1111.906299  dE=0.644458 eV
  DELTA_QUERY comp=1 DEL mol_idx=11 natoms=0 n_stored=80
    E_full=-9194.168027  E_ads=-1097.900535  E_cur=-9208.763892  E_ads_cur=-1111.906299  dE=0.590101 eV
  DELTA_QUERY comp=1 DEL mol_idx=38 natoms=0 n_stored=80
    E_full=-9194.377012  E_ads=-1097.955007  E_cur=-9208.763892  E_ads_cur=-1111.906299  dE=0.435589 eV
  DELTA_QUERY comp=1 DEL mol_idx=11 natoms=0 n_stored=80
    E_full=-9194.168027  E_ads=-1097.900535  E_cur=-9208.763892  E_ads_cur=-1111.906299  dE=0.590101 eV
[SERVER] types_arr sample: (2, 0, 0)
[SERVER] species_map keys: [0, 1, 2, 3, 4]
  DELTA_QUERY comp=1 MOV mol_idx=78 natoms=3 n_stored=80
    E_full=-9207.638802  E_ads=-1111.185209  E_cur=-9208.763892  E_ads_cur=-1111.906299  dE=0.404000 eV
[SERVER] types_arr sample: (2, 0, 0)
[SERVER] species_map keys: [0, 1, 2, 3, 4]
  DELTA_QUERY comp=1 MOV mol_idx=76 natoms=3 n_stored=80
    E_full=-9208.674555  E_ads=-1111.909474  E_cur=-9208.763892  E_ads_cur=-1111.906299  dE=0.092512 eV
[SERVER] types_arr sample: (2, 0, 0)
[SERVER] species_map keys: [0, 1, 2, 3, 4]
  DELTA_QUERY comp=1 MOV mol_idx=21 natoms=3 n_stored=80
    E_full=-9207.909720  E_ads=-1111.960786  E_cur=-9208.763892  E_ads_cur=-1111.906299  dE=0.908659 eV
[SERVER] types_arr sample: (2, 0, 0)
[SERVER] species_map keys: [0, 1, 2, 3, 4]
  DELTA_QUERY comp=1 MOV mol_idx=70 natoms=3 n_stored=80
    E_full=-9208.007567  E_ads=-1111.678004  E_cur=-9208.763892  E_ads_cur=-1111.906299  dE=0.528030 eV
[SERVER] types_arr sample: (2, 0, 0)
[SERVER] species_map keys: [0, 1, 2, 3, 4]
  DELTA_QUERY comp=1 MOV mol_idx=9 natoms=3 n_stored=80
    E_full=-9207.963164  E_ads=-1111.724223  E_cur=-9208.763892  E_ads_cur=-1111.906299  dE=0.618653 eV
[SERVER] types_arr sample: (2, 0, 0)
[SERVER] species_map keys: [0, 1, 2, 3, 4]
  DELTA_QUERY comp=1 MOV mol_idx=11 natoms=3 n_stored=80
    E_full=-9208.686759  E_ads=-1111.913023  E_cur=-9208.763892  E_ads_cur=-1111.906299  dE=0.083857 eV
[SERVER] types_arr sample: (2, 0, 0)
[SERVER] species_map keys: [0, 1, 2, 3, 4]
  DELTA_QUERY comp=1 MOV mol_idx=76 natoms=3 n_stored=80
    E_full=-9208.773095  E_ads=-1111.906553  E_cur=-9208.763892  E_ads_cur=-1111.906299  dE=-0.008948 eV
  COMMIT_MOVE comp=1 mol_idx=76  E_current=-9208.773095  E_ads_current=-1111.906553 eV
[SERVER] types_arr sample: (2, 0, 0)
[SERVER] species_map keys: [0, 1, 2, 3, 4]
  DELTA_QUERY comp=1 MOV mol_idx=10 natoms=3 n_stored=80
    E_full=-9208.755153  E_ads=-1111.915661  E_cur=-9208.773095  E_ads_cur=-1111.906553  dE=0.027050 eV
[SERVER] types_arr sample: (2, 0, 0)
[SERVER] species_map keys: [0, 1, 2, 3, 4]
  DELTA_QUERY comp=1 MOV mol_idx=79 natoms=3 n_stored=80
    E_full=-9207.897882  E_ads=-1111.156893  E_cur=-9208.773095  E_ads_cur=-1111.906553  dE=0.125552 eV
[SERVER] types_arr sample: (2, 0, 0)
[SERVER] species_map keys: [0, 1, 2, 3, 4]
  DELTA_QUERY comp=1 MOV mol_idx=35 natoms=3 n_stored=80
    E_full=-9208.125431  E_ads=-1112.065717  E_cur=-9208.773095  E_ads_cur=-1111.906553  dE=0.806827 eV
[SERVER] types_arr sample: (2, 0, 0)
[SERVER] species_map keys: [0, 1, 2, 3, 4]
  DELTA_QUERY comp=1 MOV mol_idx=12 natoms=3 n_stored=80
    E_full=-9208.777970  E_ads=-1111.906370  E_cur=-9208.773095  E_ads_cur=-1111.906553  dE=-0.005058 eV
  COMMIT_MOVE comp=1 mol_idx=12  E_current=-9208.777970  E_ads_current=-1111.906370 eV
[SERVER] types_arr sample: (2, 0, 0)
[SERVER] species_map keys: [0, 1, 2, 3, 4]
  DELTA_QUERY comp=1 MOV mol_idx=35 natoms=3 n_stored=80
    E_full=-9208.756706  E_ads=-1111.910618  E_cur=-9208.777970  E_ads_cur=-1111.906370  dE=0.025511 eV
[SERVER] types_arr sample: (2, 0, 0)
[SERVER] species_map keys: [0, 1, 2, 3, 4]
  DELTA_QUERY comp=1 INS mol_idx=-1 natoms=3 n_stored=80
    E_full=-9222.789884  E_ads=-1126.096673  E_cur=-9208.777970  E_ads_cur=-1111.906370  dE=0.178389 eV
[SERVER] types_arr sample: (2, 0, 0)
[SERVER] species_map keys: [0, 1, 2, 3, 4]
  DELTA_QUERY comp=1 MOV mol_idx=58 natoms=3 n_stored=80
    E_full=-9208.779276  E_ads=-1111.894945  E_cur=-9208.777970  E_ads_cur=-1111.906370  dE=-0.012732 eV
  COMMIT_MOVE comp=1 mol_idx=58  E_current=-9208.779276  E_ads_current=-1111.894945 eV
[SERVER] types_arr sample: (2, 0, 0)
[SERVER] species_map keys: [0, 1, 2, 3, 4]
  DELTA_QUERY comp=1 MOV mol_idx=76 natoms=3 n_stored=80
    E_full=-9208.762479  E_ads=-1112.287990  E_cur=-9208.779276  E_ads_cur=-1111.894945  dE=0.409842 eV
[SERVER] types_arr sample: (2, 0, 0)
[SERVER] species_map keys: [0, 1, 2, 3, 4]
  DELTA_QUERY comp=1 MOV mol_idx=53 natoms=3 n_stored=80
    E_full=-9206.977783  E_ads=-1111.933716  E_cur=-9208.779276  E_ads_cur=-1111.894945  dE=1.840264 eV
[SERVER] types_arr sample: (2, 0, 0)
[SERVER] species_map keys: [0, 1, 2, 3, 4]
  DELTA_QUERY comp=1 MOV mol_idx=3 natoms=3 n_stored=80
    E_full=-9207.448796  E_ads=-1112.132147  E_cur=-9208.779276  E_ads_cur=-1111.894945  dE=1.567682 eV
  DELTA_QUERY comp=1 DEL mol_idx=38 natoms=0 n_stored=80
    E_full=-9194.392453  E_ads=-1097.943630  E_cur=-9208.779276  E_ads_cur=-1111.894945  dE=0.435508 eV
[SERVER] types_arr sample: (2, 0, 0)
[SERVER] species_map keys: [0, 1, 2, 3, 4]
  DELTA_QUERY comp=1 MOV mol_idx=17 natoms=3 n_stored=80
    E_full=-9208.752183  E_ads=-1111.851621  E_cur=-9208.779276  E_ads_cur=-1111.894945  dE=-0.016230 eV
  COMMIT_MOVE comp=1 mol_idx=17  E_current=-9208.752183  E_ads_current=-1111.851621 eV
[SERVER] types_arr sample: (2, 0, 0)
[SERVER] species_map keys: [0, 1, 2, 3, 4]
  DELTA_QUERY comp=1 MOV mol_idx=23 natoms=3 n_stored=80
    E_full=-9208.622212  E_ads=-1111.854804  E_cur=-9208.752183  E_ads_cur=-1111.851621  dE=0.133153 eV
[SERVER] types_arr sample: (2, 0, 0)
[SERVER] species_map keys: [0, 1, 2, 3, 4]
  DELTA_QUERY comp=1 MOV mol_idx=0 natoms=3 n_stored=80
    E_full=-9206.734830  E_ads=-1111.880310  E_cur=-9208.752183  E_ads_cur=-1111.851621  dE=2.046042 eV
[SERVER] types_arr sample: (2, 0, 0)
[SERVER] species_map keys: [0, 1, 2, 3, 4]
  DELTA_QUERY comp=1 INS mol_idx=-1 natoms=3 n_stored=80
    E_full=-9222.846340  E_ads=-1126.161032  E_cur=-9208.752183  E_ads_cur=-1111.851621  dE=0.215253 eV
  DELTA_QUERY comp=1 DEL mol_idx=37 natoms=0 n_stored=80
    E_full=-9194.211001  E_ads=-1098.069671  E_cur=-9208.752183  E_ads_cur=-1111.851621  dE=0.759231 eV
[SERVER] types_arr sample: (2, 0, 0)
[SERVER] species_map keys: [0, 1, 2, 3, 4]
  DELTA_QUERY comp=1 MOV mol_idx=10 natoms=3 n_stored=80
    E_full=-9208.714430  E_ads=-1111.841089  E_cur=-9208.752183  E_ads_cur=-1111.851621  dE=0.027220 eV
[SERVER] types_arr sample: (2, 0, 0)
[SERVER] species_map keys: [0, 1, 2, 3, 4]
  DELTA_QUERY comp=1 MOV mol_idx=2 natoms=3 n_stored=80
    E_full=-9208.622325  E_ads=-1111.741243  E_cur=-9208.752183  E_ads_cur=-1111.851621  dE=0.019479 eV
[SERVER] types_arr sample: (2, 0, 0)
[SERVER] species_map keys: [0, 1, 2, 3, 4]
  DELTA_QUERY comp=1 MOV mol_idx=44 natoms=3 n_stored=80
    E_full=-9208.788295  E_ads=-1111.849783  E_cur=-9208.752183  E_ads_cur=-1111.851621  dE=-0.037951 eV
  COMMIT_MOVE comp=1 mol_idx=44  E_current=-9208.788295  E_ads_current=-1111.849783 eV
[SERVER] types_arr sample: (2, 0, 0)
[SERVER] species_map keys: [0, 1, 2, 3, 4]
  DELTA_QUERY comp=1 MOV mol_idx=40 natoms=3 n_stored=80
    E_full=-9208.110444  E_ads=-1111.548405  E_cur=-9208.788295  E_ads_cur=-1111.849783  dE=0.376473 eV
  DELTA_QUERY comp=1 DEL mol_idx=10 natoms=0 n_stored=80
    E_full=-9194.146240  E_ads=-1097.721342  E_cur=-9208.788295  E_ads_cur=-1111.849783  dE=0.513614 eV
[SERVER] types_arr sample: (2, 0, 0)
[SERVER] species_map keys: [0, 1, 2, 3, 4]
  DELTA_QUERY comp=1 MOV mol_idx=25 natoms=3 n_stored=80
    E_full=-9208.692888  E_ads=-1111.843272  E_cur=-9208.788295  E_ads_cur=-1111.849783  dE=0.088896 eV
  DELTA_QUERY comp=1 DEL mol_idx=39 natoms=0 n_stored=80
    E_full=-9194.271485  E_ads=-1097.888008  E_cur=-9208.788295  E_ads_cur=-1111.849783  dE=0.555035 eV
[SERVER] types_arr sample: (2, 0, 0)
[SERVER] species_map keys: [0, 1, 2, 3, 4]
  DELTA_QUERY comp=1 INS mol_idx=-1 natoms=3 n_stored=80
    E_full=-9222.711630  E_ads=-1125.561176  E_cur=-9208.788295  E_ads_cur=-1111.849783  dE=-0.211942 eV
[SERVER] types_arr sample: (2, 0, 0)
[SERVER] species_map keys: [0, 1, 2, 3, 4]
  DELTA_QUERY comp=1 MOV mol_idx=30 natoms=3 n_stored=80
    E_full=-9208.407251  E_ads=-1111.888974  E_cur=-9208.788295  E_ads_cur=-1111.849783  dE=0.420235 eV
[SERVER] types_arr sample: (2, 0, 0)
[SERVER] species_map keys: [0, 1, 2, 3, 4]
  DELTA_QUERY comp=1 MOV mol_idx=8 natoms=3 n_stored=80
    E_full=-9208.735957  E_ads=-1111.849520  E_cur=-9208.788295  E_ads_cur=-1111.849783  dE=0.052075 eV
[SERVER] types_arr sample: (2, 0, 0)
[SERVER] species_map keys: [0, 1, 2, 3, 4]
  DELTA_QUERY comp=1 MOV mol_idx=48 natoms=3 n_stored=80
    E_full=-9207.537125  E_ads=-1111.847872  E_cur=-9208.788295  E_ads_cur=-1111.849783  dE=1.249259 eV
[SERVER] types_arr sample: (2, 0, 0)
[SERVER] species_map keys: [0, 1, 2, 3, 4]
  DELTA_QUERY comp=1 MOV mol_idx=45 natoms=3 n_stored=80
    E_full=-9208.586235  E_ads=-1111.897414  E_cur=-9208.788295  E_ads_cur=-1111.849783  dE=0.249691 eV
[SERVER] types_arr sample: (2, 0, 0)
[SERVER] species_map keys: [0, 1, 2, 3, 4]
  DELTA_QUERY comp=1 MOV mol_idx=50 natoms=3 n_stored=80
    E_full=-9208.646688  E_ads=-1111.861256  E_cur=-9208.788295  E_ads_cur=-1111.849783  dE=0.153081 eV
[SERVER] types_arr sample: (2, 0, 0)
[SERVER] species_map keys: [0, 1, 2, 3, 4]
  DELTA_QUERY comp=1 MOV mol_idx=34 natoms=3 n_stored=80
    E_full=-9208.611729  E_ads=-1111.892036  E_cur=-9208.788295  E_ads_cur=-1111.849783  dE=0.218818 eV
[SERVER] types_arr sample: (2, 0, 0)
[SERVER] species_map keys: [0, 1, 2, 3, 4]
  DELTA_QUERY comp=1 MOV mol_idx=12 natoms=3 n_stored=80
    E_full=-9208.766456  E_ads=-1111.852912  E_cur=-9208.788295  E_ads_cur=-1111.849783  dE=0.024968 eV
[SERVER] types_arr sample: (2, 0, 0)
[SERVER] species_map keys: [0, 1, 2, 3, 4]
  DELTA_QUERY comp=1 MOV mol_idx=64 natoms=3 n_stored=80
    E_full=-9208.840029  E_ads=-1111.895906  E_cur=-9208.788295  E_ads_cur=-1111.849783  dE=-0.005611 eV
  COMMIT_MOVE comp=1 mol_idx=64  E_current=-9208.840029  E_ads_current=-1111.895906 eV
  DELTA_QUERY comp=1 DEL mol_idx=27 natoms=0 n_stored=80
    E_full=-9194.315183  E_ads=-1098.048101  E_cur=-9208.840029  E_ads_cur=-1111.895906  dE=0.677041 eV
[SERVER] types_arr sample: (2, 0, 0)
[SERVER] species_map keys: [0, 1, 2, 3, 4]
  DELTA_QUERY comp=1 MOV mol_idx=65 natoms=3 n_stored=80
    E_full=-9208.772926  E_ads=-1111.914571  E_cur=-9208.840029  E_ads_cur=-1111.895906  dE=0.085767 eV
[SERVER] types_arr sample: (2, 0, 0)
[SERVER] species_map keys: [0, 1, 2, 3, 4]
  DELTA_QUERY comp=1 MOV mol_idx=66 natoms=3 n_stored=80
    E_full=-9208.834598  E_ads=-1111.946359  E_cur=-9208.840029  E_ads_cur=-1111.895906  dE=0.055884 eV
  COMMIT_MOVE comp=1 mol_idx=66  E_current=-9208.834598  E_ads_current=-1111.946359 eV
[SERVER] types_arr sample: (2, 0, 0)
[SERVER] species_map keys: [0, 1, 2, 3, 4]
  DELTA_QUERY comp=1 MOV mol_idx=69 natoms=3 n_stored=80
    E_full=-9207.930328  E_ads=-1112.104065  E_cur=-9208.834598  E_ads_cur=-1111.946359  dE=1.061976 eV
[SERVER] types_arr sample: (2, 0, 0)
[SERVER] species_map keys: [0, 1, 2, 3, 4]
  DELTA_QUERY comp=1 MOV mol_idx=40 natoms=3 n_stored=80
    E_full=-9207.633586  E_ads=-1111.773098  E_cur=-9208.834598  E_ads_cur=-1111.946359  dE=1.027751 eV
[SERVER] types_arr sample: (2, 0, 0)
[SERVER] species_map keys: [0, 1, 2, 3, 4]
  DELTA_QUERY comp=1 MOV mol_idx=59 natoms=3 n_stored=80
    E_full=-9208.772782  E_ads=-1111.931100  E_cur=-9208.834598  E_ads_cur=-1111.946359  dE=0.046557 eV
[SERVER] types_arr sample: (2, 0, 0)
[SERVER] species_map keys: [0, 1, 2, 3, 4]
  DELTA_QUERY comp=1 MOV mol_idx=16 natoms=3 n_stored=80
    E_full=-9208.440738  E_ads=-1111.708535  E_cur=-9208.834598  E_ads_cur=-1111.946359  dE=0.156036 eV
[SERVER] types_arr sample: (2, 0, 0)
[SERVER] species_map keys: [0, 1, 2, 3, 4]
  DELTA_QUERY comp=1 MOV mol_idx=31 natoms=3 n_stored=80
    E_full=-9207.826147  E_ads=-1111.789983  E_cur=-9208.834598  E_ads_cur=-1111.946359  dE=0.852075 eV
[SERVER] types_arr sample: (2, 0, 0)
[SERVER] species_map keys: [0, 1, 2, 3, 4]
  DELTA_QUERY comp=1 MOV mol_idx=79 natoms=3 n_stored=80
    E_full=-9208.506709  E_ads=-1111.704186  E_cur=-9208.834598  E_ads_cur=-1111.946359  dE=0.085716 eV
[SERVER] types_arr sample: (2, 0, 0)
[SERVER] species_map keys: [0, 1, 2, 3, 4]
  DELTA_QUERY comp=1 MOV mol_idx=14 natoms=3 n_stored=80
    E_full=-9206.035022  E_ads=-1109.968658  E_cur=-9208.834598  E_ads_cur=-1111.946359  dE=0.821875 eV
[SERVER] types_arr sample: (2, 0, 0)
[SERVER] species_map keys: [0, 1, 2, 3, 4]
  DELTA_QUERY comp=1 MOV mol_idx=29 natoms=3 n_stored=80
    E_full=-9208.848213  E_ads=-1111.944572  E_cur=-9208.834598  E_ads_cur=-1111.946359  dE=-0.015401 eV
  COMMIT_MOVE comp=1 mol_idx=29  E_current=-9208.848213  E_ads_current=-1111.944572 eV
[SERVER] types_arr sample: (2, 0, 0)
[SERVER] species_map keys: [0, 1, 2, 3, 4]
  DELTA_QUERY comp=1 MOV mol_idx=52 natoms=3 n_stored=80
    E_full=-9208.645082  E_ads=-1112.123354  E_cur=-9208.848213  E_ads_cur=-1111.944572  dE=0.381913 eV
[SERVER] types_arr sample: (2, 0, 0)
[SERVER] species_map keys: [0, 1, 2, 3, 4]
  DELTA_QUERY comp=1 MOV mol_idx=33 natoms=3 n_stored=80
    E_full=-9207.904447  E_ads=-1112.221147  E_cur=-9208.848213  E_ads_cur=-1111.944572  dE=1.220341 eV
[SERVER] types_arr sample: (2, 0, 0)
[SERVER] species_map keys: [0, 1, 2, 3, 4]
  DELTA_QUERY comp=1 INS mol_idx=-1 natoms=3 n_stored=80
    E_full=-9221.985052  E_ads=-1125.132508  E_cur=-9208.848213  E_ads_cur=-1111.944572  dE=0.051097 eV
  DELTA_QUERY comp=1 DEL mol_idx=44 natoms=0 n_stored=80
    E_full=-9194.454608  E_ads=-1098.160092  E_cur=-9208.848213  E_ads_cur=-1111.944572  dE=0.609125 eV
[SERVER] types_arr sample: (2, 0, 0)
[SERVER] species_map keys: [0, 1, 2, 3, 4]
  DELTA_QUERY comp=1 MOV mol_idx=63 natoms=3 n_stored=80
    E_full=-9208.781837  E_ads=-1111.888602  E_cur=-9208.848213  E_ads_cur=-1111.944572  dE=0.010406 eV
[SERVER] types_arr sample: (2, 0, 0)
[SERVER] species_map keys: [0, 1, 2, 3, 4]
  DELTA_QUERY comp=1 MOV mol_idx=58 natoms=3 n_stored=80
    E_full=-9208.504974  E_ads=-1111.835475  E_cur=-9208.848213  E_ads_cur=-1111.944572  dE=0.234142 eV
  DELTA_QUERY comp=1 DEL mol_idx=60 natoms=0 n_stored=80
    E_full=-9194.323285  E_ads=-1098.135131  E_cur=-9208.848213  E_ads_cur=-1111.944572  dE=0.715487 eV
[SERVER] types_arr sample: (2, 0, 0)
[SERVER] species_map keys: [0, 1, 2, 3, 4]
  DELTA_QUERY comp=1 MOV mol_idx=4 natoms=3 n_stored=80
    E_full=-9208.802292  E_ads=-1111.944786  E_cur=-9208.848213  E_ads_cur=-1111.944572  dE=0.046135 eV
[SERVER] types_arr sample: (2, 0, 0)
[SERVER] species_map keys: [0, 1, 2, 3, 4]
  DELTA_QUERY comp=1 MOV mol_idx=45 natoms=3 n_stored=80
    E_full=-9208.771228  E_ads=-1111.968693  E_cur=-9208.848213  E_ads_cur=-1111.944572  dE=0.101106 eV
  COMMIT_MOVE comp=1 mol_idx=45  E_current=-9208.771228  E_ads_current=-1111.968693 eV
[SERVER] types_arr sample: (2, 0, 0)
[SERVER] species_map keys: [0, 1, 2, 3, 4]
  DELTA_QUERY comp=1 INS mol_idx=-1 natoms=3 n_stored=80
    E_full=-9223.296603  E_ads=-1126.359515  E_cur=-9208.771228  E_ads_cur=-1111.968693  dE=-0.134553 eV
[SERVER] types_arr sample: (2, 0, 0)
[SERVER] species_map keys: [0, 1, 2, 3, 4]
  DELTA_QUERY comp=1 MOV mol_idx=24 natoms=3 n_stored=80
    E_full=-9208.486960  E_ads=-1111.980288  E_cur=-9208.771228  E_ads_cur=-1111.968693  dE=0.295862 eV
[SERVER] types_arr sample: (2, 0, 0)
[SERVER] species_map keys: [0, 1, 2, 3, 4]
  DELTA_QUERY comp=1 MOV mol_idx=15 natoms=3 n_stored=80
    E_full=-9208.799226  E_ads=-1111.907721  E_cur=-9208.771228  E_ads_cur=-1111.968693  dE=-0.088970 eV
[SERVER] types_arr sample: (2, 0, 0)
[SERVER] species_map keys: [0, 1, 2, 3, 4]
  DELTA_QUERY comp=1 MOV mol_idx=30 natoms=3 n_stored=80
    E_full=-9208.705081  E_ads=-1112.359549  E_cur=-9208.771228  E_ads_cur=-1111.968693  dE=0.457003 eV
[SERVER] types_arr sample: (2, 0, 0)
[SERVER] species_map keys: [0, 1, 2, 3, 4]
  DELTA_QUERY comp=1 MOV mol_idx=53 natoms=3 n_stored=80
    E_full=-9208.762113  E_ads=-1111.950284  E_cur=-9208.771228  E_ads_cur=-1111.968693  dE=-0.009294 eV
  DELTA_QUERY comp=1 DEL mol_idx=35 natoms=0 n_stored=80
    E_full=-9194.210377  E_ads=-1098.170872  E_cur=-9208.771228  E_ads_cur=-1111.968693  dE=0.763030 eV
  DELTA_QUERY comp=1 DEL mol_idx=17 natoms=0 n_stored=80
    E_full=-9194.303718  E_ads=-1097.757712  E_cur=-9208.771228  E_ads_cur=-1111.968693  dE=0.256530 eV
[SERVER] types_arr sample: (2, 0, 0)
[SERVER] species_map keys: [0, 1, 2, 3, 4]
  DELTA_QUERY comp=1 MOV mol_idx=60 natoms=3 n_stored=80
    E_full=-9208.601608  E_ads=-1111.957477  E_cur=-9208.771228  E_ads_cur=-1111.968693  dE=0.158404 eV
[SERVER] types_arr sample: (2, 0, 0)
[SERVER] species_map keys: [0, 1, 2, 3, 4]
  DELTA_QUERY comp=1 MOV mol_idx=38 natoms=3 n_stored=80
    E_full=-9207.959338  E_ads=-1111.525248  E_cur=-9208.771228  E_ads_cur=-1111.968693  dE=0.368444 eV
[SERVER] types_arr sample: (2, 0, 0)
[SERVER] species_map keys: [0, 1, 2, 3, 4]
  DELTA_QUERY comp=1 MOV mol_idx=27 natoms=3 n_stored=80
    E_full=-9208.734650  E_ads=-1111.957518  E_cur=-9208.771228  E_ads_cur=-1111.968693  dE=0.025403 eV
[SERVER] types_arr sample: (2, 0, 0)
[SERVER] species_map keys: [0, 1, 2, 3, 4]
  DELTA_QUERY comp=1 INS mol_idx=-1 natoms=3 n_stored=80
    E_full=-9220.514664  E_ads=-1123.586260  E_cur=-9208.771228  E_ads_cur=-1111.968693  dE=-0.125868 eV
[SERVER] types_arr sample: (2, 0, 0)
[SERVER] species_map keys: [0, 1, 2, 3, 4]
  DELTA_QUERY comp=1 MOV mol_idx=72 natoms=3 n_stored=80
    E_full=-9208.746114  E_ads=-1111.971336  E_cur=-9208.771228  E_ads_cur=-1111.968693  dE=0.027758 eV
[SERVER] types_arr sample: (2, 0, 0)
[SERVER] species_map keys: [0, 1, 2, 3, 4]
  DELTA_QUERY comp=1 MOV mol_idx=10 natoms=3 n_stored=80
    E_full=-9208.756461  E_ads=-1111.958762  E_cur=-9208.771228  E_ads_cur=-1111.968693  dE=0.004837 eV
[SERVER] types_arr sample: (2, 0, 0)
[SERVER] species_map keys: [0, 1, 2, 3, 4]
  DELTA_QUERY comp=1 MOV mol_idx=20 natoms=3 n_stored=80
    E_full=-9208.003451  E_ads=-1112.545705  E_cur=-9208.771228  E_ads_cur=-1111.968693  dE=1.344789 eV
[SERVER] types_arr sample: (2, 0, 0)
[SERVER] species_map keys: [0, 1, 2, 3, 4]
  DELTA_QUERY comp=1 MOV mol_idx=44 natoms=3 n_stored=80
    E_full=-9208.263914  E_ads=-1112.094208  E_cur=-9208.771228  E_ads_cur=-1111.968693  dE=0.632829 eV
[SERVER] types_arr sample: (2, 0, 0)
[SERVER] species_map keys: [0, 1, 2, 3, 4]
  DELTA_QUERY comp=1 MOV mol_idx=65 natoms=3 n_stored=80
    E_full=-9208.710340  E_ads=-1111.952483  E_cur=-9208.771228  E_ads_cur=-1111.968693  dE=0.044678 eV
[SERVER] types_arr sample: (2, 0, 0)
[SERVER] species_map keys: [0, 1, 2, 3, 4]
  DELTA_QUERY comp=1 MOV mol_idx=22 natoms=3 n_stored=80
    E_full=-9208.420420  E_ads=-1112.088931  E_cur=-9208.771228  E_ads_cur=-1111.968693  dE=0.471046 eV
  DELTA_QUERY comp=1 DEL mol_idx=64 natoms=0 n_stored=80
    E_full=-9194.219428  E_ads=-1097.789526  E_cur=-9208.771228  E_ads_cur=-1111.968693  dE=0.372633 eV
[SERVER] types_arr sample: (2, 0, 0)
[SERVER] species_map keys: [0, 1, 2, 3, 4]
  DELTA_QUERY comp=1 MOV mol_idx=38 natoms=3 n_stored=80
    E_full=-9208.229764  E_ads=-1111.866380  E_cur=-9208.771228  E_ads_cur=-1111.968693  dE=0.439151 eV
[SERVER] types_arr sample: (2, 0, 0)
[SERVER] species_map keys: [0, 1, 2, 3, 4]
  DELTA_QUERY comp=1 MOV mol_idx=77 natoms=3 n_stored=80
    E_full=-9208.717788  E_ads=-1111.959411  E_cur=-9208.771228  E_ads_cur=-1111.968693  dE=0.044157 eV
[SERVER] types_arr sample: (2, 0, 0)
[SERVER] species_map keys: [0, 1, 2, 3, 4]
  DELTA_QUERY comp=1 MOV mol_idx=15 natoms=3 n_stored=80
    E_full=-9208.754332  E_ads=-1111.964865  E_cur=-9208.771228  E_ads_cur=-1111.968693  dE=0.013068 eV
[SERVER] types_arr sample: (2, 0, 0)
[SERVER] species_map keys: [0, 1, 2, 3, 4]
  DELTA_QUERY comp=1 MOV mol_idx=16 natoms=3 n_stored=80
    E_full=-9208.700141  E_ads=-1111.986677  E_cur=-9208.771228  E_ads_cur=-1111.968693  dE=0.089071 eV
[SERVER] types_arr sample: (2, 0, 0)
[SERVER] species_map keys: [0, 1, 2, 3, 4]
  DELTA_QUERY comp=1 MOV mol_idx=54 natoms=3 n_stored=80
    E_full=-9208.784631  E_ads=-1111.973730  E_cur=-9208.771228  E_ads_cur=-1111.968693  dE=-0.008366 eV
  COMMIT_MOVE comp=1 mol_idx=54  E_current=-9208.784631  E_ads_current=-1111.973730 eV
[SERVER] types_arr sample: (2, 0, 0)
[SERVER] species_map keys: [0, 1, 2, 3, 4]
  DELTA_QUERY comp=1 MOV mol_idx=2 natoms=3 n_stored=80
    E_full=-9207.955647  E_ads=-1112.057529  E_cur=-9208.784631  E_ads_cur=-1111.973730  dE=0.912783 eV
[SERVER] types_arr sample: (2, 0, 0)
[SERVER] species_map keys: [0, 1, 2, 3, 4]
  DELTA_QUERY comp=1 MOV mol_idx=0 natoms=3 n_stored=80
    E_full=-9208.532856  E_ads=-1112.234760  E_cur=-9208.784631  E_ads_cur=-1111.973730  dE=0.512806 eV
  DELTA_QUERY comp=1 DEL mol_idx=52 natoms=0 n_stored=80
    E_full=-9194.410855  E_ads=-1098.166622  E_cur=-9208.784631  E_ads_cur=-1111.973730  dE=0.566669 eV
[SERVER] types_arr sample: (2, 0, 0)
[SERVER] species_map keys: [0, 1, 2, 3, 4]
  DELTA_QUERY comp=1 INS mol_idx=-1 natoms=3 n_stored=80
    E_full=-9222.580215  E_ads=-1125.944085  E_cur=-9208.784631  E_ads_cur=-1111.973730  dE=0.174772 eV
[SERVER] types_arr sample: (2, 0, 0)
[SERVER] species_map keys: [0, 1, 2, 3, 4]
  DELTA_QUERY comp=1 MOV mol_idx=78 natoms=3 n_stored=80
    E_full=-9208.787473  E_ads=-1111.994937  E_cur=-9208.784631  E_ads_cur=-1111.973730  dE=0.018365 eV
  COMMIT_MOVE comp=1 mol_idx=78  E_current=-9208.787473  E_ads_current=-1111.994937 eV
[SERVER] types_arr sample: (2, 0, 0)
[SERVER] species_map keys: [0, 1, 2, 3, 4]
  DELTA_QUERY comp=1 MOV mol_idx=24 natoms=3 n_stored=80
    E_full=-9208.470278  E_ads=-1112.252368  E_cur=-9208.787473  E_ads_cur=-1111.994937  dE=0.574627 eV
  DELTA_QUERY comp=1 DEL mol_idx=63 natoms=0 n_stored=80
    E_full=-9194.247229  E_ads=-1097.643061  E_cur=-9208.787473  E_ads_cur=-1111.994937  dE=0.188369 eV
[SERVER] types_arr sample: (2, 0, 0)
[SERVER] species_map keys: [0, 1, 2, 3, 4]
  DELTA_QUERY comp=1 MOV mol_idx=58 natoms=3 n_stored=80
    E_full=-9208.310849  E_ads=-1111.890672  E_cur=-9208.787473  E_ads_cur=-1111.994937  dE=0.372360 eV
[SERVER] types_arr sample: (2, 0, 0)
[SERVER] species_map keys: [0, 1, 2, 3, 4]
  DELTA_QUERY comp=1 MOV mol_idx=22 natoms=3 n_stored=80
    E_full=-9208.773330  E_ads=-1111.997432  E_cur=-9208.787473  E_ads_cur=-1111.994937  dE=0.016639 eV
[SERVER] types_arr sample: (2, 0, 0)
[SERVER] species_map keys: [0, 1, 2, 3, 4]
  DELTA_QUERY comp=1 MOV mol_idx=43 natoms=3 n_stored=80
    E_full=-9208.676270  E_ads=-1111.985853  E_cur=-9208.787473  E_ads_cur=-1111.994937  dE=0.102120 eV
[SERVER] types_arr sample: (2, 0, 0)
[SERVER] species_map keys: [0, 1, 2, 3, 4]
  DELTA_QUERY comp=1 MOV mol_idx=70 natoms=3 n_stored=80
    E_full=-9208.740735  E_ads=-1111.941810  E_cur=-9208.787473  E_ads_cur=-1111.994937  dE=-0.006388 eV
[SERVER] types_arr sample: (2, 0, 0)
[SERVER] species_map keys: [0, 1, 2, 3, 4]
  DELTA_QUERY comp=1 MOV mol_idx=2 natoms=3 n_stored=80
    E_full=-9205.101490  E_ads=-1112.095643  E_cur=-9208.787473  E_ads_cur=-1111.994937  dE=3.786690 eV
[SERVER] types_arr sample: (2, 0, 0)
[SERVER] species_map keys: [0, 1, 2, 3, 4]
  DELTA_QUERY comp=1 MOV mol_idx=50 natoms=3 n_stored=80
    E_full=-9208.711843  E_ads=-1111.970669  E_cur=-9208.787473  E_ads_cur=-1111.994937  dE=0.051363 eV
[SERVER] types_arr sample: (2, 0, 0)
[SERVER] species_map keys: [0, 1, 2, 3, 4]
  DELTA_QUERY comp=1 MOV mol_idx=42 natoms=3 n_stored=80
    E_full=-9208.380000  E_ads=-1112.249119  E_cur=-9208.787473  E_ads_cur=-1111.994937  dE=0.661656 eV
[SERVER] types_arr sample: (2, 0, 0)
[SERVER] species_map keys: [0, 1, 2, 3, 4]
  DELTA_QUERY comp=1 MOV mol_idx=52 natoms=3 n_stored=80
    E_full=-9208.752908  E_ads=-1111.995896  E_cur=-9208.787473  E_ads_cur=-1111.994937  dE=0.035525 eV
[SERVER] types_arr sample: (2, 0, 0)
[SERVER] species_map keys: [0, 1, 2, 3, 4]
  DELTA_QUERY comp=1 MOV mol_idx=66 natoms=3 n_stored=80
    E_full=-9208.607378  E_ads=-1111.962197  E_cur=-9208.787473  E_ads_cur=-1111.994937  dE=0.147356 eV
  DELTA_QUERY comp=1 DEL mol_idx=20 natoms=0 n_stored=80
    E_full=-9194.294904  E_ads=-1098.147291  E_cur=-9208.787473  E_ads_cur=-1111.994937  dE=0.644924 eV
[SERVER] types_arr sample: (2, 0, 0)
[SERVER] species_map keys: [0, 1, 2, 3, 4]
  DELTA_QUERY comp=1 MOV mol_idx=48 natoms=3 n_stored=80
    E_full=-9205.524767  E_ads=-1111.084711  E_cur=-9208.787473  E_ads_cur=-1111.994937  dE=2.352482 eV
[SERVER] types_arr sample: (2, 0, 0)
[SERVER] species_map keys: [0, 1, 2, 3, 4]
  DELTA_QUERY comp=1 MOV mol_idx=10 natoms=3 n_stored=80
    E_full=-9207.501832  E_ads=-1111.416603  E_cur=-9208.787473  E_ads_cur=-1111.994937  dE=0.707307 eV
[SERVER] types_arr sample: (2, 0, 0)
[SERVER] species_map keys: [0, 1, 2, 3, 4]
  DELTA_QUERY comp=1 MOV mol_idx=48 natoms=3 n_stored=80
    E_full=-9208.770969  E_ads=-1112.395282  E_cur=-9208.787473  E_ads_cur=-1111.994937  dE=0.416850 eV
[SERVER] types_arr sample: (2, 0, 0)
[SERVER] species_map keys: [0, 1, 2, 3, 4]
  DELTA_QUERY comp=1 MOV mol_idx=56 natoms=3 n_stored=80
    E_full=-9208.699125  E_ads=-1111.927144  E_cur=-9208.787473  E_ads_cur=-1111.994937  dE=0.020556 eV
[SERVER] types_arr sample: (2, 0, 0)
[SERVER] species_map keys: [0, 1, 2, 3, 4]
  DELTA_QUERY comp=1 MOV mol_idx=63 natoms=3 n_stored=80
    E_full=-9208.730464  E_ads=-1111.992232  E_cur=-9208.787473  E_ads_cur=-1111.994937  dE=0.054305 eV
  DELTA_QUERY comp=1 DEL mol_idx=67 natoms=0 n_stored=80
    E_full=-9194.169309  E_ads=-1097.831041  E_cur=-9208.787473  E_ads_cur=-1111.994937  dE=0.454269 eV
[SERVER] types_arr sample: (2, 0, 0)
[SERVER] species_map keys: [0, 1, 2, 3, 4]
  DELTA_QUERY comp=1 MOV mol_idx=68 natoms=3 n_stored=80
    E_full=-9209.030244  E_ads=-1112.235032  E_cur=-9208.787473  E_ads_cur=-1111.994937  dE=-0.002675 eV
  COMMIT_MOVE comp=1 mol_idx=68  E_current=-9209.030244  E_ads_current=-1112.235032 eV
[SERVER] types_arr sample: (2, 0, 0)
[SERVER] species_map keys: [0, 1, 2, 3, 4]
  DELTA_QUERY comp=1 MOV mol_idx=6 natoms=3 n_stored=80
    E_full=-9209.034627  E_ads=-1112.234817  E_cur=-9209.030244  E_ads_cur=-1112.235032  dE=-0.004598 eV
  COMMIT_MOVE comp=1 mol_idx=6  E_current=-9209.034627  E_ads_current=-1112.234817 eV
[SERVER] types_arr sample: (2, 0, 0)
[SERVER] species_map keys: [0, 1, 2, 3, 4]
  DELTA_QUERY comp=1 MOV mol_idx=42 natoms=3 n_stored=80
    E_full=-9208.945610  E_ads=-1112.231724  E_cur=-9209.034627  E_ads_cur=-1112.234817  dE=0.085924 eV
  COMMIT_MOVE comp=1 mol_idx=42  E_current=-9208.945610  E_ads_current=-1112.231724 eV
[SERVER] types_arr sample: (2, 0, 0)
[SERVER] species_map keys: [0, 1, 2, 3, 4]
  DELTA_QUERY comp=1 MOV mol_idx=9 natoms=3 n_stored=80
    E_full=-9208.632846  E_ads=-1112.235370  E_cur=-9208.945610  E_ads_cur=-1112.231724  dE=0.316409 eV
  DELTA_QUERY comp=1 DEL mol_idx=27 natoms=0 n_stored=80
    E_full=-9194.423618  E_ads=-1098.383188  E_cur=-9208.945610  E_ads_cur=-1112.231724  dE=0.673456 eV
[SERVER] types_arr sample: (2, 0, 0)
[SERVER] species_map keys: [0, 1, 2, 3, 4]
  DELTA_QUERY comp=1 MOV mol_idx=60 natoms=3 n_stored=80
    E_full=-9208.641207  E_ads=-1112.694048  E_cur=-9208.945610  E_ads_cur=-1112.231724  dE=0.766726 eV
[SERVER] types_arr sample: (2, 0, 0)
[SERVER] species_map keys: [0, 1, 2, 3, 4]
  DELTA_QUERY comp=1 MOV mol_idx=34 natoms=3 n_stored=80
    E_full=-9207.506012  E_ads=-1112.314238  E_cur=-9208.945610  E_ads_cur=-1112.231724  dE=1.522112 eV
[SERVER] types_arr sample: (2, 0, 0)
[SERVER] species_map keys: [0, 1, 2, 3, 4]
  DELTA_QUERY comp=1 MOV mol_idx=69 natoms=3 n_stored=80
    E_full=-9207.609554  E_ads=-1112.417394  E_cur=-9208.945610  E_ads_cur=-1112.231724  dE=1.521726 eV
[SERVER] types_arr sample: (2, 0, 0)
[SERVER] species_map keys: [0, 1, 2, 3, 4]
  DELTA_QUERY comp=1 INS mol_idx=-1 natoms=3 n_stored=80
    E_full=-9219.393602  E_ads=-1125.549421  E_cur=-9208.945610  E_ads_cur=-1112.231724  dE=2.869705 eV
  DELTA_QUERY comp=1 DEL mol_idx=22 natoms=0 n_stored=80
    E_full=-9194.305527  E_ads=-1098.034961  E_cur=-9208.945610  E_ads_cur=-1112.231724  dE=0.443320 eV
[SERVER] types_arr sample: (2, 0, 0)
[SERVER] species_map keys: [0, 1, 2, 3, 4]
  DELTA_QUERY comp=1 MOV mol_idx=23 natoms=3 n_stored=80
    E_full=-9208.437654  E_ads=-1112.294759  E_cur=-9208.945610  E_ads_cur=-1112.231724  dE=0.570991 eV
[SERVER] types_arr sample: (2, 0, 0)
[SERVER] species_map keys: [0, 1, 2, 3, 4]
  DELTA_QUERY comp=1 MOV mol_idx=54 natoms=3 n_stored=80
    E_full=-9208.953861  E_ads=-1112.241784  E_cur=-9208.945610  E_ads_cur=-1112.231724  dE=0.001809 eV
  COMMIT_MOVE comp=1 mol_idx=54  E_current=-9208.953861  E_ads_current=-1112.241784 eV
[SERVER] types_arr sample: (2, 0, 0)
[SERVER] species_map keys: [0, 1, 2, 3, 4]
  DELTA_QUERY comp=1 MOV mol_idx=56 natoms=3 n_stored=80
    E_full=-9208.952183  E_ads=-1112.261480  E_cur=-9208.953861  E_ads_cur=-1112.241784  dE=0.021374 eV
  COMMIT_MOVE comp=1 mol_idx=56  E_current=-9208.952183  E_ads_current=-1112.261480 eV
[SERVER] types_arr sample: (2, 0, 0)
[SERVER] species_map keys: [0, 1, 2, 3, 4]
  DELTA_QUERY comp=1 INS mol_idx=-1 natoms=3 n_stored=80
    E_full=-9222.850979  E_ads=-1126.549772  E_cur=-9208.952183  E_ads_cur=-1112.261480  dE=0.389495 eV
[SERVER] types_arr sample: (2, 0, 0)
[SERVER] species_map keys: [0, 1, 2, 3, 4]
  DELTA_QUERY comp=1 MOV mol_idx=19 natoms=3 n_stored=80
    E_full=-9209.013090  E_ads=-1112.233826  E_cur=-9208.952183  E_ads_cur=-1112.261480  dE=-0.088562 eV
  COMMIT_MOVE comp=1 mol_idx=19  E_current=-9209.013090  E_ads_current=-1112.233826 eV
[SERVER] types_arr sample: (2, 0, 0)
[SERVER] species_map keys: [0, 1, 2, 3, 4]
  DELTA_QUERY comp=1 MOV mol_idx=65 natoms=3 n_stored=80
    E_full=-9209.145370  E_ads=-1112.474454  E_cur=-9209.013090  E_ads_cur=-1112.233826  dE=0.108347 eV
[SERVER] types_arr sample: (2, 0, 0)
[SERVER] species_map keys: [0, 1, 2, 3, 4]
  DELTA_QUERY comp=1 MOV mol_idx=51 natoms=3 n_stored=80
    E_full=-9208.501349  E_ads=-1112.631494  E_cur=-9209.013090  E_ads_cur=-1112.233826  dE=0.909409 eV
[SERVER] types_arr sample: (2, 0, 0)
[SERVER] species_map keys: [0, 1, 2, 3, 4]
  DELTA_QUERY comp=1 MOV mol_idx=22 natoms=3 n_stored=80
    E_full=-9209.102966  E_ads=-1112.272258  E_cur=-9209.013090  E_ads_cur=-1112.233826  dE=-0.051443 eV
  COMMIT_MOVE comp=1 mol_idx=22  E_current=-9209.102966  E_ads_current=-1112.272258 eV
[SERVER] types_arr sample: (2, 0, 0)
[SERVER] species_map keys: [0, 1, 2, 3, 4]
  DELTA_QUERY comp=1 MOV mol_idx=44 natoms=3 n_stored=80
    E_full=-9207.392250  E_ads=-1111.645284  E_cur=-9209.102966  E_ads_cur=-1112.272258  dE=1.083741 eV
[SERVER] types_arr sample: (2, 0, 0)
[SERVER] species_map keys: [0, 1, 2, 3, 4]
  DELTA_QUERY comp=1 INS mol_idx=-1 natoms=3 n_stored=80
    E_full=-9222.778958  E_ads=-1126.035641  E_cur=-9209.102966  E_ads_cur=-1112.272258  dE=0.087390 eV
[SERVER] types_arr sample: (2, 0, 0)
[SERVER] species_map keys: [0, 1, 2, 3, 4]
  DELTA_QUERY comp=1 MOV mol_idx=55 natoms=3 n_stored=80
    E_full=-9209.057602  E_ads=-1112.242529  E_cur=-9209.102966  E_ads_cur=-1112.272258  dE=0.015635 eV
[SERVER] types_arr sample: (2, 0, 0)
[SERVER] species_map keys: [0, 1, 2, 3, 4]
  DELTA_QUERY comp=1 MOV mol_idx=43 natoms=3 n_stored=80
    E_full=-9209.035512  E_ads=-1112.268237  E_cur=-9209.102966  E_ads_cur=-1112.272258  dE=0.063432 eV
[SERVER] types_arr sample: (2, 0, 0)
[SERVER] species_map keys: [0, 1, 2, 3, 4]
  DELTA_QUERY comp=1 MOV mol_idx=61 natoms=3 n_stored=80
    E_full=-9209.152018  E_ads=-1112.266120  E_cur=-9209.102966  E_ads_cur=-1112.272258  dE=-0.055190 eV
  COMMIT_MOVE comp=1 mol_idx=61  E_current=-9209.152018  E_ads_current=-1112.266120 eV
[SERVER] types_arr sample: (2, 0, 0)
[SERVER] species_map keys: [0, 1, 2, 3, 4]
  DELTA_QUERY comp=1 INS mol_idx=-1 natoms=3 n_stored=80
    E_full=-9222.153318  E_ads=-1126.012594  E_cur=-9209.152018  E_ads_cur=-1112.266120  dE=0.745173 eV
[SERVER] types_arr sample: (2, 0, 0)
[SERVER] species_map keys: [0, 1, 2, 3, 4]
  DELTA_QUERY comp=1 MOV mol_idx=69 natoms=3 n_stored=80
    E_full=-9208.953170  E_ads=-1112.125245  E_cur=-9209.152018  E_ads_cur=-1112.266120  dE=0.057973 eV
  DELTA_QUERY comp=1 DEL mol_idx=20 natoms=0 n_stored=80
    E_full=-9194.659766  E_ads=-1098.418474  E_cur=-9209.152018  E_ads_cur=-1112.266120  dE=0.644606 eV
  DELTA_QUERY comp=1 DEL mol_idx=71 natoms=0 n_stored=80
    E_full=-9194.648645  E_ads=-1098.002830  E_cur=-9209.152018  E_ads_cur=-1112.266120  dE=0.240083 eV
[SERVER] types_arr sample: (2, 0, 0)
[SERVER] species_map keys: [0, 1, 2, 3, 4]
  DELTA_QUERY comp=1 MOV mol_idx=14 natoms=3 n_stored=80
    E_full=-9208.762458  E_ads=-1111.989845  E_cur=-9209.152018  E_ads_cur=-1112.266120  dE=0.113285 eV
[SERVER] types_arr sample: (2, 0, 0)
[SERVER] species_map keys: [0, 1, 2, 3, 4]
  DELTA_QUERY comp=1 MOV mol_idx=63 natoms=3 n_stored=80
    E_full=-9208.976092  E_ads=-1112.242634  E_cur=-9209.152018  E_ads_cur=-1112.266120  dE=0.152440 eV
[SERVER] types_arr sample: (2, 0, 0)
[SERVER] species_map keys: [0, 1, 2, 3, 4]
  DELTA_QUERY comp=1 MOV mol_idx=60 natoms=3 n_stored=80
    E_full=-9209.024129  E_ads=-1112.544563  E_cur=-9209.152018  E_ads_cur=-1112.266120  dE=0.406332 eV
[SERVER] types_arr sample: (2, 0, 0)
[SERVER] species_map keys: [0, 1, 2, 3, 4]
  DELTA_QUERY comp=1 MOV mol_idx=29 natoms=3 n_stored=80
    E_full=-9209.033203  E_ads=-1112.573929  E_cur=-9209.152018  E_ads_cur=-1112.266120  dE=0.426624 eV
[SERVER] types_arr sample: (2, 0, 0)
[SERVER] species_map keys: [0, 1, 2, 3, 4]
  DELTA_QUERY comp=1 MOV mol_idx=20 natoms=3 n_stored=80
    E_full=-9208.684588  E_ads=-1112.673968  E_cur=-9209.152018  E_ads_cur=-1112.266120  dE=0.875278 eV
[SERVER] types_arr sample: (2, 0, 0)
[SERVER] species_map keys: [0, 1, 2, 3, 4]
  DELTA_QUERY comp=1 MOV mol_idx=64 natoms=3 n_stored=80
    E_full=-9207.632140  E_ads=-1112.440156  E_cur=-9209.152018  E_ads_cur=-1112.266120  dE=1.693914 eV
[SERVER] types_arr sample: (2, 0, 0)
[SERVER] species_map keys: [0, 1, 2, 3, 4]
  DELTA_QUERY comp=1 INS mol_idx=-1 natoms=3 n_stored=80
    E_full=-9223.187660  E_ads=-1126.365266  E_cur=-9209.152018  E_ads_cur=-1112.266120  dE=0.063504 eV
[SERVER] types_arr sample: (2, 0, 0)
[SERVER] species_map keys: [0, 1, 2, 3, 4]
  DELTA_QUERY comp=1 MOV mol_idx=49 natoms=3 n_stored=80
    E_full=-9209.005422  E_ads=-1112.544817  E_cur=-9209.152018  E_ads_cur=-1112.266120  dE=0.425293 eV
[SERVER] types_arr sample: (2, 0, 0)
[SERVER] species_map keys: [0, 1, 2, 3, 4]
  DELTA_QUERY comp=1 MOV mol_idx=16 natoms=3 n_stored=80
    E_full=-9209.121144  E_ads=-1112.209054  E_cur=-9209.152018  E_ads_cur=-1112.266120  dE=-0.026192 eV
  COMMIT_MOVE comp=1 mol_idx=16  E_current=-9209.121144  E_ads_current=-1112.209054 eV
[SERVER] types_arr sample: (2, 0, 0)
[SERVER] species_map keys: [0, 1, 2, 3, 4]
  DELTA_QUERY comp=1 MOV mol_idx=39 natoms=3 n_stored=80
    E_full=-9209.102507  E_ads=-1112.228492  E_cur=-9209.121144  E_ads_cur=-1112.209054  dE=0.038075 eV
  COMMIT_MOVE comp=1 mol_idx=39  E_current=-9209.102507  E_ads_current=-1112.228492 eV
  DELTA_QUERY comp=1 DEL mol_idx=34 natoms=0 n_stored=80
    E_full=-9194.629416  E_ads=-1098.396929  E_cur=-9209.102507  E_ads_cur=-1112.228492  dE=0.641528 eV
[SERVER] types_arr sample: (2, 0, 0)
[SERVER] species_map keys: [0, 1, 2, 3, 4]
  DELTA_QUERY comp=1 MOV mol_idx=50 natoms=3 n_stored=80
    E_full=-9209.075894  E_ads=-1112.225027  E_cur=-9209.102507  E_ads_cur=-1112.228492  dE=0.023149 eV
[SERVER] types_arr sample: (2, 0, 0)
[SERVER] species_map keys: [0, 1, 2, 3, 4]
  DELTA_QUERY comp=1 MOV mol_idx=18 natoms=3 n_stored=80
    E_full=-9207.591161  E_ads=-1111.638475  E_cur=-9209.102507  E_ads_cur=-1112.228492  dE=0.921329 eV
[SERVER] types_arr sample: (2, 0, 0)
[SERVER] species_map keys: [0, 1, 2, 3, 4]
  DELTA_QUERY comp=1 MOV mol_idx=52 natoms=3 n_stored=80
    E_full=-9209.044688  E_ads=-1112.229540  E_cur=-9209.102507  E_ads_cur=-1112.228492  dE=0.058867 eV
[SERVER] types_arr sample: (2, 0, 0)
[SERVER] species_map keys: [0, 1, 2, 3, 4]
  DELTA_QUERY comp=1 INS mol_idx=-1 natoms=3 n_stored=80
    E_full=-9223.402383  E_ads=-1126.699274  E_cur=-9209.102507  E_ads_cur=-1112.228492  dE=0.170907 eV
[SERVER] types_arr sample: (2, 0, 0)
[SERVER] species_map keys: [0, 1, 2, 3, 4]
  DELTA_QUERY comp=1 INS mol_idx=-1 natoms=3 n_stored=80
    E_full=-9223.183741  E_ads=-1126.291173  E_cur=-9209.102507  E_ads_cur=-1112.228492  dE=-0.018552 eV
[SERVER] types_arr sample: (2, 0, 0)
[SERVER] species_map keys: [0, 1, 2, 3, 4]
  DELTA_QUERY comp=1 MOV mol_idx=31 natoms=3 n_stored=80
    E_full=-9208.801696  E_ads=-1112.124754  E_cur=-9209.102507  E_ads_cur=-1112.228492  dE=0.197073 eV
[SERVER] types_arr sample: (2, 0, 0)
[SERVER] species_map keys: [0, 1, 2, 3, 4]
  DELTA_QUERY comp=1 MOV mol_idx=69 natoms=3 n_stored=80
    E_full=-9208.521472  E_ads=-1111.918989  E_cur=-9209.102507  E_ads_cur=-1112.228492  dE=0.271533 eV
[SERVER] types_arr sample: (2, 0, 0)
[SERVER] species_map keys: [0, 1, 2, 3, 4]
  DELTA_QUERY comp=1 MOV mol_idx=47 natoms=3 n_stored=80
    E_full=-9209.104113  E_ads=-1112.233672  E_cur=-9209.102507  E_ads_cur=-1112.228492  dE=0.003575 eV
  DELTA_QUERY comp=1 DEL mol_idx=4 natoms=0 n_stored=80
    E_full=-9194.542597  E_ads=-1098.450963  E_cur=-9209.102507  E_ads_cur=-1112.228492  dE=0.782382 eV
  DELTA_QUERY comp=1 DEL mol_idx=51 natoms=0 n_stored=80
    E_full=-9194.667185  E_ads=-1098.439652  E_cur=-9209.102507  E_ads_cur=-1112.228492  dE=0.646483 eV
[SERVER] types_arr sample: (2, 0, 0)
[SERVER] species_map keys: [0, 1, 2, 3, 4]
  DELTA_QUERY comp=1 MOV mol_idx=3 natoms=3 n_stored=80
    E_full=-9209.069774  E_ads=-1112.216920  E_cur=-9209.102507  E_ads_cur=-1112.228492  dE=0.021162 eV
[SERVER] types_arr sample: (2, 0, 0)
[SERVER] species_map keys: [0, 1, 2, 3, 4]
  DELTA_QUERY comp=1 MOV mol_idx=49 natoms=3 n_stored=80
    E_full=-9209.262793  E_ads=-1112.438906  E_cur=-9209.102507  E_ads_cur=-1112.228492  dE=0.050129 eV
[SERVER] types_arr sample: (2, 0, 0)
[SERVER] species_map keys: [0, 1, 2, 3, 4]
  DELTA_QUERY comp=1 MOV mol_idx=63 natoms=3 n_stored=80
    E_full=-9208.547703  E_ads=-1111.807253  E_cur=-9209.102507  E_ads_cur=-1112.228492  dE=0.133565 eV
[SERVER] types_arr sample: (2, 0, 0)
[SERVER] species_map keys: [0, 1, 2, 3, 4]
  DELTA_QUERY comp=1 MOV mol_idx=2 natoms=3 n_stored=80
    E_full=-9208.956665  E_ads=-1112.224993  E_cur=-9209.102507  E_ads_cur=-1112.228492  dE=0.142343 eV
  DELTA_QUERY comp=1 DEL mol_idx=6 natoms=0 n_stored=80
    E_full=-9194.569742  E_ads=-1098.416799  E_cur=-9209.102507  E_ads_cur=-1112.228492  dE=0.721072 eV
  DELTA_QUERY comp=1 DEL mol_idx=28 natoms=0 n_stored=80
    E_full=-9194.610900  E_ads=-1098.251693  E_cur=-9209.102507  E_ads_cur=-1112.228492  dE=0.514809 eV
[SERVER] types_arr sample: (2, 0, 0)
[SERVER] species_map keys: [0, 1, 2, 3, 4]
  DELTA_QUERY comp=1 MOV mol_idx=69 natoms=3 n_stored=80
    E_full=-9209.136853  E_ads=-1112.263179  E_cur=-9209.102507  E_ads_cur=-1112.228492  dE=0.000341 eV
  COMMIT_MOVE comp=1 mol_idx=69  E_current=-9209.136853  E_ads_current=-1112.263179 eV
[SERVER] types_arr sample: (2, 0, 0)
[SERVER] species_map keys: [0, 1, 2, 3, 4]
  DELTA_QUERY comp=1 MOV mol_idx=76 natoms=3 n_stored=80
    E_full=-9209.064908  E_ads=-1112.265063  E_cur=-9209.136853  E_ads_cur=-1112.263179  dE=0.073830 eV
[SERVER] types_arr sample: (2, 0, 0)
[SERVER] species_map keys: [0, 1, 2, 3, 4]
  DELTA_QUERY comp=1 MOV mol_idx=72 natoms=3 n_stored=80
    E_full=-9209.121504  E_ads=-1112.251501  E_cur=-9209.136853  E_ads_cur=-1112.263179  dE=0.003672 eV
  COMMIT_MOVE comp=1 mol_idx=72  E_current=-9209.121504  E_ads_current=-1112.251501 eV
[SERVER] types_arr sample: (2, 0, 0)
[SERVER] species_map keys: [0, 1, 2, 3, 4]
  DELTA_QUERY comp=1 MOV mol_idx=4 natoms=3 n_stored=80
    E_full=-9209.058330  E_ads=-1112.251501  E_cur=-9209.121504  E_ads_cur=-1112.251501  dE=0.063174 eV
[SERVER] types_arr sample: (2, 0, 0)
[SERVER] species_map keys: [0, 1, 2, 3, 4]
  DELTA_QUERY comp=1 INS mol_idx=-1 natoms=3 n_stored=80
    E_full=-9220.900740  E_ads=-1126.279170  E_cur=-9209.121504  E_ads_cur=-1112.251501  dE=2.248432 eV
[SERVER] types_arr sample: (2, 0, 0)
[SERVER] species_map keys: [0, 1, 2, 3, 4]
  DELTA_QUERY comp=1 INS mol_idx=-1 natoms=3 n_stored=80
    E_full=-9222.093483  E_ads=-1125.684954  E_cur=-9209.121504  E_ads_cur=-1112.251501  dE=0.461474 eV
[SERVER] types_arr sample: (2, 0, 0)
[SERVER] species_map keys: [0, 1, 2, 3, 4]
  DELTA_QUERY comp=1 MOV mol_idx=67 natoms=3 n_stored=80
    E_full=-9209.020668  E_ads=-1112.223398  E_cur=-9209.121504  E_ads_cur=-1112.251501  dE=0.072732 eV
[SERVER] types_arr sample: (2, 0, 0)
[SERVER] species_map keys: [0, 1, 2, 3, 4]
  DELTA_QUERY comp=1 MOV mol_idx=44 natoms=3 n_stored=80
    E_full=-9207.612839  E_ads=-1112.339299  E_cur=-9209.121504  E_ads_cur=-1112.251501  dE=1.596463 eV
[SERVER] types_arr sample: (2, 0, 0)
[SERVER] species_map keys: [0, 1, 2, 3, 4]
  DELTA_QUERY comp=1 MOV mol_idx=48 natoms=3 n_stored=80
    E_full=-9209.084161  E_ads=-1112.250645  E_cur=-9209.121504  E_ads_cur=-1112.251501  dE=0.036486 eV
[SERVER] types_arr sample: (2, 0, 0)
[SERVER] species_map keys: [0, 1, 2, 3, 4]
  DELTA_QUERY comp=1 MOV mol_idx=50 natoms=3 n_stored=80
    E_full=-9209.030446  E_ads=-1112.386214  E_cur=-9209.121504  E_ads_cur=-1112.251501  dE=0.225770 eV
[SERVER] types_arr sample: (2, 0, 0)
[SERVER] species_map keys: [0, 1, 2, 3, 4]
  DELTA_QUERY comp=1 MOV mol_idx=28 natoms=3 n_stored=80
    E_full=-9207.460217  E_ads=-1112.543426  E_cur=-9209.121504  E_ads_cur=-1112.251501  dE=1.953212 eV
[SERVER] types_arr sample: (2, 0, 0)
[SERVER] species_map keys: [0, 1, 2, 3, 4]
  DELTA_QUERY comp=1 MOV mol_idx=40 natoms=3 n_stored=80
    E_full=-9208.870333  E_ads=-1112.039863  E_cur=-9209.121504  E_ads_cur=-1112.251501  dE=0.039532 eV
[SERVER] types_arr sample: (2, 0, 0)
[SERVER] species_map keys: [0, 1, 2, 3, 4]
  DELTA_QUERY comp=1 INS mol_idx=-1 natoms=3 n_stored=80
    E_full=-9223.352013  E_ads=-1126.277845  E_cur=-9209.121504  E_ads_cur=-1112.251501  dE=-0.204165 eV
[SERVER] types_arr sample: (2, 0, 0)
[SERVER] species_map keys: [0, 1, 2, 3, 4]
  DELTA_QUERY comp=1 MOV mol_idx=27 natoms=3 n_stored=80
    E_full=-9208.565758  E_ads=-1112.366275  E_cur=-9209.121504  E_ads_cur=-1112.251501  dE=0.670519 eV
[SERVER] types_arr sample: (2, 0, 0)
[SERVER] species_map keys: [0, 1, 2, 3, 4]
  DELTA_QUERY comp=1 MOV mol_idx=73 natoms=3 n_stored=80
    E_full=-9209.163724  E_ads=-1112.248714  E_cur=-9209.121504  E_ads_cur=-1112.251501  dE=-0.045007 eV
  COMMIT_MOVE comp=1 mol_idx=73  E_current=-9209.163724  E_ads_current=-1112.248714 eV
[SERVER] types_arr sample: (2, 0, 0)
[SERVER] species_map keys: [0, 1, 2, 3, 4]
  DELTA_QUERY comp=1 MOV mol_idx=50 natoms=3 n_stored=80
    E_full=-9208.318148  E_ads=-1111.967508  E_cur=-9209.163724  E_ads_cur=-1112.248714  dE=0.564369 eV
[SERVER] types_arr sample: (2, 0, 0)
[SERVER] species_map keys: [0, 1, 2, 3, 4]
  DELTA_QUERY comp=1 MOV mol_idx=56 natoms=3 n_stored=80
    E_full=-9208.488010  E_ads=-1112.214812  E_cur=-9209.163724  E_ads_cur=-1112.248714  dE=0.641811 eV
  DELTA_QUERY comp=1 DEL mol_idx=49 natoms=0 n_stored=80
    E_full=-9194.786367  E_ads=-1098.389253  E_cur=-9209.163724  E_ads_cur=-1112.248714  dE=0.517895 eV
[SERVER] types_arr sample: (2, 0, 0)
[SERVER] species_map keys: [0, 1, 2, 3, 4]
  DELTA_QUERY comp=1 MOV mol_idx=11 natoms=3 n_stored=80
    E_full=-9209.141788  E_ads=-1112.246401  E_cur=-9209.163724  E_ads_cur=-1112.248714  dE=0.019623 eV
  COMMIT_MOVE comp=1 mol_idx=11  E_current=-9209.141788  E_ads_current=-1112.246401 eV
[SERVER] types_arr sample: (2, 0, 0)
[SERVER] species_map keys: [0, 1, 2, 3, 4]
  DELTA_QUERY comp=1 MOV mol_idx=36 natoms=3 n_stored=80
    E_full=-9209.157714  E_ads=-1112.254082  E_cur=-9209.141788  E_ads_cur=-1112.246401  dE=-0.008245 eV
  COMMIT_MOVE comp=1 mol_idx=36  E_current=-9209.157714  E_ads_current=-1112.254082 eV
[SERVER] types_arr sample: (2, 0, 0)
[SERVER] species_map keys: [0, 1, 2, 3, 4]
  DELTA_QUERY comp=1 INS mol_idx=-1 natoms=3 n_stored=80
    E_full=-9223.214902  E_ads=-1126.514533  E_cur=-9209.157714  E_ads_cur=-1112.254082  dE=0.203264 eV
[SERVER] types_arr sample: (2, 0, 0)
[SERVER] species_map keys: [0, 1, 2, 3, 4]
  DELTA_QUERY comp=1 MOV mol_idx=78 natoms=3 n_stored=80
    E_full=-9208.251832  E_ads=-1112.223631  E_cur=-9209.157714  E_ads_cur=-1112.254082  dE=0.875431 eV
[SERVER] types_arr sample: (2, 0, 0)
[SERVER] species_map keys: [0, 1, 2, 3, 4]
  DELTA_QUERY comp=1 MOV mol_idx=40 natoms=3 n_stored=80
    E_full=-9207.934300  E_ads=-1112.183159  E_cur=-9209.157714  E_ads_cur=-1112.254082  dE=1.152492 eV
[SERVER] types_arr sample: (2, 0, 0)
[SERVER] species_map keys: [0, 1, 2, 3, 4]
  DELTA_QUERY comp=1 MOV mol_idx=36 natoms=3 n_stored=80
    E_full=-9208.898513  E_ads=-1112.476349  E_cur=-9209.157714  E_ads_cur=-1112.254082  dE=0.481468 eV
[SERVER] types_arr sample: (2, 0, 0)
[SERVER] species_map keys: [0, 1, 2, 3, 4]
  DELTA_QUERY comp=1 MOV mol_idx=44 natoms=3 n_stored=80
    E_full=-9208.501132  E_ads=-1112.791256  E_cur=-9209.157714  E_ads_cur=-1112.254082  dE=1.193757 eV
[SERVER] types_arr sample: (2, 0, 0)
[SERVER] species_map keys: [0, 1, 2, 3, 4]
  DELTA_QUERY comp=1 MOV mol_idx=76 natoms=3 n_stored=80
    E_full=-9207.889993  E_ads=-1112.827927  E_cur=-9209.157714  E_ads_cur=-1112.254082  dE=1.841566 eV
[SERVER] types_arr sample: (2, 0, 0)
[SERVER] species_map keys: [0, 1, 2, 3, 4]
  DELTA_QUERY comp=1 MOV mol_idx=9 natoms=3 n_stored=80
    E_full=-9209.159601  E_ads=-1112.249463  E_cur=-9209.157714  E_ads_cur=-1112.254082  dE=-0.006505 eV
  COMMIT_MOVE comp=1 mol_idx=9  E_current=-9209.159601  E_ads_current=-1112.249463 eV
[SERVER] types_arr sample: (2, 0, 0)
[SERVER] species_map keys: [0, 1, 2, 3, 4]
  DELTA_QUERY comp=1 INS mol_idx=-1 natoms=3 n_stored=80
    E_full=-9223.200214  E_ads=-1126.017998  E_cur=-9209.159601  E_ads_cur=-1112.249463  dE=-0.272079 eV
[SERVER] types_arr sample: (2, 0, 0)
[SERVER] species_map keys: [0, 1, 2, 3, 4]
  DELTA_QUERY comp=1 MOV mol_idx=67 natoms=3 n_stored=80
    E_full=-9205.762259  E_ads=-1109.878655  E_cur=-9209.159601  E_ads_cur=-1112.249463  dE=1.026533 eV
[SERVER] types_arr sample: (2, 0, 0)
[SERVER] species_map keys: [0, 1, 2, 3, 4]
  DELTA_QUERY comp=1 MOV mol_idx=21 natoms=3 n_stored=80
    E_full=-9209.199717  E_ads=-1112.246649  E_cur=-9209.159601  E_ads_cur=-1112.249463  dE=-0.042930 eV
  COMMIT_MOVE comp=1 mol_idx=21  E_current=-9209.199717  E_ads_current=-1112.246649 eV
[SERVER] types_arr sample: (2, 0, 0)
[SERVER] species_map keys: [0, 1, 2, 3, 4]
  DELTA_QUERY comp=1 MOV mol_idx=47 natoms=3 n_stored=80
    E_full=-9209.160806  E_ads=-1112.275559  E_cur=-9209.199717  E_ads_cur=-1112.246649  dE=0.067821 eV
[SERVER] types_arr sample: (2, 0, 0)
[SERVER] species_map keys: [0, 1, 2, 3, 4]
  DELTA_QUERY comp=1 INS mol_idx=-1 natoms=3 n_stored=80
    E_full=-9223.758157  E_ads=-1126.322758  E_cur=-9209.199717  E_ads_cur=-1112.246649  dE=-0.482331 eV
  COMMIT_INSERT comp=1 n_stored=81  E_current=-9223.758157  E_ads_current=-1126.322758 eV
[SERVER] types_arr sample: (2, 0, 0)
[SERVER] species_map keys: [0, 1, 2, 3, 4]
  DELTA_QUERY comp=1 MOV mol_idx=3 natoms=3 n_stored=81
    E_full=-9223.520462  E_ads=-1126.601827  E_cur=-9223.758157  E_ads_cur=-1126.322758  dE=0.516764 eV
[SERVER] types_arr sample: (2, 0, 0)
[SERVER] species_map keys: [0, 1, 2, 3, 4]
  DELTA_QUERY comp=1 MOV mol_idx=51 natoms=3 n_stored=81
    E_full=-9220.783143  E_ads=-1126.372844  E_cur=-9223.758157  E_ads_cur=-1126.322758  dE=3.025099 eV
[SERVER] types_arr sample: (2, 0, 0)
[SERVER] species_map keys: [0, 1, 2, 3, 4]
  DELTA_QUERY comp=1 INS mol_idx=-1 natoms=3 n_stored=81
    E_full=-9237.858031  E_ads=-1140.228658  E_cur=-9223.758157  E_ads_cur=-1126.322758  dE=-0.193974 eV
[SERVER] types_arr sample: (2, 0, 0)
[SERVER] species_map keys: [0, 1, 2, 3, 4]
  DELTA_QUERY comp=1 MOV mol_idx=67 natoms=3 n_stored=81
    E_full=-9223.723809  E_ads=-1126.309629  E_cur=-9223.758157  E_ads_cur=-1126.322758  dE=0.021219 eV
  DELTA_QUERY comp=1 DEL mol_idx=13 natoms=0 n_stored=81
    E_full=-9209.159621  E_ads=-1112.159197  E_cur=-9223.758157  E_ads_cur=-1126.322758  dE=0.434975 eV
[SERVER] types_arr sample: (2, 0, 0)
[SERVER] species_map keys: [0, 1, 2, 3, 4]
  DELTA_QUERY comp=1 MOV mol_idx=38 natoms=3 n_stored=81
    E_full=-9223.697776  E_ads=-1126.321313  E_cur=-9223.758157  E_ads_cur=-1126.322758  dE=0.058936 eV
[SERVER] types_arr sample: (2, 0, 0)
[SERVER] species_map keys: [0, 1, 2, 3, 4]
  DELTA_QUERY comp=1 MOV mol_idx=2 natoms=3 n_stored=81
    E_full=-9223.716621  E_ads=-1126.307542  E_cur=-9223.758157  E_ads_cur=-1126.322758  dE=0.026320 eV
[SERVER] types_arr sample: (2, 0, 0)
[SERVER] species_map keys: [0, 1, 2, 3, 4]
  DELTA_QUERY comp=1 INS mol_idx=-1 natoms=3 n_stored=81
    E_full=-9238.244384  E_ads=-1140.633726  E_cur=-9223.758157  E_ads_cur=-1126.322758  dE=-0.175260 eV
  COMMIT_INSERT comp=1 n_stored=82  E_current=-9238.244384  E_ads_current=-1140.633726 eV
[SERVER] types_arr sample: (2, 0, 0)
[SERVER] species_map keys: [0, 1, 2, 3, 4]
  DELTA_QUERY comp=1 INS mol_idx=-1 natoms=3 n_stored=82
    E_full=-9252.601504  E_ads=-1154.633515  E_cur=-9238.244384  E_ads_cur=-1140.633726  dE=-0.357330 eV
  COMMIT_INSERT comp=1 n_stored=83  E_current=-9252.601504  E_ads_current=-1154.633515 eV
[SERVER] types_arr sample: (2, 0, 0)
[SERVER] species_map keys: [0, 1, 2, 3, 4]
  DELTA_QUERY comp=1 MOV mol_idx=23 natoms=3 n_stored=83
    E_full=-9251.074055  E_ads=-1154.910766  E_cur=-9252.601504  E_ads_cur=-1154.633515  dE=1.804700 eV
[SERVER] types_arr sample: (2, 0, 0)
[SERVER] species_map keys: [0, 1, 2, 3, 4]
  DELTA_QUERY comp=1 MOV mol_idx=62 natoms=3 n_stored=83
    E_full=-9252.538195  E_ads=-1154.552760  E_cur=-9252.601504  E_ads_cur=-1154.633515  dE=-0.017447 eV
  COMMIT_MOVE comp=1 mol_idx=62  E_current=-9252.538195  E_ads_current=-1154.552760 eV
[SERVER] types_arr sample: (2, 0, 0)
[SERVER] species_map keys: [0, 1, 2, 3, 4]
  DELTA_QUERY comp=1 MOV mol_idx=3 natoms=3 n_stored=83
    E_full=-9252.537109  E_ads=-1154.549839  E_cur=-9252.538195  E_ads_cur=-1154.552760  dE=-0.001835 eV
  COMMIT_MOVE comp=1 mol_idx=3  E_current=-9252.537109  E_ads_current=-1154.549839 eV
[SERVER] types_arr sample: (2, 0, 0)
[SERVER] species_map keys: [0, 1, 2, 3, 4]
  DELTA_QUERY comp=1 MOV mol_idx=62 natoms=3 n_stored=83
    E_full=-9252.595241  E_ads=-1154.564635  E_cur=-9252.537109  E_ads_cur=-1154.549839  dE=-0.043335 eV
  COMMIT_MOVE comp=1 mol_idx=62  E_current=-9252.595241  E_ads_current=-1154.564635 eV
[SERVER] types_arr sample: (2, 0, 0)
[SERVER] species_map keys: [0, 1, 2, 3, 4]
  DELTA_QUERY comp=1 MOV mol_idx=18 natoms=3 n_stored=83
    E_full=-9252.172600  E_ads=-1154.778157  E_cur=-9252.595241  E_ads_cur=-1154.564635  dE=0.636162 eV
[SERVER] types_arr sample: (2, 0, 0)
[SERVER] species_map keys: [0, 1, 2, 3, 4]
  DELTA_QUERY comp=1 MOV mol_idx=32 natoms=3 n_stored=83
    E_full=-9252.565897  E_ads=-1154.565290  E_cur=-9252.595241  E_ads_cur=-1154.564635  dE=0.029998 eV
  COMMIT_MOVE comp=1 mol_idx=32  E_current=-9252.565897  E_ads_current=-1154.565290 eV
[SERVER] types_arr sample: (2, 0, 0)
[SERVER] species_map keys: [0, 1, 2, 3, 4]
  DELTA_QUERY comp=1 MOV mol_idx=3 natoms=3 n_stored=83
    E_full=-9250.851117  E_ads=-1154.436203  E_cur=-9252.565897  E_ads_cur=-1154.565290  dE=1.585693 eV
  DELTA_QUERY comp=1 DEL mol_idx=41 natoms=0 n_stored=83
    E_full=-9238.110147  E_ads=-1140.785886  E_cur=-9252.565897  E_ads_cur=-1154.565290  dE=0.676346 eV
[SERVER] types_arr sample: (2, 0, 0)
[SERVER] species_map keys: [0, 1, 2, 3, 4]
  DELTA_QUERY comp=1 MOV mol_idx=62 natoms=3 n_stored=83
    E_full=-9251.845522  E_ads=-1154.632496  E_cur=-9252.565897  E_ads_cur=-1154.565290  dE=0.787581 eV
[SERVER] types_arr sample: (2, 0, 0)
[SERVER] species_map keys: [0, 1, 2, 3, 4]
  DELTA_QUERY comp=1 MOV mol_idx=21 natoms=3 n_stored=83
    E_full=-9252.501538  E_ads=-1154.568368  E_cur=-9252.565897  E_ads_cur=-1154.565290  dE=0.067437 eV
  DELTA_QUERY comp=1 DEL mol_idx=52 natoms=0 n_stored=83
    E_full=-9238.209751  E_ads=-1140.750982  E_cur=-9252.565897  E_ads_cur=-1154.565290  dE=0.541838 eV
[SERVER] types_arr sample: (2, 0, 0)
[SERVER] species_map keys: [0, 1, 2, 3, 4]
  DELTA_QUERY comp=1 INS mol_idx=-1 natoms=3 n_stored=83
    E_full=-9263.460684  E_ads=-1166.248978  E_cur=-9252.565897  E_ads_cur=-1154.565290  dE=0.788901 eV
[SERVER] types_arr sample: (2, 0, 0)
[SERVER] species_map keys: [0, 1, 2, 3, 4]
  DELTA_QUERY comp=1 MOV mol_idx=6 natoms=3 n_stored=83
    E_full=-9252.084505  E_ads=-1154.769143  E_cur=-9252.565897  E_ads_cur=-1154.565290  dE=0.685245 eV
[SERVER] types_arr sample: (2, 0, 0)
[SERVER] species_map keys: [0, 1, 2, 3, 4]
  DELTA_QUERY comp=1 MOV mol_idx=71 natoms=3 n_stored=83
    E_full=-9252.293612  E_ads=-1154.480627  E_cur=-9252.565897  E_ads_cur=-1154.565290  dE=0.187622 eV
[SERVER] types_arr sample: (2, 0, 0)
[SERVER] species_map keys: [0, 1, 2, 3, 4]
  DELTA_QUERY comp=1 MOV mol_idx=27 natoms=3 n_stored=83
    E_full=-9252.414034  E_ads=-1154.562855  E_cur=-9252.565897  E_ads_cur=-1154.565290  dE=0.149428 eV
[SERVER] types_arr sample: (2, 0, 0)
[SERVER] species_map keys: [0, 1, 2, 3, 4]
  DELTA_QUERY comp=1 INS mol_idx=-1 natoms=3 n_stored=83
    E_full=-9266.015120  E_ads=-1168.465277  E_cur=-9252.565897  E_ads_cur=-1154.565290  dE=0.450765 eV
[SERVER] types_arr sample: (2, 0, 0)
[SERVER] species_map keys: [0, 1, 2, 3, 4]
  DELTA_QUERY comp=1 MOV mol_idx=58 natoms=3 n_stored=83
    E_full=-9250.511602  E_ads=-1154.526114  E_cur=-9252.565897  E_ads_cur=-1154.565290  dE=2.015119 eV
[SERVER] types_arr sample: (2, 0, 0)
[SERVER] species_map keys: [0, 1, 2, 3, 4]
  DELTA_QUERY comp=1 INS mol_idx=-1 natoms=3 n_stored=83
    E_full=-9266.641296  E_ads=-1168.644837  E_cur=-9252.565897  E_ads_cur=-1154.565290  dE=0.004147 eV
  DELTA_QUERY comp=1 DEL mol_idx=64 natoms=0 n_stored=83
    E_full=-9237.827802  E_ads=-1140.250632  E_cur=-9252.565897  E_ads_cur=-1154.565290  dE=0.423437 eV
[SERVER] types_arr sample: (2, 0, 0)
[SERVER] species_map keys: [0, 1, 2, 3, 4]
  DELTA_QUERY comp=1 MOV mol_idx=10 natoms=3 n_stored=83
    E_full=-9249.470203  E_ads=-1154.526343  E_cur=-9252.565897  E_ads_cur=-1154.565290  dE=3.056747 eV
[SERVER] types_arr sample: (2, 0, 0)
[SERVER] species_map keys: [0, 1, 2, 3, 4]
  DELTA_QUERY comp=1 MOV mol_idx=61 natoms=3 n_stored=83
    E_full=-9250.986577  E_ads=-1154.817368  E_cur=-9252.565897  E_ads_cur=-1154.565290  dE=1.831398 eV
[SERVER] types_arr sample: (2, 0, 0)
[SERVER] species_map keys: [0, 1, 2, 3, 4]
